sprint,bounded_context,epic_id,story_id,issue_id,task_id,role,governing_adrs,requirements,status
SPRINT-001,BC-001,EPIC-001,STORY-0001,ISSUE-0111,TASK-0001,Arquiteto,ADR-003/ADR-006/ADR-007/ADR-008/ADR-010/ADR-011,REQ-ISM-004/REQ-ISS-002/REQ-SPRINT-001-004,PASS
SPRINT-001,BC-001,EPIC-001,STORY-0002,ISSUE-0112,TASK-0002,Tech Lead,ADR-003/ADR-006/ADR-007/ADR-008,,PASS
SPRINT-001,BC-001,EPIC-001,STORY-0003,ISSUE-0113,TASK-0003,DevOps,ADR-003/ADR-006/ADR-007/ADR-008/ADR-009/ADR-033/ADR-034,,PASS
SPRINT-001,BC-001,EPIC-001,STORY-0004,ISSUE-0114,TASK-0004,Tech Lead,ADR-003/ADR-006/ADR-007/ADR-008,,PASS
SPRINT-001,BC-001,EPIC-001,STORY-0005,ISSUE-0115,TASK-0005,Reviewer,ADR-003/ADR-006/ADR-007/ADR-008,,PASS
SPRINT-001,BC-001,EPIC-002,STORY-0006,ISSUE-0116,TASK-0006,Arquiteto,ADR-003/ADR-006/ADR-007/ADR-008,,PASS
SPRINT-001,BC-001,EPIC-002,STORY-0007,ISSUE-0117,TASK-0007,Tech Lead,ADR-003/ADR-006/ADR-007/ADR-008,,PASS
SPRINT-001,BC-001,EPIC-002,STORY-0008,ISSUE-0118,TASK-0008,DevOps,ADR-003/ADR-006/ADR-007/ADR-008/ADR-009/ADR-033/ADR-034,,PASS
SPRINT-001,BC-001,EPIC-002,STORY-0009,ISSUE-0119,TASK-0009,Tech Lead,ADR-003/ADR-006/ADR-007/ADR-008/ADR-042/ADR-044/ADR-045,REQ-CLASSICPROFILE-006/REQ-CLASSICPROFILE-008/REQ-CLASSICPROFILE-010/REQ-NATIVE-001/REQ-NATIVE-004,PASS
SPRINT-001,BC-001,EPIC-002,STORY-0010,ISSUE-0120,TASK-0010,Reviewer,ADR-003/ADR-006/ADR-007/ADR-008,,PASS
SPRINT-001,BC-001,EPIC-003,STORY-0011,ISSUE-0121,TASK-0011,Arquiteto,ADR-003/ADR-006/ADR-007/ADR-008/ADR-010/ADR-011/ADR-014,REQ-TOP-001,PASS
SPRINT-001,BC-001,EPIC-003,STORY-0012,ISSUE-0122,TASK-0012,Tech Lead,ADR-001/ADR-003/ADR-006/ADR-007/ADR-008/ADR-010/ADR-011/ADR-014,REQ-DEL-001/REQ-DEV-001,PASS
SPRINT-001,BC-001,EPIC-003,STORY-0013,ISSUE-0123,TASK-0013,DevOps,ADR-003/ADR-006/ADR-007/ADR-008/ADR-009/ADR-010/ADR-011/ADR-033/ADR-034,,PASS
SPRINT-001,BC-001,EPIC-003,STORY-0014,ISSUE-0124,TASK-0014,Tech Lead,ADR-003/ADR-006/ADR-007/ADR-008/ADR-010/ADR-011,,PASS
SPRINT-001,BC-001,EPIC-003,STORY-0015,ISSUE-0125,TASK-0015,Reviewer,ADR-003/ADR-006/ADR-007/ADR-008/ADR-010/ADR-011,,PASS
SPRINT-001,BC-001,EPIC-004,STORY-0016,ISSUE-0126,TASK-0016,Arquiteto,ADR-003/ADR-006/ADR-007/ADR-008/ADR-010/ADR-011,,PASS
SPRINT-001,BC-001,EPIC-004,STORY-0017,ISSUE-0127,TASK-0017,Tech Lead,ADR-003/ADR-006/ADR-007/ADR-008/ADR-010/ADR-011,,PASS
SPRINT-001,BC-001,EPIC-004,STORY-0018,ISSUE-0128,TASK-0018,DevOps,ADR-003/ADR-006/ADR-007/ADR-008/ADR-009/ADR-010/ADR-011/ADR-033/ADR-034,,PASS
SPRINT-001,BC-001,EPIC-004,STORY-0019,ISSUE-0129,TASK-0019,Tech Lead,ADR-003/ADR-006/ADR-007/ADR-008/ADR-010/ADR-011/ADR-045,REQ-FS1-006,PASS
SPRINT-001,BC-001,EPIC-004,STORY-0020,ISSUE-0130,TASK-0020,Reviewer,ADR-003/ADR-006/ADR-007/ADR-008/ADR-010/ADR-011,,PASS
SPRINT-001,BC-001,EPIC-005,STORY-0021,ISSUE-0131,TASK-0021,Arquiteto,ADR-003/ADR-006/ADR-007/ADR-008,,PASS
SPRINT-001,BC-001,EPIC-005,STORY-0022,ISSUE-0132,TASK-0022,Tech Lead,ADR-003/ADR-006/ADR-007/ADR-008,,PASS
SPRINT-001,BC-001,EPIC-005,STORY-0023,ISSUE-0133,TASK-0023,DevOps,ADR-003/ADR-006/ADR-007/ADR-008/ADR-009/ADR-033/ADR-034,,PASS
SPRINT-001,BC-001,EPIC-005,STORY-0024,ISSUE-0134,TASK-0024,Tech Lead,ADR-003/ADR-006/ADR-007/ADR-008/ADR-038/ADR-039/ADR-045,REQ-BEX-001/REQ-BEX-006/REQ-FS1-006,PASS
SPRINT-001,BC-001,EPIC-005,STORY-0025,ISSUE-0135,TASK-0025,Reviewer,ADR-003/ADR-006/ADR-007/ADR-008,,PASS
SPRINT-001,BC-001,EPIC-006,STORY-0026,ISSUE-0136,TASK-0026,Arquiteto,ADR-003/ADR-006/ADR-007/ADR-008/ADR-010/ADR-011,,PASS
SPRINT-001,BC-001,EPIC-006,STORY-0027,ISSUE-0137,TASK-0027,Tech Lead,ADR-003/ADR-006/ADR-007/ADR-008/ADR-051/ADR-053,REQ-AI-007/REQ-TST-001,PASS
SPRINT-001,BC-001,EPIC-006,STORY-0028,ISSUE-0138,TASK-0028,DevOps,ADR-003/ADR-006/ADR-007/ADR-008/ADR-009/ADR-033/ADR-034,,PASS
SPRINT-001,BC-001,EPIC-006,STORY-0029,ISSUE-0139,TASK-0029,Tech Lead,ADR-003/ADR-006/ADR-007/ADR-008,,PASS
SPRINT-001,BC-001,EPIC-006,STORY-0030,ISSUE-0140,TASK-0030,Reviewer,ADR-003/ADR-006/ADR-007/ADR-008,,PASS
SPRINT-001,BC-001,EPIC-007,STORY-0031,ISSUE-0141,TASK-0031,Arquiteto,ADR-003/ADR-006/ADR-007/ADR-008/ADR-010/ADR-011,,PASS
SPRINT-001,BC-001,EPIC-007,STORY-0032,ISSUE-0142,TASK-0032,Tech Lead,ADR-002/ADR-003/ADR-006/ADR-007/ADR-008/ADR-037/ADR-056/ADR-057,REQ-CIT-001/REQ-EPIC-042/REQ-OSS-001/REQ-PUB-002,PASS
SPRINT-001,BC-001,EPIC-007,STORY-0033,ISSUE-0143,TASK-0033,DevOps,ADR-003/ADR-006/ADR-007/ADR-008/ADR-009/ADR-033/ADR-034,,PASS
SPRINT-001,BC-001,EPIC-007,STORY-0034,ISSUE-0144,TASK-0034,Tech Lead,ADR-003/ADR-006/ADR-007/ADR-008,,PASS
SPRINT-001,BC-001,EPIC-007,STORY-0035,ISSUE-0145,TASK-0035,Reviewer,ADR-003/ADR-006/ADR-007/ADR-008,,PASS
SPRINT-002,BC-002,EPIC-008,STORY-0036,ISSUE-0146,TASK-0036,Arquiteto,ADR-003/ADR-006/ADR-007/ADR-008/ADR-010/ADR-011/ADR-031,REQ-AUTH-IMPL-007,PASS
SPRINT-002,BC-002,EPIC-008,STORY-0037,ISSUE-0147,TASK-0037,Backend,ADR-003/ADR-005/ADR-006/ADR-007/ADR-008/ADR-016,,PASS
SPRINT-002,BC-002,EPIC-008,STORY-0038,ISSUE-0148,TASK-0038,Frontend,ADR-003/ADR-005/ADR-006/ADR-007/ADR-008/ADR-010/ADR-011/ADR-014,,PASS
SPRINT-002,BC-002,EPIC-008,STORY-0039,ISSUE-0149,TASK-0039,Security,ADR-003/ADR-005/ADR-006/ADR-007/ADR-008/ADR-030/ADR-031/ADR-032/ADR-034,REQ-EPIC-076/REQ-INS-002,PASS
SPRINT-002,BC-002,EPIC-008,STORY-0040,ISSUE-0150,TASK-0040,Reviewer,ADR-003/ADR-006/ADR-007/ADR-008,,PASS
SPRINT-002,BC-002,EPIC-009,STORY-0041,ISSUE-0151,TASK-0041,Arquiteto,ADR-003/ADR-006/ADR-007/ADR-008/ADR-010/ADR-011/ADR-031,REQ-AUTH-IMPL-007,PASS
SPRINT-002,BC-002,EPIC-009,STORY-0042,ISSUE-0152,TASK-0042,Backend,ADR-003/ADR-005/ADR-006/ADR-007/ADR-008/ADR-016,,PASS
SPRINT-002,BC-002,EPIC-009,STORY-0043,ISSUE-0153,TASK-0043,Frontend,ADR-003/ADR-005/ADR-006/ADR-007/ADR-008/ADR-010/ADR-011/ADR-014,,PASS
SPRINT-002,BC-002,EPIC-009,STORY-0044,ISSUE-0154,TASK-0044,Security,ADR-003/ADR-005/ADR-006/ADR-007/ADR-008/ADR-030/ADR-031/ADR-032,,PASS
SPRINT-002,BC-002,EPIC-009,STORY-0045,ISSUE-0155,TASK-0045,Reviewer,ADR-003/ADR-006/ADR-007/ADR-008,,PASS
SPRINT-002,BC-002,EPIC-010,STORY-0046,ISSUE-0156,TASK-0046,Arquiteto,ADR-003/ADR-006/ADR-007/ADR-008/ADR-010/ADR-011/ADR-031,REQ-AUTH-IMPL-007,PASS
SPRINT-002,BC-002,EPIC-010,STORY-0047,ISSUE-0157,TASK-0047,Backend,ADR-003/ADR-005/ADR-006/ADR-007/ADR-008/ADR-016,,PASS
SPRINT-002,BC-002,EPIC-010,STORY-0048,ISSUE-0158,TASK-0048,Frontend,ADR-003/ADR-005/ADR-006/ADR-007/ADR-008/ADR-010/ADR-011/ADR-014,,PASS
SPRINT-002,BC-002,EPIC-010,STORY-0049,ISSUE-0159,TASK-0049,Security,ADR-003/ADR-005/ADR-006/ADR-007/ADR-008/ADR-030/ADR-031/ADR-032,,PASS
SPRINT-002,BC-002,EPIC-010,STORY-0050,ISSUE-0160,TASK-0050,Reviewer,ADR-003/ADR-006/ADR-007/ADR-008,,PASS
SPRINT-002,BC-002,EPIC-011,STORY-0051,ISSUE-0161,TASK-0051,Arquiteto,ADR-003/ADR-006/ADR-007/ADR-008/ADR-010/ADR-011/ADR-017/ADR-031/ADR-055,REQ-AUD-001/REQ-AUTH-IMPL-007/REQ-RUNTIME-010,PASS
SPRINT-002,BC-002,EPIC-011,STORY-0052,ISSUE-0162,TASK-0052,Backend,ADR-003/ADR-005/ADR-006/ADR-007/ADR-008/ADR-016/ADR-021/ADR-028/ADR-029/ADR-031/ADR-055,REQ-AUTH-IMPL-001/REQ-AUTH-IMPL-002/REQ-AUTH-IMPL-003/REQ-AUTH-IMPL-004/REQ-AUTH-IMPL-005/REQ-AUTH-IMPL-006/REQ-AUTH-IMPL-008/REQ-AUTH-IMPL-009/REQ-AUTH-IMPL-010/REQ-RUNTIME-006,PASS
SPRINT-002,BC-002,EPIC-011,STORY-0053,ISSUE-0163,TASK-0053,Frontend,ADR-002/ADR-003/ADR-005/ADR-006/ADR-007/ADR-008/ADR-010/ADR-011/ADR-014,REQ-RUNTIME-007,PASS
SPRINT-002,BC-002,EPIC-011,STORY-0054,ISSUE-0164,TASK-0054,Security,ADR-003/ADR-005/ADR-006/ADR-007/ADR-008/ADR-030/ADR-031/ADR-032,,PASS
SPRINT-002,BC-002,EPIC-011,STORY-0055,ISSUE-0165,TASK-0055,Reviewer,ADR-003/ADR-006/ADR-007/ADR-008,,PASS
SPRINT-002,BC-003,EPIC-012,STORY-0056,ISSUE-0166,TASK-0056,Arquiteto,ADR-003/ADR-004/ADR-006/ADR-007/ADR-008/ADR-010/ADR-011/ADR-013/ADR-015/ADR-017/ADR-019/ADR-040/ADR-041,REQ-DBSCHEMA-001/REQ-DBSCHEMA-005/REQ-DBSCHEMA-007/REQ-DBSCHEMA-008/REQ-RUN-001/REQ-RUN-006/REQ-RUN-008/REQ-RUN-010/REQ-RUNTIME-005,PASS
SPRINT-002,BC-003,EPIC-012,STORY-0057,ISSUE-0167,TASK-0057,Backend,ADR-003/ADR-004/ADR-005/ADR-006/ADR-007/ADR-008/ADR-010/ADR-011/ADR-016,,PASS
SPRINT-002,BC-003,EPIC-012,STORY-0058,ISSUE-0168,TASK-0058,Backend,ADR-003/ADR-004/ADR-005/ADR-006/ADR-007/ADR-008/ADR-010/ADR-011/ADR-016,,PASS
SPRINT-002,BC-003,EPIC-012,STORY-0059,ISSUE-0169,TASK-0059,Backend,ADR-003/ADR-004/ADR-005/ADR-006/ADR-007/ADR-008/ADR-010/ADR-011/ADR-016,,PASS
SPRINT-002,BC-003,EPIC-012,STORY-0060,ISSUE-0170,TASK-0060,Security,ADR-003/ADR-004/ADR-005/ADR-006/ADR-007/ADR-008/ADR-010/ADR-011/ADR-030/ADR-031/ADR-032,,PASS
SPRINT-002,BC-003,EPIC-012,STORY-0061,ISSUE-0171,TASK-0061,Reviewer,ADR-003/ADR-004/ADR-006/ADR-007/ADR-008/ADR-010/ADR-011,,PASS
SPRINT-002,BC-013,EPIC-013,STORY-0062,ISSUE-0172,TASK-0062,Arquiteto,ADR-003/ADR-004/ADR-006/ADR-007/ADR-008/ADR-010/ADR-011/ADR-019/ADR-026,REQ-DBSCHEMA-001/REQ-DBSCHEMA-010/REQ-RUNTIME-005,PASS
SPRINT-002,BC-013,EPIC-013,STORY-0063,ISSUE-0173,TASK-0063,Backend,ADR-003/ADR-004/ADR-005/ADR-006/ADR-007/ADR-008/ADR-016/ADR-018/ADR-027/ADR-055,REQ-EPIC-039/REQ-PRV-001/REQ-TOOL-004,PASS
SPRINT-002,BC-013,EPIC-013,STORY-0064,ISSUE-0174,TASK-0064,Backend,ADR-003/ADR-004/ADR-005/ADR-006/ADR-007/ADR-008/ADR-016,,PASS
SPRINT-002,BC-013,EPIC-013,STORY-0065,ISSUE-0175,TASK-0065,Backend,ADR-003/ADR-004/ADR-005/ADR-006/ADR-007/ADR-008/ADR-016,,PASS
SPRINT-002,BC-013,EPIC-013,STORY-0066,ISSUE-0176,TASK-0066,Security,ADR-003/ADR-004/ADR-005/ADR-006/ADR-007/ADR-008/ADR-030/ADR-031/ADR-032,,PASS
SPRINT-002,BC-013,EPIC-013,STORY-0067,ISSUE-0177,TASK-0067,Reviewer,ADR-003/ADR-004/ADR-006/ADR-007/ADR-008,,PASS
SPRINT-003,BC-010,EPIC-014,STORY-0068,ISSUE-0178,TASK-0068,Arquiteto,ADR-003/ADR-004/ADR-006/ADR-007/ADR-008/ADR-010/ADR-011/ADR-019/ADR-034/ADR-038/ADR-044/ADR-051,REQ-AIE-001/REQ-AIE-005/REQ-DBSCHEMA-008/REQ-FS1-001/REQ-FS1-004/REQ-WORKER-001/REQ-WORKER-010,PASS
SPRINT-003,BC-010,EPIC-014,STORY-0069,ISSUE-0179,TASK-0069,Backend,ADR-003/ADR-004/ADR-005/ADR-006/ADR-007/ADR-008/ADR-016,,PASS
SPRINT-003,BC-010,EPIC-014,STORY-0070,ISSUE-0180,TASK-0070,Backend,ADR-003/ADR-004/ADR-005/ADR-006/ADR-007/ADR-008/ADR-012/ADR-016/ADR-018/ADR-020/ADR-037,REQ-EPIC-014/REQ-WORKER-002/REQ-WORKER-004/REQ-WORKER-005/REQ-WORKER-006/REQ-WORKER-007/REQ-WORKER-008/REQ-WORKER-009,PASS
SPRINT-003,BC-010,EPIC-014,STORY-0071,ISSUE-0181,TASK-0071,Backend,ADR-003/ADR-004/ADR-005/ADR-006/ADR-007/ADR-008/ADR-010/ADR-011/ADR-016,,PASS
SPRINT-003,BC-010,EPIC-014,STORY-0072,ISSUE-0182,TASK-0072,DevOps,ADR-003/ADR-004/ADR-006/ADR-007/ADR-008/ADR-009/ADR-033/ADR-034,,PASS
SPRINT-003,BC-010,EPIC-014,STORY-0073,ISSUE-0183,TASK-0073,QA,ADR-003/ADR-004/ADR-006/ADR-007/ADR-008/ADR-009/ADR-046/ADR-055,REQ-AIE-003/REQ-AIE-007/REQ-FS1-005/REQ-FS1-007,PASS
SPRINT-003,BC-010,EPIC-014,STORY-0074,ISSUE-0184,TASK-0074,Reviewer,ADR-003/ADR-004/ADR-006/ADR-007/ADR-008,,PASS
SPRINT-003,BC-010,EPIC-015,STORY-0075,ISSUE-0185,TASK-0075,Arquiteto,ADR-003/ADR-004/ADR-006/ADR-007/ADR-008/ADR-010/ADR-011/ADR-014/ADR-018,REQ-EPIC-015/REQ-TOP-001,PASS
SPRINT-003,BC-010,EPIC-015,STORY-0076,ISSUE-0186,TASK-0076,Backend,ADR-003/ADR-004/ADR-005/ADR-006/ADR-007/ADR-008/ADR-016,,PASS
SPRINT-003,BC-010,EPIC-015,STORY-0077,ISSUE-0187,TASK-0077,Backend,ADR-003/ADR-004/ADR-005/ADR-006/ADR-007/ADR-008/ADR-016,,PASS
SPRINT-003,BC-010,EPIC-015,STORY-0078,ISSUE-0188,TASK-0078,Backend,ADR-003/ADR-004/ADR-005/ADR-006/ADR-007/ADR-008/ADR-010/ADR-011/ADR-016,,PASS
SPRINT-003,BC-010,EPIC-015,STORY-0079,ISSUE-0189,TASK-0079,DevOps,ADR-003/ADR-004/ADR-006/ADR-007/ADR-008/ADR-009/ADR-033/ADR-034,,PASS
SPRINT-003,BC-010,EPIC-015,STORY-0080,ISSUE-0190,TASK-0080,QA,ADR-003/ADR-004/ADR-006/ADR-007/ADR-008,,PASS
SPRINT-003,BC-010,EPIC-015,STORY-0081,ISSUE-0191,TASK-0081,Reviewer,ADR-003/ADR-004/ADR-006/ADR-007/ADR-008,,PASS
SPRINT-003,BC-010,EPIC-016,STORY-0082,ISSUE-0192,TASK-0082,Arquiteto,ADR-003/ADR-004/ADR-006/ADR-007/ADR-008/ADR-010/ADR-011/ADR-018/ADR-038,REQ-EPIC-015/REQ-EPIC-016,PASS
SPRINT-003,BC-010,EPIC-016,STORY-0083,ISSUE-0193,TASK-0083,Backend,ADR-003/ADR-004/ADR-005/ADR-006/ADR-007/ADR-008/ADR-016,,PASS
SPRINT-003,BC-010,EPIC-016,STORY-0084,ISSUE-0194,TASK-0084,Backend,ADR-003/ADR-004/ADR-005/ADR-006/ADR-007/ADR-008/ADR-016/ADR-038,REQ-EPIC-014/REQ-EPIC-018,PASS
SPRINT-003,BC-010,EPIC-016,STORY-0085,ISSUE-0195,TASK-0085,Backend,ADR-003/ADR-004/ADR-005/ADR-006/ADR-007/ADR-008/ADR-010/ADR-011/ADR-016,,PASS
SPRINT-003,BC-010,EPIC-016,STORY-0086,ISSUE-0196,TASK-0086,DevOps,ADR-003/ADR-004/ADR-006/ADR-007/ADR-008/ADR-009/ADR-033/ADR-034,,PASS
SPRINT-003,BC-010,EPIC-016,STORY-0087,ISSUE-0197,TASK-0087,QA,ADR-003/ADR-004/ADR-006/ADR-007/ADR-008,,PASS
SPRINT-003,BC-010,EPIC-016,STORY-0088,ISSUE-0198,TASK-0088,Reviewer,ADR-003/ADR-004/ADR-006/ADR-007/ADR-008,,PASS
SPRINT-003,BC-010,EPIC-017,STORY-0089,ISSUE-0199,TASK-0089,Arquiteto,ADR-003/ADR-004/ADR-006/ADR-007/ADR-008/ADR-010/ADR-011,,PASS
SPRINT-003,BC-010,EPIC-017,STORY-0090,ISSUE-0200,TASK-0090,Backend,ADR-003/ADR-004/ADR-005/ADR-006/ADR-007/ADR-008/ADR-016,,PASS
SPRINT-003,BC-010,EPIC-017,STORY-0091,ISSUE-0201,TASK-0091,Backend,ADR-003/ADR-004/ADR-005/ADR-006/ADR-007/ADR-008/ADR-016,,PASS
SPRINT-003,BC-010,EPIC-017,STORY-0092,ISSUE-0202,TASK-0092,Backend,ADR-003/ADR-004/ADR-005/ADR-006/ADR-007/ADR-008/ADR-010/ADR-011/ADR-016,,PASS
SPRINT-003,BC-010,EPIC-017,STORY-0093,ISSUE-0203,TASK-0093,DevOps,ADR-003/ADR-004/ADR-006/ADR-007/ADR-008/ADR-009/ADR-033/ADR-034,,PASS
SPRINT-003,BC-010,EPIC-017,STORY-0094,ISSUE-0204,TASK-0094,QA,ADR-003/ADR-004/ADR-006/ADR-007/ADR-008,,PASS
SPRINT-003,BC-010,EPIC-017,STORY-0095,ISSUE-0205,TASK-0095,Reviewer,ADR-003/ADR-004/ADR-006/ADR-007/ADR-008,,PASS
SPRINT-003,BC-010,EPIC-018,STORY-0096,ISSUE-0206,TASK-0096,Arquiteto,ADR-003/ADR-004/ADR-006/ADR-007/ADR-008/ADR-010/ADR-011/ADR-038/ADR-046,REQ-BEX-003/REQ-BEX-005/REQ-EPIC-017,PASS
SPRINT-003,BC-010,EPIC-018,STORY-0097,ISSUE-0207,TASK-0097,Backend,ADR-003/ADR-004/ADR-005/ADR-006/ADR-007/ADR-008/ADR-012/ADR-016/ADR-038/ADR-039/ADR-049,REQ-BEX-002/REQ-BEX-004/REQ-BEX-006/REQ-BEX-010/REQ-MOS-001,PASS
SPRINT-003,BC-010,EPIC-018,STORY-0098,ISSUE-0208,TASK-0098,Backend,ADR-003/ADR-004/ADR-005/ADR-006/ADR-007/ADR-008/ADR-016/ADR-037/ADR-038/ADR-040,REQ-BEX-007/REQ-BEX-008/REQ-BEX-009/REQ-EPIC-018,PASS
SPRINT-003,BC-010,EPIC-018,STORY-0099,ISSUE-0209,TASK-0099,Backend,ADR-002/ADR-003/ADR-004/ADR-005/ADR-006/ADR-007/ADR-008/ADR-010/ADR-011/ADR-016/ADR-039/ADR-053,REQ-BEX-001/REQ-EPIC-062/REQ-SCH-002/REQ-SCL-001,PASS
SPRINT-003,BC-010,EPIC-018,STORY-0100,ISSUE-0210,TASK-0100,DevOps,ADR-003/ADR-004/ADR-006/ADR-007/ADR-008/ADR-009/ADR-033/ADR-034,,PASS
SPRINT-003,BC-010,EPIC-018,STORY-0101,ISSUE-0211,TASK-0101,QA,ADR-003/ADR-004/ADR-006/ADR-007/ADR-008,,PASS
SPRINT-003,BC-010,EPIC-018,STORY-0102,ISSUE-0212,TASK-0102,Reviewer,ADR-003/ADR-004/ADR-006/ADR-007/ADR-008,,PASS
SPRINT-003,BC-010,EPIC-019,STORY-0103,ISSUE-0213,TASK-0103,Arquiteto,ADR-003/ADR-004/ADR-006/ADR-007/ADR-008/ADR-010/ADR-011/ADR-038/ADR-046,REQ-BEX-003/REQ-BEX-005,PASS
SPRINT-003,BC-010,EPIC-019,STORY-0104,ISSUE-0214,TASK-0104,Backend,ADR-003/ADR-004/ADR-005/ADR-006/ADR-007/ADR-008/ADR-012/ADR-016/ADR-038/ADR-039/ADR-044,REQ-BEX-002/REQ-BEX-004/REQ-BEX-006/REQ-BEX-010/REQ-MAT-001/REQ-MOS-004,PASS
SPRINT-003,BC-010,EPIC-019,STORY-0105,ISSUE-0215,TASK-0105,Backend,ADR-003/ADR-004/ADR-005/ADR-006/ADR-007/ADR-008/ADR-012/ADR-016/ADR-037/ADR-038/ADR-039/ADR-040/ADR-047,REQ-BEX-007/REQ-BEX-008/REQ-BEX-009/REQ-DIS-002/REQ-RES-001/REQ-SCH-001,PASS
SPRINT-003,BC-010,EPIC-019,STORY-0106,ISSUE-0216,TASK-0106,Backend,ADR-003/ADR-004/ADR-005/ADR-006/ADR-007/ADR-008/ADR-010/ADR-011/ADR-016/ADR-039/ADR-053,REQ-BEX-001/REQ-SCL-001,PASS
SPRINT-003,BC-010,EPIC-019,STORY-0107,ISSUE-0217,TASK-0107,DevOps,ADR-003/ADR-004/ADR-006/ADR-007/ADR-008/ADR-009/ADR-033/ADR-034,,PASS
SPRINT-003,BC-010,EPIC-019,STORY-0108,ISSUE-0218,TASK-0108,QA,ADR-003/ADR-004/ADR-006/ADR-007/ADR-008,,PASS
SPRINT-003,BC-010,EPIC-019,STORY-0109,ISSUE-0219,TASK-0109,Reviewer,ADR-003/ADR-004/ADR-006/ADR-007/ADR-008,,PASS
SPRINT-003,BC-016,EPIC-020,STORY-0110,ISSUE-0220,TASK-0110,Arquiteto,ADR-003/ADR-004/ADR-006/ADR-007/ADR-008/ADR-010/ADR-011/ADR-044,REQ-FS1-001/REQ-FS1-004,PASS
SPRINT-003,BC-016,EPIC-020,STORY-0111,ISSUE-0221,TASK-0111,Backend,ADR-003/ADR-004/ADR-005/ADR-006/ADR-007/ADR-008/ADR-010/ADR-011/ADR-015/ADR-016/ADR-023/ADR-040/ADR-044/ADR-045,REQ-FS1-002/REQ-FS1-003/REQ-FS1-006/REQ-FS1-008/REQ-FS1-009/REQ-FS1-010,PASS
SPRINT-003,BC-016,EPIC-020,STORY-0112,ISSUE-0222,TASK-0112,Backend,ADR-003/ADR-004/ADR-005/ADR-006/ADR-007/ADR-008/ADR-016,,PASS
SPRINT-003,BC-016,EPIC-020,STORY-0113,ISSUE-0223,TASK-0113,QA,ADR-003/ADR-004/ADR-006/ADR-007/ADR-008/ADR-046/ADR-055,REQ-FS1-005/REQ-FS1-007,PASS
SPRINT-003,BC-016,EPIC-020,STORY-0114,ISSUE-0224,TASK-0114,Reviewer,ADR-003/ADR-004/ADR-006/ADR-007/ADR-008,,PASS
SPRINT-005,BC-007,EPIC-021,STORY-0115,ISSUE-0225,TASK-0115,Arquiteto,ADR-003/ADR-004/ADR-006/ADR-007/ADR-008/ADR-010/ADR-011/ADR-041/ADR-044,REQ-DBSCHEMA-005/REQ-FS1-001/REQ-FS1-004/REQ-NATIVE-002,PASS
SPRINT-005,BC-007,EPIC-021,STORY-0116,ISSUE-0226,TASK-0116,Geoprocessamento,ADR-003/ADR-004/ADR-005/ADR-006/ADR-007/ADR-008/ADR-041/ADR-042/ADR-043,,PASS
SPRINT-005,BC-007,EPIC-021,STORY-0117,ISSUE-0227,TASK-0117,Geoprocessamento,ADR-003/ADR-004/ADR-005/ADR-006/ADR-007/ADR-008/ADR-041/ADR-042/ADR-043/ADR-045,REQ-FS1-006/REQ-NATIVE-001/REQ-NATIVE-004,PASS
SPRINT-005,BC-007,EPIC-021,STORY-0118,ISSUE-0228,TASK-0118,Geoprocessamento,ADR-003/ADR-004/ADR-005/ADR-006/ADR-007/ADR-008/ADR-041/ADR-042/ADR-043,,PASS
SPRINT-005,BC-007,EPIC-021,STORY-0119,ISSUE-0229,TASK-0119,Geoprocessamento,ADR-003/ADR-004/ADR-005/ADR-006/ADR-007/ADR-008/ADR-041/ADR-042/ADR-043,,PASS
SPRINT-005,BC-007,EPIC-021,STORY-0120,ISSUE-0230,TASK-0120,QA,ADR-003/ADR-004/ADR-006/ADR-007/ADR-008/ADR-046/ADR-055,REQ-FS1-005/REQ-FS1-007,PASS
SPRINT-005,BC-007,EPIC-021,STORY-0121,ISSUE-0231,TASK-0121,Reviewer,ADR-003/ADR-004/ADR-006/ADR-007/ADR-008,,PASS
SPRINT-005,BC-005,EPIC-022,STORY-0122,ISSUE-0232,TASK-0122,Arquiteto,ADR-002/ADR-003/ADR-004/ADR-006/ADR-007/ADR-008/ADR-010/ADR-011/ADR-038/ADR-041/ADR-044/ADR-051,REQ-AIE-001/REQ-AIE-005/REQ-CLASSICPROFILE-004/REQ-FS1-001/REQ-FS1-004/REQ-NATIVE-002/REQ-SGVCAL-007,PASS
SPRINT-005,BC-005,EPIC-022,STORY-0123,ISSUE-0233,TASK-0123,Geoprocessamento,ADR-003/ADR-004/ADR-005/ADR-006/ADR-007/ADR-008/ADR-041/ADR-042/ADR-043,,PASS
SPRINT-005,BC-005,EPIC-022,STORY-0124,ISSUE-0234,TASK-0124,Geoprocessamento,ADR-003/ADR-004/ADR-005/ADR-006/ADR-007/ADR-008/ADR-009/ADR-041/ADR-042/ADR-043/ADR-044/ADR-045,REQ-AI-010/REQ-CLASSICPROFILE-006/REQ-CLASSICPROFILE-010/REQ-FS1-006/REQ-NATIVE-001/REQ-NATIVE-004,PASS
SPRINT-005,BC-005,EPIC-022,STORY-0125,ISSUE-0235,TASK-0125,Geoprocessamento,ADR-003/ADR-004/ADR-005/ADR-006/ADR-007/ADR-008/ADR-041/ADR-042/ADR-043,,PASS
SPRINT-005,BC-005,EPIC-022,STORY-0126,ISSUE-0236,TASK-0126,Geoprocessamento,ADR-003/ADR-004/ADR-005/ADR-006/ADR-007/ADR-008/ADR-041/ADR-042/ADR-043,,PASS
SPRINT-005,BC-005,EPIC-022,STORY-0127,ISSUE-0237,TASK-0127,QA,ADR-003/ADR-004/ADR-006/ADR-007/ADR-008/ADR-009/ADR-045/ADR-046/ADR-055,REQ-AIE-003/REQ-AIE-007/REQ-CLASSICPROFILE-008/REQ-FS1-005/REQ-FS1-007/REQ-SGVCAL-001/REQ-SGVCAL-008,PASS
SPRINT-005,BC-005,EPIC-022,STORY-0128,ISSUE-0238,TASK-0128,Reviewer,ADR-003/ADR-004/ADR-006/ADR-007/ADR-008,,PASS
SPRINT-005,BC-006,EPIC-023,STORY-0129,ISSUE-0239,TASK-0129,Arquiteto,ADR-003/ADR-004/ADR-006/ADR-007/ADR-008/ADR-010/ADR-011/ADR-044,REQ-FS1-001/REQ-FS1-004,PASS
SPRINT-005,BC-006,EPIC-023,STORY-0130,ISSUE-0240,TASK-0130,Geoprocessamento,ADR-003/ADR-004/ADR-005/ADR-006/ADR-007/ADR-008/ADR-015/ADR-023/ADR-040/ADR-041/ADR-042/ADR-043/ADR-044/ADR-053,REQ-FS1-002/REQ-FS1-003/REQ-FS1-008/REQ-FS1-009/REQ-FS1-010/REQ-SDR-001,PASS
SPRINT-005,BC-006,EPIC-023,STORY-0131,ISSUE-0241,TASK-0131,Geoprocessamento,ADR-003/ADR-004/ADR-005/ADR-006/ADR-007/ADR-008/ADR-041/ADR-042/ADR-043/ADR-045,REQ-FS1-006,PASS
SPRINT-005,BC-006,EPIC-023,STORY-0132,ISSUE-0242,TASK-0132,Geoprocessamento,ADR-003/ADR-004/ADR-005/ADR-006/ADR-007/ADR-008/ADR-041/ADR-042/ADR-043,,PASS
SPRINT-005,BC-006,EPIC-023,STORY-0133,ISSUE-0243,TASK-0133,Geoprocessamento,ADR-003/ADR-004/ADR-005/ADR-006/ADR-007/ADR-008/ADR-041/ADR-042/ADR-043,,PASS
SPRINT-005,BC-006,EPIC-023,STORY-0134,ISSUE-0244,TASK-0134,QA,ADR-003/ADR-004/ADR-006/ADR-007/ADR-008/ADR-043/ADR-046/ADR-055,REQ-FS1-005/REQ-FS1-007/REQ-HOM-001/REQ-MCH-001,PASS
SPRINT-005,BC-006,EPIC-023,STORY-0135,ISSUE-0245,TASK-0135,Reviewer,ADR-003/ADR-004/ADR-006/ADR-007/ADR-008,,PASS
SPRINT-005,BC-007,EPIC-024,STORY-0136,ISSUE-0246,TASK-0136,Arquiteto,ADR-003/ADR-004/ADR-006/ADR-007/ADR-008/ADR-010/ADR-011/ADR-038/ADR-044/ADR-046/ADR-050/ADR-051/ADR-053,REQ-AIE-001/REQ-AIE-005/REQ-FS1-001/REQ-FS1-004/REQ-QUAL-004/REQ-RMV-001/REQ-SDR-002,PASS
SPRINT-005,BC-007,EPIC-024,STORY-0137,ISSUE-0247,TASK-0137,Geoprocessamento,ADR-003/ADR-004/ADR-005/ADR-006/ADR-007/ADR-008/ADR-041/ADR-042/ADR-043,,PASS
SPRINT-005,BC-007,EPIC-024,STORY-0138,ISSUE-0248,TASK-0138,Geoprocessamento,ADR-003/ADR-004/ADR-005/ADR-006/ADR-007/ADR-008/ADR-041/ADR-042/ADR-043/ADR-045/ADR-046/ADR-048/ADR-049,REQ-ANC-002/REQ-FS1-006/REQ-MOS-003/REQ-QUAL-001/REQ-QUAL-002/REQ-REV-003,PASS
SPRINT-005,BC-007,EPIC-024,STORY-0139,ISSUE-0249,TASK-0139,Geoprocessamento,ADR-003/ADR-004/ADR-005/ADR-006/ADR-007/ADR-008/ADR-041/ADR-042/ADR-043,,PASS
SPRINT-005,BC-007,EPIC-024,STORY-0140,ISSUE-0250,TASK-0140,Geoprocessamento,ADR-003/ADR-004/ADR-005/ADR-006/ADR-007/ADR-008/ADR-041/ADR-042/ADR-043,,PASS
SPRINT-005,BC-007,EPIC-024,STORY-0141,ISSUE-0251,TASK-0141,QA,ADR-003/ADR-004/ADR-006/ADR-007/ADR-008/ADR-009/ADR-040/ADR-043/ADR-046/ADR-048/ADR-049/ADR-055,REQ-AIE-003/REQ-AIE-007/REQ-ANC-003/REQ-FS1-005/REQ-FS1-007/REQ-GCP-001/REQ-HOM-001/REQ-MOS-005/REQ-REF-002,PASS
SPRINT-005,BC-007,EPIC-024,STORY-0142,ISSUE-0252,TASK-0142,Reviewer,ADR-003/ADR-004/ADR-006/ADR-007/ADR-008,,PASS
SPRINT-005,BC-007,EPIC-025,STORY-0143,ISSUE-0253,TASK-0143,Arquiteto,ADR-003/ADR-004/ADR-006/ADR-007/ADR-008/ADR-010/ADR-011/ADR-046,REQ-QUAL-004,PASS
SPRINT-005,BC-007,EPIC-025,STORY-0144,ISSUE-0254,TASK-0144,Geoprocessamento,ADR-003/ADR-004/ADR-005/ADR-006/ADR-007/ADR-008/ADR-041/ADR-042/ADR-043,,PASS
SPRINT-005,BC-007,EPIC-025,STORY-0145,ISSUE-0255,TASK-0145,Geoprocessamento,ADR-003/ADR-004/ADR-005/ADR-006/ADR-007/ADR-008/ADR-041/ADR-042/ADR-043,,PASS
SPRINT-005,BC-007,EPIC-025,STORY-0146,ISSUE-0256,TASK-0146,Geoprocessamento,ADR-003/ADR-004/ADR-005/ADR-006/ADR-007/ADR-008/ADR-041/ADR-042/ADR-043,,PASS
SPRINT-005,BC-007,EPIC-025,STORY-0147,ISSUE-0257,TASK-0147,Geoprocessamento,ADR-003/ADR-004/ADR-005/ADR-006/ADR-007/ADR-008/ADR-041/ADR-042/ADR-043,,PASS
SPRINT-005,BC-007,EPIC-025,STORY-0148,ISSUE-0258,TASK-0148,QA,ADR-003/ADR-004/ADR-006/ADR-007/ADR-008,,PASS
SPRINT-005,BC-007,EPIC-025,STORY-0149,ISSUE-0259,TASK-0149,Reviewer,ADR-003/ADR-004/ADR-006/ADR-007/ADR-008,,PASS
SPRINT-005,BC-013,EPIC-026,STORY-0150,ISSUE-0260,TASK-0150,Arquiteto,ADR-003/ADR-004/ADR-006/ADR-007/ADR-008/ADR-010/ADR-011/ADR-041/ADR-044/ADR-052,REQ-AI-005/REQ-FS1-001/REQ-FS1-004/REQ-NATIVE-002,PASS
SPRINT-005,BC-013,EPIC-026,STORY-0151,ISSUE-0261,TASK-0151,Geoprocessamento,ADR-003/ADR-004/ADR-005/ADR-006/ADR-007/ADR-008/ADR-041/ADR-042/ADR-043,,PASS
SPRINT-005,BC-013,EPIC-026,STORY-0152,ISSUE-0262,TASK-0152,Geoprocessamento,ADR-003/ADR-004/ADR-005/ADR-006/ADR-007/ADR-008/ADR-041/ADR-042/ADR-043/ADR-045,REQ-FS1-006/REQ-NATIVE-001/REQ-NATIVE-004,PASS
SPRINT-005,BC-013,EPIC-026,STORY-0153,ISSUE-0263,TASK-0153,Geoprocessamento,ADR-003/ADR-004/ADR-005/ADR-006/ADR-007/ADR-008/ADR-041/ADR-042/ADR-043,,PASS
SPRINT-005,BC-013,EPIC-026,STORY-0154,ISSUE-0264,TASK-0154,Geoprocessamento,ADR-003/ADR-004/ADR-005/ADR-006/ADR-007/ADR-008/ADR-041/ADR-042/ADR-043,,PASS
SPRINT-005,BC-013,EPIC-026,STORY-0155,ISSUE-0265,TASK-0155,QA,ADR-003/ADR-004/ADR-006/ADR-007/ADR-008/ADR-046/ADR-055,REQ-FS1-005/REQ-FS1-007,PASS
SPRINT-005,BC-013,EPIC-026,STORY-0156,ISSUE-0266,TASK-0156,Reviewer,ADR-003/ADR-004/ADR-006/ADR-007/ADR-008,,PASS
SPRINT-005,BC-005,EPIC-027,STORY-0157,ISSUE-0267,TASK-0157,Arquiteto,ADR-003/ADR-004/ADR-006/ADR-007/ADR-008/ADR-010/ADR-011,,PASS
SPRINT-005,BC-005,EPIC-027,STORY-0158,ISSUE-0268,TASK-0158,Geoprocessamento,ADR-003/ADR-004/ADR-005/ADR-006/ADR-007/ADR-008/ADR-041/ADR-042/ADR-043/ADR-047,REQ-SRC-001/REQ-SRC-002,PASS
SPRINT-005,BC-005,EPIC-027,STORY-0159,ISSUE-0269,TASK-0159,Geoprocessamento,ADR-003/ADR-004/ADR-005/ADR-006/ADR-007/ADR-008/ADR-041/ADR-042/ADR-043,,PASS
SPRINT-005,BC-005,EPIC-027,STORY-0160,ISSUE-0270,TASK-0160,Geoprocessamento,ADR-003/ADR-004/ADR-005/ADR-006/ADR-007/ADR-008/ADR-041/ADR-042/ADR-043,,PASS
SPRINT-005,BC-005,EPIC-027,STORY-0161,ISSUE-0271,TASK-0161,Geoprocessamento,ADR-003/ADR-004/ADR-005/ADR-006/ADR-007/ADR-008/ADR-041/ADR-042/ADR-043,,PASS
SPRINT-005,BC-005,EPIC-027,STORY-0162,ISSUE-0272,TASK-0162,QA,ADR-003/ADR-004/ADR-006/ADR-007/ADR-008,,PASS
SPRINT-005,BC-005,EPIC-027,STORY-0163,ISSUE-0273,TASK-0163,Reviewer,ADR-003/ADR-004/ADR-006/ADR-007/ADR-008,,PASS
SPRINT-005,BC-007,EPIC-028,STORY-0164,ISSUE-0274,TASK-0164,Arquiteto,ADR-002/ADR-003/ADR-004/ADR-006/ADR-007/ADR-008/ADR-010/ADR-011/ADR-038/ADR-044/ADR-051/ADR-053,REQ-AIE-001/REQ-AIE-005/REQ-CLASSICPROFILE-004/REQ-SDR-002/REQ-SGVCAL-007/REQ-SRG-001,PASS
SPRINT-005,BC-007,EPIC-028,STORY-0165,ISSUE-0275,TASK-0165,Geoprocessamento,ADR-003/ADR-004/ADR-005/ADR-006/ADR-007/ADR-008/ADR-041/ADR-042/ADR-043,,PASS
SPRINT-005,BC-007,EPIC-028,STORY-0166,ISSUE-0276,TASK-0166,Geoprocessamento,ADR-003/ADR-004/ADR-005/ADR-006/ADR-007/ADR-008/ADR-041/ADR-042/ADR-043/ADR-044,REQ-CLASSICPROFILE-006/REQ-CLASSICPROFILE-010,PASS
SPRINT-005,BC-007,EPIC-028,STORY-0167,ISSUE-0277,TASK-0167,Geoprocessamento,ADR-003/ADR-004/ADR-005/ADR-006/ADR-007/ADR-008/ADR-041/ADR-042/ADR-043,,PASS
SPRINT-005,BC-007,EPIC-028,STORY-0168,ISSUE-0278,TASK-0168,Geoprocessamento,ADR-003/ADR-004/ADR-005/ADR-006/ADR-007/ADR-008/ADR-041/ADR-042/ADR-043,,PASS
SPRINT-005,BC-007,EPIC-028,STORY-0169,ISSUE-0279,TASK-0169,QA,ADR-003/ADR-004/ADR-006/ADR-007/ADR-008/ADR-009/ADR-045/ADR-046/ADR-053,REQ-AIE-003/REQ-AIE-007/REQ-CLASSICPROFILE-008/REQ-SDR-003/REQ-SGVCAL-001/REQ-SGVCAL-008,PASS
SPRINT-005,BC-007,EPIC-028,STORY-0170,ISSUE-0280,TASK-0170,Reviewer,ADR-003/ADR-004/ADR-006/ADR-007/ADR-008,,PASS
SPRINT-005,BC-004,EPIC-029,STORY-0171,ISSUE-0281,TASK-0171,Arquiteto,ADR-003/ADR-004/ADR-006/ADR-007/ADR-008/ADR-010/ADR-011/ADR-014/ADR-047,REQ-SRC-005/REQ-UX-002,PASS
SPRINT-005,BC-004,EPIC-029,STORY-0172,ISSUE-0282,TASK-0172,Geoprocessamento,ADR-003/ADR-004/ADR-005/ADR-006/ADR-007/ADR-008/ADR-009/ADR-041/ADR-042/ADR-043/ADR-051,REQ-AI-008/REQ-AI-011/REQ-AI-014,PASS
SPRINT-005,BC-004,EPIC-029,STORY-0173,ISSUE-0283,TASK-0173,Geoprocessamento,ADR-003/ADR-004/ADR-005/ADR-006/ADR-007/ADR-008/ADR-009/ADR-041/ADR-042/ADR-043,REQ-AI-010,PASS
SPRINT-005,BC-004,EPIC-029,STORY-0174,ISSUE-0284,TASK-0174,Geoprocessamento,ADR-003/ADR-004/ADR-005/ADR-006/ADR-007/ADR-008/ADR-041/ADR-042/ADR-043,,PASS
SPRINT-005,BC-004,EPIC-029,STORY-0175,ISSUE-0285,TASK-0175,Geoprocessamento,ADR-003/ADR-004/ADR-005/ADR-006/ADR-007/ADR-008/ADR-041/ADR-042/ADR-043,,PASS
SPRINT-005,BC-004,EPIC-029,STORY-0176,ISSUE-0286,TASK-0176,QA,ADR-003/ADR-004/ADR-006/ADR-007/ADR-008,,PASS
SPRINT-005,BC-004,EPIC-029,STORY-0177,ISSUE-0287,TASK-0177,Reviewer,ADR-003/ADR-004/ADR-006/ADR-007/ADR-008,,PASS
SPRINT-005,BC-012,EPIC-030,STORY-0178,ISSUE-0288,TASK-0178,Arquiteto,ADR-002/ADR-003/ADR-004/ADR-006/ADR-007/ADR-008/ADR-010/ADR-011/ADR-038,REQ-EPIC-016/REQ-EPIC-038,PASS
SPRINT-005,BC-012,EPIC-030,STORY-0179,ISSUE-0289,TASK-0179,Geoprocessamento,ADR-003/ADR-004/ADR-005/ADR-006/ADR-007/ADR-008/ADR-041/ADR-042/ADR-043,,PASS
SPRINT-005,BC-012,EPIC-030,STORY-0180,ISSUE-0290,TASK-0180,Geoprocessamento,ADR-002/ADR-003/ADR-004/ADR-005/ADR-006/ADR-007/ADR-008/ADR-041/ADR-042/ADR-043,REQ-EPIC-037,PASS
SPRINT-005,BC-012,EPIC-030,STORY-0181,ISSUE-0291,TASK-0181,Geoprocessamento,ADR-003/ADR-004/ADR-005/ADR-006/ADR-007/ADR-008/ADR-041/ADR-042/ADR-043,,PASS
SPRINT-005,BC-012,EPIC-030,STORY-0182,ISSUE-0292,TASK-0182,Geoprocessamento,ADR-003/ADR-004/ADR-005/ADR-006/ADR-007/ADR-008/ADR-041/ADR-042/ADR-043,,PASS
SPRINT-005,BC-012,EPIC-030,STORY-0183,ISSUE-0293,TASK-0183,QA,ADR-003/ADR-004/ADR-006/ADR-007/ADR-008,,PASS
SPRINT-005,BC-012,EPIC-030,STORY-0184,ISSUE-0294,TASK-0184,Reviewer,ADR-003/ADR-004/ADR-006/ADR-007/ADR-008,,PASS
SPRINT-009,BC-016,EPIC-031,STORY-0185,ISSUE-0295,TASK-0185,Product Owner,ADR-003/ADR-004/ADR-006/ADR-007/ADR-008/ADR-010/ADR-011/ADR-014,REQ-FS-001/REQ-TOOL-008/REQ-TOOL-009,PASS
SPRINT-009,BC-016,EPIC-031,STORY-0186,ISSUE-0296,TASK-0186,Frontend,ADR-003/ADR-004/ADR-005/ADR-006/ADR-007/ADR-008/ADR-010/ADR-011/ADR-014,,PASS
SPRINT-009,BC-016,EPIC-031,STORY-0187,ISSUE-0297,TASK-0187,Frontend,ADR-003/ADR-004/ADR-005/ADR-006/ADR-007/ADR-008/ADR-010/ADR-011/ADR-014,,PASS
SPRINT-009,BC-016,EPIC-031,STORY-0188,ISSUE-0298,TASK-0188,Frontend,ADR-003/ADR-004/ADR-005/ADR-006/ADR-007/ADR-008/ADR-010/ADR-011/ADR-014,,PASS
SPRINT-009,BC-016,EPIC-031,STORY-0189,ISSUE-0299,TASK-0189,QA,ADR-003/ADR-004/ADR-006/ADR-007/ADR-008/ADR-010/ADR-011/ADR-046/ADR-055,REQ-FS1-005/REQ-FS1-007,PASS
SPRINT-009,BC-016,EPIC-031,STORY-0190,ISSUE-0300,TASK-0190,Reviewer,ADR-003/ADR-004/ADR-006/ADR-007/ADR-008/ADR-010/ADR-011,,PASS
SPRINT-009,BC-016,EPIC-032,STORY-0191,ISSUE-0301,TASK-0191,Product Owner,ADR-003/ADR-004/ADR-006/ADR-007/ADR-008/ADR-042/ADR-049,REQ-ANC-005/REQ-RMR-002,PASS
SPRINT-009,BC-016,EPIC-032,STORY-0192,ISSUE-0302,TASK-0192,Frontend,ADR-003/ADR-004/ADR-005/ADR-006/ADR-007/ADR-008/ADR-010/ADR-011/ADR-014/ADR-040/ADR-055,REQ-MSK-003/REQ-MTD-001/REQ-UX-001,PASS
SPRINT-009,BC-016,EPIC-032,STORY-0193,ISSUE-0303,TASK-0193,Frontend,ADR-003/ADR-004/ADR-005/ADR-006/ADR-007/ADR-008/ADR-010/ADR-011/ADR-014,,PASS
SPRINT-009,BC-016,EPIC-032,STORY-0194,ISSUE-0304,TASK-0194,Frontend,ADR-003/ADR-004/ADR-005/ADR-006/ADR-007/ADR-008/ADR-010/ADR-011/ADR-014,,PASS
SPRINT-009,BC-016,EPIC-032,STORY-0195,ISSUE-0305,TASK-0195,QA,ADR-003/ADR-004/ADR-006/ADR-007/ADR-008,,PASS
SPRINT-009,BC-016,EPIC-032,STORY-0196,ISSUE-0306,TASK-0196,Reviewer,ADR-003/ADR-004/ADR-006/ADR-007/ADR-008,,PASS
SPRINT-009,BC-016,EPIC-033,STORY-0197,ISSUE-0307,TASK-0197,Product Owner,ADR-003/ADR-004/ADR-006/ADR-007/ADR-008/ADR-051,REQ-AI-011,PASS
SPRINT-009,BC-016,EPIC-033,STORY-0198,ISSUE-0308,TASK-0198,Frontend,ADR-003/ADR-004/ADR-005/ADR-006/ADR-007/ADR-008/ADR-010/ADR-011/ADR-014/ADR-047,REQ-SRC-004/REQ-UX-002,PASS
SPRINT-009,BC-016,EPIC-033,STORY-0199,ISSUE-0309,TASK-0199,Frontend,ADR-003/ADR-004/ADR-005/ADR-006/ADR-007/ADR-008/ADR-010/ADR-011/ADR-014,,PASS
SPRINT-009,BC-016,EPIC-033,STORY-0200,ISSUE-0310,TASK-0200,Frontend,ADR-003/ADR-004/ADR-005/ADR-006/ADR-007/ADR-008/ADR-010/ADR-011/ADR-014,,PASS
SPRINT-009,BC-016,EPIC-033,STORY-0201,ISSUE-0311,TASK-0201,QA,ADR-003/ADR-004/ADR-006/ADR-007/ADR-008,,PASS
SPRINT-009,BC-016,EPIC-033,STORY-0202,ISSUE-0312,TASK-0202,Reviewer,ADR-003/ADR-004/ADR-006/ADR-007/ADR-008,,PASS
SPRINT-009,BC-016,EPIC-034,STORY-0203,ISSUE-0313,TASK-0203,Product Owner,ADR-002/ADR-003/ADR-004/ADR-006/ADR-007/ADR-008/ADR-025/ADR-039/ADR-046,REQ-BEX-001/REQ-CAT-001/REQ-EPIC-037/REQ-EPIC-062/REQ-QUAL-003,PASS
SPRINT-009,BC-016,EPIC-034,STORY-0204,ISSUE-0314,TASK-0204,Frontend,ADR-003/ADR-004/ADR-005/ADR-006/ADR-007/ADR-008/ADR-014,,PASS
SPRINT-009,BC-016,EPIC-034,STORY-0205,ISSUE-0315,TASK-0205,Frontend,ADR-003/ADR-004/ADR-005/ADR-006/ADR-007/ADR-008/ADR-010/ADR-011/ADR-014,,PASS
SPRINT-009,BC-016,EPIC-034,STORY-0206,ISSUE-0316,TASK-0206,Frontend,ADR-003/ADR-004/ADR-005/ADR-006/ADR-007/ADR-008/ADR-010/ADR-011/ADR-014,,PASS
SPRINT-009,BC-016,EPIC-034,STORY-0207,ISSUE-0317,TASK-0207,QA,ADR-003/ADR-004/ADR-006/ADR-007/ADR-008,,PASS
SPRINT-009,BC-016,EPIC-034,STORY-0208,ISSUE-0318,TASK-0208,Reviewer,ADR-003/ADR-004/ADR-006/ADR-007/ADR-008,,PASS
SPRINT-009,BC-011,EPIC-035,STORY-0209,ISSUE-0319,TASK-0209,Product Owner,ADR-003/ADR-004/ADR-006/ADR-007/ADR-008,,PASS
SPRINT-009,BC-011,EPIC-035,STORY-0210,ISSUE-0320,TASK-0210,Arquiteto,ADR-003/ADR-004/ADR-006/ADR-007/ADR-008/ADR-010/ADR-011/ADR-046,REQ-EPIC-035,PASS
SPRINT-009,BC-011,EPIC-035,STORY-0211,ISSUE-0321,TASK-0211,Frontend,ADR-003/ADR-004/ADR-005/ADR-006/ADR-007/ADR-008/ADR-014,,PASS
SPRINT-009,BC-011,EPIC-035,STORY-0212,ISSUE-0322,TASK-0212,Backend,ADR-003/ADR-004/ADR-005/ADR-006/ADR-007/ADR-008/ADR-016,,PASS
SPRINT-009,BC-011,EPIC-035,STORY-0213,ISSUE-0323,TASK-0213,QA,ADR-003/ADR-004/ADR-006/ADR-007/ADR-008,,PASS
SPRINT-009,BC-011,EPIC-035,STORY-0214,ISSUE-0324,TASK-0214,Reviewer,ADR-003/ADR-004/ADR-006/ADR-007/ADR-008,,PASS
SPRINT-009,BC-016,EPIC-036,STORY-0215,ISSUE-0325,TASK-0215,Product Owner,ADR-003/ADR-004/ADR-006/ADR-007/ADR-008,,PASS
SPRINT-009,BC-016,EPIC-036,STORY-0216,ISSUE-0326,TASK-0216,Frontend,ADR-002/ADR-003/ADR-004/ADR-005/ADR-006/ADR-007/ADR-008/ADR-009/ADR-014,REQ-AI-016/REQ-EPIC-038/REQ-UX-003,PASS
SPRINT-009,BC-016,EPIC-036,STORY-0217,ISSUE-0327,TASK-0217,Frontend,ADR-003/ADR-004/ADR-005/ADR-006/ADR-007/ADR-008/ADR-014,,PASS
SPRINT-009,BC-016,EPIC-036,STORY-0218,ISSUE-0328,TASK-0218,QA,ADR-003/ADR-004/ADR-006/ADR-007/ADR-008,,PASS
SPRINT-009,BC-016,EPIC-036,STORY-0219,ISSUE-0329,TASK-0219,Reviewer,ADR-003/ADR-004/ADR-006/ADR-007/ADR-008,,PASS
SPRINT-010,BC-012,EPIC-037,STORY-0220,ISSUE-0330,TASK-0220,Arquiteto,ADR-003/ADR-004/ADR-006/ADR-007/ADR-008/ADR-010/ADR-011/ADR-025/ADR-038/ADR-046/ADR-048,REQ-BEX-003/REQ-BEX-005/REQ-GCP-002/REQ-PROV-001,PASS
SPRINT-010,BC-012,EPIC-037,STORY-0221,ISSUE-0331,TASK-0221,Backend,ADR-003/ADR-004/ADR-005/ADR-006/ADR-007/ADR-008/ADR-016,,PASS
SPRINT-010,BC-012,EPIC-037,STORY-0222,ISSUE-0332,TASK-0222,Backend,ADR-003/ADR-004/ADR-005/ADR-006/ADR-007/ADR-008/ADR-016,,PASS
SPRINT-010,BC-012,EPIC-037,STORY-0223,ISSUE-0333,TASK-0223,Frontend,ADR-002/ADR-003/ADR-004/ADR-005/ADR-006/ADR-007/ADR-008/ADR-010/ADR-011/ADR-014/ADR-039/ADR-046/ADR-050,REQ-BEX-001/REQ-EPIC-037/REQ-QUAL-002/REQ-QUAL-003/REQ-RMR-003,PASS
SPRINT-010,BC-012,EPIC-037,STORY-0224,ISSUE-0334,TASK-0224,QA,ADR-003/ADR-004/ADR-006/ADR-007/ADR-008,,PASS
SPRINT-010,BC-012,EPIC-037,STORY-0225,ISSUE-0335,TASK-0225,Reviewer,ADR-003/ADR-004/ADR-006/ADR-007/ADR-008,,PASS
SPRINT-010,BC-007,EPIC-038,STORY-0226,ISSUE-0336,TASK-0226,Arquiteto,ADR-003/ADR-004/ADR-006/ADR-007/ADR-008/ADR-010/ADR-011,,PASS
SPRINT-010,BC-007,EPIC-038,STORY-0227,ISSUE-0337,TASK-0227,Backend,ADR-003/ADR-004/ADR-005/ADR-006/ADR-007/ADR-008/ADR-016/ADR-046,REQ-QUAL-005,PASS
SPRINT-010,BC-007,EPIC-038,STORY-0228,ISSUE-0338,TASK-0228,Backend,ADR-003/ADR-004/ADR-005/ADR-006/ADR-007/ADR-008/ADR-016,,PASS
SPRINT-010,BC-007,EPIC-038,STORY-0229,ISSUE-0339,TASK-0229,Frontend,ADR-003/ADR-004/ADR-005/ADR-006/ADR-007/ADR-008/ADR-010/ADR-011/ADR-014,,PASS
SPRINT-010,BC-007,EPIC-038,STORY-0230,ISSUE-0340,TASK-0230,QA,ADR-003/ADR-004/ADR-006/ADR-007/ADR-008,,PASS
SPRINT-010,BC-007,EPIC-038,STORY-0231,ISSUE-0341,TASK-0231,Reviewer,ADR-003/ADR-004/ADR-006/ADR-007/ADR-008,,PASS
SPRINT-011,BC-014,EPIC-039,STORY-0232,ISSUE-0342,TASK-0232,DevOps,ADR-003/ADR-004/ADR-006/ADR-007/ADR-008/ADR-009/ADR-010/ADR-011/ADR-017/ADR-033/ADR-034/ADR-038/ADR-051/ADR-054,REQ-AIE-001/REQ-AIE-005/REQ-OBS-002/REQ-RUNTIME-010/REQ-WORKER-001/REQ-WORKER-010,PASS
SPRINT-011,BC-014,EPIC-039,STORY-0233,ISSUE-0343,TASK-0233,DevOps,ADR-003/ADR-004/ADR-006/ADR-007/ADR-008/ADR-009/ADR-010/ADR-011/ADR-033/ADR-034,,PASS
SPRINT-011,BC-014,EPIC-039,STORY-0234,ISSUE-0344,TASK-0234,DevOps,ADR-003/ADR-004/ADR-006/ADR-007/ADR-008/ADR-009/ADR-010/ADR-011/ADR-012/ADR-018/ADR-020/ADR-033/ADR-034/ADR-037/ADR-038/ADR-054,REQ-EPIC-018/REQ-OBS-001/REQ-WORKER-002/REQ-WORKER-004/REQ-WORKER-005/REQ-WORKER-006/REQ-WORKER-007/REQ-WORKER-008/REQ-WORKER-009,PASS
SPRINT-011,BC-014,EPIC-039,STORY-0235,ISSUE-0345,TASK-0235,QA,ADR-003/ADR-004/ADR-006/ADR-007/ADR-008/ADR-010/ADR-011,,PASS
SPRINT-011,BC-014,EPIC-039,STORY-0236,ISSUE-0346,TASK-0236,Security,ADR-003/ADR-004/ADR-005/ADR-006/ADR-007/ADR-008/ADR-010/ADR-011/ADR-030/ADR-031/ADR-032/ADR-055,REQ-LOG-001/REQ-RUNTIME-009,PASS
SPRINT-011,BC-014,EPIC-039,STORY-0237,ISSUE-0347,TASK-0237,Reviewer,ADR-003/ADR-004/ADR-006/ADR-007/ADR-008/ADR-010/ADR-011,,PASS
SPRINT-011,BC-014,EPIC-040,STORY-0238,ISSUE-0348,TASK-0238,DevOps,ADR-003/ADR-004/ADR-006/ADR-007/ADR-008/ADR-009/ADR-010/ADR-011/ADR-033/ADR-034/ADR-039/ADR-042,REQ-OUT-001/REQ-SCH-004,PASS
SPRINT-011,BC-014,EPIC-040,STORY-0239,ISSUE-0349,TASK-0239,DevOps,ADR-003/ADR-004/ADR-006/ADR-007/ADR-008/ADR-009/ADR-033/ADR-034/ADR-036/ADR-040/ADR-053,REQ-NFR-001/REQ-RMQ-001/REQ-SCL-001,PASS
SPRINT-011,BC-014,EPIC-040,STORY-0240,ISSUE-0350,TASK-0240,DevOps,ADR-003/ADR-004/ADR-006/ADR-007/ADR-008/ADR-009/ADR-012/ADR-033/ADR-034/ADR-039,REQ-RES-001/REQ-SMO-001/REQ-SMO-003,PASS
SPRINT-011,BC-014,EPIC-040,STORY-0241,ISSUE-0351,TASK-0241,QA,ADR-003/ADR-004/ADR-006/ADR-007/ADR-008,,PASS
SPRINT-011,BC-014,EPIC-040,STORY-0242,ISSUE-0352,TASK-0242,Security,ADR-003/ADR-004/ADR-005/ADR-006/ADR-007/ADR-008/ADR-030/ADR-031/ADR-032/ADR-053,REQ-SRP-001,PASS
SPRINT-011,BC-014,EPIC-040,STORY-0243,ISSUE-0353,TASK-0243,Reviewer,ADR-003/ADR-004/ADR-006/ADR-007/ADR-008,,PASS
SPRINT-002,BC-014,EPIC-041,STORY-0244,ISSUE-0354,TASK-0244,Security,ADR-003/ADR-004/ADR-005/ADR-006/ADR-007/ADR-008/ADR-030/ADR-031/ADR-032,REQ-NET-001,PASS
SPRINT-002,BC-014,EPIC-041,STORY-0245,ISSUE-0355,TASK-0245,Arquiteto,ADR-003/ADR-004/ADR-006/ADR-007/ADR-008,,PASS
SPRINT-002,BC-014,EPIC-041,STORY-0246,ISSUE-0356,TASK-0246,Backend,ADR-003/ADR-004/ADR-005/ADR-006/ADR-007/ADR-008/ADR-016,,PASS
SPRINT-002,BC-014,EPIC-041,STORY-0247,ISSUE-0357,TASK-0247,Security,ADR-003/ADR-004/ADR-005/ADR-006/ADR-007/ADR-008/ADR-030/ADR-031/ADR-032,,PASS
SPRINT-002,BC-014,EPIC-041,STORY-0248,ISSUE-0358,TASK-0248,DevOps,ADR-003/ADR-004/ADR-006/ADR-007/ADR-008/ADR-009/ADR-033/ADR-034,,PASS
SPRINT-002,BC-014,EPIC-041,STORY-0249,ISSUE-0359,TASK-0249,Reviewer,ADR-003/ADR-004/ADR-006/ADR-007/ADR-008,,PASS
SPRINT-012,BC-015,EPIC-042,STORY-0250,ISSUE-0360,TASK-0250,Product Owner,ADR-003/ADR-004/ADR-006/ADR-007/ADR-008/ADR-010/ADR-011,,PASS
SPRINT-012,BC-015,EPIC-042,STORY-0251,ISSUE-0361,TASK-0251,Tech Lead,ADR-002/ADR-003/ADR-004/ADR-005/ADR-006/ADR-007/ADR-008/ADR-016/ADR-037/ADR-056,REQ-CIT-001/REQ-EPIC-042/REQ-EPIC-043/REQ-OSS-001/REQ-PUB-004,PASS
SPRINT-012,BC-015,EPIC-042,STORY-0252,ISSUE-0362,TASK-0252,DevOps,ADR-003/ADR-004/ADR-006/ADR-007/ADR-008/ADR-009/ADR-033/ADR-034,,PASS
SPRINT-012,BC-015,EPIC-042,STORY-0253,ISSUE-0363,TASK-0253,Security,ADR-003/ADR-004/ADR-005/ADR-006/ADR-007/ADR-008/ADR-030/ADR-031/ADR-032,,PASS
SPRINT-012,BC-015,EPIC-042,STORY-0254,ISSUE-0364,TASK-0254,Reviewer,ADR-003/ADR-004/ADR-006/ADR-007/ADR-008,,PASS
SPRINT-012,BC-015,EPIC-043,STORY-0255,ISSUE-0365,TASK-0255,Tech Lead,ADR-003/ADR-004/ADR-005/ADR-006/ADR-007/ADR-008/ADR-010/ADR-011/ADR-016,,PASS
SPRINT-012,BC-015,EPIC-043,STORY-0256,ISSUE-0366,TASK-0256,DevOps,ADR-001/ADR-003/ADR-004/ADR-006/ADR-007/ADR-008/ADR-009/ADR-014/ADR-033/ADR-034/ADR-053,REQ-SRG-003/REQ-TOOL-008/REQ-TOOL-010,PASS
SPRINT-012,BC-015,EPIC-043,STORY-0257,ISSUE-0367,TASK-0257,DevOps,ADR-003/ADR-004/ADR-006/ADR-007/ADR-008/ADR-009/ADR-033/ADR-034/ADR-053,REQ-SRG-004,PASS
SPRINT-012,BC-015,EPIC-043,STORY-0258,ISSUE-0368,TASK-0258,Security,ADR-003/ADR-004/ADR-005/ADR-006/ADR-007/ADR-008/ADR-030/ADR-031/ADR-032,,PASS
SPRINT-012,BC-015,EPIC-043,STORY-0259,ISSUE-0369,TASK-0259,QA,ADR-003/ADR-004/ADR-006/ADR-007/ADR-008,,PASS
SPRINT-012,BC-015,EPIC-043,STORY-0260,ISSUE-0370,TASK-0260,Reviewer,ADR-003/ADR-004/ADR-006/ADR-007/ADR-008,,PASS
SPRINT-005,BC-006,EPIC-044,STORY-0261,ISSUE-0371,TASK-0261,Arquiteto,ADR-003/ADR-004/ADR-006/ADR-007/ADR-008/ADR-010/ADR-011/ADR-025/ADR-042,REQ-ART-002/REQ-CRS-006/REQ-OUT-001,PASS
SPRINT-005,BC-006,EPIC-044,STORY-0262,ISSUE-0372,TASK-0262,Geoprocessamento,ADR-003/ADR-004/ADR-005/ADR-006/ADR-007/ADR-008/ADR-041/ADR-042/ADR-043/ADR-049,REQ-RAS-001/REQ-RAS-002,PASS
SPRINT-005,BC-006,EPIC-044,STORY-0263,ISSUE-0373,TASK-0263,Geoprocessamento,ADR-003/ADR-004/ADR-005/ADR-006/ADR-007/ADR-008/ADR-041/ADR-042/ADR-043,,PASS
SPRINT-005,BC-006,EPIC-044,STORY-0264,ISSUE-0374,TASK-0264,Geoprocessamento,ADR-003/ADR-004/ADR-005/ADR-006/ADR-007/ADR-008/ADR-041/ADR-042/ADR-043,,PASS
SPRINT-005,BC-006,EPIC-044,STORY-0265,ISSUE-0375,TASK-0265,Geoprocessamento,ADR-003/ADR-004/ADR-005/ADR-006/ADR-007/ADR-008/ADR-041/ADR-042/ADR-043,,PASS
SPRINT-005,BC-006,EPIC-044,STORY-0266,ISSUE-0376,TASK-0266,QA,ADR-003/ADR-004/ADR-006/ADR-007/ADR-008,,PASS
SPRINT-005,BC-006,EPIC-044,STORY-0267,ISSUE-0377,TASK-0267,Reviewer,ADR-003/ADR-004/ADR-006/ADR-007/ADR-008,,PASS
SPRINT-005,BC-006,EPIC-045,STORY-0268,ISSUE-0378,TASK-0268,Arquiteto,ADR-003/ADR-004/ADR-006/ADR-007/ADR-008/ADR-010/ADR-011/ADR-055,REQ-MSK-003,PASS
SPRINT-005,BC-006,EPIC-045,STORY-0269,ISSUE-0379,TASK-0269,Geoprocessamento,ADR-003/ADR-004/ADR-005/ADR-006/ADR-007/ADR-008/ADR-040/ADR-041/ADR-042/ADR-043,REQ-MSK-001/REQ-MSK-002/REQ-RAS-001,PASS
SPRINT-005,BC-006,EPIC-045,STORY-0270,ISSUE-0380,TASK-0270,Geoprocessamento,ADR-003/ADR-004/ADR-005/ADR-006/ADR-007/ADR-008/ADR-041/ADR-042/ADR-043,,PASS
SPRINT-005,BC-006,EPIC-045,STORY-0271,ISSUE-0381,TASK-0271,Geoprocessamento,ADR-003/ADR-004/ADR-005/ADR-006/ADR-007/ADR-008/ADR-041/ADR-042/ADR-043,,PASS
SPRINT-005,BC-006,EPIC-045,STORY-0272,ISSUE-0382,TASK-0272,Geoprocessamento,ADR-003/ADR-004/ADR-005/ADR-006/ADR-007/ADR-008/ADR-041/ADR-042/ADR-043,,PASS
SPRINT-005,BC-006,EPIC-045,STORY-0273,ISSUE-0383,TASK-0273,QA,ADR-003/ADR-004/ADR-006/ADR-007/ADR-008,,PASS
SPRINT-005,BC-006,EPIC-045,STORY-0274,ISSUE-0384,TASK-0274,Reviewer,ADR-003/ADR-004/ADR-006/ADR-007/ADR-008,,PASS
SPRINT-005,BC-013,EPIC-046,STORY-0275,ISSUE-0385,TASK-0275,Arquiteto,ADR-003/ADR-004/ADR-006/ADR-007/ADR-008/ADR-010/ADR-011/ADR-042,REQ-ART-002,PASS
SPRINT-005,BC-013,EPIC-046,STORY-0276,ISSUE-0386,TASK-0276,Geoprocessamento,ADR-003/ADR-004/ADR-005/ADR-006/ADR-007/ADR-008/ADR-009/ADR-040/ADR-041/ADR-042/ADR-043/ADR-049,REQ-AI-017/REQ-ANC-004/REQ-RAS-005,PASS
SPRINT-005,BC-013,EPIC-046,STORY-0277,ISSUE-0387,TASK-0277,Geoprocessamento,ADR-003/ADR-004/ADR-005/ADR-006/ADR-007/ADR-008/ADR-041/ADR-042/ADR-043,,PASS
SPRINT-005,BC-013,EPIC-046,STORY-0278,ISSUE-0388,TASK-0278,Geoprocessamento,ADR-003/ADR-004/ADR-005/ADR-006/ADR-007/ADR-008/ADR-041/ADR-042/ADR-043,,PASS
SPRINT-005,BC-013,EPIC-046,STORY-0279,ISSUE-0389,TASK-0279,Geoprocessamento,ADR-003/ADR-004/ADR-005/ADR-006/ADR-007/ADR-008/ADR-041/ADR-042/ADR-043,,PASS
SPRINT-005,BC-013,EPIC-046,STORY-0280,ISSUE-0390,TASK-0280,QA,ADR-003/ADR-004/ADR-006/ADR-007/ADR-008/ADR-023,REQ-ART-003,PASS
SPRINT-005,BC-013,EPIC-046,STORY-0281,ISSUE-0391,TASK-0281,Reviewer,ADR-003/ADR-004/ADR-006/ADR-007/ADR-008,,PASS
SPRINT-005,BC-006,EPIC-047,STORY-0282,ISSUE-0392,TASK-0282,Arquiteto,ADR-003/ADR-004/ADR-006/ADR-007/ADR-008/ADR-010/ADR-011,,PASS
SPRINT-005,BC-006,EPIC-047,STORY-0283,ISSUE-0393,TASK-0283,Geoprocessamento,ADR-003/ADR-004/ADR-005/ADR-006/ADR-007/ADR-008/ADR-041/ADR-042/ADR-043,,PASS
SPRINT-005,BC-006,EPIC-047,STORY-0284,ISSUE-0394,TASK-0284,Geoprocessamento,ADR-003/ADR-004/ADR-005/ADR-006/ADR-007/ADR-008/ADR-041/ADR-042/ADR-043/ADR-044,REQ-MAT-001,PASS
SPRINT-005,BC-006,EPIC-047,STORY-0285,ISSUE-0395,TASK-0285,Geoprocessamento,ADR-003/ADR-004/ADR-005/ADR-006/ADR-007/ADR-008/ADR-041/ADR-042/ADR-043,,PASS
SPRINT-005,BC-006,EPIC-047,STORY-0286,ISSUE-0396,TASK-0286,Geoprocessamento,ADR-003/ADR-004/ADR-005/ADR-006/ADR-007/ADR-008/ADR-041/ADR-042/ADR-043,,PASS
SPRINT-005,BC-006,EPIC-047,STORY-0287,ISSUE-0397,TASK-0287,QA,ADR-003/ADR-004/ADR-006/ADR-007/ADR-008,,PASS
SPRINT-005,BC-006,EPIC-047,STORY-0288,ISSUE-0398,TASK-0288,Reviewer,ADR-003/ADR-004/ADR-006/ADR-007/ADR-008,,PASS
SPRINT-005,BC-006,EPIC-048,STORY-0289,ISSUE-0399,TASK-0289,Arquiteto,ADR-003/ADR-004/ADR-006/ADR-007/ADR-008/ADR-010/ADR-011,,PASS
SPRINT-005,BC-006,EPIC-048,STORY-0290,ISSUE-0400,TASK-0290,Geoprocessamento,ADR-003/ADR-004/ADR-005/ADR-006/ADR-007/ADR-008/ADR-040/ADR-041/ADR-042/ADR-043,REQ-MTD-001,PASS
SPRINT-005,BC-006,EPIC-048,STORY-0291,ISSUE-0401,TASK-0291,Geoprocessamento,ADR-003/ADR-004/ADR-005/ADR-006/ADR-007/ADR-008/ADR-041/ADR-042/ADR-043,,PASS
SPRINT-005,BC-006,EPIC-048,STORY-0292,ISSUE-0402,TASK-0292,Geoprocessamento,ADR-003/ADR-004/ADR-005/ADR-006/ADR-007/ADR-008/ADR-041/ADR-042/ADR-043,,PASS
SPRINT-005,BC-006,EPIC-048,STORY-0293,ISSUE-0403,TASK-0293,Geoprocessamento,ADR-003/ADR-004/ADR-005/ADR-006/ADR-007/ADR-008/ADR-041/ADR-042/ADR-043,,PASS
SPRINT-005,BC-006,EPIC-048,STORY-0294,ISSUE-0404,TASK-0294,QA,ADR-003/ADR-004/ADR-006/ADR-007/ADR-008,,PASS
SPRINT-005,BC-006,EPIC-048,STORY-0295,ISSUE-0405,TASK-0295,Reviewer,ADR-003/ADR-004/ADR-006/ADR-007/ADR-008,,PASS
SPRINT-010,BC-013,EPIC-049,STORY-0296,ISSUE-0406,TASK-0296,Arquiteto,ADR-003/ADR-004/ADR-006/ADR-007/ADR-008/ADR-010/ADR-011/ADR-012/ADR-025/ADR-038,REQ-EPIC-017/REQ-PROV-001/REQ-RET-001,PASS
SPRINT-010,BC-013,EPIC-049,STORY-0297,ISSUE-0407,TASK-0297,Backend,ADR-003/ADR-004/ADR-005/ADR-006/ADR-007/ADR-008/ADR-009/ADR-016/ADR-018/ADR-047/ADR-053,REQ-BKP-001/REQ-CAC-001/REQ-RMQ-002/REQ-SDR-004/REQ-SRG-004,PASS
SPRINT-010,BC-013,EPIC-049,STORY-0298,ISSUE-0408,TASK-0298,Backend,ADR-003/ADR-004/ADR-005/ADR-006/ADR-007/ADR-008/ADR-016,,PASS
SPRINT-010,BC-013,EPIC-049,STORY-0299,ISSUE-0409,TASK-0299,Backend,ADR-002/ADR-003/ADR-004/ADR-005/ADR-006/ADR-007/ADR-008/ADR-016/ADR-048,REQ-EPIC-070/REQ-REV-003,PASS
SPRINT-010,BC-013,EPIC-049,STORY-0300,ISSUE-0410,TASK-0300,Security,ADR-003/ADR-004/ADR-005/ADR-006/ADR-007/ADR-008/ADR-030/ADR-031/ADR-032/ADR-052,REQ-AI-009,PASS
SPRINT-010,BC-013,EPIC-049,STORY-0301,ISSUE-0411,TASK-0301,Reviewer,ADR-003/ADR-004/ADR-006/ADR-007/ADR-008,,PASS
SPRINT-006,BC-009,EPIC-050,STORY-0302,ISSUE-0412,TASK-0302,Arquiteto,ADR-003/ADR-004/ADR-006/ADR-007/ADR-008/ADR-010/ADR-011/ADR-038/ADR-051/ADR-052/ADR-053,REQ-AI-005/REQ-AIE-001/REQ-AIE-005/REQ-SDR-002,PASS
SPRINT-006,BC-009,EPIC-050,STORY-0303,ISSUE-0413,TASK-0303,Geoprocessamento,ADR-003/ADR-004/ADR-005/ADR-006/ADR-007/ADR-008/ADR-041/ADR-042/ADR-043,,PASS
SPRINT-006,BC-009,EPIC-050,STORY-0304,ISSUE-0414,TASK-0304,Geoprocessamento,ADR-003/ADR-004/ADR-005/ADR-006/ADR-007/ADR-008/ADR-041/ADR-042/ADR-043,,PASS
SPRINT-006,BC-009,EPIC-050,STORY-0305,ISSUE-0415,TASK-0305,Geoprocessamento,ADR-003/ADR-004/ADR-005/ADR-006/ADR-007/ADR-008/ADR-041/ADR-042/ADR-043,,PASS
SPRINT-006,BC-009,EPIC-050,STORY-0306,ISSUE-0416,TASK-0306,Geoprocessamento,ADR-003/ADR-004/ADR-005/ADR-006/ADR-007/ADR-008/ADR-041/ADR-042/ADR-043,,PASS
SPRINT-006,BC-009,EPIC-050,STORY-0307,ISSUE-0417,TASK-0307,QA,ADR-003/ADR-004/ADR-006/ADR-007/ADR-008/ADR-009/ADR-017/ADR-046/ADR-053/ADR-055,REQ-AI-001/REQ-AIE-003/REQ-AIE-007/REQ-MCH-001/REQ-SDR-003,PASS
SPRINT-006,BC-009,EPIC-050,STORY-0308,ISSUE-0418,TASK-0308,Reviewer,ADR-003/ADR-004/ADR-006/ADR-007/ADR-008,,PASS
SPRINT-006,BC-006,EPIC-051,STORY-0309,ISSUE-0419,TASK-0309,Arquiteto,ADR-003/ADR-004/ADR-006/ADR-007/ADR-008/ADR-010/ADR-011,,PASS
SPRINT-006,BC-006,EPIC-051,STORY-0310,ISSUE-0420,TASK-0310,Geoprocessamento,ADR-003/ADR-004/ADR-005/ADR-006/ADR-007/ADR-008/ADR-041/ADR-042/ADR-043/ADR-045,REQ-EST-001,PASS
SPRINT-006,BC-006,EPIC-051,STORY-0311,ISSUE-0421,TASK-0311,Geoprocessamento,ADR-003/ADR-004/ADR-005/ADR-006/ADR-007/ADR-008/ADR-041/ADR-042/ADR-043,,PASS
SPRINT-006,BC-006,EPIC-051,STORY-0312,ISSUE-0422,TASK-0312,Geoprocessamento,ADR-003/ADR-004/ADR-005/ADR-006/ADR-007/ADR-008/ADR-041/ADR-042/ADR-043,,PASS
SPRINT-006,BC-006,EPIC-051,STORY-0313,ISSUE-0423,TASK-0313,Geoprocessamento,ADR-003/ADR-004/ADR-005/ADR-006/ADR-007/ADR-008/ADR-041/ADR-042/ADR-043,,PASS
SPRINT-006,BC-006,EPIC-051,STORY-0314,ISSUE-0424,TASK-0314,QA,ADR-003/ADR-004/ADR-006/ADR-007/ADR-008,,PASS
SPRINT-006,BC-006,EPIC-051,STORY-0315,ISSUE-0425,TASK-0315,Reviewer,ADR-003/ADR-004/ADR-006/ADR-007/ADR-008,,PASS
SPRINT-006,BC-006,EPIC-052,STORY-0316,ISSUE-0426,TASK-0316,Arquiteto,ADR-003/ADR-004/ADR-006/ADR-007/ADR-008/ADR-010/ADR-011,,PASS
SPRINT-006,BC-006,EPIC-052,STORY-0317,ISSUE-0427,TASK-0317,Geoprocessamento,ADR-003/ADR-004/ADR-005/ADR-006/ADR-007/ADR-008/ADR-041/ADR-042/ADR-043,,PASS
SPRINT-006,BC-006,EPIC-052,STORY-0318,ISSUE-0428,TASK-0318,Geoprocessamento,ADR-003/ADR-004/ADR-005/ADR-006/ADR-007/ADR-008/ADR-041/ADR-042/ADR-043,,PASS
SPRINT-006,BC-006,EPIC-052,STORY-0319,ISSUE-0429,TASK-0319,Geoprocessamento,ADR-003/ADR-004/ADR-005/ADR-006/ADR-007/ADR-008/ADR-041/ADR-042/ADR-043,,PASS
SPRINT-006,BC-006,EPIC-052,STORY-0320,ISSUE-0430,TASK-0320,Geoprocessamento,ADR-003/ADR-004/ADR-005/ADR-006/ADR-007/ADR-008/ADR-041/ADR-042/ADR-043,,PASS
SPRINT-006,BC-006,EPIC-052,STORY-0321,ISSUE-0431,TASK-0321,QA,ADR-003/ADR-004/ADR-006/ADR-007/ADR-008/ADR-048,REQ-GCP-001,PASS
SPRINT-006,BC-006,EPIC-052,STORY-0322,ISSUE-0432,TASK-0322,Reviewer,ADR-003/ADR-004/ADR-006/ADR-007/ADR-008,,PASS
SPRINT-006,BC-005,EPIC-053,STORY-0323,ISSUE-0433,TASK-0323,Arquiteto,ADR-003/ADR-004/ADR-006/ADR-007/ADR-008/ADR-010/ADR-011,,PASS
SPRINT-006,BC-005,EPIC-053,STORY-0324,ISSUE-0434,TASK-0324,Geoprocessamento,ADR-003/ADR-004/ADR-005/ADR-006/ADR-007/ADR-008/ADR-040/ADR-041/ADR-042/ADR-043,REQ-REF-001,PASS
SPRINT-006,BC-005,EPIC-053,STORY-0325,ISSUE-0435,TASK-0325,Geoprocessamento,ADR-003/ADR-004/ADR-005/ADR-006/ADR-007/ADR-008/ADR-041/ADR-042/ADR-043,,PASS
SPRINT-006,BC-005,EPIC-053,STORY-0326,ISSUE-0436,TASK-0326,Geoprocessamento,ADR-003/ADR-004/ADR-005/ADR-006/ADR-007/ADR-008/ADR-041/ADR-042/ADR-043,,PASS
SPRINT-006,BC-005,EPIC-053,STORY-0327,ISSUE-0437,TASK-0327,Geoprocessamento,ADR-003/ADR-004/ADR-005/ADR-006/ADR-007/ADR-008/ADR-041/ADR-042/ADR-043,,PASS
SPRINT-006,BC-005,EPIC-053,STORY-0328,ISSUE-0438,TASK-0328,QA,ADR-003/ADR-004/ADR-006/ADR-007/ADR-008,,PASS
SPRINT-006,BC-005,EPIC-053,STORY-0329,ISSUE-0439,TASK-0329,Reviewer,ADR-003/ADR-004/ADR-006/ADR-007/ADR-008,,PASS
SPRINT-006,BC-005,EPIC-054,STORY-0330,ISSUE-0440,TASK-0330,Arquiteto,ADR-003/ADR-004/ADR-006/ADR-007/ADR-008/ADR-010/ADR-011/ADR-047,REQ-DIS-001,PASS
SPRINT-006,BC-005,EPIC-054,STORY-0331,ISSUE-0441,TASK-0331,Geoprocessamento,ADR-003/ADR-004/ADR-005/ADR-006/ADR-007/ADR-008/ADR-041/ADR-042/ADR-043,,PASS
SPRINT-006,BC-005,EPIC-054,STORY-0332,ISSUE-0442,TASK-0332,Geoprocessamento,ADR-003/ADR-004/ADR-005/ADR-006/ADR-007/ADR-008/ADR-041/ADR-042/ADR-043,,PASS
SPRINT-006,BC-005,EPIC-054,STORY-0333,ISSUE-0443,TASK-0333,Geoprocessamento,ADR-003/ADR-004/ADR-005/ADR-006/ADR-007/ADR-008/ADR-041/ADR-042/ADR-043,,PASS
SPRINT-006,BC-005,EPIC-054,STORY-0334,ISSUE-0444,TASK-0334,Geoprocessamento,ADR-003/ADR-004/ADR-005/ADR-006/ADR-007/ADR-008/ADR-041/ADR-042/ADR-043,,PASS
SPRINT-006,BC-005,EPIC-054,STORY-0335,ISSUE-0445,TASK-0335,QA,ADR-003/ADR-004/ADR-006/ADR-007/ADR-008,,PASS
SPRINT-006,BC-005,EPIC-054,STORY-0336,ISSUE-0446,TASK-0336,Reviewer,ADR-003/ADR-004/ADR-006/ADR-007/ADR-008,,PASS
SPRINT-006,BC-005,EPIC-055,STORY-0337,ISSUE-0447,TASK-0337,Arquiteto,ADR-003/ADR-004/ADR-006/ADR-007/ADR-008/ADR-010/ADR-011,,PASS
SPRINT-006,BC-005,EPIC-055,STORY-0338,ISSUE-0448,TASK-0338,Geoprocessamento,ADR-003/ADR-004/ADR-005/ADR-006/ADR-007/ADR-008/ADR-040/ADR-041/ADR-042/ADR-043/ADR-047,REQ-DIS-002/REQ-MOS-002,PASS
SPRINT-006,BC-005,EPIC-055,STORY-0339,ISSUE-0449,TASK-0339,Geoprocessamento,ADR-003/ADR-004/ADR-005/ADR-006/ADR-007/ADR-008/ADR-041/ADR-042/ADR-043,,PASS
SPRINT-006,BC-005,EPIC-055,STORY-0340,ISSUE-0450,TASK-0340,Geoprocessamento,ADR-003/ADR-004/ADR-005/ADR-006/ADR-007/ADR-008/ADR-041/ADR-042/ADR-043,,PASS
SPRINT-006,BC-005,EPIC-055,STORY-0341,ISSUE-0451,TASK-0341,Geoprocessamento,ADR-003/ADR-004/ADR-005/ADR-006/ADR-007/ADR-008/ADR-041/ADR-042/ADR-043,,PASS
SPRINT-006,BC-005,EPIC-055,STORY-0342,ISSUE-0452,TASK-0342,QA,ADR-003/ADR-004/ADR-006/ADR-007/ADR-008,,PASS
SPRINT-006,BC-005,EPIC-055,STORY-0343,ISSUE-0453,TASK-0343,Reviewer,ADR-003/ADR-004/ADR-006/ADR-007/ADR-008,,PASS
SPRINT-006,BC-005,EPIC-056,STORY-0344,ISSUE-0454,TASK-0344,Arquiteto,ADR-003/ADR-004/ADR-006/ADR-007/ADR-008/ADR-010/ADR-011,,PASS
SPRINT-006,BC-005,EPIC-056,STORY-0345,ISSUE-0455,TASK-0345,Geoprocessamento,ADR-003/ADR-004/ADR-005/ADR-006/ADR-007/ADR-008/ADR-041/ADR-042/ADR-043/ADR-050,REQ-RMV-003,PASS
SPRINT-006,BC-005,EPIC-056,STORY-0346,ISSUE-0456,TASK-0346,Geoprocessamento,ADR-003/ADR-004/ADR-005/ADR-006/ADR-007/ADR-008/ADR-041/ADR-042/ADR-043,,PASS
SPRINT-006,BC-005,EPIC-056,STORY-0347,ISSUE-0457,TASK-0347,Geoprocessamento,ADR-003/ADR-004/ADR-005/ADR-006/ADR-007/ADR-008/ADR-041/ADR-042/ADR-043,,PASS
SPRINT-006,BC-005,EPIC-056,STORY-0348,ISSUE-0458,TASK-0348,Geoprocessamento,ADR-003/ADR-004/ADR-005/ADR-006/ADR-007/ADR-008/ADR-041/ADR-042/ADR-043,,PASS
SPRINT-006,BC-005,EPIC-056,STORY-0349,ISSUE-0459,TASK-0349,QA,ADR-003/ADR-004/ADR-006/ADR-007/ADR-008/ADR-040,REQ-REF-002,PASS
SPRINT-006,BC-005,EPIC-056,STORY-0350,ISSUE-0460,TASK-0350,Reviewer,ADR-003/ADR-004/ADR-006/ADR-007/ADR-008,,PASS
SPRINT-006,BC-012,EPIC-057,STORY-0351,ISSUE-0461,TASK-0351,Arquiteto,ADR-003/ADR-004/ADR-006/ADR-007/ADR-008/ADR-010/ADR-011,,PASS
SPRINT-006,BC-012,EPIC-057,STORY-0352,ISSUE-0462,TASK-0352,Geoprocessamento,ADR-003/ADR-004/ADR-005/ADR-006/ADR-007/ADR-008/ADR-039/ADR-041/ADR-042/ADR-043,REQ-BAT-001,PASS
SPRINT-006,BC-012,EPIC-057,STORY-0353,ISSUE-0463,TASK-0353,Geoprocessamento,ADR-003/ADR-004/ADR-005/ADR-006/ADR-007/ADR-008/ADR-041/ADR-042/ADR-043,,PASS
SPRINT-006,BC-012,EPIC-057,STORY-0354,ISSUE-0464,TASK-0354,Geoprocessamento,ADR-003/ADR-004/ADR-005/ADR-006/ADR-007/ADR-008/ADR-041/ADR-042/ADR-043,,PASS
SPRINT-006,BC-012,EPIC-057,STORY-0355,ISSUE-0465,TASK-0355,Geoprocessamento,ADR-003/ADR-004/ADR-005/ADR-006/ADR-007/ADR-008/ADR-041/ADR-042/ADR-043,,PASS
SPRINT-006,BC-012,EPIC-057,STORY-0356,ISSUE-0466,TASK-0356,QA,ADR-003/ADR-004/ADR-006/ADR-007/ADR-008,,PASS
SPRINT-006,BC-012,EPIC-057,STORY-0357,ISSUE-0467,TASK-0357,Reviewer,ADR-003/ADR-004/ADR-006/ADR-007/ADR-008,,PASS
SPRINT-006,BC-005,EPIC-058,STORY-0358,ISSUE-0468,TASK-0358,Arquiteto,ADR-003/ADR-004/ADR-006/ADR-007/ADR-008/ADR-010/ADR-011/ADR-012/ADR-034/ADR-041/ADR-047,REQ-CRS-005/REQ-CRS-007/REQ-PUB-003/REQ-SRC-003,PASS
SPRINT-006,BC-005,EPIC-058,STORY-0359,ISSUE-0469,TASK-0359,Geoprocessamento,ADR-003/ADR-004/ADR-005/ADR-006/ADR-007/ADR-008/ADR-010/ADR-011/ADR-041/ADR-042/ADR-043/ADR-052,REQ-OFF-001,PASS
SPRINT-006,BC-005,EPIC-058,STORY-0360,ISSUE-0470,TASK-0360,Geoprocessamento,ADR-003/ADR-004/ADR-005/ADR-006/ADR-007/ADR-008/ADR-010/ADR-011/ADR-041/ADR-042/ADR-043/ADR-049,REQ-ANC-001,PASS
SPRINT-006,BC-005,EPIC-058,STORY-0361,ISSUE-0471,TASK-0361,Geoprocessamento,ADR-003/ADR-004/ADR-005/ADR-006/ADR-007/ADR-008/ADR-010/ADR-011/ADR-041/ADR-042/ADR-043,,PASS
SPRINT-006,BC-005,EPIC-058,STORY-0362,ISSUE-0472,TASK-0362,Geoprocessamento,ADR-003/ADR-004/ADR-005/ADR-006/ADR-007/ADR-008/ADR-010/ADR-011/ADR-041/ADR-042/ADR-043,,PASS
SPRINT-006,BC-005,EPIC-058,STORY-0363,ISSUE-0473,TASK-0363,QA,ADR-003/ADR-004/ADR-006/ADR-007/ADR-008/ADR-010/ADR-011,,PASS
SPRINT-006,BC-005,EPIC-058,STORY-0364,ISSUE-0474,TASK-0364,Reviewer,ADR-003/ADR-004/ADR-006/ADR-007/ADR-008/ADR-010/ADR-011,,PASS
SPRINT-006,BC-005,EPIC-059,STORY-0365,ISSUE-0475,TASK-0365,Arquiteto,ADR-003/ADR-004/ADR-006/ADR-007/ADR-008/ADR-010/ADR-011,,PASS
SPRINT-006,BC-005,EPIC-059,STORY-0366,ISSUE-0476,TASK-0366,Geoprocessamento,ADR-003/ADR-004/ADR-005/ADR-006/ADR-007/ADR-008/ADR-041/ADR-042/ADR-043/ADR-047,REQ-SRC-004,PASS
SPRINT-006,BC-005,EPIC-059,STORY-0367,ISSUE-0477,TASK-0367,Geoprocessamento,ADR-003/ADR-004/ADR-005/ADR-006/ADR-007/ADR-008/ADR-041/ADR-042/ADR-043,,PASS
SPRINT-006,BC-005,EPIC-059,STORY-0368,ISSUE-0478,TASK-0368,Geoprocessamento,ADR-003/ADR-004/ADR-005/ADR-006/ADR-007/ADR-008/ADR-041/ADR-042/ADR-043,,PASS
SPRINT-006,BC-005,EPIC-059,STORY-0369,ISSUE-0479,TASK-0369,Geoprocessamento,ADR-003/ADR-004/ADR-005/ADR-006/ADR-007/ADR-008/ADR-041/ADR-042/ADR-043,,PASS
SPRINT-006,BC-005,EPIC-059,STORY-0370,ISSUE-0480,TASK-0370,QA,ADR-003/ADR-004/ADR-006/ADR-007/ADR-008,,PASS
SPRINT-006,BC-005,EPIC-059,STORY-0371,ISSUE-0481,TASK-0371,Reviewer,ADR-003/ADR-004/ADR-006/ADR-007/ADR-008,,PASS
SPRINT-006,BC-005,EPIC-060,STORY-0372,ISSUE-0482,TASK-0372,Arquiteto,ADR-003/ADR-004/ADR-006/ADR-007/ADR-008/ADR-010/ADR-011/ADR-012/ADR-047,REQ-PUB-003/REQ-SRC-005,PASS
SPRINT-006,BC-005,EPIC-060,STORY-0373,ISSUE-0483,TASK-0373,Geoprocessamento,ADR-003/ADR-004/ADR-005/ADR-006/ADR-007/ADR-008/ADR-041/ADR-042/ADR-043,,PASS
SPRINT-006,BC-005,EPIC-060,STORY-0374,ISSUE-0484,TASK-0374,Geoprocessamento,ADR-003/ADR-004/ADR-005/ADR-006/ADR-007/ADR-008/ADR-041/ADR-042/ADR-043,,PASS
SPRINT-006,BC-005,EPIC-060,STORY-0375,ISSUE-0485,TASK-0375,Geoprocessamento,ADR-003/ADR-004/ADR-005/ADR-006/ADR-007/ADR-008/ADR-041/ADR-042/ADR-043,,PASS
SPRINT-006,BC-005,EPIC-060,STORY-0376,ISSUE-0486,TASK-0376,Geoprocessamento,ADR-003/ADR-004/ADR-005/ADR-006/ADR-007/ADR-008/ADR-041/ADR-042/ADR-043,,PASS
SPRINT-006,BC-005,EPIC-060,STORY-0377,ISSUE-0487,TASK-0377,QA,ADR-003/ADR-004/ADR-006/ADR-007/ADR-008,,PASS
SPRINT-006,BC-005,EPIC-060,STORY-0378,ISSUE-0488,TASK-0378,Reviewer,ADR-003/ADR-004/ADR-006/ADR-007/ADR-008,,PASS
SPRINT-010,BC-013,EPIC-061,STORY-0379,ISSUE-0489,TASK-0379,Arquiteto,ADR-003/ADR-004/ADR-006/ADR-007/ADR-008/ADR-010/ADR-011/ADR-012,REQ-PUB-003,PASS
SPRINT-010,BC-013,EPIC-061,STORY-0380,ISSUE-0490,TASK-0380,Backend,ADR-003/ADR-004/ADR-005/ADR-006/ADR-007/ADR-008/ADR-016/ADR-047,REQ-CAC-001,PASS
SPRINT-010,BC-013,EPIC-061,STORY-0381,ISSUE-0491,TASK-0381,Backend,ADR-003/ADR-004/ADR-005/ADR-006/ADR-007/ADR-008/ADR-016,,PASS
SPRINT-010,BC-013,EPIC-061,STORY-0382,ISSUE-0492,TASK-0382,Backend,ADR-003/ADR-004/ADR-005/ADR-006/ADR-007/ADR-008/ADR-016,,PASS
SPRINT-010,BC-013,EPIC-061,STORY-0383,ISSUE-0493,TASK-0383,Security,ADR-003/ADR-004/ADR-005/ADR-006/ADR-007/ADR-008/ADR-030/ADR-031/ADR-032,,PASS
SPRINT-010,BC-013,EPIC-061,STORY-0384,ISSUE-0494,TASK-0384,Reviewer,ADR-003/ADR-004/ADR-006/ADR-007/ADR-008,,PASS
SPRINT-009,BC-011,EPIC-062,STORY-0385,ISSUE-0495,TASK-0385,Product Owner,ADR-002/ADR-003/ADR-004/ADR-006/ADR-007/ADR-008,REQ-EPIC-062,PASS
SPRINT-009,BC-011,EPIC-062,STORY-0386,ISSUE-0496,TASK-0386,Arquiteto,ADR-003/ADR-004/ADR-006/ADR-007/ADR-008/ADR-010/ADR-011/ADR-048,REQ-REV-003,PASS
SPRINT-009,BC-011,EPIC-062,STORY-0387,ISSUE-0497,TASK-0387,Frontend,ADR-003/ADR-004/ADR-005/ADR-006/ADR-007/ADR-008/ADR-014,,PASS
SPRINT-009,BC-011,EPIC-062,STORY-0388,ISSUE-0498,TASK-0388,Backend,ADR-003/ADR-004/ADR-005/ADR-006/ADR-007/ADR-008/ADR-016/ADR-048,REQ-REV-004,PASS
SPRINT-009,BC-011,EPIC-062,STORY-0389,ISSUE-0499,TASK-0389,QA,ADR-003/ADR-004/ADR-006/ADR-007/ADR-008,,PASS
SPRINT-009,BC-011,EPIC-062,STORY-0390,ISSUE-0500,TASK-0390,Reviewer,ADR-003/ADR-004/ADR-006/ADR-007/ADR-008,,PASS
SPRINT-006,BC-011,EPIC-063,STORY-0391,ISSUE-0501,TASK-0391,Arquiteto,ADR-003/ADR-004/ADR-006/ADR-007/ADR-008/ADR-010/ADR-011/ADR-041/ADR-048,REQ-CRS-001/REQ-GCP-002,PASS
SPRINT-006,BC-011,EPIC-063,STORY-0392,ISSUE-0502,TASK-0392,Geoprocessamento,ADR-003/ADR-004/ADR-005/ADR-006/ADR-007/ADR-008/ADR-041/ADR-042/ADR-043,,PASS
SPRINT-006,BC-011,EPIC-063,STORY-0393,ISSUE-0503,TASK-0393,Geoprocessamento,ADR-003/ADR-004/ADR-005/ADR-006/ADR-007/ADR-008/ADR-041/ADR-042/ADR-043,,PASS
SPRINT-006,BC-011,EPIC-063,STORY-0394,ISSUE-0504,TASK-0394,Geoprocessamento,ADR-003/ADR-004/ADR-005/ADR-006/ADR-007/ADR-008/ADR-041/ADR-042/ADR-043,,PASS
SPRINT-006,BC-011,EPIC-063,STORY-0395,ISSUE-0505,TASK-0395,Geoprocessamento,ADR-003/ADR-004/ADR-005/ADR-006/ADR-007/ADR-008/ADR-041/ADR-042/ADR-043,,PASS
SPRINT-006,BC-011,EPIC-063,STORY-0396,ISSUE-0506,TASK-0396,QA,ADR-003/ADR-004/ADR-006/ADR-007/ADR-008,,PASS
SPRINT-006,BC-011,EPIC-063,STORY-0397,ISSUE-0507,TASK-0397,Reviewer,ADR-003/ADR-004/ADR-006/ADR-007/ADR-008,,PASS
SPRINT-009,BC-011,EPIC-064,STORY-0398,ISSUE-0508,TASK-0398,Product Owner,ADR-003/ADR-004/ADR-006/ADR-007/ADR-008,,PASS
SPRINT-009,BC-011,EPIC-064,STORY-0399,ISSUE-0509,TASK-0399,Frontend,ADR-003/ADR-004/ADR-005/ADR-006/ADR-007/ADR-008/ADR-010/ADR-011/ADR-014/ADR-048,REQ-REV-004,PASS
SPRINT-009,BC-011,EPIC-064,STORY-0400,ISSUE-0510,TASK-0400,Frontend,ADR-003/ADR-004/ADR-005/ADR-006/ADR-007/ADR-008/ADR-010/ADR-011/ADR-014,,PASS
SPRINT-009,BC-011,EPIC-064,STORY-0401,ISSUE-0511,TASK-0401,Frontend,ADR-003/ADR-004/ADR-005/ADR-006/ADR-007/ADR-008/ADR-010/ADR-011/ADR-014,,PASS
SPRINT-009,BC-011,EPIC-064,STORY-0402,ISSUE-0512,TASK-0402,QA,ADR-003/ADR-004/ADR-006/ADR-007/ADR-008,,PASS
SPRINT-009,BC-011,EPIC-064,STORY-0403,ISSUE-0513,TASK-0403,Reviewer,ADR-003/ADR-004/ADR-006/ADR-007/ADR-008,,PASS
SPRINT-004,BC-010,EPIC-065,STORY-0404,ISSUE-0514,TASK-0404,Arquiteto,ADR-003/ADR-004/ADR-006/ADR-007/ADR-008/ADR-010/ADR-011/ADR-038/ADR-046,REQ-BEX-003/REQ-BEX-005,PASS
SPRINT-004,BC-010,EPIC-065,STORY-0405,ISSUE-0515,TASK-0405,Backend,ADR-003/ADR-004/ADR-005/ADR-006/ADR-007/ADR-008/ADR-012/ADR-016/ADR-038/ADR-039,REQ-BEX-002/REQ-BEX-004/REQ-BEX-006/REQ-BEX-010,PASS
SPRINT-004,BC-010,EPIC-065,STORY-0406,ISSUE-0516,TASK-0406,Backend,ADR-003/ADR-004/ADR-005/ADR-006/ADR-007/ADR-008/ADR-016/ADR-037/ADR-038/ADR-040,REQ-BEX-007/REQ-BEX-008/REQ-BEX-009,PASS
SPRINT-004,BC-010,EPIC-065,STORY-0407,ISSUE-0517,TASK-0407,Backend,ADR-003/ADR-004/ADR-005/ADR-006/ADR-007/ADR-008/ADR-010/ADR-011/ADR-016/ADR-039,REQ-BEX-001,PASS
SPRINT-004,BC-010,EPIC-065,STORY-0408,ISSUE-0518,TASK-0408,DevOps,ADR-003/ADR-004/ADR-006/ADR-007/ADR-008/ADR-009/ADR-033/ADR-034,,PASS
SPRINT-004,BC-010,EPIC-065,STORY-0409,ISSUE-0519,TASK-0409,QA,ADR-003/ADR-004/ADR-006/ADR-007/ADR-008,,PASS
SPRINT-004,BC-010,EPIC-065,STORY-0410,ISSUE-0520,TASK-0410,Reviewer,ADR-003/ADR-004/ADR-006/ADR-007/ADR-008,,PASS
SPRINT-004,BC-010,EPIC-066,STORY-0411,ISSUE-0521,TASK-0411,Arquiteto,ADR-003/ADR-004/ADR-006/ADR-007/ADR-008/ADR-010/ADR-011/ADR-038/ADR-046/ADR-048,REQ-ANC-008/REQ-BEX-003/REQ-BEX-005,PASS
SPRINT-004,BC-010,EPIC-066,STORY-0412,ISSUE-0522,TASK-0412,Backend,ADR-003/ADR-004/ADR-005/ADR-006/ADR-007/ADR-008/ADR-012/ADR-016/ADR-038/ADR-039,REQ-BEX-002/REQ-BEX-004/REQ-BEX-006/REQ-BEX-010,PASS
SPRINT-004,BC-010,EPIC-066,STORY-0413,ISSUE-0523,TASK-0413,Backend,ADR-003/ADR-004/ADR-005/ADR-006/ADR-007/ADR-008/ADR-016/ADR-037/ADR-038/ADR-040,REQ-BEX-007/REQ-BEX-008/REQ-BEX-009,PASS
SPRINT-004,BC-010,EPIC-066,STORY-0414,ISSUE-0524,TASK-0414,Backend,ADR-003/ADR-004/ADR-005/ADR-006/ADR-007/ADR-008/ADR-010/ADR-011/ADR-016/ADR-039,REQ-BEX-001,PASS
SPRINT-004,BC-010,EPIC-066,STORY-0415,ISSUE-0525,TASK-0415,DevOps,ADR-003/ADR-004/ADR-006/ADR-007/ADR-008/ADR-009/ADR-033/ADR-034,,PASS
SPRINT-004,BC-010,EPIC-066,STORY-0416,ISSUE-0526,TASK-0416,QA,ADR-003/ADR-004/ADR-006/ADR-007/ADR-008,,PASS
SPRINT-004,BC-010,EPIC-066,STORY-0417,ISSUE-0527,TASK-0417,Reviewer,ADR-003/ADR-004/ADR-006/ADR-007/ADR-008,,PASS
SPRINT-004,BC-010,EPIC-067,STORY-0418,ISSUE-0528,TASK-0418,Arquiteto,ADR-003/ADR-004/ADR-006/ADR-007/ADR-008/ADR-010/ADR-011/ADR-038/ADR-046,REQ-BEX-003/REQ-BEX-005,PASS
SPRINT-004,BC-010,EPIC-067,STORY-0419,ISSUE-0529,TASK-0419,Backend,ADR-003/ADR-004/ADR-005/ADR-006/ADR-007/ADR-008/ADR-012/ADR-016/ADR-038/ADR-039,REQ-BEX-002/REQ-BEX-004/REQ-BEX-006/REQ-BEX-010,PASS
SPRINT-004,BC-010,EPIC-067,STORY-0420,ISSUE-0530,TASK-0420,Backend,ADR-003/ADR-004/ADR-005/ADR-006/ADR-007/ADR-008/ADR-016/ADR-037/ADR-038/ADR-040,REQ-BEX-007/REQ-BEX-008/REQ-BEX-009,PASS
SPRINT-004,BC-010,EPIC-067,STORY-0421,ISSUE-0531,TASK-0421,Backend,ADR-003/ADR-004/ADR-005/ADR-006/ADR-007/ADR-008/ADR-010/ADR-011/ADR-016/ADR-039,REQ-BEX-001,PASS
SPRINT-004,BC-010,EPIC-067,STORY-0422,ISSUE-0532,TASK-0422,DevOps,ADR-003/ADR-004/ADR-006/ADR-007/ADR-008/ADR-009/ADR-033/ADR-034,,PASS
SPRINT-004,BC-010,EPIC-067,STORY-0423,ISSUE-0533,TASK-0423,QA,ADR-003/ADR-004/ADR-006/ADR-007/ADR-008,,PASS
SPRINT-004,BC-010,EPIC-067,STORY-0424,ISSUE-0534,TASK-0424,Reviewer,ADR-003/ADR-004/ADR-006/ADR-007/ADR-008,,PASS
SPRINT-004,BC-010,EPIC-068,STORY-0425,ISSUE-0535,TASK-0425,Arquiteto,ADR-003/ADR-004/ADR-006/ADR-007/ADR-008/ADR-010/ADR-011/ADR-038/ADR-039/ADR-046,REQ-BEX-003/REQ-BEX-005/REQ-SCH-004,PASS
SPRINT-004,BC-010,EPIC-068,STORY-0426,ISSUE-0536,TASK-0426,Backend,ADR-003/ADR-004/ADR-005/ADR-006/ADR-007/ADR-008/ADR-012/ADR-016/ADR-038/ADR-039,REQ-BEX-002/REQ-BEX-004/REQ-BEX-006/REQ-BEX-010,PASS
SPRINT-004,BC-010,EPIC-068,STORY-0427,ISSUE-0537,TASK-0427,Backend,ADR-003/ADR-004/ADR-005/ADR-006/ADR-007/ADR-008/ADR-012/ADR-016/ADR-037/ADR-038/ADR-040,REQ-BEX-007/REQ-BEX-008/REQ-BEX-009/REQ-SCH-001/REQ-SCH-003,PASS
SPRINT-004,BC-010,EPIC-068,STORY-0428,ISSUE-0538,TASK-0428,Backend,ADR-003/ADR-004/ADR-005/ADR-006/ADR-007/ADR-008/ADR-010/ADR-011/ADR-016/ADR-039,REQ-BEX-001/REQ-SCH-002,PASS
SPRINT-004,BC-010,EPIC-068,STORY-0429,ISSUE-0539,TASK-0429,DevOps,ADR-003/ADR-004/ADR-006/ADR-007/ADR-008/ADR-009/ADR-033/ADR-034,,PASS
SPRINT-004,BC-010,EPIC-068,STORY-0430,ISSUE-0540,TASK-0430,QA,ADR-003/ADR-004/ADR-006/ADR-007/ADR-008,,PASS
SPRINT-004,BC-010,EPIC-068,STORY-0431,ISSUE-0541,TASK-0431,Reviewer,ADR-003/ADR-004/ADR-006/ADR-007/ADR-008,,PASS
SPRINT-004,BC-010,EPIC-069,STORY-0432,ISSUE-0542,TASK-0432,Arquiteto,ADR-003/ADR-004/ADR-006/ADR-007/ADR-008/ADR-010/ADR-011/ADR-038/ADR-046,REQ-BEX-003/REQ-BEX-005,PASS
SPRINT-004,BC-010,EPIC-069,STORY-0433,ISSUE-0543,TASK-0433,Backend,ADR-003/ADR-004/ADR-005/ADR-006/ADR-007/ADR-008/ADR-012/ADR-016/ADR-030/ADR-038/ADR-039,REQ-BEX-002/REQ-BEX-004/REQ-BEX-006/REQ-BEX-010/REQ-SMO-004,PASS
SPRINT-004,BC-010,EPIC-069,STORY-0434,ISSUE-0544,TASK-0434,Backend,ADR-003/ADR-004/ADR-005/ADR-006/ADR-007/ADR-008/ADR-012/ADR-016/ADR-037/ADR-038/ADR-039/ADR-040,REQ-BEX-007/REQ-BEX-008/REQ-BEX-009/REQ-SMO-001/REQ-SMO-002/REQ-SMO-003,PASS
SPRINT-004,BC-010,EPIC-069,STORY-0435,ISSUE-0545,TASK-0435,Backend,ADR-003/ADR-004/ADR-005/ADR-006/ADR-007/ADR-008/ADR-010/ADR-011/ADR-016/ADR-039,REQ-BEX-001,PASS
SPRINT-004,BC-010,EPIC-069,STORY-0436,ISSUE-0546,TASK-0436,DevOps,ADR-003/ADR-004/ADR-006/ADR-007/ADR-008/ADR-009/ADR-033/ADR-034,,PASS
SPRINT-004,BC-010,EPIC-069,STORY-0437,ISSUE-0547,TASK-0437,QA,ADR-003/ADR-004/ADR-006/ADR-007/ADR-008,,PASS
SPRINT-004,BC-010,EPIC-069,STORY-0438,ISSUE-0548,TASK-0438,Reviewer,ADR-003/ADR-004/ADR-006/ADR-007/ADR-008,,PASS
SPRINT-010,BC-012,EPIC-070,STORY-0439,ISSUE-0549,TASK-0439,Arquiteto,ADR-003/ADR-004/ADR-006/ADR-007/ADR-008/ADR-010/ADR-011,,PASS
SPRINT-010,BC-012,EPIC-070,STORY-0440,ISSUE-0550,TASK-0440,Backend,ADR-003/ADR-004/ADR-005/ADR-006/ADR-007/ADR-008/ADR-016,,PASS
SPRINT-010,BC-012,EPIC-070,STORY-0441,ISSUE-0551,TASK-0441,Backend,ADR-003/ADR-004/ADR-005/ADR-006/ADR-007/ADR-008/ADR-016,,PASS
SPRINT-010,BC-012,EPIC-070,STORY-0442,ISSUE-0552,TASK-0442,Frontend,ADR-003/ADR-004/ADR-005/ADR-006/ADR-007/ADR-008/ADR-010/ADR-011/ADR-014,,PASS
SPRINT-010,BC-012,EPIC-070,STORY-0443,ISSUE-0553,TASK-0443,QA,ADR-003/ADR-004/ADR-006/ADR-007/ADR-008,,PASS
SPRINT-010,BC-012,EPIC-070,STORY-0444,ISSUE-0554,TASK-0444,Reviewer,ADR-003/ADR-004/ADR-006/ADR-007/ADR-008,,PASS
SPRINT-011,BC-013,EPIC-071,STORY-0445,ISSUE-0555,TASK-0445,Arquiteto,ADR-003/ADR-004/ADR-006/ADR-007/ADR-008/ADR-010/ADR-011/ADR-035,REQ-SCM-004/REQ-UPG-001,PASS
SPRINT-011,BC-013,EPIC-071,STORY-0446,ISSUE-0556,TASK-0446,Backend,ADR-003/ADR-004/ADR-005/ADR-006/ADR-007/ADR-008/ADR-016/ADR-018,REQ-BKP-001,PASS
SPRINT-011,BC-013,EPIC-071,STORY-0447,ISSUE-0557,TASK-0447,Backend,ADR-003/ADR-004/ADR-005/ADR-006/ADR-007/ADR-008/ADR-016,,PASS
SPRINT-011,BC-013,EPIC-071,STORY-0448,ISSUE-0558,TASK-0448,Backend,ADR-003/ADR-004/ADR-005/ADR-006/ADR-007/ADR-008/ADR-016,,PASS
SPRINT-011,BC-013,EPIC-071,STORY-0449,ISSUE-0559,TASK-0449,Security,ADR-003/ADR-004/ADR-005/ADR-006/ADR-007/ADR-008/ADR-025/ADR-030/ADR-031/ADR-032,REQ-BKP-002,PASS
SPRINT-011,BC-013,EPIC-071,STORY-0450,ISSUE-0560,TASK-0450,Reviewer,ADR-003/ADR-004/ADR-006/ADR-007/ADR-008,,PASS
SPRINT-011,BC-014,EPIC-072,STORY-0451,ISSUE-0561,TASK-0451,DevOps,ADR-003/ADR-004/ADR-006/ADR-007/ADR-008/ADR-009/ADR-010/ADR-011/ADR-033/ADR-034/ADR-035,REQ-SCM-004/REQ-UPG-001/REQ-UPG-004,PASS
SPRINT-011,BC-014,EPIC-072,STORY-0452,ISSUE-0562,TASK-0452,DevOps,ADR-003/ADR-004/ADR-006/ADR-007/ADR-008/ADR-009/ADR-027/ADR-033/ADR-034,REQ-EPIC-039,PASS
SPRINT-011,BC-014,EPIC-072,STORY-0453,ISSUE-0563,TASK-0453,DevOps,ADR-003/ADR-004/ADR-006/ADR-007/ADR-008/ADR-009/ADR-025/ADR-033/ADR-034,REQ-BKP-002,PASS
SPRINT-011,BC-014,EPIC-072,STORY-0454,ISSUE-0564,TASK-0454,QA,ADR-003/ADR-004/ADR-006/ADR-007/ADR-008,,PASS
SPRINT-011,BC-014,EPIC-072,STORY-0455,ISSUE-0565,TASK-0455,Security,ADR-003/ADR-004/ADR-005/ADR-006/ADR-007/ADR-008/ADR-030/ADR-031/ADR-032,,PASS
SPRINT-011,BC-014,EPIC-072,STORY-0456,ISSUE-0566,TASK-0456,Reviewer,ADR-003/ADR-004/ADR-006/ADR-007/ADR-008,,PASS
SPRINT-011,BC-013,EPIC-073,STORY-0457,ISSUE-0567,TASK-0457,Arquiteto,ADR-003/ADR-004/ADR-006/ADR-007/ADR-008/ADR-010/ADR-011/ADR-012,REQ-RET-001,PASS
SPRINT-011,BC-013,EPIC-073,STORY-0458,ISSUE-0568,TASK-0458,Backend,ADR-003/ADR-004/ADR-005/ADR-006/ADR-007/ADR-008/ADR-016,REQ-GC-001,PASS
SPRINT-011,BC-013,EPIC-073,STORY-0459,ISSUE-0569,TASK-0459,Backend,ADR-003/ADR-004/ADR-005/ADR-006/ADR-007/ADR-008/ADR-016,,PASS
SPRINT-011,BC-013,EPIC-073,STORY-0460,ISSUE-0570,TASK-0460,Backend,ADR-003/ADR-004/ADR-005/ADR-006/ADR-007/ADR-008/ADR-016/ADR-053,REQ-SRP-004,PASS
SPRINT-011,BC-013,EPIC-073,STORY-0461,ISSUE-0571,TASK-0461,Security,ADR-003/ADR-004/ADR-005/ADR-006/ADR-007/ADR-008/ADR-030/ADR-031/ADR-032,,PASS
SPRINT-011,BC-013,EPIC-073,STORY-0462,ISSUE-0572,TASK-0462,Reviewer,ADR-003/ADR-004/ADR-006/ADR-007/ADR-008,,PASS
SPRINT-011,BC-013,EPIC-074,STORY-0463,ISSUE-0573,TASK-0463,Arquiteto,ADR-003/ADR-004/ADR-006/ADR-007/ADR-008/ADR-010/ADR-011,,PASS
SPRINT-011,BC-013,EPIC-074,STORY-0464,ISSUE-0574,TASK-0464,Backend,ADR-003/ADR-004/ADR-005/ADR-006/ADR-007/ADR-008/ADR-016,REQ-GC-001,PASS
SPRINT-011,BC-013,EPIC-074,STORY-0465,ISSUE-0575,TASK-0465,Backend,ADR-003/ADR-004/ADR-005/ADR-006/ADR-007/ADR-008/ADR-016,,PASS
SPRINT-011,BC-013,EPIC-074,STORY-0466,ISSUE-0576,TASK-0466,Backend,ADR-003/ADR-004/ADR-005/ADR-006/ADR-007/ADR-008/ADR-016,,PASS
SPRINT-011,BC-013,EPIC-074,STORY-0467,ISSUE-0577,TASK-0467,Security,ADR-003/ADR-004/ADR-005/ADR-006/ADR-007/ADR-008/ADR-030/ADR-031/ADR-032,,PASS
SPRINT-011,BC-013,EPIC-074,STORY-0468,ISSUE-0578,TASK-0468,Reviewer,ADR-003/ADR-004/ADR-006/ADR-007/ADR-008,,PASS
SPRINT-011,BC-014,EPIC-075,STORY-0469,ISSUE-0579,TASK-0469,DevOps,ADR-003/ADR-004/ADR-006/ADR-007/ADR-008/ADR-009/ADR-010/ADR-011/ADR-033/ADR-034/ADR-055,REQ-AUD-001,PASS
SPRINT-011,BC-014,EPIC-075,STORY-0470,ISSUE-0580,TASK-0470,DevOps,ADR-003/ADR-004/ADR-006/ADR-007/ADR-008/ADR-009/ADR-030/ADR-033/ADR-034/ADR-035/ADR-039,REQ-INS-004/REQ-RMQ-004/REQ-SMO-004/REQ-UPG-003,PASS
SPRINT-011,BC-014,EPIC-075,STORY-0471,ISSUE-0581,TASK-0471,DevOps,ADR-003/ADR-004/ADR-006/ADR-007/ADR-008/ADR-009/ADR-033/ADR-034,,PASS
SPRINT-011,BC-014,EPIC-075,STORY-0472,ISSUE-0582,TASK-0472,QA,ADR-003/ADR-004/ADR-006/ADR-007/ADR-008,,PASS
SPRINT-011,BC-014,EPIC-075,STORY-0473,ISSUE-0583,TASK-0473,Security,ADR-003/ADR-004/ADR-005/ADR-006/ADR-007/ADR-008/ADR-030/ADR-031/ADR-032,,PASS
SPRINT-011,BC-014,EPIC-075,STORY-0474,ISSUE-0584,TASK-0474,Reviewer,ADR-003/ADR-004/ADR-006/ADR-007/ADR-008,,PASS
SPRINT-011,BC-014,EPIC-076,STORY-0475,ISSUE-0585,TASK-0475,Security,ADR-003/ADR-004/ADR-005/ADR-006/ADR-007/ADR-008/ADR-030/ADR-031/ADR-032/ADR-034/ADR-055,REQ-INS-002/REQ-LOG-001/REQ-RUNTIME-009,PASS
SPRINT-011,BC-014,EPIC-076,STORY-0476,ISSUE-0586,TASK-0476,Arquiteto,ADR-003/ADR-004/ADR-006/ADR-007/ADR-008/ADR-010/ADR-011/ADR-053,REQ-SRP-004,PASS
SPRINT-011,BC-014,EPIC-076,STORY-0477,ISSUE-0587,TASK-0477,Backend,ADR-003/ADR-004/ADR-005/ADR-006/ADR-007/ADR-008/ADR-016,,PASS
SPRINT-011,BC-014,EPIC-076,STORY-0478,ISSUE-0588,TASK-0478,Security,ADR-003/ADR-004/ADR-005/ADR-006/ADR-007/ADR-008/ADR-030/ADR-031/ADR-032,,PASS
SPRINT-011,BC-014,EPIC-076,STORY-0479,ISSUE-0589,TASK-0479,DevOps,ADR-003/ADR-004/ADR-006/ADR-007/ADR-008/ADR-009/ADR-033/ADR-034,,PASS
SPRINT-011,BC-014,EPIC-076,STORY-0480,ISSUE-0590,TASK-0480,Reviewer,ADR-003/ADR-004/ADR-006/ADR-007/ADR-008,,PASS
SPRINT-011,BC-014,EPIC-077,STORY-0481,ISSUE-0591,TASK-0481,DevOps,ADR-003/ADR-004/ADR-006/ADR-007/ADR-008/ADR-009/ADR-010/ADR-011/ADR-033/ADR-034,,PASS
SPRINT-011,BC-014,EPIC-077,STORY-0482,ISSUE-0592,TASK-0482,DevOps,ADR-003/ADR-004/ADR-006/ADR-007/ADR-008/ADR-009/ADR-033/ADR-034/ADR-054,REQ-MET-001,PASS
SPRINT-011,BC-014,EPIC-077,STORY-0483,ISSUE-0593,TASK-0483,DevOps,ADR-003/ADR-004/ADR-006/ADR-007/ADR-008/ADR-009/ADR-033/ADR-034,,PASS
SPRINT-011,BC-014,EPIC-077,STORY-0484,ISSUE-0594,TASK-0484,QA,ADR-003/ADR-004/ADR-006/ADR-007/ADR-008,,PASS
SPRINT-011,BC-014,EPIC-077,STORY-0485,ISSUE-0595,TASK-0485,Security,ADR-003/ADR-004/ADR-005/ADR-006/ADR-007/ADR-008/ADR-030/ADR-031/ADR-032,,PASS
SPRINT-011,BC-014,EPIC-077,STORY-0486,ISSUE-0596,TASK-0486,Reviewer,ADR-003/ADR-004/ADR-006/ADR-007/ADR-008,,PASS
SPRINT-011,BC-014,EPIC-078,STORY-0487,ISSUE-0597,TASK-0487,Security,ADR-003/ADR-004/ADR-005/ADR-006/ADR-007/ADR-008/ADR-030/ADR-031/ADR-032,REQ-EPIC-076,PASS
SPRINT-011,BC-014,EPIC-078,STORY-0488,ISSUE-0598,TASK-0488,Arquiteto,ADR-003/ADR-004/ADR-006/ADR-007/ADR-008/ADR-010/ADR-011/ADR-023/ADR-024/ADR-040/ADR-045,REQ-ARTLAYOUT-005/REQ-ARTLAYOUT-006/REQ-ARTLAYOUT-007/REQ-RUNTIME-004,PASS
SPRINT-011,BC-014,EPIC-078,STORY-0489,ISSUE-0599,TASK-0489,Backend,ADR-003/ADR-004/ADR-005/ADR-006/ADR-007/ADR-008/ADR-016,,PASS
SPRINT-011,BC-014,EPIC-078,STORY-0490,ISSUE-0600,TASK-0490,Security,ADR-003/ADR-004/ADR-005/ADR-006/ADR-007/ADR-008/ADR-030/ADR-031/ADR-032,,PASS
SPRINT-011,BC-014,EPIC-078,STORY-0491,ISSUE-0601,TASK-0491,DevOps,ADR-003/ADR-004/ADR-006/ADR-007/ADR-008/ADR-009/ADR-033/ADR-034,,PASS
SPRINT-011,BC-014,EPIC-078,STORY-0492,ISSUE-0602,TASK-0492,Reviewer,ADR-003/ADR-004/ADR-006/ADR-007/ADR-008,,PASS
SPRINT-011,BC-014,EPIC-079,STORY-0493,ISSUE-0603,TASK-0493,DevOps,ADR-003/ADR-004/ADR-006/ADR-007/ADR-008/ADR-009/ADR-010/ADR-011/ADR-033/ADR-034,,PASS
SPRINT-011,BC-014,EPIC-079,STORY-0494,ISSUE-0604,TASK-0494,DevOps,ADR-003/ADR-004/ADR-006/ADR-007/ADR-008/ADR-009/ADR-033/ADR-034,,PASS
SPRINT-011,BC-014,EPIC-079,STORY-0495,ISSUE-0605,TASK-0495,DevOps,ADR-003/ADR-004/ADR-006/ADR-007/ADR-008/ADR-009/ADR-033/ADR-034,,PASS
SPRINT-011,BC-014,EPIC-079,STORY-0496,ISSUE-0606,TASK-0496,QA,ADR-003/ADR-004/ADR-006/ADR-007/ADR-008,,PASS
SPRINT-011,BC-014,EPIC-079,STORY-0497,ISSUE-0607,TASK-0497,Security,ADR-003/ADR-004/ADR-005/ADR-006/ADR-007/ADR-008/ADR-030/ADR-031/ADR-032,REQ-NET-001,PASS
SPRINT-011,BC-014,EPIC-079,STORY-0498,ISSUE-0608,TASK-0498,Reviewer,ADR-003/ADR-004/ADR-006/ADR-007/ADR-008,,PASS
SPRINT-011,BC-015,EPIC-080,STORY-0499,ISSUE-0609,TASK-0499,Security,ADR-003/ADR-004/ADR-005/ADR-006/ADR-007/ADR-008/ADR-030/ADR-031/ADR-032,,PASS
SPRINT-011,BC-015,EPIC-080,STORY-0500,ISSUE-0610,TASK-0500,Arquiteto,ADR-002/ADR-003/ADR-004/ADR-006/ADR-007/ADR-008/ADR-010/ADR-011/ADR-024/ADR-033/ADR-034/ADR-052,REQ-AI-006/REQ-AI-015/REQ-EPIC-042/REQ-INS-004/REQ-SUP-001,PASS
SPRINT-011,BC-015,EPIC-080,STORY-0501,ISSUE-0611,TASK-0501,Backend,ADR-003/ADR-004/ADR-005/ADR-006/ADR-007/ADR-008/ADR-016,,PASS
SPRINT-011,BC-015,EPIC-080,STORY-0502,ISSUE-0612,TASK-0502,Security,ADR-003/ADR-004/ADR-005/ADR-006/ADR-007/ADR-008/ADR-030/ADR-031/ADR-032,,PASS
SPRINT-011,BC-015,EPIC-080,STORY-0503,ISSUE-0613,TASK-0503,DevOps,ADR-003/ADR-004/ADR-006/ADR-007/ADR-008/ADR-009/ADR-033/ADR-034,,PASS
SPRINT-011,BC-015,EPIC-080,STORY-0504,ISSUE-0614,TASK-0504,Reviewer,ADR-003/ADR-004/ADR-006/ADR-007/ADR-008,,PASS
SPRINT-012,BC-015,EPIC-081,STORY-0505,ISSUE-0615,TASK-0505,Tech Lead,ADR-003/ADR-004/ADR-005/ADR-006/ADR-007/ADR-008/ADR-010/ADR-011/ADR-016/ADR-035,REQ-INS-001/REQ-UPG-001,PASS
SPRINT-012,BC-015,EPIC-081,STORY-0506,ISSUE-0616,TASK-0506,DevOps,ADR-003/ADR-004/ADR-006/ADR-007/ADR-008/ADR-009/ADR-033/ADR-034,,PASS
SPRINT-012,BC-015,EPIC-081,STORY-0507,ISSUE-0617,TASK-0507,DevOps,ADR-003/ADR-004/ADR-006/ADR-007/ADR-008/ADR-009/ADR-033/ADR-034,,PASS
SPRINT-012,BC-015,EPIC-081,STORY-0508,ISSUE-0618,TASK-0508,Security,ADR-003/ADR-004/ADR-005/ADR-006/ADR-007/ADR-008/ADR-030/ADR-031/ADR-032,,PASS
SPRINT-012,BC-015,EPIC-081,STORY-0509,ISSUE-0619,TASK-0509,QA,ADR-003/ADR-004/ADR-006/ADR-007/ADR-008,,PASS
SPRINT-012,BC-015,EPIC-081,STORY-0510,ISSUE-0620,TASK-0510,Reviewer,ADR-003/ADR-004/ADR-006/ADR-007/ADR-008,,PASS
SPRINT-002,BC-014,EPIC-082,STORY-0511,ISSUE-0621,TASK-0511,Arquiteto,ADR-003/ADR-004/ADR-006/ADR-007/ADR-008/ADR-010/ADR-011,,PASS
SPRINT-002,BC-014,EPIC-082,STORY-0512,ISSUE-0622,TASK-0512,Backend,ADR-003/ADR-004/ADR-005/ADR-006/ADR-007/ADR-008/ADR-016/ADR-037/ADR-053,REQ-HW-001/REQ-SCH-003/REQ-SDR-003,PASS
SPRINT-002,BC-014,EPIC-082,STORY-0513,ISSUE-0623,TASK-0513,Frontend,ADR-003/ADR-004/ADR-005/ADR-006/ADR-007/ADR-008/ADR-010/ADR-011/ADR-014,,PASS
SPRINT-002,BC-014,EPIC-082,STORY-0514,ISSUE-0624,TASK-0514,Security,ADR-003/ADR-004/ADR-005/ADR-006/ADR-007/ADR-008/ADR-030/ADR-031/ADR-032,,PASS
SPRINT-002,BC-014,EPIC-082,STORY-0515,ISSUE-0625,TASK-0515,Reviewer,ADR-003/ADR-004/ADR-006/ADR-007/ADR-008,,PASS
SPRINT-011,BC-014,EPIC-083,STORY-0516,ISSUE-0626,TASK-0516,DevOps,ADR-003/ADR-004/ADR-006/ADR-007/ADR-008/ADR-009/ADR-010/ADR-011/ADR-033/ADR-034,,PASS
SPRINT-011,BC-014,EPIC-083,STORY-0517,ISSUE-0627,TASK-0517,DevOps,ADR-003/ADR-004/ADR-006/ADR-007/ADR-008/ADR-009/ADR-033/ADR-034/ADR-052,REQ-OFF-001,PASS
SPRINT-011,BC-014,EPIC-083,STORY-0518,ISSUE-0628,TASK-0518,DevOps,ADR-003/ADR-004/ADR-006/ADR-007/ADR-008/ADR-009/ADR-033/ADR-034,,PASS
SPRINT-011,BC-014,EPIC-083,STORY-0519,ISSUE-0629,TASK-0519,QA,ADR-003/ADR-004/ADR-006/ADR-007/ADR-008,,PASS
SPRINT-011,BC-014,EPIC-083,STORY-0520,ISSUE-0630,TASK-0520,Security,ADR-003/ADR-004/ADR-005/ADR-006/ADR-007/ADR-008/ADR-030/ADR-031/ADR-032,,PASS
SPRINT-011,BC-014,EPIC-083,STORY-0521,ISSUE-0631,TASK-0521,Reviewer,ADR-003/ADR-004/ADR-006/ADR-007/ADR-008,,PASS
SPRINT-009,BC-016,EPIC-084,STORY-0522,ISSUE-0632,TASK-0522,Product Owner,ADR-003/ADR-004/ADR-006/ADR-007/ADR-008/ADR-009,REQ-AI-016,PASS
SPRINT-009,BC-016,EPIC-084,STORY-0523,ISSUE-0633,TASK-0523,Frontend,ADR-003/ADR-004/ADR-005/ADR-006/ADR-007/ADR-008/ADR-010/ADR-011/ADR-014,,PASS
SPRINT-009,BC-016,EPIC-084,STORY-0524,ISSUE-0634,TASK-0524,Frontend,ADR-003/ADR-004/ADR-005/ADR-006/ADR-007/ADR-008/ADR-010/ADR-011/ADR-014,,PASS
SPRINT-009,BC-016,EPIC-084,STORY-0525,ISSUE-0635,TASK-0525,Frontend,ADR-003/ADR-004/ADR-005/ADR-006/ADR-007/ADR-008/ADR-010/ADR-011/ADR-014,,PASS
SPRINT-009,BC-016,EPIC-084,STORY-0526,ISSUE-0636,TASK-0526,QA,ADR-003/ADR-004/ADR-006/ADR-007/ADR-008,,PASS
SPRINT-009,BC-016,EPIC-084,STORY-0527,ISSUE-0637,TASK-0527,Reviewer,ADR-003/ADR-004/ADR-006/ADR-007/ADR-008,,PASS
SPRINT-012,BC-015,EPIC-085,STORY-0528,ISSUE-0638,TASK-0528,Tech Lead,ADR-003/ADR-004/ADR-005/ADR-006/ADR-007/ADR-008/ADR-010/ADR-011/ADR-016,,PASS
SPRINT-012,BC-015,EPIC-085,STORY-0529,ISSUE-0639,TASK-0529,DevOps,ADR-003/ADR-004/ADR-006/ADR-007/ADR-008/ADR-009/ADR-033/ADR-034/ADR-037,REQ-EPIC-043,PASS
SPRINT-012,BC-015,EPIC-085,STORY-0530,ISSUE-0640,TASK-0530,DevOps,ADR-003/ADR-004/ADR-006/ADR-007/ADR-008/ADR-009/ADR-033/ADR-034,,PASS
SPRINT-012,BC-015,EPIC-085,STORY-0531,ISSUE-0641,TASK-0531,Security,ADR-003/ADR-004/ADR-005/ADR-006/ADR-007/ADR-008/ADR-030/ADR-031/ADR-032,,PASS
SPRINT-012,BC-015,EPIC-085,STORY-0532,ISSUE-0642,TASK-0532,QA,ADR-003/ADR-004/ADR-006/ADR-007/ADR-008,,PASS
SPRINT-012,BC-015,EPIC-085,STORY-0533,ISSUE-0643,TASK-0533,Reviewer,ADR-003/ADR-004/ADR-006/ADR-007/ADR-008,,PASS
SPRINT-001,BC-001,EPIC-086,STORY-0534,ISSUE-0644,TASK-0534,Arquiteto,ADR-002/ADR-003/ADR-006/ADR-007/ADR-008/ADR-010/ADR-011/ADR-014,REQ-EPIC-001/REQ-SPRINT-001-004,PASS
SPRINT-001,BC-001,EPIC-086,STORY-0535,ISSUE-0645,TASK-0535,Tech Lead,ADR-003/ADR-006/ADR-007/ADR-008/ADR-010/ADR-011/ADR-014,,PASS
SPRINT-001,BC-001,EPIC-086,STORY-0536,ISSUE-0646,TASK-0536,DevOps,ADR-003/ADR-006/ADR-007/ADR-008/ADR-009/ADR-010/ADR-011/ADR-014/ADR-033/ADR-034,,PASS
SPRINT-001,BC-001,EPIC-086,STORY-0537,ISSUE-0647,TASK-0537,Tech Lead,ADR-003/ADR-006/ADR-007/ADR-008/ADR-010/ADR-011/ADR-014,,PASS
SPRINT-001,BC-001,EPIC-086,STORY-0538,ISSUE-0648,TASK-0538,Reviewer,ADR-003/ADR-006/ADR-007/ADR-008/ADR-010/ADR-011/ADR-014,,PASS
SPRINT-012,BC-015,EPIC-087,STORY-0539,ISSUE-0649,TASK-0539,Tech Lead,ADR-003/ADR-004/ADR-005/ADR-006/ADR-007/ADR-008/ADR-010/ADR-011/ADR-016,,PASS
SPRINT-012,BC-015,EPIC-087,STORY-0540,ISSUE-0650,TASK-0540,DevOps,ADR-003/ADR-004/ADR-006/ADR-007/ADR-008/ADR-009/ADR-033/ADR-034/ADR-057,REQ-DEL-002,PASS
SPRINT-012,BC-015,EPIC-087,STORY-0541,ISSUE-0651,TASK-0541,DevOps,ADR-003/ADR-004/ADR-006/ADR-007/ADR-008/ADR-009/ADR-033/ADR-034,,PASS
SPRINT-012,BC-015,EPIC-087,STORY-0542,ISSUE-0652,TASK-0542,Security,ADR-003/ADR-004/ADR-005/ADR-006/ADR-007/ADR-008/ADR-030/ADR-031/ADR-032,,PASS
SPRINT-012,BC-015,EPIC-087,STORY-0543,ISSUE-0653,TASK-0543,QA,ADR-003/ADR-004/ADR-006/ADR-007/ADR-008,,PASS
SPRINT-012,BC-015,EPIC-087,STORY-0544,ISSUE-0654,TASK-0544,Reviewer,ADR-003/ADR-004/ADR-006/ADR-007/ADR-008,,PASS
SPRINT-011,BC-009,EPIC-088,STORY-0545,ISSUE-0655,TASK-0545,IA,ADR-003/ADR-004/ADR-005/ADR-006/ADR-007/ADR-008/ADR-051/ADR-052/ADR-053,,PASS
SPRINT-011,BC-009,EPIC-088,STORY-0546,ISSUE-0656,TASK-0546,IA,ADR-003/ADR-004/ADR-005/ADR-006/ADR-007/ADR-008/ADR-009/ADR-051/ADR-052/ADR-053,REQ-EPIC-088,PASS
SPRINT-011,BC-009,EPIC-088,STORY-0547,ISSUE-0657,TASK-0547,QA,ADR-003/ADR-004/ADR-006/ADR-007/ADR-008,,PASS
SPRINT-011,BC-009,EPIC-088,STORY-0548,ISSUE-0658,TASK-0548,Reviewer,ADR-003/ADR-004/ADR-006/ADR-007/ADR-008,,PASS
SPRINT-012,BC-015,EPIC-089,STORY-0549,ISSUE-0659,TASK-0549,Tech Lead,ADR-003/ADR-004/ADR-005/ADR-006/ADR-007/ADR-008/ADR-010/ADR-011/ADR-016,,PASS
SPRINT-012,BC-015,EPIC-089,STORY-0550,ISSUE-0660,TASK-0550,DevOps,ADR-003/ADR-004/ADR-006/ADR-007/ADR-008/ADR-009/ADR-033/ADR-034/ADR-037,REQ-EPIC-043/REQ-PUB-004,PASS
SPRINT-012,BC-015,EPIC-089,STORY-0551,ISSUE-0661,TASK-0551,DevOps,ADR-003/ADR-004/ADR-006/ADR-007/ADR-008/ADR-009/ADR-033/ADR-034,,PASS
SPRINT-012,BC-015,EPIC-089,STORY-0552,ISSUE-0662,TASK-0552,Security,ADR-003/ADR-004/ADR-005/ADR-006/ADR-007/ADR-008/ADR-030/ADR-031/ADR-032,,PASS
SPRINT-012,BC-015,EPIC-089,STORY-0553,ISSUE-0663,TASK-0553,QA,ADR-003/ADR-004/ADR-006/ADR-007/ADR-008,,PASS
SPRINT-012,BC-015,EPIC-089,STORY-0554,ISSUE-0664,TASK-0554,Reviewer,ADR-003/ADR-004/ADR-006/ADR-007/ADR-008,,PASS
SPRINT-001,BC-001,EPIC-090,STORY-0555,ISSUE-0665,TASK-0555,Arquiteto,ADR-003/ADR-006/ADR-007/ADR-008/ADR-010/ADR-011,,PASS
SPRINT-001,BC-001,EPIC-090,STORY-0556,ISSUE-0666,TASK-0556,Tech Lead,ADR-003/ADR-006/ADR-007/ADR-008,REQ-GOV-002,PASS
SPRINT-001,BC-001,EPIC-090,STORY-0557,ISSUE-0667,TASK-0557,DevOps,ADR-003/ADR-006/ADR-007/ADR-008/ADR-009/ADR-033/ADR-034,,PASS
SPRINT-001,BC-001,EPIC-090,STORY-0558,ISSUE-0668,TASK-0558,Tech Lead,ADR-003/ADR-006/ADR-007/ADR-008,,PASS
SPRINT-001,BC-001,EPIC-090,STORY-0559,ISSUE-0669,TASK-0559,Reviewer,ADR-003/ADR-006/ADR-007/ADR-008,,PASS
SPRINT-001,BC-001,EPIC-091,STORY-0560,ISSUE-0670,TASK-0560,Arquiteto,ADR-003/ADR-006/ADR-007/ADR-008/ADR-010/ADR-011,,PASS
SPRINT-001,BC-001,EPIC-091,STORY-0561,ISSUE-0671,TASK-0561,Tech Lead,ADR-003/ADR-006/ADR-007/ADR-008/ADR-016/ADR-057,REQ-FRZ-003/REQ-GOV-004/REQ-ISS-003/REQ-ISS-006/REQ-PUB-002,PASS
SPRINT-001,BC-001,EPIC-091,STORY-0562,ISSUE-0672,TASK-0562,DevOps,ADR-003/ADR-006/ADR-007/ADR-008/ADR-009/ADR-033/ADR-034,,PASS
SPRINT-001,BC-001,EPIC-091,STORY-0563,ISSUE-0673,TASK-0563,Tech Lead,ADR-003/ADR-006/ADR-007/ADR-008,,PASS
SPRINT-001,BC-001,EPIC-091,STORY-0564,ISSUE-0674,TASK-0564,Reviewer,ADR-003/ADR-006/ADR-007/ADR-008,,PASS
SPRINT-001,BC-001,EPIC-092,STORY-0565,ISSUE-0675,TASK-0565,Arquiteto,ADR-002/ADR-003/ADR-006/ADR-007/ADR-008/ADR-010/ADR-011,REQ-EPIC-001,PASS
SPRINT-001,BC-001,EPIC-092,STORY-0566,ISSUE-0676,TASK-0566,Tech Lead,ADR-001/ADR-003/ADR-006/ADR-007/ADR-008/ADR-053/ADR-057,REQ-DEV-001/REQ-FRZ-001/REQ-FRZ-002/REQ-FRZ-003/REQ-FRZ-004/REQ-GOV-005/REQ-TST-001,PASS
SPRINT-001,BC-001,EPIC-092,STORY-0567,ISSUE-0677,TASK-0567,DevOps,ADR-003/ADR-006/ADR-007/ADR-008/ADR-009/ADR-033/ADR-034,,PASS
SPRINT-001,BC-001,EPIC-092,STORY-0568,ISSUE-0678,TASK-0568,Tech Lead,ADR-003/ADR-006/ADR-007/ADR-008,,PASS
SPRINT-001,BC-001,EPIC-092,STORY-0569,ISSUE-0679,TASK-0569,Reviewer,ADR-003/ADR-006/ADR-007/ADR-008,,PASS
SPRINT-007,BC-006,EPIC-093,STORY-0570,ISSUE-0680,TASK-0570,Arquiteto,ADR-003/ADR-004/ADR-006/ADR-007/ADR-008/ADR-010/ADR-011/ADR-041,REQ-CRS-001/REQ-CRS-002/REQ-CRS-004,PASS
SPRINT-007,BC-006,EPIC-093,STORY-0571,ISSUE-0681,TASK-0571,Geoprocessamento,ADR-003/ADR-004/ADR-005/ADR-006/ADR-007/ADR-008/ADR-041/ADR-042/ADR-043,REQ-CRS-003/REQ-RAS-001,PASS
SPRINT-007,BC-006,EPIC-093,STORY-0572,ISSUE-0682,TASK-0572,Geoprocessamento,ADR-003/ADR-004/ADR-005/ADR-006/ADR-007/ADR-008/ADR-041/ADR-042/ADR-043,,PASS
SPRINT-007,BC-006,EPIC-093,STORY-0573,ISSUE-0683,TASK-0573,Geoprocessamento,ADR-003/ADR-004/ADR-005/ADR-006/ADR-007/ADR-008/ADR-041/ADR-042/ADR-043,,PASS
SPRINT-007,BC-006,EPIC-093,STORY-0574,ISSUE-0684,TASK-0574,Geoprocessamento,ADR-003/ADR-004/ADR-005/ADR-006/ADR-007/ADR-008/ADR-041/ADR-042/ADR-043,,PASS
SPRINT-007,BC-006,EPIC-093,STORY-0575,ISSUE-0685,TASK-0575,QA,ADR-003/ADR-004/ADR-006/ADR-007/ADR-008,,PASS
SPRINT-007,BC-006,EPIC-093,STORY-0576,ISSUE-0686,TASK-0576,Reviewer,ADR-003/ADR-004/ADR-006/ADR-007/ADR-008,,PASS
SPRINT-007,BC-006,EPIC-094,STORY-0577,ISSUE-0687,TASK-0577,Arquiteto,ADR-003/ADR-004/ADR-006/ADR-007/ADR-008/ADR-010/ADR-011,,PASS
SPRINT-007,BC-006,EPIC-094,STORY-0578,ISSUE-0688,TASK-0578,Geoprocessamento,ADR-003/ADR-004/ADR-005/ADR-006/ADR-007/ADR-008/ADR-041/ADR-042/ADR-043,,PASS
SPRINT-007,BC-006,EPIC-094,STORY-0579,ISSUE-0689,TASK-0579,Geoprocessamento,ADR-003/ADR-004/ADR-005/ADR-006/ADR-007/ADR-008/ADR-041/ADR-042/ADR-043,,PASS
SPRINT-007,BC-006,EPIC-094,STORY-0580,ISSUE-0690,TASK-0580,Geoprocessamento,ADR-003/ADR-004/ADR-005/ADR-006/ADR-007/ADR-008/ADR-041/ADR-042/ADR-043,,PASS
SPRINT-007,BC-006,EPIC-094,STORY-0581,ISSUE-0691,TASK-0581,Geoprocessamento,ADR-003/ADR-004/ADR-005/ADR-006/ADR-007/ADR-008/ADR-041/ADR-042/ADR-043,,PASS
SPRINT-007,BC-006,EPIC-094,STORY-0582,ISSUE-0692,TASK-0582,QA,ADR-003/ADR-004/ADR-006/ADR-007/ADR-008,,PASS
SPRINT-007,BC-006,EPIC-094,STORY-0583,ISSUE-0693,TASK-0583,Reviewer,ADR-003/ADR-004/ADR-006/ADR-007/ADR-008,,PASS
SPRINT-007,BC-006,EPIC-095,STORY-0584,ISSUE-0694,TASK-0584,Arquiteto,ADR-003/ADR-004/ADR-006/ADR-007/ADR-008/ADR-010/ADR-011,,PASS
SPRINT-007,BC-006,EPIC-095,STORY-0585,ISSUE-0695,TASK-0585,Geoprocessamento,ADR-003/ADR-004/ADR-005/ADR-006/ADR-007/ADR-008/ADR-041/ADR-042/ADR-043/ADR-049,REQ-MOS-006/REQ-RAS-004,PASS
SPRINT-007,BC-006,EPIC-095,STORY-0586,ISSUE-0696,TASK-0586,Geoprocessamento,ADR-003/ADR-004/ADR-005/ADR-006/ADR-007/ADR-008/ADR-041/ADR-042/ADR-043,,PASS
SPRINT-007,BC-006,EPIC-095,STORY-0587,ISSUE-0697,TASK-0587,Geoprocessamento,ADR-003/ADR-004/ADR-005/ADR-006/ADR-007/ADR-008/ADR-041/ADR-042/ADR-043,,PASS
SPRINT-007,BC-006,EPIC-095,STORY-0588,ISSUE-0698,TASK-0588,Geoprocessamento,ADR-003/ADR-004/ADR-005/ADR-006/ADR-007/ADR-008/ADR-041/ADR-042/ADR-043,,PASS
SPRINT-007,BC-006,EPIC-095,STORY-0589,ISSUE-0699,TASK-0589,QA,ADR-003/ADR-004/ADR-006/ADR-007/ADR-008,,PASS
SPRINT-007,BC-006,EPIC-095,STORY-0590,ISSUE-0700,TASK-0590,Reviewer,ADR-003/ADR-004/ADR-006/ADR-007/ADR-008,,PASS
SPRINT-007,BC-006,EPIC-096,STORY-0591,ISSUE-0701,TASK-0591,Arquiteto,ADR-003/ADR-004/ADR-006/ADR-007/ADR-008/ADR-010/ADR-011/ADR-025/ADR-034/ADR-041,REQ-CRS-004/REQ-CRS-005/REQ-CRS-006/REQ-CRS-007,PASS
SPRINT-007,BC-006,EPIC-096,STORY-0592,ISSUE-0702,TASK-0592,Geoprocessamento,ADR-003/ADR-004/ADR-005/ADR-006/ADR-007/ADR-008/ADR-041/ADR-042/ADR-043,,PASS
SPRINT-007,BC-006,EPIC-096,STORY-0593,ISSUE-0703,TASK-0593,Geoprocessamento,ADR-003/ADR-004/ADR-005/ADR-006/ADR-007/ADR-008/ADR-041/ADR-042/ADR-043,,PASS
SPRINT-007,BC-006,EPIC-096,STORY-0594,ISSUE-0704,TASK-0594,Geoprocessamento,ADR-003/ADR-004/ADR-005/ADR-006/ADR-007/ADR-008/ADR-041/ADR-042/ADR-043,,PASS
SPRINT-007,BC-006,EPIC-096,STORY-0595,ISSUE-0705,TASK-0595,Geoprocessamento,ADR-003/ADR-004/ADR-005/ADR-006/ADR-007/ADR-008/ADR-041/ADR-042/ADR-043,,PASS
SPRINT-007,BC-006,EPIC-096,STORY-0596,ISSUE-0706,TASK-0596,QA,ADR-003/ADR-004/ADR-006/ADR-007/ADR-008,,PASS
SPRINT-007,BC-006,EPIC-096,STORY-0597,ISSUE-0707,TASK-0597,Reviewer,ADR-003/ADR-004/ADR-006/ADR-007/ADR-008,,PASS
SPRINT-007,BC-006,EPIC-097,STORY-0598,ISSUE-0708,TASK-0598,Arquiteto,ADR-003/ADR-004/ADR-006/ADR-007/ADR-008/ADR-010/ADR-011,,PASS
SPRINT-007,BC-006,EPIC-097,STORY-0599,ISSUE-0709,TASK-0599,Geoprocessamento,ADR-003/ADR-004/ADR-005/ADR-006/ADR-007/ADR-008/ADR-040/ADR-041/ADR-042/ADR-043/ADR-049,REQ-RAS-002/REQ-RAS-003/REQ-RAS-004/REQ-RAS-005,PASS
SPRINT-007,BC-006,EPIC-097,STORY-0600,ISSUE-0710,TASK-0600,Geoprocessamento,ADR-003/ADR-004/ADR-005/ADR-006/ADR-007/ADR-008/ADR-041/ADR-042/ADR-043,,PASS
SPRINT-007,BC-006,EPIC-097,STORY-0601,ISSUE-0711,TASK-0601,Geoprocessamento,ADR-003/ADR-004/ADR-005/ADR-006/ADR-007/ADR-008/ADR-041/ADR-042/ADR-043,,PASS
SPRINT-007,BC-006,EPIC-097,STORY-0602,ISSUE-0712,TASK-0602,Geoprocessamento,ADR-003/ADR-004/ADR-005/ADR-006/ADR-007/ADR-008/ADR-041/ADR-042/ADR-043,,PASS
SPRINT-007,BC-006,EPIC-097,STORY-0603,ISSUE-0713,TASK-0603,QA,ADR-003/ADR-004/ADR-006/ADR-007/ADR-008,,PASS
SPRINT-007,BC-006,EPIC-097,STORY-0604,ISSUE-0714,TASK-0604,Reviewer,ADR-003/ADR-004/ADR-006/ADR-007/ADR-008,,PASS
SPRINT-007,BC-008,EPIC-098,STORY-0605,ISSUE-0715,TASK-0605,Arquiteto,ADR-003/ADR-004/ADR-006/ADR-007/ADR-008/ADR-010/ADR-011,,PASS
SPRINT-007,BC-008,EPIC-098,STORY-0606,ISSUE-0716,TASK-0606,Geoprocessamento,ADR-003/ADR-004/ADR-005/ADR-006/ADR-007/ADR-008/ADR-040/ADR-041/ADR-042/ADR-043/ADR-044/ADR-049/ADR-050,REQ-MOS-002/REQ-MOS-004/REQ-MOS-006/REQ-RMR-004,PASS
SPRINT-007,BC-008,EPIC-098,STORY-0607,ISSUE-0717,TASK-0607,Geoprocessamento,ADR-003/ADR-004/ADR-005/ADR-006/ADR-007/ADR-008/ADR-036/ADR-041/ADR-042/ADR-043/ADR-049,REQ-MOS-001/REQ-MOS-003/REQ-RMQ-003,PASS
SPRINT-007,BC-008,EPIC-098,STORY-0608,ISSUE-0718,TASK-0608,Geoprocessamento,ADR-003/ADR-004/ADR-005/ADR-006/ADR-007/ADR-008/ADR-041/ADR-042/ADR-043,,PASS
SPRINT-007,BC-008,EPIC-098,STORY-0609,ISSUE-0719,TASK-0609,Geoprocessamento,ADR-003/ADR-004/ADR-005/ADR-006/ADR-007/ADR-008/ADR-041/ADR-042/ADR-043,,PASS
SPRINT-007,BC-008,EPIC-098,STORY-0610,ISSUE-0720,TASK-0610,QA,ADR-003/ADR-004/ADR-006/ADR-007/ADR-008/ADR-049,REQ-MOS-005,PASS
SPRINT-007,BC-008,EPIC-098,STORY-0611,ISSUE-0721,TASK-0611,Reviewer,ADR-003/ADR-004/ADR-006/ADR-007/ADR-008,,PASS
SPRINT-008,BC-008,EPIC-099,STORY-0612,ISSUE-0722,TASK-0612,Arquiteto,ADR-003/ADR-004/ADR-006/ADR-007/ADR-008/ADR-010/ADR-011,,PASS
SPRINT-008,BC-008,EPIC-099,STORY-0613,ISSUE-0723,TASK-0613,Geoprocessamento,ADR-003/ADR-004/ADR-005/ADR-006/ADR-007/ADR-008/ADR-041/ADR-042/ADR-043/ADR-049/ADR-050,REQ-ANC-004/REQ-RMV-004,PASS
SPRINT-008,BC-008,EPIC-099,STORY-0614,ISSUE-0724,TASK-0614,Geoprocessamento,ADR-003/ADR-004/ADR-005/ADR-006/ADR-007/ADR-008/ADR-041/ADR-042/ADR-043/ADR-045/ADR-049,REQ-ANC-001/REQ-ANC-002,PASS
SPRINT-008,BC-008,EPIC-099,STORY-0615,ISSUE-0725,TASK-0615,Geoprocessamento,ADR-003/ADR-004/ADR-005/ADR-006/ADR-007/ADR-008/ADR-041/ADR-042/ADR-043,,PASS
SPRINT-008,BC-008,EPIC-099,STORY-0616,ISSUE-0726,TASK-0616,Geoprocessamento,ADR-003/ADR-004/ADR-005/ADR-006/ADR-007/ADR-008/ADR-041/ADR-042/ADR-043,,PASS
SPRINT-008,BC-008,EPIC-099,STORY-0617,ISSUE-0727,TASK-0617,QA,ADR-003/ADR-004/ADR-006/ADR-007/ADR-008/ADR-049,REQ-ANC-003,PASS
SPRINT-008,BC-008,EPIC-099,STORY-0618,ISSUE-0728,TASK-0618,Reviewer,ADR-003/ADR-004/ADR-006/ADR-007/ADR-008,,PASS
SPRINT-008,BC-008,EPIC-100,STORY-0619,ISSUE-0729,TASK-0619,Arquiteto,ADR-003/ADR-004/ADR-006/ADR-007/ADR-008/ADR-010/ADR-011/ADR-048,REQ-ANC-008,PASS
SPRINT-008,BC-008,EPIC-100,STORY-0620,ISSUE-0730,TASK-0620,Geoprocessamento,ADR-003/ADR-004/ADR-005/ADR-006/ADR-007/ADR-008/ADR-041/ADR-042/ADR-043/ADR-049/ADR-055,REQ-ANC-006/REQ-ANC-007,PASS
SPRINT-008,BC-008,EPIC-100,STORY-0621,ISSUE-0731,TASK-0621,Geoprocessamento,ADR-003/ADR-004/ADR-005/ADR-006/ADR-007/ADR-008/ADR-041/ADR-042/ADR-043/ADR-049,REQ-ANC-005,PASS
SPRINT-008,BC-008,EPIC-100,STORY-0622,ISSUE-0732,TASK-0622,Geoprocessamento,ADR-003/ADR-004/ADR-005/ADR-006/ADR-007/ADR-008/ADR-041/ADR-042/ADR-043,,PASS
SPRINT-008,BC-008,EPIC-100,STORY-0623,ISSUE-0733,TASK-0623,Geoprocessamento,ADR-003/ADR-004/ADR-005/ADR-006/ADR-007/ADR-008/ADR-041/ADR-042/ADR-043,,PASS
SPRINT-008,BC-008,EPIC-100,STORY-0624,ISSUE-0734,TASK-0624,QA,ADR-003/ADR-004/ADR-006/ADR-007/ADR-008,,PASS
SPRINT-008,BC-008,EPIC-100,STORY-0625,ISSUE-0735,TASK-0625,Reviewer,ADR-003/ADR-004/ADR-006/ADR-007/ADR-008,,PASS
SPRINT-008,BC-008,EPIC-101,STORY-0626,ISSUE-0736,TASK-0626,Arquiteto,ADR-003/ADR-004/ADR-006/ADR-007/ADR-008/ADR-010/ADR-011/ADR-050,REQ-RMV-001,PASS
SPRINT-008,BC-008,EPIC-101,STORY-0627,ISSUE-0737,TASK-0627,Geoprocessamento,ADR-003/ADR-004/ADR-005/ADR-006/ADR-007/ADR-008/ADR-041/ADR-042/ADR-043/ADR-050,REQ-RMV-002/REQ-RMV-003/REQ-RMV-004,PASS
SPRINT-008,BC-008,EPIC-101,STORY-0628,ISSUE-0738,TASK-0628,Geoprocessamento,ADR-003/ADR-004/ADR-005/ADR-006/ADR-007/ADR-008/ADR-041/ADR-042/ADR-043,,PASS
SPRINT-008,BC-008,EPIC-101,STORY-0629,ISSUE-0739,TASK-0629,Geoprocessamento,ADR-003/ADR-004/ADR-005/ADR-006/ADR-007/ADR-008/ADR-041/ADR-042/ADR-043,,PASS
SPRINT-008,BC-008,EPIC-101,STORY-0630,ISSUE-0740,TASK-0630,Geoprocessamento,ADR-003/ADR-004/ADR-005/ADR-006/ADR-007/ADR-008/ADR-041/ADR-042/ADR-043,,PASS
SPRINT-008,BC-008,EPIC-101,STORY-0631,ISSUE-0741,TASK-0631,QA,ADR-003/ADR-004/ADR-006/ADR-007/ADR-008,,PASS
SPRINT-008,BC-008,EPIC-101,STORY-0632,ISSUE-0742,TASK-0632,Reviewer,ADR-003/ADR-004/ADR-006/ADR-007/ADR-008,,PASS
SPRINT-008,BC-008,EPIC-102,STORY-0633,ISSUE-0743,TASK-0633,Arquiteto,ADR-003/ADR-004/ADR-006/ADR-007/ADR-008/ADR-010/ADR-011,,PASS
SPRINT-008,BC-008,EPIC-102,STORY-0634,ISSUE-0744,TASK-0634,Geoprocessamento,ADR-003/ADR-004/ADR-005/ADR-006/ADR-007/ADR-008/ADR-041/ADR-042/ADR-043/ADR-050,REQ-RMR-001/REQ-RMR-003/REQ-RMR-004,PASS
SPRINT-008,BC-008,EPIC-102,STORY-0635,ISSUE-0745,TASK-0635,Geoprocessamento,ADR-003/ADR-004/ADR-005/ADR-006/ADR-007/ADR-008/ADR-041/ADR-042/ADR-043,REQ-RMR-002,PASS
SPRINT-008,BC-008,EPIC-102,STORY-0636,ISSUE-0746,TASK-0636,Geoprocessamento,ADR-003/ADR-004/ADR-005/ADR-006/ADR-007/ADR-008/ADR-041/ADR-042/ADR-043,,PASS
SPRINT-008,BC-008,EPIC-102,STORY-0637,ISSUE-0747,TASK-0637,Geoprocessamento,ADR-003/ADR-004/ADR-005/ADR-006/ADR-007/ADR-008/ADR-041/ADR-042/ADR-043,,PASS
SPRINT-008,BC-008,EPIC-102,STORY-0638,ISSUE-0748,TASK-0638,QA,ADR-003/ADR-004/ADR-006/ADR-007/ADR-008,,PASS
SPRINT-008,BC-008,EPIC-102,STORY-0639,ISSUE-0749,TASK-0639,Reviewer,ADR-003/ADR-004/ADR-006/ADR-007/ADR-008,,PASS
SPRINT-008,BC-008,EPIC-103,STORY-0640,ISSUE-0750,TASK-0640,Arquiteto,ADR-003/ADR-004/ADR-006/ADR-007/ADR-008/ADR-010/ADR-011,,PASS
SPRINT-008,BC-008,EPIC-103,STORY-0641,ISSUE-0751,TASK-0641,Geoprocessamento,ADR-003/ADR-004/ADR-005/ADR-006/ADR-007/ADR-008/ADR-009/ADR-036/ADR-039/ADR-041/ADR-042/ADR-043,REQ-RMQ-001/REQ-RMQ-002/REQ-RMQ-004,PASS
SPRINT-008,BC-008,EPIC-103,STORY-0642,ISSUE-0752,TASK-0642,Geoprocessamento,ADR-003/ADR-004/ADR-005/ADR-006/ADR-007/ADR-008/ADR-036/ADR-041/ADR-042/ADR-043,REQ-RMQ-003,PASS
SPRINT-008,BC-008,EPIC-103,STORY-0643,ISSUE-0753,TASK-0643,Geoprocessamento,ADR-003/ADR-004/ADR-005/ADR-006/ADR-007/ADR-008/ADR-041/ADR-042/ADR-043,,PASS
SPRINT-008,BC-008,EPIC-103,STORY-0644,ISSUE-0754,TASK-0644,Geoprocessamento,ADR-003/ADR-004/ADR-005/ADR-006/ADR-007/ADR-008/ADR-041/ADR-042/ADR-043,,PASS
SPRINT-008,BC-008,EPIC-103,STORY-0645,ISSUE-0755,TASK-0645,QA,ADR-003/ADR-004/ADR-006/ADR-007/ADR-008,,PASS
SPRINT-008,BC-008,EPIC-103,STORY-0646,ISSUE-0756,TASK-0646,Reviewer,ADR-003/ADR-004/ADR-006/ADR-007/ADR-008,,PASS
SPRINT-004,BC-010,EPIC-104,STORY-0647,ISSUE-0757,TASK-0647,Arquiteto,ADR-003/ADR-004/ADR-006/ADR-007/ADR-008/ADR-010/ADR-011,,PASS
SPRINT-004,BC-010,EPIC-104,STORY-0648,ISSUE-0758,TASK-0648,Backend,ADR-003/ADR-004/ADR-005/ADR-006/ADR-007/ADR-008/ADR-016/ADR-053,REQ-SRP-003/REQ-SRP-004,PASS
SPRINT-004,BC-010,EPIC-104,STORY-0649,ISSUE-0759,TASK-0649,Backend,ADR-003/ADR-004/ADR-005/ADR-006/ADR-007/ADR-008/ADR-016/ADR-037,REQ-SRP-002,PASS
SPRINT-004,BC-010,EPIC-104,STORY-0650,ISSUE-0760,TASK-0650,Backend,ADR-003/ADR-004/ADR-005/ADR-006/ADR-007/ADR-008/ADR-010/ADR-011/ADR-016,,PASS
SPRINT-004,BC-010,EPIC-104,STORY-0651,ISSUE-0761,TASK-0651,DevOps,ADR-003/ADR-004/ADR-006/ADR-007/ADR-008/ADR-009/ADR-033/ADR-034,,PASS
SPRINT-004,BC-010,EPIC-104,STORY-0652,ISSUE-0762,TASK-0652,QA,ADR-003/ADR-004/ADR-006/ADR-007/ADR-008/ADR-053,REQ-SRP-001,PASS
SPRINT-004,BC-010,EPIC-104,STORY-0653,ISSUE-0763,TASK-0653,Reviewer,ADR-003/ADR-004/ADR-006/ADR-007/ADR-008,,PASS
SPRINT-010,BC-013,EPIC-105,STORY-0654,ISSUE-0764,TASK-0654,Arquiteto,ADR-003/ADR-004/ADR-006/ADR-007/ADR-008/ADR-010/ADR-011/ADR-035/ADR-053,REQ-SCM-001/REQ-UPG-004,PASS
SPRINT-010,BC-013,EPIC-105,STORY-0655,ISSUE-0765,TASK-0655,Backend,ADR-003/ADR-004/ADR-005/ADR-006/ADR-007/ADR-008/ADR-016/ADR-053,REQ-SCM-003,PASS
SPRINT-010,BC-013,EPIC-105,STORY-0656,ISSUE-0766,TASK-0656,Backend,ADR-003/ADR-004/ADR-005/ADR-006/ADR-007/ADR-008/ADR-016,,PASS
SPRINT-010,BC-013,EPIC-105,STORY-0657,ISSUE-0767,TASK-0657,Backend,ADR-003/ADR-004/ADR-005/ADR-006/ADR-007/ADR-008/ADR-016,,PASS
SPRINT-010,BC-013,EPIC-105,STORY-0658,ISSUE-0768,TASK-0658,Security,ADR-003/ADR-004/ADR-005/ADR-006/ADR-007/ADR-008/ADR-030/ADR-031/ADR-032/ADR-035,REQ-UPG-005,PASS
SPRINT-010,BC-013,EPIC-105,STORY-0659,ISSUE-0769,TASK-0659,Reviewer,ADR-003/ADR-004/ADR-006/ADR-007/ADR-008,,PASS
SPRINT-012,BC-015,EPIC-106,STORY-0660,ISSUE-0770,TASK-0660,Tech Lead,ADR-003/ADR-004/ADR-005/ADR-006/ADR-007/ADR-008/ADR-010/ADR-011/ADR-016/ADR-035,REQ-SCM-004,PASS
SPRINT-012,BC-015,EPIC-106,STORY-0661,ISSUE-0771,TASK-0661,DevOps,ADR-003/ADR-004/ADR-006/ADR-007/ADR-008/ADR-009/ADR-033/ADR-034,,PASS
SPRINT-012,BC-015,EPIC-106,STORY-0662,ISSUE-0772,TASK-0662,DevOps,ADR-003/ADR-004/ADR-006/ADR-007/ADR-008/ADR-009/ADR-026/ADR-033/ADR-034,REQ-SCM-002/REQ-UPG-002,PASS
SPRINT-012,BC-015,EPIC-106,STORY-0663,ISSUE-0773,TASK-0663,Security,ADR-003/ADR-004/ADR-005/ADR-006/ADR-007/ADR-008/ADR-030/ADR-031/ADR-032,,PASS
SPRINT-012,BC-015,EPIC-106,STORY-0664,ISSUE-0774,TASK-0664,QA,ADR-003/ADR-004/ADR-006/ADR-007/ADR-008,,PASS
SPRINT-012,BC-015,EPIC-106,STORY-0665,ISSUE-0775,TASK-0665,Reviewer,ADR-003/ADR-004/ADR-006/ADR-007/ADR-008,,PASS
SPRINT-012,BC-015,EPIC-107,STORY-0666,ISSUE-0776,TASK-0666,Tech Lead,ADR-003/ADR-004/ADR-005/ADR-006/ADR-007/ADR-008/ADR-010/ADR-011/ADR-016/ADR-026/ADR-035,REQ-DBSCHEMA-010/REQ-UPG-004,PASS
SPRINT-012,BC-015,EPIC-107,STORY-0667,ISSUE-0777,TASK-0667,DevOps,ADR-003/ADR-004/ADR-006/ADR-007/ADR-008/ADR-009/ADR-033/ADR-034/ADR-035,REQ-UPG-003/REQ-UPG-005,PASS
SPRINT-012,BC-015,EPIC-107,STORY-0668,ISSUE-0778,TASK-0668,DevOps,ADR-003/ADR-004/ADR-006/ADR-007/ADR-008/ADR-009/ADR-026/ADR-033/ADR-034,REQ-UPG-002,PASS
SPRINT-012,BC-015,EPIC-107,STORY-0669,ISSUE-0779,TASK-0669,Security,ADR-003/ADR-004/ADR-005/ADR-006/ADR-007/ADR-008/ADR-030/ADR-031/ADR-032,,PASS
SPRINT-012,BC-015,EPIC-107,STORY-0670,ISSUE-0780,TASK-0670,QA,ADR-003/ADR-004/ADR-006/ADR-007/ADR-008,,PASS
SPRINT-012,BC-015,EPIC-107,STORY-0671,ISSUE-0781,TASK-0671,Reviewer,ADR-003/ADR-004/ADR-006/ADR-007/ADR-008,,PASS
SPRINT-012,BC-015,EPIC-108,STORY-0672,ISSUE-0782,TASK-0672,Tech Lead,ADR-003/ADR-004/ADR-005/ADR-006/ADR-007/ADR-008/ADR-010/ADR-011/ADR-016/ADR-034,REQ-INS-001/REQ-INS-003,PASS
SPRINT-012,BC-015,EPIC-108,STORY-0673,ISSUE-0783,TASK-0673,DevOps,ADR-003/ADR-004/ADR-006/ADR-007/ADR-008/ADR-009/ADR-033/ADR-034,REQ-INS-002/REQ-INS-004,PASS
SPRINT-012,BC-015,EPIC-108,STORY-0674,ISSUE-0784,TASK-0674,DevOps,ADR-003/ADR-004/ADR-006/ADR-007/ADR-008/ADR-009/ADR-033/ADR-034,,PASS
SPRINT-012,BC-015,EPIC-108,STORY-0675,ISSUE-0785,TASK-0675,Security,ADR-003/ADR-004/ADR-005/ADR-006/ADR-007/ADR-008/ADR-030/ADR-031/ADR-032,,PASS
SPRINT-012,BC-015,EPIC-108,STORY-0676,ISSUE-0786,TASK-0676,QA,ADR-003/ADR-004/ADR-006/ADR-007/ADR-008,,PASS
SPRINT-012,BC-015,EPIC-108,STORY-0677,ISSUE-0787,TASK-0677,Reviewer,ADR-003/ADR-004/ADR-006/ADR-007/ADR-008,,PASS
SPRINT-012,BC-015,EPIC-109,STORY-0678,ISSUE-0788,TASK-0678,Product Owner,ADR-003/ADR-004/ADR-006/ADR-007/ADR-008/ADR-010/ADR-011,,PASS
SPRINT-012,BC-015,EPIC-109,STORY-0679,ISSUE-0789,TASK-0679,Tech Lead,ADR-003/ADR-004/ADR-005/ADR-006/ADR-007/ADR-008/ADR-016,,PASS
SPRINT-012,BC-015,EPIC-109,STORY-0680,ISSUE-0790,TASK-0680,DevOps,ADR-003/ADR-004/ADR-006/ADR-007/ADR-008/ADR-009/ADR-033/ADR-034,,PASS
SPRINT-012,BC-015,EPIC-109,STORY-0681,ISSUE-0791,TASK-0681,Security,ADR-003/ADR-004/ADR-005/ADR-006/ADR-007/ADR-008/ADR-030/ADR-031/ADR-032,,PASS
SPRINT-012,BC-015,EPIC-109,STORY-0682,ISSUE-0792,TASK-0682,Reviewer,ADR-003/ADR-004/ADR-006/ADR-007/ADR-008,,PASS
SPRINT-001,BC-001,EPIC-110,STORY-0683,ISSUE-0793,TASK-0683,Arquiteto,ADR-003/ADR-006/ADR-007/ADR-008/ADR-010/ADR-011/ADR-022/ADR-038,REQ-ISM-004/REQ-ISS-002/REQ-PLN-009/REQ-PRJ-004/REQ-SPRINT-001-004,PASS
SPRINT-001,BC-001,EPIC-110,STORY-0684,ISSUE-0794,TASK-0684,Tech Lead,ADR-003/ADR-006/ADR-007/ADR-008,,PASS
SPRINT-001,BC-001,EPIC-110,STORY-0685,ISSUE-0795,TASK-0685,DevOps,ADR-003/ADR-006/ADR-007/ADR-008/ADR-009/ADR-033/ADR-034,,PASS
SPRINT-001,BC-001,EPIC-110,STORY-0686,ISSUE-0796,TASK-0686,Tech Lead,ADR-003/ADR-006/ADR-007/ADR-008,,PASS
SPRINT-001,BC-001,EPIC-110,STORY-0687,ISSUE-0797,TASK-0687,Reviewer,ADR-003/ADR-006/ADR-007/ADR-008,,PASS
SPRINT-001,BC-001,EPIC-001,STORY-0688,ISSUE-0798,TASK-0688,Tech Lead,ADR-003/ADR-006/ADR-007/ADR-008/ADR-040/ADR-057,REQ-FRZ-001/REQ-FRZ-004/REQ-GOV-ADR-002/REQ-GOV-ADR-003/REQ-GOV-ADR-018/REQ-GOV-DEC-001/REQ-GOV-DEC-002/REQ-ISM-010/REQ-SPRINT-001-001/REQ-SPRINT-001-002,PASS
SPRINT-001,BC-001,EPIC-001,STORY-0689,ISSUE-0799,TASK-0689,Tech Lead,ADR-001/ADR-003/ADR-006/ADR-007/ADR-008/ADR-012/ADR-035,REQ-SPRINT-001-003/REQ-SPRINT-001-005/REQ-SPRINT-001-006/REQ-SPRINT-001-007/REQ-SPRINT-001-008/REQ-SPRINT-001-009/REQ-SPRINT-001-010/REQ-TOOL-001/REQ-TOOL-002/REQ-TOOL-010,PASS
SPRINT-001,BC-001,EPIC-002,STORY-0690,ISSUE-0800,TASK-0690,Arquiteto,ADR-003/ADR-006/ADR-007/ADR-008/ADR-013/ADR-015/ADR-017/ADR-022/ADR-038/ADR-040/ADR-041/ADR-044,REQ-CLASSICPROFILE-004/REQ-ISS-007/REQ-NATIVE-002/REQ-PLN-009/REQ-PRJ-004/REQ-RUN-001/REQ-RUN-006/REQ-RUN-008/REQ-RUN-010/REQ-SPRINT-001-004,PASS
SPRINT-001,BC-001,EPIC-002,STORY-0691,ISSUE-0801,TASK-0691,Arquiteto,ADR-003/ADR-006/ADR-007/ADR-008/ADR-034,REQ-WORKER-001/REQ-WORKER-010,PASS
SPRINT-001,BC-001,EPIC-002,STORY-0692,ISSUE-0802,TASK-0692,Tech Lead,ADR-003/ADR-006/ADR-007/ADR-008/ADR-025/ADR-039/ADR-043/ADR-044,REQ-CLASSICPROFILE-001/REQ-CLASSICPROFILE-002/REQ-CLASSICPROFILE-003/REQ-CLASSICPROFILE-005/REQ-CLASSICPROFILE-007/REQ-CLASSICPROFILE-009/REQ-GOV-001/REQ-GOV-002/REQ-GOV-003/REQ-GOV-ADR-002,PASS
SPRINT-001,BC-001,EPIC-002,STORY-0693,ISSUE-0803,TASK-0693,Tech Lead,ADR-003/ADR-006/ADR-007/ADR-008/ADR-016/ADR-040/ADR-043,REQ-GOV-ADR-003/REQ-GOV-ADR-018/REQ-ISM-001/REQ-ISM-006/REQ-ISM-008/REQ-ISS-001/REQ-ISS-004/REQ-ISS-006/REQ-ISS-009/REQ-NATIVE-003,PASS
SPRINT-001,BC-001,EPIC-002,STORY-0694,ISSUE-0804,TASK-0694,Tech Lead,ADR-003/ADR-004/ADR-006/ADR-007/ADR-008/ADR-009/ADR-016/ADR-037/ADR-042/ADR-043/ADR-044,REQ-NATIVE-005/REQ-NATIVE-006/REQ-NATIVE-007/REQ-NATIVE-008/REQ-NATIVE-009/REQ-NATIVE-010/REQ-PLN-001/REQ-PLN-002/REQ-PLN-003/REQ-PLN-004,PASS
SPRINT-001,BC-001,EPIC-002,STORY-0695,ISSUE-0805,TASK-0695,Tech Lead,ADR-003/ADR-006/ADR-007/ADR-008/ADR-012/ADR-016/ADR-022/ADR-043,REQ-PLN-005/REQ-PLN-006/REQ-PLN-007/REQ-PLN-008/REQ-PLN-010/REQ-PRJ-001/REQ-PRJ-002/REQ-PRJ-003/REQ-PRJ-005/REQ-PRJ-006,PASS
SPRINT-001,BC-001,EPIC-002,STORY-0696,ISSUE-0806,TASK-0696,Tech Lead,ADR-003/ADR-006/ADR-007/ADR-008/ADR-016/ADR-022/ADR-050/ADR-053,REQ-PRJ-007/REQ-PRJ-008/REQ-PRJ-009/REQ-PRJ-010/REQ-PRM-001/REQ-PRM-002/REQ-PRM-003/REQ-PRM-004/REQ-PRM-005/REQ-PRM-006,PASS
SPRINT-001,BC-001,EPIC-002,STORY-0697,ISSUE-0807,TASK-0697,Tech Lead,ADR-003/ADR-005/ADR-006/ADR-007/ADR-008/ADR-040/ADR-045/ADR-053/ADR-055,REQ-PRM-007/REQ-PRM-008/REQ-PRM-009/REQ-PRM-010/REQ-RUN-002/REQ-RUN-003/REQ-RUN-004/REQ-RUN-005/REQ-RUN-007/REQ-RUN-009,PASS
SPRINT-001,BC-001,EPIC-002,STORY-0698,ISSUE-0808,TASK-0698,Tech Lead,ADR-002/ADR-003/ADR-006/ADR-007/ADR-008/ADR-012,REQ-RUNTIME-001/REQ-RUNTIME-002/REQ-SPRINT-001-001/REQ-SPRINT-001-002/REQ-SPRINT-001-003/REQ-SPRINT-001-005/REQ-SPRINT-001-006/REQ-SPRINT-001-007/REQ-SPRINT-001-008/REQ-SPRINT-001-009,PASS
SPRINT-001,BC-001,EPIC-002,STORY-0699,ISSUE-0809,TASK-0699,Tech Lead,ADR-001/ADR-003/ADR-006/ADR-007/ADR-008/ADR-012/ADR-018/ADR-020/ADR-035/ADR-037,REQ-SPRINT-001-010/REQ-TOOL-001/REQ-TOOL-002/REQ-TOOL-005/REQ-WORKER-002/REQ-WORKER-003/REQ-WORKER-004/REQ-WORKER-005/REQ-WORKER-006/REQ-WORKER-007,PASS
SPRINT-001,BC-001,EPIC-002,STORY-0700,ISSUE-0810,TASK-0700,Tech Lead,ADR-003/ADR-006/ADR-007/ADR-008/ADR-012/ADR-037,REQ-WORKER-008/REQ-WORKER-009,PASS
SPRINT-001,BC-001,EPIC-004,STORY-0701,ISSUE-0811,TASK-0701,Arquiteto,ADR-003/ADR-006/ADR-007/ADR-008/ADR-010/ADR-011/ADR-013/ADR-015/ADR-017/ADR-019/ADR-040/ADR-041/ADR-044,REQ-CRS-002/REQ-DBSCHEMA-007/REQ-DBSCHEMA-008/REQ-EPIC-031/REQ-FS1-001/REQ-FS1-004/REQ-RUN-001/REQ-RUN-006/REQ-RUN-008/REQ-RUN-010,PASS
SPRINT-001,BC-001,EPIC-004,STORY-0702,ISSUE-0812,TASK-0702,Arquiteto,ADR-003/ADR-006/ADR-007/ADR-008/ADR-010/ADR-011/ADR-014/ADR-053,REQ-RUNTIME-008/REQ-SCM-001/REQ-TOOL-003/REQ-TOP-001/REQ-UX-002,PASS
SPRINT-001,BC-001,EPIC-004,STORY-0703,ISSUE-0813,TASK-0703,Tech Lead,ADR-003/ADR-006/ADR-007/ADR-008/ADR-010/ADR-011/ADR-015/ADR-019/ADR-023/ADR-040/ADR-044/ADR-046/ADR-055,REQ-ARTLAYOUT-010/REQ-DBSCHEMA-002/REQ-DBSCHEMA-004/REQ-FS1-002/REQ-FS1-003/REQ-FS1-005/REQ-FS1-007/REQ-FS1-008/REQ-FS1-009/REQ-FS1-010,PASS
SPRINT-001,BC-001,EPIC-004,STORY-0704,ISSUE-0814,TASK-0704,Tech Lead,ADR-002/ADR-003/ADR-005/ADR-006/ADR-007/ADR-008/ADR-010/ADR-011/ADR-040/ADR-045/ADR-055,REQ-RUN-002/REQ-RUN-003/REQ-RUN-004/REQ-RUN-005/REQ-RUN-007/REQ-RUN-009/REQ-RUNTIME-001/REQ-RUNTIME-002/REQ-RUNTIME-003/REQ-RUNTIME-004,PASS
SPRINT-001,BC-001,EPIC-004,STORY-0705,ISSUE-0815,TASK-0705,Tech Lead,ADR-001/ADR-002/ADR-003/ADR-006/ADR-007/ADR-008/ADR-010/ADR-011/ADR-021/ADR-035,REQ-RUNTIME-006/REQ-RUNTIME-007/REQ-TOOL-005/REQ-UPG-005,PASS
SPRINT-001,BC-001,EPIC-005,STORY-0706,ISSUE-0816,TASK-0706,Arquiteto,ADR-003/ADR-006/ADR-007/ADR-008/ADR-026/ADR-034/ADR-038/ADR-044/ADR-046/ADR-051/ADR-054,REQ-AIE-001/REQ-AIE-005/REQ-BEX-003/REQ-BEX-005/REQ-EPIC-012/REQ-FS1-001/REQ-FS1-004/REQ-INS-003/REQ-ISS-007/REQ-OBS-002,PASS
SPRINT-001,BC-001,EPIC-005,STORY-0707,ISSUE-0817,TASK-0707,Arquiteto,ADR-002/ADR-003/ADR-006/ADR-007/ADR-008,REQ-SGVCAL-007,PASS
SPRINT-001,BC-001,EPIC-005,STORY-0708,ISSUE-0818,TASK-0708,Tech Lead,ADR-003/ADR-006/ADR-007/ADR-008/ADR-009/ADR-012/ADR-030/ADR-038/ADR-039/ADR-046/ADR-051/ADR-052/ADR-053,REQ-AIE-002/REQ-AIE-003/REQ-AIE-004/REQ-AIE-006/REQ-AIE-007/REQ-AIE-008/REQ-AIE-009/REQ-AIE-010/REQ-BEX-002/REQ-BEX-004,PASS
SPRINT-001,BC-001,EPIC-005,STORY-0709,ISSUE-0819,TASK-0709,Tech Lead,ADR-002/ADR-003/ADR-006/ADR-007/ADR-008/ADR-037/ADR-038/ADR-039/ADR-040/ADR-044/ADR-046/ADR-055/ADR-057,REQ-BEX-007/REQ-BEX-008/REQ-BEX-009/REQ-BEX-010/REQ-EPIC-041/REQ-FRZ-002/REQ-FS1-002/REQ-FS1-003/REQ-FS1-005/REQ-FS1-007,PASS
SPRINT-001,BC-001,EPIC-005,STORY-0710,ISSUE-0820,TASK-0710,Tech Lead,ADR-003/ADR-006/ADR-007/ADR-008/ADR-009/ADR-015/ADR-023/ADR-044/ADR-046,REQ-FS1-008/REQ-FS1-009/REQ-FS1-010/REQ-GOV-004/REQ-SGVCAL-001/REQ-SGVCAL-002/REQ-SGVCAL-003/REQ-SGVCAL-004/REQ-SGVCAL-005/REQ-SGVCAL-006,PASS
SPRINT-001,BC-001,EPIC-005,STORY-0711,ISSUE-0821,TASK-0711,Tech Lead,ADR-003/ADR-006/ADR-007/ADR-008/ADR-009/ADR-014/ADR-018/ADR-024/ADR-035/ADR-037/ADR-046/ADR-053,REQ-SGVCAL-008/REQ-SGVCAL-009/REQ-SGVCAL-010/REQ-SRG-002/REQ-SRP-002/REQ-SUP-001/REQ-TOOL-006/REQ-TOOL-007/REQ-TOOL-009/REQ-UPG-003,PASS
SPRINT-002,BC-002,EPIC-008,STORY-0712,ISSUE-0822,TASK-0712,Backend,ADR-003/ADR-005/ADR-006/ADR-007/ADR-008/ADR-016/ADR-028/ADR-029/ADR-031/ADR-043/ADR-055,REQ-AUTH-IMPL-001/REQ-AUTH-IMPL-002/REQ-AUTH-IMPL-003/REQ-AUTH-IMPL-004/REQ-AUTH-IMPL-005/REQ-AUTH-IMPL-006/REQ-AUTH-IMPL-008/REQ-AUTH-IMPL-009/REQ-AUTH-IMPL-010/REQ-DBSCHEMA-003,PASS
SPRINT-002,BC-002,EPIC-008,STORY-0713,ISSUE-0823,TASK-0713,Backend,ADR-003/ADR-005/ADR-006/ADR-007/ADR-008/ADR-016/ADR-029,REQ-ID-001/REQ-ID-002,PASS
SPRINT-002,BC-002,EPIC-009,STORY-0714,ISSUE-0824,TASK-0714,Backend,ADR-003/ADR-005/ADR-006/ADR-007/ADR-008/ADR-016/ADR-028/ADR-029/ADR-031/ADR-043/ADR-055,REQ-ACC-001/REQ-AUTH-IMPL-001/REQ-AUTH-IMPL-002/REQ-AUTH-IMPL-003/REQ-AUTH-IMPL-004/REQ-AUTH-IMPL-005/REQ-AUTH-IMPL-006/REQ-AUTH-IMPL-008/REQ-AUTH-IMPL-009/REQ-AUTH-IMPL-010,PASS
SPRINT-002,BC-002,EPIC-009,STORY-0715,ISSUE-0825,TASK-0715,Backend,ADR-003/ADR-005/ADR-006/ADR-007/ADR-008/ADR-016/ADR-029,REQ-ID-002,PASS
SPRINT-002,BC-002,EPIC-010,STORY-0716,ISSUE-0826,TASK-0716,Backend,ADR-003/ADR-005/ADR-006/ADR-007/ADR-008/ADR-016/ADR-028/ADR-029/ADR-031/ADR-043/ADR-055,REQ-ACC-001/REQ-AUTH-IMPL-001/REQ-AUTH-IMPL-002/REQ-AUTH-IMPL-003/REQ-AUTH-IMPL-004/REQ-AUTH-IMPL-005/REQ-AUTH-IMPL-006/REQ-AUTH-IMPL-008/REQ-AUTH-IMPL-009/REQ-AUTH-IMPL-010,PASS
SPRINT-002,BC-002,EPIC-010,STORY-0717,ISSUE-0827,TASK-0717,Backend,ADR-003/ADR-005/ADR-006/ADR-007/ADR-008/ADR-016/ADR-037,REQ-HW-001,PASS
SPRINT-002,BC-003,EPIC-012,STORY-0718,ISSUE-0828,TASK-0718,Backend,ADR-003/ADR-004/ADR-005/ADR-006/ADR-007/ADR-008/ADR-010/ADR-011/ADR-012/ADR-014/ADR-016/ADR-019/ADR-020/ADR-023/ADR-025/ADR-043,REQ-ART-001/REQ-ART-003/REQ-ARTLAYOUT-002/REQ-CAT-001/REQ-DBSCHEMA-002/REQ-DBSCHEMA-003/REQ-DBSCHEMA-004/REQ-DBSCHEMA-006/REQ-DBSCHEMA-009/REQ-FS-001,PASS
SPRINT-002,BC-003,EPIC-012,STORY-0719,ISSUE-0829,TASK-0719,Backend,ADR-001/ADR-003/ADR-004/ADR-005/ADR-006/ADR-007/ADR-008/ADR-010/ADR-011/ADR-016/ADR-018/ADR-026/ADR-040/ADR-045/ADR-055,REQ-PRV-001/REQ-RUN-002/REQ-RUN-003/REQ-RUN-004/REQ-RUN-005/REQ-RUN-007/REQ-RUN-009/REQ-SCM-002/REQ-TOOL-004/REQ-TOOL-005,PASS
SPRINT-002,BC-003,EPIC-012,STORY-0720,ISSUE-0830,TASK-0720,Backend,ADR-003/ADR-004/ADR-005/ADR-006/ADR-007/ADR-008/ADR-010/ADR-011/ADR-016/ADR-026,REQ-UPG-002,PASS
SPRINT-003,BC-010,EPIC-014,STORY-0721,ISSUE-0831,TASK-0721,Backend,ADR-003/ADR-004/ADR-005/ADR-006/ADR-007/ADR-008/ADR-016/ADR-020/ADR-030/ADR-038/ADR-040/ADR-044/ADR-045/ADR-051/ADR-052/ADR-053,REQ-AIE-002/REQ-AIE-004/REQ-AIE-006/REQ-AIE-008/REQ-AIE-009/REQ-AIE-010/REQ-DBSCHEMA-009/REQ-FS1-002/REQ-FS1-003/REQ-FS1-006,PASS
SPRINT-003,BC-010,EPIC-014,STORY-0722,ISSUE-0832,TASK-0722,Backend,ADR-002/ADR-003/ADR-004/ADR-005/ADR-006/ADR-007/ADR-008/ADR-015/ADR-016/ADR-023/ADR-037/ADR-044,REQ-FS1-008/REQ-FS1-009/REQ-FS1-010/REQ-RUNTIME-002/REQ-WORKER-003,PASS
SPRINT-005,BC-007,EPIC-021,STORY-0723,ISSUE-0833,TASK-0723,Geoprocessamento,ADR-003/ADR-004/ADR-005/ADR-006/ADR-007/ADR-008/ADR-015/ADR-023/ADR-040/ADR-041/ADR-042/ADR-043/ADR-044/ADR-055,REQ-EPIC-021/REQ-FS1-002/REQ-FS1-003/REQ-FS1-008/REQ-FS1-009/REQ-FS1-010/REQ-NATIVE-003/REQ-NATIVE-005/REQ-NATIVE-006/REQ-NATIVE-007,PASS
SPRINT-005,BC-007,EPIC-021,STORY-0724,ISSUE-0834,TASK-0724,Geoprocessamento,ADR-003/ADR-004/ADR-005/ADR-006/ADR-007/ADR-008/ADR-009/ADR-041/ADR-042/ADR-043/ADR-053,REQ-NATIVE-008/REQ-NATIVE-009/REQ-NATIVE-010/REQ-SCP-001,PASS
SPRINT-005,BC-005,EPIC-022,STORY-0725,ISSUE-0835,TASK-0725,Geoprocessamento,ADR-003/ADR-004/ADR-005/ADR-006/ADR-007/ADR-008/ADR-025/ADR-030/ADR-038/ADR-039/ADR-041/ADR-042/ADR-043/ADR-044/ADR-051/ADR-052/ADR-053,REQ-AIE-002/REQ-AIE-004/REQ-AIE-006/REQ-AIE-008/REQ-AIE-009/REQ-AIE-010/REQ-CLASSICPROFILE-001/REQ-CLASSICPROFILE-002/REQ-CLASSICPROFILE-003/REQ-CLASSICPROFILE-005,PASS
SPRINT-005,BC-005,EPIC-022,STORY-0726,ISSUE-0836,TASK-0726,Geoprocessamento,ADR-003/ADR-004/ADR-005/ADR-006/ADR-007/ADR-008/ADR-015/ADR-023/ADR-040/ADR-041/ADR-042/ADR-043/ADR-044,REQ-CLASSICPROFILE-007/REQ-CLASSICPROFILE-009/REQ-FS1-002/REQ-FS1-003/REQ-FS1-008/REQ-FS1-009/REQ-FS1-010/REQ-NATIVE-003/REQ-NATIVE-005/REQ-NATIVE-006,PASS
SPRINT-005,BC-005,EPIC-022,STORY-0727,ISSUE-0837,TASK-0727,Geoprocessamento,ADR-003/ADR-004/ADR-005/ADR-006/ADR-007/ADR-008/ADR-009/ADR-041/ADR-042/ADR-043/ADR-046,REQ-NATIVE-007/REQ-NATIVE-008/REQ-NATIVE-009/REQ-NATIVE-010/REQ-SGVCAL-002/REQ-SGVCAL-003/REQ-SGVCAL-004/REQ-SGVCAL-005/REQ-SGVCAL-006/REQ-SGVCAL-009,PASS
SPRINT-005,BC-005,EPIC-022,STORY-0728,ISSUE-0838,TASK-0728,Geoprocessamento,ADR-003/ADR-004/ADR-005/ADR-006/ADR-007/ADR-008/ADR-041/ADR-042/ADR-043/ADR-046,REQ-SGVCAL-010,PASS
SPRINT-005,BC-007,EPIC-024,STORY-0729,ISSUE-0839,TASK-0729,Geoprocessamento,ADR-003/ADR-004/ADR-005/ADR-006/ADR-007/ADR-008/ADR-030/ADR-038/ADR-041/ADR-042/ADR-043/ADR-049/ADR-051/ADR-052/ADR-053/ADR-055,REQ-AIE-002/REQ-AIE-004/REQ-AIE-006/REQ-AIE-008/REQ-AIE-009/REQ-AIE-010/REQ-ANC-006/REQ-ANC-007/REQ-CRS-003/REQ-EPIC-021,PASS
SPRINT-005,BC-007,EPIC-024,STORY-0730,ISSUE-0840,TASK-0730,Geoprocessamento,ADR-003/ADR-004/ADR-005/ADR-006/ADR-007/ADR-008/ADR-015/ADR-023/ADR-040/ADR-041/ADR-042/ADR-043/ADR-044/ADR-045/ADR-046,REQ-EST-001/REQ-FS1-002/REQ-FS1-003/REQ-FS1-008/REQ-FS1-009/REQ-FS1-010/REQ-MSK-001/REQ-QUAL-003/REQ-RAS-003/REQ-REF-001,PASS
SPRINT-005,BC-007,EPIC-024,STORY-0731,ISSUE-0841,TASK-0731,Geoprocessamento,ADR-003/ADR-004/ADR-005/ADR-006/ADR-007/ADR-008/ADR-041/ADR-042/ADR-043/ADR-050,REQ-RMV-002,PASS
SPRINT-005,BC-013,EPIC-026,STORY-0732,ISSUE-0842,TASK-0732,Geoprocessamento,ADR-003/ADR-004/ADR-005/ADR-006/ADR-007/ADR-008/ADR-009/ADR-012/ADR-023/ADR-024/ADR-025/ADR-040/ADR-041/ADR-042/ADR-043,REQ-ART-001/REQ-ARTLAYOUT-001/REQ-ARTLAYOUT-002/REQ-ARTLAYOUT-003/REQ-ARTLAYOUT-004/REQ-ARTLAYOUT-005/REQ-ARTLAYOUT-006/REQ-ARTLAYOUT-007/REQ-ARTLAYOUT-008/REQ-ARTLAYOUT-009,PASS
SPRINT-005,BC-013,EPIC-026,STORY-0733,ISSUE-0843,TASK-0733,Geoprocessamento,ADR-003/ADR-004/ADR-005/ADR-006/ADR-007/ADR-008/ADR-015/ADR-019/ADR-023/ADR-040/ADR-041/ADR-042/ADR-043/ADR-044,REQ-ARTLAYOUT-010/REQ-DBSCHEMA-006/REQ-FS1-002/REQ-FS1-003/REQ-FS1-008/REQ-FS1-009/REQ-FS1-010/REQ-NATIVE-003/REQ-NATIVE-005/REQ-NATIVE-006,PASS
SPRINT-005,BC-013,EPIC-026,STORY-0734,ISSUE-0844,TASK-0734,Geoprocessamento,ADR-003/ADR-004/ADR-005/ADR-006/ADR-007/ADR-008/ADR-009/ADR-041/ADR-042/ADR-043,REQ-NATIVE-007/REQ-NATIVE-008/REQ-NATIVE-009/REQ-NATIVE-010,PASS
SPRINT-005,BC-007,EPIC-028,STORY-0735,ISSUE-0845,TASK-0735,Geoprocessamento,ADR-003/ADR-004/ADR-005/ADR-006/ADR-007/ADR-008/ADR-025/ADR-030/ADR-038/ADR-039/ADR-041/ADR-042/ADR-043/ADR-044/ADR-051/ADR-052/ADR-053,REQ-AI-012/REQ-AIE-002/REQ-AIE-004/REQ-AIE-006/REQ-AIE-008/REQ-AIE-009/REQ-AIE-010/REQ-CLASSICPROFILE-001/REQ-CLASSICPROFILE-002/REQ-CLASSICPROFILE-003,PASS
SPRINT-005,BC-007,EPIC-028,STORY-0736,ISSUE-0846,TASK-0736,Geoprocessamento,ADR-003/ADR-004/ADR-005/ADR-006/ADR-007/ADR-008/ADR-009/ADR-041/ADR-042/ADR-043/ADR-044/ADR-046/ADR-053,REQ-CLASSICPROFILE-005/REQ-CLASSICPROFILE-007/REQ-CLASSICPROFILE-009/REQ-SCP-001/REQ-SDR-001/REQ-SDR-004/REQ-SGVCAL-002/REQ-SGVCAL-003/REQ-SGVCAL-004/REQ-SGVCAL-005,PASS
SPRINT-005,BC-007,EPIC-028,STORY-0737,ISSUE-0847,TASK-0737,Geoprocessamento,ADR-003/ADR-004/ADR-005/ADR-006/ADR-007/ADR-008/ADR-018/ADR-041/ADR-042/ADR-043/ADR-046/ADR-053,REQ-SGVCAL-006/REQ-SGVCAL-009/REQ-SGVCAL-010/REQ-SRG-002/REQ-SRG-003/REQ-SRG-004/REQ-TOOL-007/REQ-TST-001,PASS
SPRINT-009,BC-016,EPIC-031,STORY-0738,ISSUE-0848,TASK-0738,Frontend,ADR-003/ADR-004/ADR-005/ADR-006/ADR-007/ADR-008/ADR-010/ADR-011/ADR-013/ADR-014/ADR-015/ADR-023/ADR-040/ADR-044/ADR-045,REQ-EPIC-031/REQ-FS1-001/REQ-FS1-002/REQ-FS1-003/REQ-FS1-004/REQ-FS1-006/REQ-FS1-008/REQ-FS1-009/REQ-FS1-010/REQ-RUN-001,PASS
SPRINT-009,BC-016,EPIC-031,STORY-0739,ISSUE-0849,TASK-0739,Frontend,ADR-003/ADR-004/ADR-005/ADR-006/ADR-007/ADR-008/ADR-010/ADR-011/ADR-013/ADR-014/ADR-017/ADR-040/ADR-045/ADR-055,REQ-RUN-002/REQ-RUN-003/REQ-RUN-004/REQ-RUN-005/REQ-RUN-006/REQ-RUN-007/REQ-RUN-008/REQ-RUN-009/REQ-RUN-010/REQ-RUNTIME-008,PASS
SPRINT-009,BC-016,EPIC-031,STORY-0740,ISSUE-0850,TASK-0740,Frontend,ADR-003/ADR-004/ADR-005/ADR-006/ADR-007/ADR-008/ADR-010/ADR-011/ADR-014,REQ-UX-001,PASS
SPRINT-009,BC-016,EPIC-034,STORY-0741,ISSUE-0851,TASK-0741,Frontend,ADR-003/ADR-004/ADR-005/ADR-006/ADR-007/ADR-008/ADR-012/ADR-014/ADR-037/ADR-038/ADR-039/ADR-040/ADR-046,REQ-BAT-001/REQ-BEX-002/REQ-BEX-003/REQ-BEX-004/REQ-BEX-005/REQ-BEX-006/REQ-BEX-007/REQ-BEX-008/REQ-BEX-009/REQ-BEX-010,PASS
SPRINT-009,BC-016,EPIC-034,STORY-0742,ISSUE-0852,TASK-0742,Frontend,ADR-002/ADR-003/ADR-004/ADR-005/ADR-006/ADR-007/ADR-008/ADR-014/ADR-030/ADR-040/ADR-046/ADR-053,REQ-EPIC-035/REQ-EPIC-070/REQ-QUAL-005/REQ-SCL-002/REQ-SMO-002/REQ-SMO-004,PASS
SPRINT-010,BC-012,EPIC-037,STORY-0743,ISSUE-0853,TASK-0743,Backend,ADR-002/ADR-003/ADR-004/ADR-005/ADR-006/ADR-007/ADR-008/ADR-012/ADR-016/ADR-037/ADR-038/ADR-039/ADR-040/ADR-050,REQ-BEX-002/REQ-BEX-004/REQ-BEX-006/REQ-BEX-007/REQ-BEX-008/REQ-BEX-009/REQ-BEX-010/REQ-EPIC-070/REQ-MSK-002/REQ-RMR-001,PASS
SPRINT-010,BC-012,EPIC-037,STORY-0744,ISSUE-0854,TASK-0744,Backend,ADR-003/ADR-004/ADR-005/ADR-006/ADR-007/ADR-008/ADR-016/ADR-053,REQ-SCL-002/REQ-SCM-003/REQ-SDR-004/REQ-SRP-003,PASS
SPRINT-011,BC-014,EPIC-039,STORY-0745,ISSUE-0855,TASK-0745,DevOps,ADR-003/ADR-004/ADR-006/ADR-007/ADR-008/ADR-009/ADR-010/ADR-011/ADR-024/ADR-030/ADR-033/ADR-034/ADR-038/ADR-046/ADR-051/ADR-052/ADR-053,REQ-AIE-002/REQ-AIE-003/REQ-AIE-004/REQ-AIE-006/REQ-AIE-007/REQ-AIE-008/REQ-AIE-009/REQ-AIE-010/REQ-ARTLAYOUT-001/REQ-ARTLAYOUT-004,PASS
SPRINT-011,BC-014,EPIC-039,STORY-0746,ISSUE-0856,TASK-0746,DevOps,ADR-003/ADR-004/ADR-006/ADR-007/ADR-008/ADR-009/ADR-010/ADR-011/ADR-023/ADR-033/ADR-034/ADR-037/ADR-054,REQ-ARTLAYOUT-008/REQ-ARTLAYOUT-009/REQ-MET-001/REQ-WORKER-003,PASS
SPRINT-002,BC-014,EPIC-041,STORY-0747,ISSUE-0857,TASK-0747,Arquiteto,ADR-003/ADR-004/ADR-006/ADR-007/ADR-008/ADR-009/ADR-030/ADR-038/ADR-046/ADR-051/ADR-052/ADR-053,REQ-AIE-001/REQ-AIE-002/REQ-AIE-003/REQ-AIE-004/REQ-AIE-005/REQ-AIE-006/REQ-AIE-007/REQ-AIE-008/REQ-AIE-009/REQ-AIE-010,PASS
SPRINT-002,BC-014,EPIC-041,STORY-0748,ISSUE-0858,TASK-0748,Arquiteto,ADR-003/ADR-004/ADR-006/ADR-007/ADR-008/ADR-023/ADR-028/ADR-029/ADR-031/ADR-055,REQ-ARTLAYOUT-010/REQ-AUTH-IMPL-001/REQ-AUTH-IMPL-002/REQ-AUTH-IMPL-003/REQ-AUTH-IMPL-004/REQ-AUTH-IMPL-005/REQ-AUTH-IMPL-006/REQ-AUTH-IMPL-007/REQ-AUTH-IMPL-008/REQ-AUTH-IMPL-009,PASS
SPRINT-002,BC-014,EPIC-041,STORY-0749,ISSUE-0859,TASK-0749,Arquiteto,ADR-002/ADR-003/ADR-004/ADR-006/ADR-007/ADR-008/ADR-014/ADR-031/ADR-047,REQ-AUTH-IMPL-010/REQ-EPIC-041/REQ-FS-001/REQ-SRC-002/REQ-SRC-003,PASS
SPRINT-006,BC-009,EPIC-050,STORY-0750,ISSUE-0860,TASK-0750,Geoprocessamento,ADR-003/ADR-004/ADR-005/ADR-006/ADR-007/ADR-008/ADR-009/ADR-033/ADR-038/ADR-041/ADR-042/ADR-043/ADR-051/ADR-052,REQ-AI-008/REQ-AI-009/REQ-AI-012/REQ-AI-013/REQ-AI-015/REQ-AI-017/REQ-AIE-002/REQ-AIE-004/REQ-AIE-006/REQ-AIE-008,PASS
SPRINT-006,BC-009,EPIC-050,STORY-0751,ISSUE-0861,TASK-0751,Geoprocessamento,ADR-003/ADR-004/ADR-005/ADR-006/ADR-007/ADR-008/ADR-009/ADR-030/ADR-037/ADR-041/ADR-042/ADR-043/ADR-053,REQ-AIE-009/REQ-AIE-010/REQ-EPIC-088/REQ-SCH-003/REQ-SDR-001,PASS
SPRINT-001,BC-001,EPIC-086,STORY-0752,ISSUE-0862,TASK-0752,Tech Lead,ADR-003/ADR-006/ADR-007/ADR-008/ADR-010/ADR-011/ADR-012/ADR-014/ADR-057,REQ-DEL-001/REQ-DEL-002/REQ-ISM-003/REQ-SPRINT-001-001/REQ-SPRINT-001-002/REQ-SPRINT-001-003/REQ-SPRINT-001-005/REQ-SPRINT-001-006/REQ-SPRINT-001-007/REQ-SPRINT-001-008,PASS
SPRINT-001,BC-001,EPIC-086,STORY-0753,ISSUE-0863,TASK-0753,Tech Lead,ADR-003/ADR-006/ADR-007/ADR-008/ADR-010/ADR-011/ADR-014/ADR-035,REQ-SPRINT-001-009/REQ-SPRINT-001-010,PASS
SPRINT-001,BC-001,EPIC-110,STORY-0754,ISSUE-0864,TASK-0754,Tech Lead,ADR-003/ADR-006/ADR-007/ADR-008/ADR-040,REQ-ISM-001/REQ-ISM-002/REQ-ISM-003/REQ-ISM-005/REQ-ISM-007/REQ-ISM-008/REQ-ISM-009/REQ-ISM-010/REQ-ISS-001/REQ-ISS-003,PASS
SPRINT-001,BC-001,EPIC-110,STORY-0755,ISSUE-0865,TASK-0755,Tech Lead,ADR-003/ADR-006/ADR-007/ADR-008/ADR-012/ADR-016/ADR-037/ADR-040,REQ-ISS-004/REQ-PLN-001/REQ-PLN-002/REQ-PLN-003/REQ-PLN-004/REQ-PLN-005/REQ-PLN-006/REQ-PLN-007/REQ-PLN-008/REQ-PLN-010,PASS
SPRINT-001,BC-001,EPIC-110,STORY-0756,ISSUE-0866,TASK-0756,Tech Lead,ADR-003/ADR-006/ADR-007/ADR-008/ADR-022/ADR-043/ADR-053,REQ-PRJ-001/REQ-PRJ-002/REQ-PRJ-003/REQ-PRJ-005/REQ-PRJ-006/REQ-PRJ-007/REQ-PRJ-008/REQ-PRJ-009/REQ-PRJ-010/REQ-PRM-001,PASS
SPRINT-001,BC-001,EPIC-110,STORY-0757,ISSUE-0867,TASK-0757,Tech Lead,ADR-003/ADR-006/ADR-007/ADR-008/ADR-016/ADR-050/ADR-053,REQ-PRM-002/REQ-PRM-003/REQ-PRM-004/REQ-PRM-005/REQ-PRM-006/REQ-PRM-007/REQ-PRM-008/REQ-PRM-009/REQ-PRM-010/REQ-SPRINT-001-001,PASS
SPRINT-001,BC-001,EPIC-110,STORY-0758,ISSUE-0868,TASK-0758,Tech Lead,ADR-003/ADR-006/ADR-007/ADR-008/ADR-012/ADR-035,REQ-SPRINT-001-002/REQ-SPRINT-001-003/REQ-SPRINT-001-005/REQ-SPRINT-001-006/REQ-SPRINT-001-007/REQ-SPRINT-001-008/REQ-SPRINT-001-009/REQ-SPRINT-001-010,PASS
SPRINT-001,BC-001,EPIC-001,STORY-0759,ISSUE-0869,TASK-0759,QA,ADR-003/ADR-006/ADR-007/ADR-008/ADR-009/ADR-033/ADR-034,,PASS
SPRINT-001,BC-001,EPIC-001,STORY-0760,ISSUE-0870,TASK-0760,Arquiteto,ADR-003/ADR-006/ADR-007/ADR-010/ADR-058,,PASS
SPRINT-001,BC-001,EPIC-001,STORY-0761,ISSUE-0871,TASK-0761,Security,ADR-001/ADR-003/ADR-006/ADR-007/ADR-010/ADR-058,,PASS
