sprint_id,issue_id,issue_type,story_id,epic_id,criteria_count,requirement_basis,requirements,governing_adrs,conflicts,redundancies,missing,impossible,cycles,status
SPRINT-001,ISSUE-0001,EPIC_ENVELOPE,,EPIC-001,6,MIXED,REQ-FRZ-001/REQ-FRZ-004/REQ-GOV-ADR-002/REQ-GOV-ADR-003/REQ-GOV-ADR-018/REQ-GOV-DEC-001/REQ-GOV-DEC-002/REQ-ISM-004/REQ-ISM-010/REQ-ISS-002/REQ-SPRINT-001-001/REQ-SPRINT-001-002/REQ-SPRINT-001-003/REQ-SPRINT-001-004/REQ-SPRINT-001-005/REQ-SPRINT-001-006/REQ-SPRINT-001-007/REQ-SPRINT-001-008/REQ-SPRINT-001-009/REQ-SPRINT-001-010/REQ-TOOL-001/REQ-TOOL-002/REQ-TOOL-010,ADR-002/ADR-054/ADR-053/ADR-026/ADR-007/ADR-008/ADR-010,0,0,0,0,0,PASS
SPRINT-001,ISSUE-0002,EPIC_ENVELOPE,,EPIC-002,6,MIXED,REQ-CLASSICPROFILE-001/REQ-CLASSICPROFILE-002/REQ-CLASSICPROFILE-003/REQ-CLASSICPROFILE-004/REQ-CLASSICPROFILE-005/REQ-CLASSICPROFILE-006/REQ-CLASSICPROFILE-007/REQ-CLASSICPROFILE-008/REQ-CLASSICPROFILE-009/REQ-CLASSICPROFILE-010/REQ-GOV-001/REQ-GOV-002/REQ-GOV-003/REQ-GOV-ADR-002/REQ-GOV-ADR-003/REQ-GOV-ADR-018/REQ-ISM-001/REQ-ISM-006/REQ-ISM-008/REQ-ISS-001/REQ-ISS-004/REQ-ISS-006/REQ-ISS-007/REQ-ISS-009/REQ-NATIVE-001/REQ-NATIVE-002/REQ-NATIVE-003/REQ-NATIVE-004/REQ-NATIVE-005/REQ-NATIVE-006/REQ-NATIVE-007/REQ-NATIVE-008/REQ-NATIVE-009/REQ-NATIVE-010/REQ-PLN-001/REQ-PLN-002/REQ-PLN-003/REQ-PLN-004/REQ-PLN-005/REQ-PLN-006/REQ-PLN-007/REQ-PLN-008/REQ-PLN-009/REQ-PLN-010/REQ-PRJ-001/REQ-PRJ-002/REQ-PRJ-003/REQ-PRJ-004/REQ-PRJ-005/REQ-PRJ-006/REQ-PRJ-007/REQ-PRJ-008/REQ-PRJ-009/REQ-PRJ-010/REQ-PRM-001/REQ-PRM-002/REQ-PRM-003/REQ-PRM-004/REQ-PRM-005/REQ-PRM-006/REQ-PRM-007/REQ-PRM-008/REQ-PRM-009/REQ-PRM-010/REQ-RUN-001/REQ-RUN-002/REQ-RUN-003/REQ-RUN-004/REQ-RUN-005/REQ-RUN-006/REQ-RUN-007/REQ-RUN-008/REQ-RUN-009/REQ-RUN-010/REQ-RUNTIME-001/REQ-RUNTIME-002/REQ-SPRINT-001-001/REQ-SPRINT-001-002/REQ-SPRINT-001-003/REQ-SPRINT-001-004/REQ-SPRINT-001-005/REQ-SPRINT-001-006/REQ-SPRINT-001-007/REQ-SPRINT-001-008/REQ-SPRINT-001-009/REQ-SPRINT-001-010/REQ-TOOL-001/REQ-TOOL-002/REQ-TOOL-005/REQ-WORKER-001/REQ-WORKER-002/REQ-WORKER-003/REQ-WORKER-004/REQ-WORKER-005/REQ-WORKER-006/REQ-WORKER-007/REQ-WORKER-008/REQ-WORKER-009/REQ-WORKER-010,ADR-002/ADR-044/ADR-041/ADR-007/ADR-008/ADR-010,0,0,0,0,0,PASS
SPRINT-001,ISSUE-0003,EPIC_ENVELOPE,,EPIC-003,6,MIXED,REQ-DEL-001/REQ-DEV-001/REQ-TOP-001,ADR-002/ADR-007/ADR-008/ADR-010,0,0,0,0,0,PASS
SPRINT-001,ISSUE-0004,EPIC_ENVELOPE,,EPIC-004,6,MIXED,REQ-ARTLAYOUT-010/REQ-CRS-002/REQ-DBSCHEMA-002/REQ-DBSCHEMA-004/REQ-DBSCHEMA-007/REQ-DBSCHEMA-008/REQ-EPIC-031/REQ-FS1-001/REQ-FS1-002/REQ-FS1-003/REQ-FS1-004/REQ-FS1-005/REQ-FS1-006/REQ-FS1-007/REQ-FS1-008/REQ-FS1-009/REQ-FS1-010/REQ-RUN-001/REQ-RUN-002/REQ-RUN-003/REQ-RUN-004/REQ-RUN-005/REQ-RUN-006/REQ-RUN-007/REQ-RUN-008/REQ-RUN-009/REQ-RUN-010/REQ-RUNTIME-001/REQ-RUNTIME-002/REQ-RUNTIME-003/REQ-RUNTIME-004/REQ-RUNTIME-006/REQ-RUNTIME-007/REQ-RUNTIME-008/REQ-SCM-001/REQ-TOOL-003/REQ-TOOL-005/REQ-TOP-001/REQ-UPG-005/REQ-UX-002,ADR-051/ADR-002/ADR-018/ADR-034/ADR-044/ADR-041/ADR-026/ADR-007/ADR-008/ADR-010,0,0,0,0,0,PASS
SPRINT-001,ISSUE-0005,EPIC_ENVELOPE,,EPIC-005,6,MIXED,REQ-AIE-001/REQ-AIE-002/REQ-AIE-003/REQ-AIE-004/REQ-AIE-005/REQ-AIE-006/REQ-AIE-007/REQ-AIE-008/REQ-AIE-009/REQ-AIE-010/REQ-BEX-001/REQ-BEX-002/REQ-BEX-003/REQ-BEX-004/REQ-BEX-005/REQ-BEX-006/REQ-BEX-007/REQ-BEX-008/REQ-BEX-009/REQ-BEX-010/REQ-EPIC-012/REQ-EPIC-041/REQ-FRZ-002/REQ-FS1-001/REQ-FS1-002/REQ-FS1-003/REQ-FS1-004/REQ-FS1-005/REQ-FS1-006/REQ-FS1-007/REQ-FS1-008/REQ-FS1-009/REQ-FS1-010/REQ-GOV-004/REQ-INS-003/REQ-ISS-007/REQ-OBS-002/REQ-SGVCAL-001/REQ-SGVCAL-002/REQ-SGVCAL-003/REQ-SGVCAL-004/REQ-SGVCAL-005/REQ-SGVCAL-006/REQ-SGVCAL-007/REQ-SGVCAL-008/REQ-SGVCAL-009/REQ-SGVCAL-010/REQ-SRG-002/REQ-SRP-002/REQ-SUP-001/REQ-TOOL-006/REQ-TOOL-007/REQ-TOOL-009/REQ-UPG-003,ADR-034/ADR-046/ADR-039/ADR-047/ADR-054/ADR-053/ADR-026/ADR-007/ADR-008/ADR-010,0,0,0,0,0,PASS
SPRINT-001,ISSUE-0006,EPIC_ENVELOPE,,EPIC-006,6,MIXED,REQ-AI-007/REQ-TST-001,ADR-051/ADR-007/ADR-008/ADR-010,0,0,0,0,0,PASS
SPRINT-001,ISSUE-0007,EPIC_ENVELOPE,,EPIC-007,6,MIXED,REQ-CIT-001/REQ-EPIC-042/REQ-OSS-001/REQ-PUB-002,ADR-034/ADR-047/ADR-054/ADR-007/ADR-008/ADR-010,0,0,0,0,0,PASS
SPRINT-002,ISSUE-0008,EPIC_ENVELOPE,,EPIC-008,6,MIXED,REQ-AUTH-IMPL-001/REQ-AUTH-IMPL-002/REQ-AUTH-IMPL-003/REQ-AUTH-IMPL-004/REQ-AUTH-IMPL-005/REQ-AUTH-IMPL-006/REQ-AUTH-IMPL-007/REQ-AUTH-IMPL-008/REQ-AUTH-IMPL-009/REQ-AUTH-IMPL-010/REQ-DBSCHEMA-003/REQ-EPIC-076/REQ-ID-001/REQ-ID-002/REQ-INS-002,ADR-018/ADR-028/ADR-034/ADR-007/ADR-008/ADR-010,0,0,0,0,0,PASS
SPRINT-002,ISSUE-0009,EPIC_ENVELOPE,,EPIC-009,6,MIXED,REQ-ACC-001/REQ-AUTH-IMPL-001/REQ-AUTH-IMPL-002/REQ-AUTH-IMPL-003/REQ-AUTH-IMPL-004/REQ-AUTH-IMPL-005/REQ-AUTH-IMPL-006/REQ-AUTH-IMPL-007/REQ-AUTH-IMPL-008/REQ-AUTH-IMPL-009/REQ-AUTH-IMPL-010/REQ-ID-002,ADR-028/ADR-007/ADR-008/ADR-010,0,0,0,0,0,PASS
SPRINT-002,ISSUE-0010,EPIC_ENVELOPE,,EPIC-010,6,MIXED,REQ-ACC-001/REQ-AUTH-IMPL-001/REQ-AUTH-IMPL-002/REQ-AUTH-IMPL-003/REQ-AUTH-IMPL-004/REQ-AUTH-IMPL-005/REQ-AUTH-IMPL-006/REQ-AUTH-IMPL-007/REQ-AUTH-IMPL-008/REQ-AUTH-IMPL-009/REQ-AUTH-IMPL-010/REQ-HW-001,ADR-051/ADR-028/ADR-007/ADR-008/ADR-010,0,0,0,0,0,PASS
SPRINT-002,ISSUE-0011,EPIC_ENVELOPE,,EPIC-011,6,MIXED,REQ-AUD-001/REQ-AUTH-IMPL-001/REQ-AUTH-IMPL-002/REQ-AUTH-IMPL-003/REQ-AUTH-IMPL-004/REQ-AUTH-IMPL-005/REQ-AUTH-IMPL-006/REQ-AUTH-IMPL-007/REQ-AUTH-IMPL-008/REQ-AUTH-IMPL-009/REQ-AUTH-IMPL-010/REQ-RUNTIME-006/REQ-RUNTIME-007/REQ-RUNTIME-010,ADR-002/ADR-028/ADR-054/ADR-007/ADR-008/ADR-010,0,0,0,0,0,PASS
SPRINT-002,ISSUE-0012,EPIC_ENVELOPE,,EPIC-012,6,MIXED,REQ-ART-001/REQ-ART-003/REQ-ARTLAYOUT-002/REQ-CAT-001/REQ-DBSCHEMA-001/REQ-DBSCHEMA-002/REQ-DBSCHEMA-003/REQ-DBSCHEMA-004/REQ-DBSCHEMA-005/REQ-DBSCHEMA-006/REQ-DBSCHEMA-007/REQ-DBSCHEMA-008/REQ-DBSCHEMA-009/REQ-FS-001/REQ-PRV-001/REQ-RUN-001/REQ-RUN-002/REQ-RUN-003/REQ-RUN-004/REQ-RUN-005/REQ-RUN-006/REQ-RUN-007/REQ-RUN-008/REQ-RUN-009/REQ-RUN-010/REQ-RUNTIME-005/REQ-SCM-002/REQ-TOOL-004/REQ-TOOL-005/REQ-UPG-002,ADR-002/ADR-018/ADR-039/ADR-048/ADR-027/ADR-041/ADR-026/ADR-007/ADR-008/ADR-010,0,0,0,0,0,PASS
SPRINT-002,ISSUE-0013,EPIC_ENVELOPE,,EPIC-013,6,MIXED,REQ-DBSCHEMA-001/REQ-DBSCHEMA-010/REQ-EPIC-039/REQ-PRV-001/REQ-RUNTIME-005/REQ-TOOL-004,ADR-018/ADR-027/ADR-026/ADR-007/ADR-008/ADR-010,0,0,0,0,0,PASS
SPRINT-003,ISSUE-0014,EPIC_ENVELOPE,,EPIC-014,6,MIXED,REQ-AIE-001/REQ-AIE-002/REQ-AIE-003/REQ-AIE-004/REQ-AIE-005/REQ-AIE-006/REQ-AIE-007/REQ-AIE-008/REQ-AIE-009/REQ-AIE-010/REQ-DBSCHEMA-008/REQ-DBSCHEMA-009/REQ-EPIC-014/REQ-FS1-001/REQ-FS1-002/REQ-FS1-003/REQ-FS1-004/REQ-FS1-005/REQ-FS1-006/REQ-FS1-007/REQ-FS1-008/REQ-FS1-009/REQ-FS1-010/REQ-RUNTIME-002/REQ-WORKER-001/REQ-WORKER-002/REQ-WORKER-003/REQ-WORKER-004/REQ-WORKER-005/REQ-WORKER-006/REQ-WORKER-007/REQ-WORKER-008/REQ-WORKER-009/REQ-WORKER-010,ADR-002/ADR-018/ADR-036/ADR-007/ADR-008/ADR-010,0,0,0,0,0,PASS
SPRINT-003,ISSUE-0015,EPIC_ENVELOPE,,EPIC-015,6,MIXED,REQ-EPIC-015/REQ-TOP-001,ADR-002/ADR-036/ADR-007/ADR-008/ADR-010,0,0,0,0,0,PASS
SPRINT-003,ISSUE-0016,EPIC_ENVELOPE,,EPIC-016,6,MIXED,REQ-EPIC-014/REQ-EPIC-015/REQ-EPIC-016/REQ-EPIC-018,ADR-002/ADR-036/ADR-007/ADR-008/ADR-010,0,0,0,0,0,PASS
SPRINT-003,ISSUE-0017,EPIC_ENVELOPE,,EPIC-017,6,MIXED,REQ-FS1-009/REQ-RUN-006/REQ-RUN-007/REQ-RUNTIME-005/REQ-WORKER-008,ADR-002/ADR-018/ADR-036/ADR-039/ADR-054/ADR-007/ADR-008/ADR-010,0,0,0,0,0,PASS
SPRINT-003,ISSUE-0018,EPIC_ENVELOPE,,EPIC-018,6,MIXED,REQ-BEX-001/REQ-BEX-002/REQ-BEX-003/REQ-BEX-004/REQ-BEX-005/REQ-BEX-006/REQ-BEX-007/REQ-BEX-008/REQ-BEX-009/REQ-BEX-010/REQ-EPIC-017/REQ-EPIC-018/REQ-EPIC-062/REQ-MOS-001/REQ-SCH-002/REQ-SCL-001,ADR-036/ADR-039/ADR-048/ADR-049/ADR-007/ADR-008/ADR-010,0,0,0,0,0,PASS
SPRINT-003,ISSUE-0019,EPIC_ENVELOPE,,EPIC-019,6,MIXED,REQ-BEX-001/REQ-BEX-002/REQ-BEX-003/REQ-BEX-004/REQ-BEX-005/REQ-BEX-006/REQ-BEX-007/REQ-BEX-008/REQ-BEX-009/REQ-BEX-010/REQ-DIS-002/REQ-MAT-001/REQ-MOS-004/REQ-RES-001/REQ-SCH-001/REQ-SCL-001,ADR-039/ADR-044/ADR-049/ADR-007/ADR-008/ADR-010,0,0,0,0,0,PASS
SPRINT-003,ISSUE-0020,EPIC_ENVELOPE,,EPIC-020,6,MIXED,REQ-FS1-001/REQ-FS1-002/REQ-FS1-003/REQ-FS1-004/REQ-FS1-005/REQ-FS1-006/REQ-FS1-007/REQ-FS1-008/REQ-FS1-009/REQ-FS1-010,ADR-002/ADR-018/ADR-036/ADR-007/ADR-008/ADR-010,0,0,0,0,0,PASS
SPRINT-005,ISSUE-0021,EPIC_ENVELOPE,,EPIC-021,6,MIXED,REQ-DBSCHEMA-005/REQ-EPIC-021/REQ-FS1-001/REQ-FS1-002/REQ-FS1-003/REQ-FS1-004/REQ-FS1-005/REQ-FS1-006/REQ-FS1-007/REQ-FS1-008/REQ-FS1-009/REQ-FS1-010/REQ-NATIVE-001/REQ-NATIVE-002/REQ-NATIVE-003/REQ-NATIVE-004/REQ-NATIVE-005/REQ-NATIVE-006/REQ-NATIVE-007/REQ-NATIVE-008/REQ-NATIVE-009/REQ-NATIVE-010/REQ-SCP-001,ADR-046/ADR-044/ADR-047/ADR-041/ADR-007/ADR-008/ADR-010,0,0,0,0,0,PASS
SPRINT-005,ISSUE-0022,EPIC_ENVELOPE,,EPIC-022,6,MIXED,REQ-AI-010/REQ-AIE-001/REQ-AIE-002/REQ-AIE-003/REQ-AIE-004/REQ-AIE-005/REQ-AIE-006/REQ-AIE-007/REQ-AIE-008/REQ-AIE-009/REQ-AIE-010/REQ-CLASSICPROFILE-001/REQ-CLASSICPROFILE-002/REQ-CLASSICPROFILE-003/REQ-CLASSICPROFILE-004/REQ-CLASSICPROFILE-005/REQ-CLASSICPROFILE-006/REQ-CLASSICPROFILE-007/REQ-CLASSICPROFILE-008/REQ-CLASSICPROFILE-009/REQ-CLASSICPROFILE-010/REQ-FS1-001/REQ-FS1-002/REQ-FS1-003/REQ-FS1-004/REQ-FS1-005/REQ-FS1-006/REQ-FS1-007/REQ-FS1-008/REQ-FS1-009/REQ-FS1-010/REQ-NATIVE-001/REQ-NATIVE-002/REQ-NATIVE-003/REQ-NATIVE-004/REQ-NATIVE-005/REQ-NATIVE-006/REQ-NATIVE-007/REQ-NATIVE-008/REQ-NATIVE-009/REQ-NATIVE-010/REQ-SGVCAL-001/REQ-SGVCAL-002/REQ-SGVCAL-003/REQ-SGVCAL-004/REQ-SGVCAL-005/REQ-SGVCAL-006/REQ-SGVCAL-007/REQ-SGVCAL-008/REQ-SGVCAL-009/REQ-SGVCAL-010,ADR-051/ADR-046/ADR-044/ADR-041/ADR-007/ADR-008/ADR-010,0,0,0,0,0,PASS
SPRINT-005,ISSUE-0023,EPIC_ENVELOPE,,EPIC-023,6,MIXED,REQ-FS1-001/REQ-FS1-002/REQ-FS1-003/REQ-FS1-004/REQ-FS1-005/REQ-FS1-006/REQ-FS1-007/REQ-FS1-008/REQ-FS1-009/REQ-FS1-010/REQ-HOM-001/REQ-MCH-001/REQ-SDR-001,ADR-044/ADR-053/ADR-007/ADR-008/ADR-010,0,0,0,0,0,PASS
SPRINT-005,ISSUE-0024,EPIC_ENVELOPE,,EPIC-024,6,MIXED,REQ-AIE-001/REQ-AIE-002/REQ-AIE-003/REQ-AIE-004/REQ-AIE-005/REQ-AIE-006/REQ-AIE-007/REQ-AIE-008/REQ-AIE-009/REQ-AIE-010/REQ-ANC-002/REQ-ANC-003/REQ-ANC-006/REQ-ANC-007/REQ-CRS-003/REQ-EPIC-021/REQ-EST-001/REQ-FS1-001/REQ-FS1-002/REQ-FS1-003/REQ-FS1-004/REQ-FS1-005/REQ-FS1-006/REQ-FS1-007/REQ-FS1-008/REQ-FS1-009/REQ-FS1-010/REQ-GCP-001/REQ-HOM-001/REQ-MOS-003/REQ-MOS-005/REQ-MSK-001/REQ-QUAL-001/REQ-QUAL-002/REQ-QUAL-003/REQ-QUAL-004/REQ-RAS-003/REQ-REF-001/REQ-REF-002/REQ-REV-003/REQ-RMV-001/REQ-RMV-002/REQ-SDR-002,ADR-046/ADR-044/ADR-048/ADR-041/ADR-049/ADR-050/ADR-053/ADR-007/ADR-008/ADR-010,0,0,0,0,0,PASS
SPRINT-005,ISSUE-0025,EPIC_ENVELOPE,,EPIC-025,6,MIXED,REQ-QUAL-004,ADR-046/ADR-007/ADR-008/ADR-010,0,0,0,0,0,PASS
SPRINT-005,ISSUE-0026,EPIC_ENVELOPE,,EPIC-026,6,MIXED,REQ-AI-005/REQ-ART-001/REQ-ARTLAYOUT-001/REQ-ARTLAYOUT-002/REQ-ARTLAYOUT-003/REQ-ARTLAYOUT-004/REQ-ARTLAYOUT-005/REQ-ARTLAYOUT-006/REQ-ARTLAYOUT-007/REQ-ARTLAYOUT-008/REQ-ARTLAYOUT-009/REQ-ARTLAYOUT-010/REQ-DBSCHEMA-006/REQ-FS1-001/REQ-FS1-002/REQ-FS1-003/REQ-FS1-004/REQ-FS1-005/REQ-FS1-006/REQ-FS1-007/REQ-FS1-008/REQ-FS1-009/REQ-FS1-010/REQ-NATIVE-001/REQ-NATIVE-002/REQ-NATIVE-003/REQ-NATIVE-004/REQ-NATIVE-005/REQ-NATIVE-006/REQ-NATIVE-007/REQ-NATIVE-008/REQ-NATIVE-009/REQ-NATIVE-010,ADR-051/ADR-018/ADR-044/ADR-027/ADR-041/ADR-007/ADR-008/ADR-010,0,0,0,0,0,PASS
SPRINT-005,ISSUE-0027,EPIC_ENVELOPE,,EPIC-027,6,MIXED,REQ-SRC-001/REQ-SRC-002,ADR-047/ADR-007/ADR-008/ADR-010,0,0,0,0,0,PASS
SPRINT-005,ISSUE-0028,EPIC_ENVELOPE,,EPIC-028,6,MIXED,REQ-AI-012/REQ-AIE-001/REQ-AIE-002/REQ-AIE-003/REQ-AIE-004/REQ-AIE-005/REQ-AIE-006/REQ-AIE-007/REQ-AIE-008/REQ-AIE-009/REQ-AIE-010/REQ-CLASSICPROFILE-001/REQ-CLASSICPROFILE-002/REQ-CLASSICPROFILE-003/REQ-CLASSICPROFILE-004/REQ-CLASSICPROFILE-005/REQ-CLASSICPROFILE-006/REQ-CLASSICPROFILE-007/REQ-CLASSICPROFILE-008/REQ-CLASSICPROFILE-009/REQ-CLASSICPROFILE-010/REQ-SCP-001/REQ-SDR-001/REQ-SDR-002/REQ-SDR-003/REQ-SDR-004/REQ-SGVCAL-001/REQ-SGVCAL-002/REQ-SGVCAL-003/REQ-SGVCAL-004/REQ-SGVCAL-005/REQ-SGVCAL-006/REQ-SGVCAL-007/REQ-SGVCAL-008/REQ-SGVCAL-009/REQ-SGVCAL-010/REQ-SRG-001/REQ-SRG-002/REQ-SRG-003/REQ-SRG-004/REQ-TOOL-007/REQ-TST-001,ADR-046/ADR-047/ADR-053/ADR-007/ADR-008/ADR-010,0,0,0,0,0,PASS
SPRINT-005,ISSUE-0029,EPIC_ENVELOPE,,EPIC-029,6,MIXED,REQ-AI-008/REQ-AI-010/REQ-AI-011/REQ-AI-014/REQ-SRC-005/REQ-UX-002,ADR-051/ADR-044/ADR-047/ADR-007/ADR-008/ADR-010,0,0,0,0,0,PASS
SPRINT-005,ISSUE-0030,EPIC_ENVELOPE,,EPIC-030,6,MIXED,REQ-EPIC-016/REQ-EPIC-037/REQ-EPIC-038,ADR-036/ADR-046/ADR-048/ADR-007/ADR-008/ADR-010,0,0,0,0,0,PASS
SPRINT-009,ISSUE-0031,EPIC_ENVELOPE,,EPIC-031,6,MIXED,REQ-EPIC-031/REQ-FS-001/REQ-FS1-001/REQ-FS1-002/REQ-FS1-003/REQ-FS1-004/REQ-FS1-005/REQ-FS1-006/REQ-FS1-007/REQ-FS1-008/REQ-FS1-009/REQ-FS1-010/REQ-RUN-001/REQ-RUN-002/REQ-RUN-003/REQ-RUN-004/REQ-RUN-005/REQ-RUN-006/REQ-RUN-007/REQ-RUN-008/REQ-RUN-009/REQ-RUN-010/REQ-RUNTIME-008/REQ-TOOL-008/REQ-TOOL-009/REQ-UX-001,ADR-002/ADR-007/ADR-008/ADR-010,0,0,0,0,0,PASS
SPRINT-009,ISSUE-0032,EPIC_ENVELOPE,,EPIC-032,6,MIXED,REQ-ANC-005/REQ-MSK-003/REQ-MTD-001/REQ-RMR-002/REQ-UX-001,ADR-002/ADR-044/ADR-049/ADR-050/ADR-007/ADR-008/ADR-010,0,0,0,0,0,PASS
SPRINT-009,ISSUE-0033,EPIC_ENVELOPE,,EPIC-033,6,MIXED,REQ-AI-011/REQ-SRC-004/REQ-UX-002,ADR-051/ADR-044/ADR-047/ADR-007/ADR-008/ADR-010,0,0,0,0,0,PASS
SPRINT-009,ISSUE-0034,EPIC_ENVELOPE,,EPIC-034,6,MIXED,REQ-BAT-001/REQ-BEX-001/REQ-BEX-002/REQ-BEX-003/REQ-BEX-004/REQ-BEX-005/REQ-BEX-006/REQ-BEX-007/REQ-BEX-008/REQ-BEX-009/REQ-BEX-010/REQ-CAT-001/REQ-EPIC-035/REQ-EPIC-037/REQ-EPIC-062/REQ-EPIC-070/REQ-QUAL-003/REQ-QUAL-005/REQ-SCL-002/REQ-SMO-002/REQ-SMO-004,ADR-046/ADR-039/ADR-048/ADR-007/ADR-008/ADR-010,0,0,0,0,0,PASS
SPRINT-009,ISSUE-0035,EPIC_ENVELOPE,,EPIC-035,6,MIXED,REQ-EPIC-035,ADR-048/ADR-007/ADR-008/ADR-010,0,0,0,0,0,PASS
SPRINT-009,ISSUE-0036,EPIC_ENVELOPE,,EPIC-036,6,MIXED,REQ-AI-016/REQ-EPIC-038/REQ-UX-003,ADR-051/ADR-046/ADR-007/ADR-008/ADR-010,0,0,0,0,0,PASS
SPRINT-010,ISSUE-0037,EPIC_ENVELOPE,,EPIC-037,6,MIXED,REQ-BEX-001/REQ-BEX-002/REQ-BEX-003/REQ-BEX-004/REQ-BEX-005/REQ-BEX-006/REQ-BEX-007/REQ-BEX-008/REQ-BEX-009/REQ-BEX-010/REQ-EPIC-037/REQ-EPIC-070/REQ-GCP-002/REQ-MSK-002/REQ-PROV-001/REQ-QUAL-002/REQ-QUAL-003/REQ-RMR-001/REQ-RMR-003/REQ-SCL-002/REQ-SCM-003/REQ-SDR-004/REQ-SRP-003,ADR-018/ADR-046/ADR-039/ADR-048/ADR-041/ADR-050/ADR-053/ADR-026/ADR-007/ADR-008/ADR-010,0,0,0,0,0,PASS
SPRINT-010,ISSUE-0038,EPIC_ENVELOPE,,EPIC-038,6,MIXED,REQ-QUAL-005,ADR-046/ADR-007/ADR-008/ADR-010,0,0,0,0,0,PASS
SPRINT-011,ISSUE-0039,EPIC_ENVELOPE,,EPIC-039,6,MIXED,REQ-AIE-001/REQ-AIE-002/REQ-AIE-003/REQ-AIE-004/REQ-AIE-005/REQ-AIE-006/REQ-AIE-007/REQ-AIE-008/REQ-AIE-009/REQ-AIE-010/REQ-ARTLAYOUT-001/REQ-ARTLAYOUT-004/REQ-ARTLAYOUT-008/REQ-ARTLAYOUT-009/REQ-EPIC-018/REQ-LOG-001/REQ-MET-001/REQ-OBS-001/REQ-OBS-002/REQ-RUNTIME-009/REQ-RUNTIME-010/REQ-WORKER-001/REQ-WORKER-002/REQ-WORKER-003/REQ-WORKER-004/REQ-WORKER-005/REQ-WORKER-006/REQ-WORKER-007/REQ-WORKER-008/REQ-WORKER-009/REQ-WORKER-010,ADR-002/ADR-018/ADR-036/ADR-054/ADR-007/ADR-008/ADR-010,0,0,0,0,0,PASS
SPRINT-011,ISSUE-0040,EPIC_ENVELOPE,,EPIC-040,6,MIXED,REQ-NFR-001/REQ-OUT-001/REQ-RES-001/REQ-RMQ-001/REQ-SCH-004/REQ-SCL-001/REQ-SMO-001/REQ-SMO-003/REQ-SRP-001,ADR-039/ADR-041/ADR-050/ADR-007/ADR-008/ADR-010,0,0,0,0,0,PASS
SPRINT-002,ISSUE-0041,EPIC_ENVELOPE,,EPIC-041,6,MIXED,REQ-AIE-001/REQ-AIE-002/REQ-AIE-003/REQ-AIE-004/REQ-AIE-005/REQ-AIE-006/REQ-AIE-007/REQ-AIE-008/REQ-AIE-009/REQ-AIE-010/REQ-ARTLAYOUT-010/REQ-AUTH-IMPL-001/REQ-AUTH-IMPL-002/REQ-AUTH-IMPL-003/REQ-AUTH-IMPL-004/REQ-AUTH-IMPL-005/REQ-AUTH-IMPL-006/REQ-AUTH-IMPL-007/REQ-AUTH-IMPL-008/REQ-AUTH-IMPL-009/REQ-AUTH-IMPL-010/REQ-EPIC-041/REQ-FS-001/REQ-NET-001/REQ-SRC-002/REQ-SRC-003,ADR-002/ADR-018/ADR-028/ADR-034/ADR-047/ADR-007/ADR-008/ADR-010,0,0,0,0,0,PASS
SPRINT-012,ISSUE-0042,EPIC_ENVELOPE,,EPIC-042,6,MIXED,REQ-CIT-001/REQ-EPIC-042/REQ-EPIC-043/REQ-OSS-001/REQ-PUB-004,ADR-034/ADR-047/ADR-054/ADR-007/ADR-008/ADR-010,0,0,0,0,0,PASS
SPRINT-012,ISSUE-0043,EPIC_ENVELOPE,,EPIC-043,6,MIXED,REQ-SRG-003/REQ-SRG-004/REQ-TOOL-008/REQ-TOOL-010,ADR-053/ADR-007/ADR-008/ADR-010,0,0,0,0,0,PASS
SPRINT-005,ISSUE-0044,EPIC_ENVELOPE,,EPIC-044,6,MIXED,REQ-ART-002/REQ-CRS-006/REQ-OUT-001/REQ-RAS-001/REQ-RAS-002,ADR-018/ADR-041/ADR-007/ADR-008/ADR-010,0,0,0,0,0,PASS
SPRINT-005,ISSUE-0045,EPIC_ENVELOPE,,EPIC-045,6,MIXED,REQ-MSK-001/REQ-MSK-002/REQ-MSK-003/REQ-RAS-001,ADR-044/ADR-041/ADR-007/ADR-008/ADR-010,0,0,0,0,0,PASS
SPRINT-005,ISSUE-0046,EPIC_ENVELOPE,,EPIC-046,6,MIXED,REQ-AI-017/REQ-ANC-004/REQ-ART-002/REQ-ART-003/REQ-RAS-005,ADR-051/ADR-018/ADR-041/ADR-049/ADR-007/ADR-008/ADR-010,0,0,0,0,0,PASS
SPRINT-005,ISSUE-0047,EPIC_ENVELOPE,,EPIC-047,6,MIXED,REQ-MAT-001,ADR-044/ADR-007/ADR-008/ADR-010,0,0,0,0,0,PASS
SPRINT-005,ISSUE-0048,EPIC_ENVELOPE,,EPIC-048,6,MIXED,REQ-MTD-001,ADR-044/ADR-007/ADR-008/ADR-010,0,0,0,0,0,PASS
SPRINT-010,ISSUE-0049,EPIC_ENVELOPE,,EPIC-049,6,MIXED,REQ-AI-009/REQ-BKP-001/REQ-CAC-001/REQ-EPIC-017/REQ-EPIC-070/REQ-PROV-001/REQ-RET-001/REQ-REV-003/REQ-RMQ-002/REQ-SDR-004/REQ-SRG-004,ADR-051/ADR-018/ADR-036/ADR-047/ADR-048/ADR-027/ADR-050/ADR-053/ADR-007/ADR-008/ADR-010,0,0,0,0,0,PASS
SPRINT-006,ISSUE-0050,EPIC_ENVELOPE,,EPIC-050,6,MIXED,REQ-AI-001/REQ-AI-005/REQ-AI-008/REQ-AI-009/REQ-AI-012/REQ-AI-013/REQ-AI-015/REQ-AI-017/REQ-AIE-001/REQ-AIE-002/REQ-AIE-003/REQ-AIE-004/REQ-AIE-005/REQ-AIE-006/REQ-AIE-007/REQ-AIE-008/REQ-AIE-009/REQ-AIE-010/REQ-EPIC-088/REQ-MCH-001/REQ-SCH-003/REQ-SDR-001/REQ-SDR-002/REQ-SDR-003,ADR-051/ADR-039/ADR-044/ADR-053/ADR-007/ADR-008/ADR-010,0,0,0,0,0,PASS
SPRINT-006,ISSUE-0051,EPIC_ENVELOPE,,EPIC-051,6,MIXED,REQ-EST-001,ADR-044/ADR-007/ADR-008/ADR-010,0,0,0,0,0,PASS
SPRINT-006,ISSUE-0052,EPIC_ENVELOPE,,EPIC-052,6,MIXED,REQ-GCP-001,ADR-044/ADR-007/ADR-008/ADR-010,0,0,0,0,0,PASS
SPRINT-006,ISSUE-0053,EPIC_ENVELOPE,,EPIC-053,6,MIXED,REQ-REF-001,ADR-044/ADR-007/ADR-008/ADR-010,0,0,0,0,0,PASS
SPRINT-006,ISSUE-0054,EPIC_ENVELOPE,,EPIC-054,6,MIXED,REQ-DIS-001,ADR-044/ADR-007/ADR-008/ADR-010,0,0,0,0,0,PASS
SPRINT-006,ISSUE-0055,EPIC_ENVELOPE,,EPIC-055,6,MIXED,REQ-DIS-002/REQ-MOS-002,ADR-044/ADR-049/ADR-007/ADR-008/ADR-010,0,0,0,0,0,PASS
SPRINT-006,ISSUE-0056,EPIC_ENVELOPE,,EPIC-056,6,MIXED,REQ-REF-002/REQ-RMV-003,ADR-044/ADR-050/ADR-007/ADR-008/ADR-010,0,0,0,0,0,PASS
SPRINT-006,ISSUE-0057,EPIC_ENVELOPE,,EPIC-057,6,MIXED,REQ-BAT-001,ADR-036/ADR-046/ADR-039/ADR-048/ADR-007/ADR-008/ADR-010,0,0,0,0,0,PASS
SPRINT-006,ISSUE-0058,EPIC_ENVELOPE,,EPIC-058,6,MIXED,REQ-ANC-001/REQ-CRS-005/REQ-CRS-007/REQ-OFF-001/REQ-PUB-003/REQ-SRC-003,ADR-051/ADR-047/ADR-041/ADR-049/ADR-007/ADR-008/ADR-010,0,0,0,0,0,PASS
SPRINT-006,ISSUE-0059,EPIC_ENVELOPE,,EPIC-059,6,MIXED,REQ-SRC-004,ADR-047/ADR-007/ADR-008/ADR-010,0,0,0,0,0,PASS
SPRINT-006,ISSUE-0060,EPIC_ENVELOPE,,EPIC-060,6,MIXED,REQ-PUB-003/REQ-SRC-005,ADR-047/ADR-007/ADR-008/ADR-010,0,0,0,0,0,PASS
SPRINT-010,ISSUE-0061,EPIC_ENVELOPE,,EPIC-061,6,MIXED,REQ-CAC-001/REQ-PUB-003,ADR-047/ADR-007/ADR-008/ADR-010,0,0,0,0,0,PASS
SPRINT-009,ISSUE-0062,EPIC_ENVELOPE,,EPIC-062,6,MIXED,REQ-EPIC-062/REQ-REV-003/REQ-REV-004,ADR-048/ADR-007/ADR-008/ADR-010,0,0,0,0,0,PASS
SPRINT-006,ISSUE-0063,EPIC_ENVELOPE,,EPIC-063,6,MIXED,REQ-CRS-001/REQ-GCP-002,ADR-048/ADR-041/ADR-007/ADR-008/ADR-010,0,0,0,0,0,PASS
SPRINT-009,ISSUE-0064,EPIC_ENVELOPE,,EPIC-064,6,MIXED,REQ-REV-004,ADR-048/ADR-007/ADR-008/ADR-010,0,0,0,0,0,PASS
SPRINT-004,ISSUE-0065,EPIC_ENVELOPE,,EPIC-065,6,MIXED,REQ-BEX-001/REQ-BEX-002/REQ-BEX-003/REQ-BEX-004/REQ-BEX-005/REQ-BEX-006/REQ-BEX-007/REQ-BEX-008/REQ-BEX-009/REQ-BEX-010,ADR-036/ADR-039/ADR-053/ADR-007/ADR-008/ADR-010,0,0,0,0,0,PASS
SPRINT-004,ISSUE-0066,EPIC_ENVELOPE,,EPIC-066,6,MIXED,REQ-ANC-008/REQ-BEX-001/REQ-BEX-002/REQ-BEX-003/REQ-BEX-004/REQ-BEX-005/REQ-BEX-006/REQ-BEX-007/REQ-BEX-008/REQ-BEX-009/REQ-BEX-010,ADR-049/ADR-007/ADR-008/ADR-010,0,0,0,0,0,PASS
SPRINT-004,ISSUE-0067,EPIC_ENVELOPE,,EPIC-067,6,MIXED,REQ-BEX-001/REQ-BEX-002/REQ-BEX-003/REQ-BEX-004/REQ-BEX-005/REQ-BEX-006/REQ-BEX-007/REQ-BEX-008/REQ-BEX-009/REQ-BEX-010,ADR-036/ADR-039/ADR-054/ADR-007/ADR-008/ADR-010,0,0,0,0,0,PASS
SPRINT-004,ISSUE-0068,EPIC_ENVELOPE,,EPIC-068,6,MIXED,REQ-BEX-001/REQ-BEX-002/REQ-BEX-003/REQ-BEX-004/REQ-BEX-005/REQ-BEX-006/REQ-BEX-007/REQ-BEX-008/REQ-BEX-009/REQ-BEX-010/REQ-SCH-001/REQ-SCH-002/REQ-SCH-003/REQ-SCH-004,ADR-039/ADR-007/ADR-008/ADR-010,0,0,0,0,0,PASS
SPRINT-004,ISSUE-0069,EPIC_ENVELOPE,,EPIC-069,6,MIXED,REQ-BEX-001/REQ-BEX-002/REQ-BEX-003/REQ-BEX-004/REQ-BEX-005/REQ-BEX-006/REQ-BEX-007/REQ-BEX-008/REQ-BEX-009/REQ-BEX-010/REQ-SMO-001/REQ-SMO-002/REQ-SMO-003/REQ-SMO-004,ADR-039/ADR-007/ADR-008/ADR-010,0,0,0,0,0,PASS
SPRINT-010,ISSUE-0070,EPIC_ENVELOPE,,EPIC-070,6,MIXED,REQ-EPIC-037/REQ-EPIC-070/REQ-PROV-001/REQ-RMR-001,ADR-018/ADR-048/ADR-050/ADR-007/ADR-008/ADR-010,0,0,0,0,0,PASS
SPRINT-011,ISSUE-0071,EPIC_ENVELOPE,,EPIC-071,6,MIXED,REQ-BKP-001/REQ-BKP-002/REQ-SCM-004/REQ-UPG-001,ADR-027/ADR-026/ADR-007/ADR-008/ADR-010,0,0,0,0,0,PASS
SPRINT-011,ISSUE-0072,EPIC_ENVELOPE,,EPIC-072,6,MIXED,REQ-BKP-002/REQ-EPIC-039/REQ-SCM-004/REQ-UPG-001/REQ-UPG-004,ADR-027/ADR-026/ADR-007/ADR-008/ADR-010,0,0,0,0,0,PASS
SPRINT-011,ISSUE-0073,EPIC_ENVELOPE,,EPIC-073,6,MIXED,REQ-GC-001/REQ-RET-001/REQ-SRP-004,ADR-039/ADR-027/ADR-007/ADR-008/ADR-010,0,0,0,0,0,PASS
SPRINT-011,ISSUE-0074,EPIC_ENVELOPE,,EPIC-074,6,MIXED,REQ-GC-001,ADR-027/ADR-007/ADR-008/ADR-010,0,0,0,0,0,PASS
SPRINT-011,ISSUE-0075,EPIC_ENVELOPE,,EPIC-075,6,MIXED,REQ-AUD-001/REQ-INS-004/REQ-RMQ-004/REQ-SMO-004/REQ-UPG-003,ADR-039/ADR-054/ADR-050/ADR-026/ADR-007/ADR-008/ADR-010,0,0,0,0,0,PASS
SPRINT-011,ISSUE-0076,EPIC_ENVELOPE,,EPIC-076,6,MIXED,REQ-INS-002/REQ-LOG-001/REQ-RUNTIME-009/REQ-SRP-004,ADR-034/ADR-039/ADR-054/ADR-007/ADR-008/ADR-010,0,0,0,0,0,PASS
SPRINT-011,ISSUE-0077,EPIC_ENVELOPE,,EPIC-077,6,MIXED,REQ-MET-001,ADR-054/ADR-007/ADR-008/ADR-010,0,0,0,0,0,PASS
SPRINT-011,ISSUE-0078,EPIC_ENVELOPE,,EPIC-078,6,MIXED,REQ-ARTLAYOUT-005/REQ-ARTLAYOUT-006/REQ-ARTLAYOUT-007/REQ-EPIC-076/REQ-RUNTIME-004,ADR-018/ADR-034/ADR-007/ADR-008/ADR-010,0,0,0,0,0,PASS
SPRINT-011,ISSUE-0079,EPIC_ENVELOPE,,EPIC-079,6,MIXED,REQ-NET-001,ADR-034/ADR-007/ADR-008/ADR-010,0,0,0,0,0,PASS
SPRINT-011,ISSUE-0080,EPIC_ENVELOPE,,EPIC-080,6,MIXED,REQ-AI-006/REQ-AI-015/REQ-EPIC-042/REQ-INS-004/REQ-SUP-001,ADR-051/ADR-034/ADR-054/ADR-007/ADR-008/ADR-010,0,0,0,0,0,PASS
SPRINT-012,ISSUE-0081,EPIC_ENVELOPE,,EPIC-081,6,MIXED,REQ-INS-001/REQ-UPG-001,ADR-034/ADR-026/ADR-007/ADR-008/ADR-010,0,0,0,0,0,PASS
SPRINT-002,ISSUE-0082,EPIC_ENVELOPE,,EPIC-082,6,MIXED,REQ-HW-001/REQ-SCH-003/REQ-SDR-003,ADR-051/ADR-039/ADR-053/ADR-007/ADR-008/ADR-010,0,0,0,0,0,PASS
SPRINT-011,ISSUE-0083,EPIC_ENVELOPE,,EPIC-083,6,MIXED,REQ-OFF-001,ADR-051/ADR-007/ADR-008/ADR-010,0,0,0,0,0,PASS
SPRINT-009,ISSUE-0084,EPIC_ENVELOPE,,EPIC-084,6,MIXED,REQ-AI-016,ADR-051/ADR-007/ADR-008/ADR-010,0,0,0,0,0,PASS
SPRINT-012,ISSUE-0085,EPIC_ENVELOPE,,EPIC-085,6,MIXED,REQ-EPIC-043,ADR-034/ADR-054/ADR-026/ADR-007/ADR-008/ADR-010,0,0,0,0,0,PASS
SPRINT-001,ISSUE-0086,EPIC_ENVELOPE,,EPIC-086,6,MIXED,REQ-DEL-001/REQ-DEL-002/REQ-EPIC-001/REQ-ISM-003/REQ-SPRINT-001-001/REQ-SPRINT-001-002/REQ-SPRINT-001-003/REQ-SPRINT-001-004/REQ-SPRINT-001-005/REQ-SPRINT-001-006/REQ-SPRINT-001-007/REQ-SPRINT-001-008/REQ-SPRINT-001-009/REQ-SPRINT-001-010,ADR-002/ADR-018/ADR-036/ADR-034/ADR-054/ADR-007/ADR-008/ADR-010,0,0,0,0,0,PASS
SPRINT-012,ISSUE-0087,EPIC_ENVELOPE,,EPIC-087,6,MIXED,REQ-DEL-002,ADR-002/ADR-018/ADR-036/ADR-046/ADR-044/ADR-054/ADR-053/ADR-007/ADR-008/ADR-010,0,0,0,0,0,PASS
SPRINT-011,ISSUE-0088,EPIC_ENVELOPE,,EPIC-088,6,MIXED,REQ-EPIC-088,ADR-051/ADR-046/ADR-053/ADR-007/ADR-008/ADR-010,0,0,0,0,0,PASS
SPRINT-012,ISSUE-0089,EPIC_ENVELOPE,,EPIC-089,6,MIXED,REQ-EPIC-043/REQ-PUB-004,ADR-034/ADR-054/ADR-053/ADR-026/ADR-007/ADR-008/ADR-010,0,0,0,0,0,PASS
SPRINT-001,ISSUE-0090,EPIC_ENVELOPE,,EPIC-090,6,MIXED,REQ-GOV-002,ADR-002/ADR-054/ADR-007/ADR-008/ADR-010,0,0,0,0,0,PASS
SPRINT-001,ISSUE-0091,EPIC_ENVELOPE,,EPIC-091,6,MIXED,REQ-FRZ-003/REQ-GOV-004/REQ-ISS-003/REQ-ISS-006/REQ-PUB-002,ADR-002/ADR-034/ADR-054/ADR-007/ADR-008/ADR-010,0,0,0,0,0,PASS
SPRINT-001,ISSUE-0092,EPIC_ENVELOPE,,EPIC-092,6,MIXED,REQ-DEV-001/REQ-EPIC-001/REQ-FRZ-001/REQ-FRZ-002/REQ-FRZ-003/REQ-FRZ-004/REQ-GOV-005/REQ-TST-001,ADR-002/ADR-034/ADR-054/ADR-053/ADR-007/ADR-008/ADR-010,0,0,0,0,0,PASS
SPRINT-007,ISSUE-0093,EPIC_ENVELOPE,,EPIC-093,6,MIXED,REQ-CRS-001/REQ-CRS-002/REQ-CRS-003/REQ-CRS-004/REQ-RAS-001,ADR-041/ADR-007/ADR-008/ADR-010,0,0,0,0,0,PASS
SPRINT-007,ISSUE-0094,EPIC_ENVELOPE,,EPIC-094,6,MIXED,REQ-CRS-001/REQ-CRS-002/REQ-CRS-003/REQ-CRS-004/REQ-CRS-005/REQ-CRS-006/REQ-CRS-007/REQ-NATIVE-002,ADR-041/ADR-007/ADR-008/ADR-010,0,0,0,0,0,PASS
SPRINT-007,ISSUE-0095,EPIC_ENVELOPE,,EPIC-095,6,MIXED,REQ-MOS-006/REQ-RAS-004,ADR-041/ADR-049/ADR-007/ADR-008/ADR-010,0,0,0,0,0,PASS
SPRINT-007,ISSUE-0096,EPIC_ENVELOPE,,EPIC-096,6,MIXED,REQ-CRS-004/REQ-CRS-005/REQ-CRS-006/REQ-CRS-007,ADR-041/ADR-007/ADR-008/ADR-010,0,0,0,0,0,PASS
SPRINT-007,ISSUE-0097,EPIC_ENVELOPE,,EPIC-097,6,MIXED,REQ-RAS-002/REQ-RAS-003/REQ-RAS-004/REQ-RAS-005,ADR-041/ADR-007/ADR-008/ADR-010,0,0,0,0,0,PASS
SPRINT-007,ISSUE-0098,EPIC_ENVELOPE,,EPIC-098,6,MIXED,REQ-MOS-001/REQ-MOS-002/REQ-MOS-003/REQ-MOS-004/REQ-MOS-005/REQ-MOS-006/REQ-RMQ-003/REQ-RMR-004,ADR-049/ADR-050/ADR-007/ADR-008/ADR-010,0,0,0,0,0,PASS
SPRINT-008,ISSUE-0099,EPIC_ENVELOPE,,EPIC-099,6,MIXED,REQ-ANC-001/REQ-ANC-002/REQ-ANC-003/REQ-ANC-004/REQ-RMV-004,ADR-049/ADR-050/ADR-007/ADR-008/ADR-010,0,0,0,0,0,PASS
SPRINT-008,ISSUE-0100,EPIC_ENVELOPE,,EPIC-100,6,MIXED,REQ-ANC-005/REQ-ANC-006/REQ-ANC-007/REQ-ANC-008,ADR-049/ADR-007/ADR-008/ADR-010,0,0,0,0,0,PASS
SPRINT-008,ISSUE-0101,EPIC_ENVELOPE,,EPIC-101,6,MIXED,REQ-RMV-001/REQ-RMV-002/REQ-RMV-003/REQ-RMV-004,ADR-050/ADR-007/ADR-008/ADR-010,0,0,0,0,0,PASS
SPRINT-008,ISSUE-0102,EPIC_ENVELOPE,,EPIC-102,6,MIXED,REQ-RMR-001/REQ-RMR-002/REQ-RMR-003/REQ-RMR-004,ADR-050/ADR-007/ADR-008/ADR-010,0,0,0,0,0,PASS
SPRINT-008,ISSUE-0103,EPIC_ENVELOPE,,EPIC-103,6,MIXED,REQ-RMQ-001/REQ-RMQ-002/REQ-RMQ-003/REQ-RMQ-004,ADR-050/ADR-007/ADR-008/ADR-010,0,0,0,0,0,PASS
SPRINT-004,ISSUE-0104,EPIC_ENVELOPE,,EPIC-104,6,MIXED,REQ-SRP-001/REQ-SRP-002/REQ-SRP-003/REQ-SRP-004,ADR-039/ADR-007/ADR-008/ADR-010,0,0,0,0,0,PASS
SPRINT-010,ISSUE-0105,EPIC_ENVELOPE,,EPIC-105,6,MIXED,REQ-SCM-001/REQ-SCM-003/REQ-UPG-004/REQ-UPG-005,ADR-026/ADR-007/ADR-008/ADR-010,0,0,0,0,0,PASS
SPRINT-012,ISSUE-0106,EPIC_ENVELOPE,,EPIC-106,6,MIXED,REQ-SCM-002/REQ-SCM-004/REQ-UPG-002,ADR-026/ADR-007/ADR-008/ADR-010,0,0,0,0,0,PASS
SPRINT-012,ISSUE-0107,EPIC_ENVELOPE,,EPIC-107,6,MIXED,REQ-DBSCHEMA-010/REQ-UPG-002/REQ-UPG-003/REQ-UPG-004/REQ-UPG-005,ADR-026/ADR-007/ADR-008/ADR-010,0,0,0,0,0,PASS
SPRINT-012,ISSUE-0108,EPIC_ENVELOPE,,EPIC-108,6,MIXED,REQ-INS-001/REQ-INS-002/REQ-INS-003/REQ-INS-004,ADR-034/ADR-054/ADR-007/ADR-008/ADR-010,0,0,0,0,0,PASS
SPRINT-012,ISSUE-0109,EPIC_ENVELOPE,,EPIC-109,6,MIXED,REQ-CIT-001/REQ-EPIC-042/REQ-OSS-001/REQ-PUB-002/REQ-PUB-003/REQ-PUB-004,ADR-034/ADR-047/ADR-054/ADR-007/ADR-008/ADR-010,0,0,0,0,0,PASS
SPRINT-001,ISSUE-0110,EPIC_ENVELOPE,,EPIC-110,6,MIXED,REQ-ISM-001/REQ-ISM-002/REQ-ISM-003/REQ-ISM-004/REQ-ISM-005/REQ-ISM-007/REQ-ISM-008/REQ-ISM-009/REQ-ISM-010/REQ-ISS-001/REQ-ISS-002/REQ-ISS-003/REQ-ISS-004/REQ-PLN-001/REQ-PLN-002/REQ-PLN-003/REQ-PLN-004/REQ-PLN-005/REQ-PLN-006/REQ-PLN-007/REQ-PLN-008/REQ-PLN-009/REQ-PLN-010/REQ-PRJ-001/REQ-PRJ-002/REQ-PRJ-003/REQ-PRJ-004/REQ-PRJ-005/REQ-PRJ-006/REQ-PRJ-007/REQ-PRJ-008/REQ-PRJ-009/REQ-PRJ-010/REQ-PRM-001/REQ-PRM-002/REQ-PRM-003/REQ-PRM-004/REQ-PRM-005/REQ-PRM-006/REQ-PRM-007/REQ-PRM-008/REQ-PRM-009/REQ-PRM-010/REQ-SPRINT-001-001/REQ-SPRINT-001-002/REQ-SPRINT-001-003/REQ-SPRINT-001-004/REQ-SPRINT-001-005/REQ-SPRINT-001-006/REQ-SPRINT-001-007/REQ-SPRINT-001-008/REQ-SPRINT-001-009/REQ-SPRINT-001-010,ADR-002/ADR-054/ADR-053/ADR-026/ADR-007/ADR-008/ADR-010,0,0,0,0,0,PASS
SPRINT-001,ISSUE-0111,STORY,STORY-0001,EPIC-001,4,MIXED,REQ-ISM-004/REQ-ISS-002/REQ-SPRINT-001-004,ADR-002/ADR-054/ADR-053/ADR-026/ADR-007/ADR-008,0,0,0,0,0,PASS
SPRINT-001,ISSUE-0112,STORY,STORY-0002,EPIC-001,4,DERIVED_CONTROL,,ADR-002/ADR-054/ADR-053/ADR-026/ADR-007/ADR-008,0,0,0,0,0,PASS
SPRINT-001,ISSUE-0113,STORY,STORY-0003,EPIC-001,4,DERIVED_CONTROL,,ADR-002/ADR-054/ADR-053/ADR-026/ADR-007/ADR-008,0,0,0,0,0,PASS
SPRINT-001,ISSUE-0114,STORY,STORY-0004,EPIC-001,4,DERIVED_CONTROL,,ADR-002/ADR-054/ADR-053/ADR-026/ADR-007/ADR-008,0,0,0,0,0,PASS
SPRINT-001,ISSUE-0115,STORY,STORY-0005,EPIC-001,4,DERIVED_CONTROL,,ADR-002/ADR-054/ADR-053/ADR-026/ADR-007/ADR-008,0,0,0,0,0,PASS
SPRINT-001,ISSUE-0116,STORY,STORY-0006,EPIC-002,4,DERIVED_CONTROL,,ADR-002/ADR-044/ADR-041/ADR-007/ADR-008,0,0,0,0,0,PASS
SPRINT-001,ISSUE-0117,STORY,STORY-0007,EPIC-002,4,DERIVED_CONTROL,,ADR-002/ADR-044/ADR-041/ADR-007/ADR-008,0,0,0,0,0,PASS
SPRINT-001,ISSUE-0118,STORY,STORY-0008,EPIC-002,4,DERIVED_CONTROL,,ADR-002/ADR-044/ADR-041/ADR-007/ADR-008,0,0,0,0,0,PASS
SPRINT-001,ISSUE-0119,STORY,STORY-0009,EPIC-002,4,MIXED,REQ-CLASSICPROFILE-006/REQ-CLASSICPROFILE-008/REQ-CLASSICPROFILE-010/REQ-NATIVE-001/REQ-NATIVE-004,ADR-002/ADR-044/ADR-041/ADR-007/ADR-008,0,0,0,0,0,PASS
SPRINT-001,ISSUE-0120,STORY,STORY-0010,EPIC-002,4,DERIVED_CONTROL,,ADR-002/ADR-044/ADR-041/ADR-007/ADR-008,0,0,0,0,0,PASS
SPRINT-001,ISSUE-0121,STORY,STORY-0011,EPIC-003,4,MIXED,REQ-TOP-001,ADR-002/ADR-007/ADR-008,0,0,0,0,0,PASS
SPRINT-001,ISSUE-0122,STORY,STORY-0012,EPIC-003,4,MIXED,REQ-DEL-001/REQ-DEV-001,ADR-002/ADR-007/ADR-008,0,0,0,0,0,PASS
SPRINT-001,ISSUE-0123,STORY,STORY-0013,EPIC-003,4,DERIVED_CONTROL,,ADR-002/ADR-007/ADR-008,0,0,0,0,0,PASS
SPRINT-001,ISSUE-0124,STORY,STORY-0014,EPIC-003,4,DERIVED_CONTROL,,ADR-002/ADR-007/ADR-008,0,0,0,0,0,PASS
SPRINT-001,ISSUE-0125,STORY,STORY-0015,EPIC-003,4,DERIVED_CONTROL,,ADR-002/ADR-007/ADR-008,0,0,0,0,0,PASS
SPRINT-001,ISSUE-0126,STORY,STORY-0016,EPIC-004,4,DERIVED_CONTROL,,ADR-051/ADR-002/ADR-018/ADR-034/ADR-044/ADR-041/ADR-026/ADR-007/ADR-008,0,0,0,0,0,PASS
SPRINT-001,ISSUE-0127,STORY,STORY-0017,EPIC-004,4,DERIVED_CONTROL,,ADR-051/ADR-002/ADR-018/ADR-034/ADR-044/ADR-041/ADR-026/ADR-007/ADR-008,0,0,0,0,0,PASS
SPRINT-001,ISSUE-0128,STORY,STORY-0018,EPIC-004,4,DERIVED_CONTROL,,ADR-051/ADR-002/ADR-018/ADR-034/ADR-044/ADR-041/ADR-026/ADR-007/ADR-008,0,0,0,0,0,PASS
SPRINT-001,ISSUE-0129,STORY,STORY-0019,EPIC-004,4,MIXED,REQ-FS1-006,ADR-051/ADR-002/ADR-018/ADR-034/ADR-044/ADR-041/ADR-026/ADR-007/ADR-008,0,0,0,0,0,PASS
SPRINT-001,ISSUE-0130,STORY,STORY-0020,EPIC-004,4,DERIVED_CONTROL,,ADR-051/ADR-002/ADR-018/ADR-034/ADR-044/ADR-041/ADR-026/ADR-007/ADR-008,0,0,0,0,0,PASS
SPRINT-001,ISSUE-0131,STORY,STORY-0021,EPIC-005,4,DERIVED_CONTROL,,ADR-034/ADR-046/ADR-039/ADR-047/ADR-054/ADR-053/ADR-026/ADR-007/ADR-008,0,0,0,0,0,PASS
SPRINT-001,ISSUE-0132,STORY,STORY-0022,EPIC-005,4,DERIVED_CONTROL,,ADR-034/ADR-046/ADR-039/ADR-047/ADR-054/ADR-053/ADR-026/ADR-007/ADR-008,0,0,0,0,0,PASS
SPRINT-001,ISSUE-0133,STORY,STORY-0023,EPIC-005,4,DERIVED_CONTROL,,ADR-034/ADR-046/ADR-039/ADR-047/ADR-054/ADR-053/ADR-026/ADR-007/ADR-008,0,0,0,0,0,PASS
SPRINT-001,ISSUE-0134,STORY,STORY-0024,EPIC-005,4,MIXED,REQ-BEX-001/REQ-BEX-006/REQ-FS1-006,ADR-034/ADR-046/ADR-039/ADR-047/ADR-054/ADR-053/ADR-026/ADR-007/ADR-008,0,0,0,0,0,PASS
SPRINT-001,ISSUE-0135,STORY,STORY-0025,EPIC-005,4,DERIVED_CONTROL,,ADR-034/ADR-046/ADR-039/ADR-047/ADR-054/ADR-053/ADR-026/ADR-007/ADR-008,0,0,0,0,0,PASS
SPRINT-001,ISSUE-0136,STORY,STORY-0026,EPIC-006,4,DERIVED_CONTROL,,ADR-051/ADR-007/ADR-008,0,0,0,0,0,PASS
SPRINT-001,ISSUE-0137,STORY,STORY-0027,EPIC-006,4,MIXED,REQ-AI-007/REQ-TST-001,ADR-051/ADR-007/ADR-008,0,0,0,0,0,PASS
SPRINT-001,ISSUE-0138,STORY,STORY-0028,EPIC-006,4,DERIVED_CONTROL,,ADR-051/ADR-007/ADR-008,0,0,0,0,0,PASS
SPRINT-001,ISSUE-0139,STORY,STORY-0029,EPIC-006,4,DERIVED_CONTROL,,ADR-051/ADR-007/ADR-008,0,0,0,0,0,PASS
SPRINT-001,ISSUE-0140,STORY,STORY-0030,EPIC-006,4,DERIVED_CONTROL,,ADR-051/ADR-007/ADR-008,0,0,0,0,0,PASS
SPRINT-001,ISSUE-0141,STORY,STORY-0031,EPIC-007,4,DERIVED_CONTROL,,ADR-034/ADR-047/ADR-054/ADR-007/ADR-008,0,0,0,0,0,PASS
SPRINT-001,ISSUE-0142,STORY,STORY-0032,EPIC-007,4,MIXED,REQ-CIT-001/REQ-EPIC-042/REQ-OSS-001/REQ-PUB-002,ADR-034/ADR-047/ADR-054/ADR-007/ADR-008,0,0,0,0,0,PASS
SPRINT-001,ISSUE-0143,STORY,STORY-0033,EPIC-007,4,DERIVED_CONTROL,,ADR-034/ADR-047/ADR-054/ADR-007/ADR-008,0,0,0,0,0,PASS
SPRINT-001,ISSUE-0144,STORY,STORY-0034,EPIC-007,4,DERIVED_CONTROL,,ADR-034/ADR-047/ADR-054/ADR-007/ADR-008,0,0,0,0,0,PASS
SPRINT-001,ISSUE-0145,STORY,STORY-0035,EPIC-007,4,DERIVED_CONTROL,,ADR-034/ADR-047/ADR-054/ADR-007/ADR-008,0,0,0,0,0,PASS
SPRINT-002,ISSUE-0146,STORY,STORY-0036,EPIC-008,4,MIXED,REQ-AUTH-IMPL-007,ADR-018/ADR-028/ADR-034/ADR-007/ADR-008,0,0,0,0,0,PASS
SPRINT-002,ISSUE-0147,STORY,STORY-0037,EPIC-008,4,DERIVED_CONTROL,,ADR-018/ADR-028/ADR-034/ADR-007/ADR-008,0,0,0,0,0,PASS
SPRINT-002,ISSUE-0148,STORY,STORY-0038,EPIC-008,4,DERIVED_CONTROL,,ADR-018/ADR-028/ADR-034/ADR-007/ADR-008,0,0,0,0,0,PASS
SPRINT-002,ISSUE-0149,STORY,STORY-0039,EPIC-008,4,MIXED,REQ-EPIC-076/REQ-INS-002,ADR-018/ADR-028/ADR-034/ADR-007/ADR-008,0,0,0,0,0,PASS
SPRINT-002,ISSUE-0150,STORY,STORY-0040,EPIC-008,4,DERIVED_CONTROL,,ADR-018/ADR-028/ADR-034/ADR-007/ADR-008,0,0,0,0,0,PASS
SPRINT-002,ISSUE-0151,STORY,STORY-0041,EPIC-009,4,MIXED,REQ-AUTH-IMPL-007,ADR-028/ADR-007/ADR-008,0,0,0,0,0,PASS
SPRINT-002,ISSUE-0152,STORY,STORY-0042,EPIC-009,4,DERIVED_CONTROL,,ADR-028/ADR-007/ADR-008,0,0,0,0,0,PASS
SPRINT-002,ISSUE-0153,STORY,STORY-0043,EPIC-009,4,DERIVED_CONTROL,,ADR-028/ADR-007/ADR-008,0,0,0,0,0,PASS
SPRINT-002,ISSUE-0154,STORY,STORY-0044,EPIC-009,4,DERIVED_CONTROL,,ADR-028/ADR-007/ADR-008,0,0,0,0,0,PASS
SPRINT-002,ISSUE-0155,STORY,STORY-0045,EPIC-009,4,DERIVED_CONTROL,,ADR-028/ADR-007/ADR-008,0,0,0,0,0,PASS
SPRINT-002,ISSUE-0156,STORY,STORY-0046,EPIC-010,4,MIXED,REQ-AUTH-IMPL-007,ADR-051/ADR-028/ADR-007/ADR-008,0,0,0,0,0,PASS
SPRINT-002,ISSUE-0157,STORY,STORY-0047,EPIC-010,4,DERIVED_CONTROL,,ADR-051/ADR-028/ADR-007/ADR-008,0,0,0,0,0,PASS
SPRINT-002,ISSUE-0158,STORY,STORY-0048,EPIC-010,4,DERIVED_CONTROL,,ADR-051/ADR-028/ADR-007/ADR-008,0,0,0,0,0,PASS
SPRINT-002,ISSUE-0159,STORY,STORY-0049,EPIC-010,4,DERIVED_CONTROL,,ADR-051/ADR-028/ADR-007/ADR-008,0,0,0,0,0,PASS
SPRINT-002,ISSUE-0160,STORY,STORY-0050,EPIC-010,4,DERIVED_CONTROL,,ADR-051/ADR-028/ADR-007/ADR-008,0,0,0,0,0,PASS
SPRINT-002,ISSUE-0161,STORY,STORY-0051,EPIC-011,4,MIXED,REQ-AUD-001/REQ-AUTH-IMPL-007/REQ-RUNTIME-010,ADR-002/ADR-028/ADR-054/ADR-007/ADR-008,0,0,0,0,0,PASS
SPRINT-002,ISSUE-0162,STORY,STORY-0052,EPIC-011,4,MIXED,REQ-AUTH-IMPL-001/REQ-AUTH-IMPL-002/REQ-AUTH-IMPL-003/REQ-AUTH-IMPL-004/REQ-AUTH-IMPL-005/REQ-AUTH-IMPL-006/REQ-AUTH-IMPL-008/REQ-AUTH-IMPL-009/REQ-AUTH-IMPL-010/REQ-RUNTIME-006,ADR-002/ADR-028/ADR-054/ADR-007/ADR-008,0,0,0,0,0,PASS
SPRINT-002,ISSUE-0163,STORY,STORY-0053,EPIC-011,4,MIXED,REQ-RUNTIME-007,ADR-002/ADR-028/ADR-054/ADR-007/ADR-008,0,0,0,0,0,PASS
SPRINT-002,ISSUE-0164,STORY,STORY-0054,EPIC-011,4,DERIVED_CONTROL,,ADR-002/ADR-028/ADR-054/ADR-007/ADR-008,0,0,0,0,0,PASS
SPRINT-002,ISSUE-0165,STORY,STORY-0055,EPIC-011,4,DERIVED_CONTROL,,ADR-002/ADR-028/ADR-054/ADR-007/ADR-008,0,0,0,0,0,PASS
SPRINT-002,ISSUE-0166,STORY,STORY-0056,EPIC-012,4,MIXED,REQ-DBSCHEMA-001/REQ-DBSCHEMA-005/REQ-DBSCHEMA-007/REQ-DBSCHEMA-008/REQ-RUN-001/REQ-RUN-006/REQ-RUN-008/REQ-RUN-010/REQ-RUNTIME-005,ADR-002/ADR-018/ADR-039/ADR-048/ADR-027/ADR-041/ADR-026/ADR-007/ADR-008,0,0,0,0,0,PASS
SPRINT-002,ISSUE-0167,STORY,STORY-0057,EPIC-012,4,DERIVED_CONTROL,,ADR-002/ADR-018/ADR-039/ADR-048/ADR-027/ADR-041/ADR-026/ADR-007/ADR-008,0,0,0,0,0,PASS
SPRINT-002,ISSUE-0168,STORY,STORY-0058,EPIC-012,4,DERIVED_CONTROL,,ADR-002/ADR-018/ADR-039/ADR-048/ADR-027/ADR-041/ADR-026/ADR-007/ADR-008,0,0,0,0,0,PASS
SPRINT-002,ISSUE-0169,STORY,STORY-0059,EPIC-012,4,DERIVED_CONTROL,,ADR-002/ADR-018/ADR-039/ADR-048/ADR-027/ADR-041/ADR-026/ADR-007/ADR-008,0,0,0,0,0,PASS
SPRINT-002,ISSUE-0170,STORY,STORY-0060,EPIC-012,4,DERIVED_CONTROL,,ADR-002/ADR-018/ADR-039/ADR-048/ADR-027/ADR-041/ADR-026/ADR-007/ADR-008,0,0,0,0,0,PASS
SPRINT-002,ISSUE-0171,STORY,STORY-0061,EPIC-012,4,DERIVED_CONTROL,,ADR-002/ADR-018/ADR-039/ADR-048/ADR-027/ADR-041/ADR-026/ADR-007/ADR-008,0,0,0,0,0,PASS
SPRINT-002,ISSUE-0172,STORY,STORY-0062,EPIC-013,4,MIXED,REQ-DBSCHEMA-001/REQ-DBSCHEMA-010/REQ-RUNTIME-005,ADR-018/ADR-027/ADR-026/ADR-007/ADR-008,0,0,0,0,0,PASS
SPRINT-002,ISSUE-0173,STORY,STORY-0063,EPIC-013,4,MIXED,REQ-EPIC-039/REQ-PRV-001/REQ-TOOL-004,ADR-018/ADR-027/ADR-026/ADR-007/ADR-008,0,0,0,0,0,PASS
SPRINT-002,ISSUE-0174,STORY,STORY-0064,EPIC-013,4,DERIVED_CONTROL,,ADR-018/ADR-027/ADR-026/ADR-007/ADR-008,0,0,0,0,0,PASS
SPRINT-002,ISSUE-0175,STORY,STORY-0065,EPIC-013,4,DERIVED_CONTROL,,ADR-018/ADR-027/ADR-026/ADR-007/ADR-008,0,0,0,0,0,PASS
SPRINT-002,ISSUE-0176,STORY,STORY-0066,EPIC-013,4,DERIVED_CONTROL,,ADR-018/ADR-027/ADR-026/ADR-007/ADR-008,0,0,0,0,0,PASS
SPRINT-002,ISSUE-0177,STORY,STORY-0067,EPIC-013,4,DERIVED_CONTROL,,ADR-018/ADR-027/ADR-026/ADR-007/ADR-008,0,0,0,0,0,PASS
SPRINT-003,ISSUE-0178,STORY,STORY-0068,EPIC-014,4,MIXED,REQ-AIE-001/REQ-AIE-005/REQ-DBSCHEMA-008/REQ-FS1-001/REQ-FS1-004/REQ-WORKER-001/REQ-WORKER-010,ADR-002/ADR-018/ADR-036/ADR-007/ADR-008,0,0,0,0,0,PASS
SPRINT-003,ISSUE-0179,STORY,STORY-0069,EPIC-014,4,DERIVED_CONTROL,,ADR-002/ADR-018/ADR-036/ADR-007/ADR-008,0,0,0,0,0,PASS
SPRINT-003,ISSUE-0180,STORY,STORY-0070,EPIC-014,4,MIXED,REQ-EPIC-014/REQ-WORKER-002/REQ-WORKER-004/REQ-WORKER-005/REQ-WORKER-006/REQ-WORKER-007/REQ-WORKER-008/REQ-WORKER-009,ADR-002/ADR-018/ADR-036/ADR-007/ADR-008,0,0,0,0,0,PASS
SPRINT-003,ISSUE-0181,STORY,STORY-0071,EPIC-014,4,DERIVED_CONTROL,,ADR-002/ADR-018/ADR-036/ADR-007/ADR-008,0,0,0,0,0,PASS
SPRINT-003,ISSUE-0182,STORY,STORY-0072,EPIC-014,4,DERIVED_CONTROL,,ADR-002/ADR-018/ADR-036/ADR-007/ADR-008,0,0,0,0,0,PASS
SPRINT-003,ISSUE-0183,STORY,STORY-0073,EPIC-014,4,MIXED,REQ-AIE-003/REQ-AIE-007/REQ-FS1-005/REQ-FS1-007,ADR-002/ADR-018/ADR-036/ADR-007/ADR-008,0,0,0,0,0,PASS
SPRINT-003,ISSUE-0184,STORY,STORY-0074,EPIC-014,4,DERIVED_CONTROL,,ADR-002/ADR-018/ADR-036/ADR-007/ADR-008,0,0,0,0,0,PASS
SPRINT-003,ISSUE-0185,STORY,STORY-0075,EPIC-015,4,MIXED,REQ-EPIC-015/REQ-TOP-001,ADR-002/ADR-036/ADR-007/ADR-008,0,0,0,0,0,PASS
SPRINT-003,ISSUE-0186,STORY,STORY-0076,EPIC-015,4,DERIVED_CONTROL,,ADR-002/ADR-036/ADR-007/ADR-008,0,0,0,0,0,PASS
SPRINT-003,ISSUE-0187,STORY,STORY-0077,EPIC-015,4,DERIVED_CONTROL,,ADR-002/ADR-036/ADR-007/ADR-008,0,0,0,0,0,PASS
SPRINT-003,ISSUE-0188,STORY,STORY-0078,EPIC-015,4,DERIVED_CONTROL,,ADR-002/ADR-036/ADR-007/ADR-008,0,0,0,0,0,PASS
SPRINT-003,ISSUE-0189,STORY,STORY-0079,EPIC-015,4,DERIVED_CONTROL,,ADR-002/ADR-036/ADR-007/ADR-008,0,0,0,0,0,PASS
SPRINT-003,ISSUE-0190,STORY,STORY-0080,EPIC-015,4,DERIVED_CONTROL,,ADR-002/ADR-036/ADR-007/ADR-008,0,0,0,0,0,PASS
SPRINT-003,ISSUE-0191,STORY,STORY-0081,EPIC-015,4,DERIVED_CONTROL,,ADR-002/ADR-036/ADR-007/ADR-008,0,0,0,0,0,PASS
SPRINT-003,ISSUE-0192,STORY,STORY-0082,EPIC-016,4,MIXED,REQ-EPIC-015/REQ-EPIC-016,ADR-002/ADR-036/ADR-007/ADR-008,0,0,0,0,0,PASS
SPRINT-003,ISSUE-0193,STORY,STORY-0083,EPIC-016,4,DERIVED_CONTROL,,ADR-002/ADR-036/ADR-007/ADR-008,0,0,0,0,0,PASS
SPRINT-003,ISSUE-0194,STORY,STORY-0084,EPIC-016,4,MIXED,REQ-EPIC-014/REQ-EPIC-018,ADR-002/ADR-036/ADR-007/ADR-008,0,0,0,0,0,PASS
SPRINT-003,ISSUE-0195,STORY,STORY-0085,EPIC-016,4,DERIVED_CONTROL,,ADR-002/ADR-036/ADR-007/ADR-008,0,0,0,0,0,PASS
SPRINT-003,ISSUE-0196,STORY,STORY-0086,EPIC-016,4,DERIVED_CONTROL,,ADR-002/ADR-036/ADR-007/ADR-008,0,0,0,0,0,PASS
SPRINT-003,ISSUE-0197,STORY,STORY-0087,EPIC-016,4,DERIVED_CONTROL,,ADR-002/ADR-036/ADR-007/ADR-008,0,0,0,0,0,PASS
SPRINT-003,ISSUE-0198,STORY,STORY-0088,EPIC-016,4,DERIVED_CONTROL,,ADR-002/ADR-036/ADR-007/ADR-008,0,0,0,0,0,PASS
SPRINT-003,ISSUE-0199,STORY,STORY-0089,EPIC-017,4,DERIVED_CONTROL,,ADR-002/ADR-018/ADR-036/ADR-039/ADR-054/ADR-007/ADR-008,0,0,0,0,0,PASS
SPRINT-003,ISSUE-0200,STORY,STORY-0090,EPIC-017,4,DERIVED_CONTROL,,ADR-002/ADR-018/ADR-036/ADR-039/ADR-054/ADR-007/ADR-008,0,0,0,0,0,PASS
SPRINT-003,ISSUE-0201,STORY,STORY-0091,EPIC-017,4,DERIVED_CONTROL,,ADR-002/ADR-018/ADR-036/ADR-039/ADR-054/ADR-007/ADR-008,0,0,0,0,0,PASS
SPRINT-003,ISSUE-0202,STORY,STORY-0092,EPIC-017,4,DERIVED_CONTROL,,ADR-002/ADR-018/ADR-036/ADR-039/ADR-054/ADR-007/ADR-008,0,0,0,0,0,PASS
SPRINT-003,ISSUE-0203,STORY,STORY-0093,EPIC-017,4,DERIVED_CONTROL,,ADR-002/ADR-018/ADR-036/ADR-039/ADR-054/ADR-007/ADR-008,0,0,0,0,0,PASS
SPRINT-003,ISSUE-0204,STORY,STORY-0094,EPIC-017,4,DERIVED_CONTROL,,ADR-002/ADR-018/ADR-036/ADR-039/ADR-054/ADR-007/ADR-008,0,0,0,0,0,PASS
SPRINT-003,ISSUE-0205,STORY,STORY-0095,EPIC-017,4,DERIVED_CONTROL,,ADR-002/ADR-018/ADR-036/ADR-039/ADR-054/ADR-007/ADR-008,0,0,0,0,0,PASS
SPRINT-003,ISSUE-0206,STORY,STORY-0096,EPIC-018,4,MIXED,REQ-BEX-003/REQ-BEX-005/REQ-EPIC-017,ADR-036/ADR-039/ADR-048/ADR-049/ADR-007/ADR-008,0,0,0,0,0,PASS
SPRINT-003,ISSUE-0207,STORY,STORY-0097,EPIC-018,4,MIXED,REQ-BEX-002/REQ-BEX-004/REQ-BEX-006/REQ-BEX-010/REQ-MOS-001,ADR-036/ADR-039/ADR-048/ADR-049/ADR-007/ADR-008,0,0,0,0,0,PASS
SPRINT-003,ISSUE-0208,STORY,STORY-0098,EPIC-018,4,MIXED,REQ-BEX-007/REQ-BEX-008/REQ-BEX-009/REQ-EPIC-018,ADR-036/ADR-039/ADR-048/ADR-049/ADR-007/ADR-008,0,0,0,0,0,PASS
SPRINT-003,ISSUE-0209,STORY,STORY-0099,EPIC-018,4,MIXED,REQ-BEX-001/REQ-EPIC-062/REQ-SCH-002/REQ-SCL-001,ADR-036/ADR-039/ADR-048/ADR-049/ADR-007/ADR-008,0,0,0,0,0,PASS
SPRINT-003,ISSUE-0210,STORY,STORY-0100,EPIC-018,4,DERIVED_CONTROL,,ADR-036/ADR-039/ADR-048/ADR-049/ADR-007/ADR-008,0,0,0,0,0,PASS
SPRINT-003,ISSUE-0211,STORY,STORY-0101,EPIC-018,4,DERIVED_CONTROL,,ADR-036/ADR-039/ADR-048/ADR-049/ADR-007/ADR-008,0,0,0,0,0,PASS
SPRINT-003,ISSUE-0212,STORY,STORY-0102,EPIC-018,4,DERIVED_CONTROL,,ADR-036/ADR-039/ADR-048/ADR-049/ADR-007/ADR-008,0,0,0,0,0,PASS
SPRINT-003,ISSUE-0213,STORY,STORY-0103,EPIC-019,4,MIXED,REQ-BEX-003/REQ-BEX-005,ADR-039/ADR-044/ADR-049/ADR-007/ADR-008,0,0,0,0,0,PASS
SPRINT-003,ISSUE-0214,STORY,STORY-0104,EPIC-019,4,MIXED,REQ-BEX-002/REQ-BEX-004/REQ-BEX-006/REQ-BEX-010/REQ-MAT-001/REQ-MOS-004,ADR-039/ADR-044/ADR-049/ADR-007/ADR-008,0,0,0,0,0,PASS
SPRINT-003,ISSUE-0215,STORY,STORY-0105,EPIC-019,4,MIXED,REQ-BEX-007/REQ-BEX-008/REQ-BEX-009/REQ-DIS-002/REQ-RES-001/REQ-SCH-001,ADR-039/ADR-044/ADR-049/ADR-007/ADR-008,0,0,0,0,0,PASS
SPRINT-003,ISSUE-0216,STORY,STORY-0106,EPIC-019,4,MIXED,REQ-BEX-001/REQ-SCL-001,ADR-039/ADR-044/ADR-049/ADR-007/ADR-008,0,0,0,0,0,PASS
SPRINT-003,ISSUE-0217,STORY,STORY-0107,EPIC-019,4,DERIVED_CONTROL,,ADR-039/ADR-044/ADR-049/ADR-007/ADR-008,0,0,0,0,0,PASS
SPRINT-003,ISSUE-0218,STORY,STORY-0108,EPIC-019,4,DERIVED_CONTROL,,ADR-039/ADR-044/ADR-049/ADR-007/ADR-008,0,0,0,0,0,PASS
SPRINT-003,ISSUE-0219,STORY,STORY-0109,EPIC-019,4,DERIVED_CONTROL,,ADR-039/ADR-044/ADR-049/ADR-007/ADR-008,0,0,0,0,0,PASS
SPRINT-003,ISSUE-0220,STORY,STORY-0110,EPIC-020,4,MIXED,REQ-FS1-001/REQ-FS1-004,ADR-002/ADR-018/ADR-036/ADR-007/ADR-008,0,0,0,0,0,PASS
SPRINT-003,ISSUE-0221,STORY,STORY-0111,EPIC-020,4,MIXED,REQ-FS1-002/REQ-FS1-003/REQ-FS1-006/REQ-FS1-008/REQ-FS1-009/REQ-FS1-010,ADR-002/ADR-018/ADR-036/ADR-007/ADR-008,0,0,0,0,0,PASS
SPRINT-003,ISSUE-0222,STORY,STORY-0112,EPIC-020,4,DERIVED_CONTROL,,ADR-002/ADR-018/ADR-036/ADR-007/ADR-008,0,0,0,0,0,PASS
SPRINT-003,ISSUE-0223,STORY,STORY-0113,EPIC-020,4,MIXED,REQ-FS1-005/REQ-FS1-007,ADR-002/ADR-018/ADR-036/ADR-007/ADR-008,0,0,0,0,0,PASS
SPRINT-003,ISSUE-0224,STORY,STORY-0114,EPIC-020,4,DERIVED_CONTROL,,ADR-002/ADR-018/ADR-036/ADR-007/ADR-008,0,0,0,0,0,PASS
SPRINT-005,ISSUE-0225,STORY,STORY-0115,EPIC-021,4,MIXED,REQ-DBSCHEMA-005/REQ-FS1-001/REQ-FS1-004/REQ-NATIVE-002,ADR-046/ADR-044/ADR-047/ADR-041/ADR-007/ADR-008,0,0,0,0,0,PASS
SPRINT-005,ISSUE-0226,STORY,STORY-0116,EPIC-021,4,DERIVED_CONTROL,,ADR-046/ADR-044/ADR-047/ADR-041/ADR-007/ADR-008,0,0,0,0,0,PASS
SPRINT-005,ISSUE-0227,STORY,STORY-0117,EPIC-021,4,MIXED,REQ-FS1-006/REQ-NATIVE-001/REQ-NATIVE-004,ADR-046/ADR-044/ADR-047/ADR-041/ADR-007/ADR-008,0,0,0,0,0,PASS
SPRINT-005,ISSUE-0228,STORY,STORY-0118,EPIC-021,4,DERIVED_CONTROL,,ADR-046/ADR-044/ADR-047/ADR-041/ADR-007/ADR-008,0,0,0,0,0,PASS
SPRINT-005,ISSUE-0229,STORY,STORY-0119,EPIC-021,4,DERIVED_CONTROL,,ADR-046/ADR-044/ADR-047/ADR-041/ADR-007/ADR-008,0,0,0,0,0,PASS
SPRINT-005,ISSUE-0230,STORY,STORY-0120,EPIC-021,4,MIXED,REQ-FS1-005/REQ-FS1-007,ADR-046/ADR-044/ADR-047/ADR-041/ADR-007/ADR-008,0,0,0,0,0,PASS
SPRINT-005,ISSUE-0231,STORY,STORY-0121,EPIC-021,4,DERIVED_CONTROL,,ADR-046/ADR-044/ADR-047/ADR-041/ADR-007/ADR-008,0,0,0,0,0,PASS
SPRINT-005,ISSUE-0232,STORY,STORY-0122,EPIC-022,4,MIXED,REQ-AIE-001/REQ-AIE-005/REQ-CLASSICPROFILE-004/REQ-FS1-001/REQ-FS1-004/REQ-NATIVE-002/REQ-SGVCAL-007,ADR-051/ADR-046/ADR-044/ADR-041/ADR-007/ADR-008,0,0,0,0,0,PASS
SPRINT-005,ISSUE-0233,STORY,STORY-0123,EPIC-022,4,DERIVED_CONTROL,,ADR-051/ADR-046/ADR-044/ADR-041/ADR-007/ADR-008,0,0,0,0,0,PASS
SPRINT-005,ISSUE-0234,STORY,STORY-0124,EPIC-022,4,MIXED,REQ-AI-010/REQ-CLASSICPROFILE-006/REQ-CLASSICPROFILE-010/REQ-FS1-006/REQ-NATIVE-001/REQ-NATIVE-004,ADR-051/ADR-046/ADR-044/ADR-041/ADR-007/ADR-008,0,0,0,0,0,PASS
SPRINT-005,ISSUE-0235,STORY,STORY-0125,EPIC-022,4,DERIVED_CONTROL,,ADR-051/ADR-046/ADR-044/ADR-041/ADR-007/ADR-008,0,0,0,0,0,PASS
SPRINT-005,ISSUE-0236,STORY,STORY-0126,EPIC-022,4,DERIVED_CONTROL,,ADR-051/ADR-046/ADR-044/ADR-041/ADR-007/ADR-008,0,0,0,0,0,PASS
SPRINT-005,ISSUE-0237,STORY,STORY-0127,EPIC-022,4,MIXED,REQ-AIE-003/REQ-AIE-007/REQ-CLASSICPROFILE-008/REQ-FS1-005/REQ-FS1-007/REQ-SGVCAL-001/REQ-SGVCAL-008,ADR-051/ADR-046/ADR-044/ADR-041/ADR-007/ADR-008,0,0,0,0,0,PASS
SPRINT-005,ISSUE-0238,STORY,STORY-0128,EPIC-022,4,DERIVED_CONTROL,,ADR-051/ADR-046/ADR-044/ADR-041/ADR-007/ADR-008,0,0,0,0,0,PASS
SPRINT-005,ISSUE-0239,STORY,STORY-0129,EPIC-023,4,MIXED,REQ-FS1-001/REQ-FS1-004,ADR-044/ADR-053/ADR-007/ADR-008,0,0,0,0,0,PASS
SPRINT-005,ISSUE-0240,STORY,STORY-0130,EPIC-023,4,MIXED,REQ-FS1-002/REQ-FS1-003/REQ-FS1-008/REQ-FS1-009/REQ-FS1-010/REQ-SDR-001,ADR-044/ADR-053/ADR-007/ADR-008,0,0,0,0,0,PASS
SPRINT-005,ISSUE-0241,STORY,STORY-0131,EPIC-023,4,MIXED,REQ-FS1-006,ADR-044/ADR-053/ADR-007/ADR-008,0,0,0,0,0,PASS
SPRINT-005,ISSUE-0242,STORY,STORY-0132,EPIC-023,4,DERIVED_CONTROL,,ADR-044/ADR-053/ADR-007/ADR-008,0,0,0,0,0,PASS
SPRINT-005,ISSUE-0243,STORY,STORY-0133,EPIC-023,4,DERIVED_CONTROL,,ADR-044/ADR-053/ADR-007/ADR-008,0,0,0,0,0,PASS
SPRINT-005,ISSUE-0244,STORY,STORY-0134,EPIC-023,4,MIXED,REQ-FS1-005/REQ-FS1-007/REQ-HOM-001/REQ-MCH-001,ADR-044/ADR-053/ADR-007/ADR-008,0,0,0,0,0,PASS
SPRINT-005,ISSUE-0245,STORY,STORY-0135,EPIC-023,4,DERIVED_CONTROL,,ADR-044/ADR-053/ADR-007/ADR-008,0,0,0,0,0,PASS
SPRINT-005,ISSUE-0246,STORY,STORY-0136,EPIC-024,4,MIXED,REQ-AIE-001/REQ-AIE-005/REQ-FS1-001/REQ-FS1-004/REQ-QUAL-004/REQ-RMV-001/REQ-SDR-002,ADR-046/ADR-044/ADR-048/ADR-041/ADR-049/ADR-050/ADR-053/ADR-007/ADR-008,0,0,0,0,0,PASS
SPRINT-005,ISSUE-0247,STORY,STORY-0137,EPIC-024,4,DERIVED_CONTROL,,ADR-046/ADR-044/ADR-048/ADR-041/ADR-049/ADR-050/ADR-053/ADR-007/ADR-008,0,0,0,0,0,PASS
SPRINT-005,ISSUE-0248,STORY,STORY-0138,EPIC-024,4,MIXED,REQ-ANC-002/REQ-FS1-006/REQ-MOS-003/REQ-QUAL-001/REQ-QUAL-002/REQ-REV-003,ADR-046/ADR-044/ADR-048/ADR-041/ADR-049/ADR-050/ADR-053/ADR-007/ADR-008,0,0,0,0,0,PASS
SPRINT-005,ISSUE-0249,STORY,STORY-0139,EPIC-024,4,DERIVED_CONTROL,,ADR-046/ADR-044/ADR-048/ADR-041/ADR-049/ADR-050/ADR-053/ADR-007/ADR-008,0,0,0,0,0,PASS
SPRINT-005,ISSUE-0250,STORY,STORY-0140,EPIC-024,4,DERIVED_CONTROL,,ADR-046/ADR-044/ADR-048/ADR-041/ADR-049/ADR-050/ADR-053/ADR-007/ADR-008,0,0,0,0,0,PASS
SPRINT-005,ISSUE-0251,STORY,STORY-0141,EPIC-024,4,MIXED,REQ-AIE-003/REQ-AIE-007/REQ-ANC-003/REQ-FS1-005/REQ-FS1-007/REQ-GCP-001/REQ-HOM-001/REQ-MOS-005/REQ-REF-002,ADR-046/ADR-044/ADR-048/ADR-041/ADR-049/ADR-050/ADR-053/ADR-007/ADR-008,0,0,0,0,0,PASS
SPRINT-005,ISSUE-0252,STORY,STORY-0142,EPIC-024,4,DERIVED_CONTROL,,ADR-046/ADR-044/ADR-048/ADR-041/ADR-049/ADR-050/ADR-053/ADR-007/ADR-008,0,0,0,0,0,PASS
SPRINT-005,ISSUE-0253,STORY,STORY-0143,EPIC-025,4,MIXED,REQ-QUAL-004,ADR-046/ADR-007/ADR-008,0,0,0,0,0,PASS
SPRINT-005,ISSUE-0254,STORY,STORY-0144,EPIC-025,4,DERIVED_CONTROL,,ADR-046/ADR-007/ADR-008,0,0,0,0,0,PASS
SPRINT-005,ISSUE-0255,STORY,STORY-0145,EPIC-025,4,DERIVED_CONTROL,,ADR-046/ADR-007/ADR-008,0,0,0,0,0,PASS
SPRINT-005,ISSUE-0256,STORY,STORY-0146,EPIC-025,4,DERIVED_CONTROL,,ADR-046/ADR-007/ADR-008,0,0,0,0,0,PASS
SPRINT-005,ISSUE-0257,STORY,STORY-0147,EPIC-025,4,DERIVED_CONTROL,,ADR-046/ADR-007/ADR-008,0,0,0,0,0,PASS
SPRINT-005,ISSUE-0258,STORY,STORY-0148,EPIC-025,4,DERIVED_CONTROL,,ADR-046/ADR-007/ADR-008,0,0,0,0,0,PASS
SPRINT-005,ISSUE-0259,STORY,STORY-0149,EPIC-025,4,DERIVED_CONTROL,,ADR-046/ADR-007/ADR-008,0,0,0,0,0,PASS
SPRINT-005,ISSUE-0260,STORY,STORY-0150,EPIC-026,4,MIXED,REQ-AI-005/REQ-FS1-001/REQ-FS1-004/REQ-NATIVE-002,ADR-051/ADR-018/ADR-044/ADR-027/ADR-041/ADR-007/ADR-008,0,0,0,0,0,PASS
SPRINT-005,ISSUE-0261,STORY,STORY-0151,EPIC-026,4,DERIVED_CONTROL,,ADR-051/ADR-018/ADR-044/ADR-027/ADR-041/ADR-007/ADR-008,0,0,0,0,0,PASS
SPRINT-005,ISSUE-0262,STORY,STORY-0152,EPIC-026,4,MIXED,REQ-FS1-006/REQ-NATIVE-001/REQ-NATIVE-004,ADR-051/ADR-018/ADR-044/ADR-027/ADR-041/ADR-007/ADR-008,0,0,0,0,0,PASS
SPRINT-005,ISSUE-0263,STORY,STORY-0153,EPIC-026,4,DERIVED_CONTROL,,ADR-051/ADR-018/ADR-044/ADR-027/ADR-041/ADR-007/ADR-008,0,0,0,0,0,PASS
SPRINT-005,ISSUE-0264,STORY,STORY-0154,EPIC-026,4,DERIVED_CONTROL,,ADR-051/ADR-018/ADR-044/ADR-027/ADR-041/ADR-007/ADR-008,0,0,0,0,0,PASS
SPRINT-005,ISSUE-0265,STORY,STORY-0155,EPIC-026,4,MIXED,REQ-FS1-005/REQ-FS1-007,ADR-051/ADR-018/ADR-044/ADR-027/ADR-041/ADR-007/ADR-008,0,0,0,0,0,PASS
SPRINT-005,ISSUE-0266,STORY,STORY-0156,EPIC-026,4,DERIVED_CONTROL,,ADR-051/ADR-018/ADR-044/ADR-027/ADR-041/ADR-007/ADR-008,0,0,0,0,0,PASS
SPRINT-005,ISSUE-0267,STORY,STORY-0157,EPIC-027,4,DERIVED_CONTROL,,ADR-047/ADR-007/ADR-008,0,0,0,0,0,PASS
SPRINT-005,ISSUE-0268,STORY,STORY-0158,EPIC-027,4,MIXED,REQ-SRC-001/REQ-SRC-002,ADR-047/ADR-007/ADR-008,0,0,0,0,0,PASS
SPRINT-005,ISSUE-0269,STORY,STORY-0159,EPIC-027,4,DERIVED_CONTROL,,ADR-047/ADR-007/ADR-008,0,0,0,0,0,PASS
SPRINT-005,ISSUE-0270,STORY,STORY-0160,EPIC-027,4,DERIVED_CONTROL,,ADR-047/ADR-007/ADR-008,0,0,0,0,0,PASS
SPRINT-005,ISSUE-0271,STORY,STORY-0161,EPIC-027,4,DERIVED_CONTROL,,ADR-047/ADR-007/ADR-008,0,0,0,0,0,PASS
SPRINT-005,ISSUE-0272,STORY,STORY-0162,EPIC-027,4,DERIVED_CONTROL,,ADR-047/ADR-007/ADR-008,0,0,0,0,0,PASS
SPRINT-005,ISSUE-0273,STORY,STORY-0163,EPIC-027,4,DERIVED_CONTROL,,ADR-047/ADR-007/ADR-008,0,0,0,0,0,PASS
SPRINT-005,ISSUE-0274,STORY,STORY-0164,EPIC-028,4,MIXED,REQ-AIE-001/REQ-AIE-005/REQ-CLASSICPROFILE-004/REQ-SDR-002/REQ-SGVCAL-007/REQ-SRG-001,ADR-046/ADR-047/ADR-053/ADR-007/ADR-008,0,0,0,0,0,PASS
SPRINT-005,ISSUE-0275,STORY,STORY-0165,EPIC-028,4,DERIVED_CONTROL,,ADR-046/ADR-047/ADR-053/ADR-007/ADR-008,0,0,0,0,0,PASS
SPRINT-005,ISSUE-0276,STORY,STORY-0166,EPIC-028,4,MIXED,REQ-CLASSICPROFILE-006/REQ-CLASSICPROFILE-010,ADR-046/ADR-047/ADR-053/ADR-007/ADR-008,0,0,0,0,0,PASS
SPRINT-005,ISSUE-0277,STORY,STORY-0167,EPIC-028,4,DERIVED_CONTROL,,ADR-046/ADR-047/ADR-053/ADR-007/ADR-008,0,0,0,0,0,PASS
SPRINT-005,ISSUE-0278,STORY,STORY-0168,EPIC-028,4,DERIVED_CONTROL,,ADR-046/ADR-047/ADR-053/ADR-007/ADR-008,0,0,0,0,0,PASS
SPRINT-005,ISSUE-0279,STORY,STORY-0169,EPIC-028,4,MIXED,REQ-AIE-003/REQ-AIE-007/REQ-CLASSICPROFILE-008/REQ-SDR-003/REQ-SGVCAL-001/REQ-SGVCAL-008,ADR-046/ADR-047/ADR-053/ADR-007/ADR-008,0,0,0,0,0,PASS
SPRINT-005,ISSUE-0280,STORY,STORY-0170,EPIC-028,4,DERIVED_CONTROL,,ADR-046/ADR-047/ADR-053/ADR-007/ADR-008,0,0,0,0,0,PASS
SPRINT-005,ISSUE-0281,STORY,STORY-0171,EPIC-029,4,MIXED,REQ-SRC-005/REQ-UX-002,ADR-051/ADR-044/ADR-047/ADR-007/ADR-008,0,0,0,0,0,PASS
SPRINT-005,ISSUE-0282,STORY,STORY-0172,EPIC-029,4,MIXED,REQ-AI-008/REQ-AI-011/REQ-AI-014,ADR-051/ADR-044/ADR-047/ADR-007/ADR-008,0,0,0,0,0,PASS
SPRINT-005,ISSUE-0283,STORY,STORY-0173,EPIC-029,4,MIXED,REQ-AI-010,ADR-051/ADR-044/ADR-047/ADR-007/ADR-008,0,0,0,0,0,PASS
SPRINT-005,ISSUE-0284,STORY,STORY-0174,EPIC-029,4,DERIVED_CONTROL,,ADR-051/ADR-044/ADR-047/ADR-007/ADR-008,0,0,0,0,0,PASS
SPRINT-005,ISSUE-0285,STORY,STORY-0175,EPIC-029,4,DERIVED_CONTROL,,ADR-051/ADR-044/ADR-047/ADR-007/ADR-008,0,0,0,0,0,PASS
SPRINT-005,ISSUE-0286,STORY,STORY-0176,EPIC-029,4,DERIVED_CONTROL,,ADR-051/ADR-044/ADR-047/ADR-007/ADR-008,0,0,0,0,0,PASS
SPRINT-005,ISSUE-0287,STORY,STORY-0177,EPIC-029,4,DERIVED_CONTROL,,ADR-051/ADR-044/ADR-047/ADR-007/ADR-008,0,0,0,0,0,PASS
SPRINT-005,ISSUE-0288,STORY,STORY-0178,EPIC-030,4,MIXED,REQ-EPIC-016/REQ-EPIC-038,ADR-036/ADR-046/ADR-048/ADR-007/ADR-008,0,0,0,0,0,PASS
SPRINT-005,ISSUE-0289,STORY,STORY-0179,EPIC-030,4,DERIVED_CONTROL,,ADR-036/ADR-046/ADR-048/ADR-007/ADR-008,0,0,0,0,0,PASS
SPRINT-005,ISSUE-0290,STORY,STORY-0180,EPIC-030,4,MIXED,REQ-EPIC-037,ADR-036/ADR-046/ADR-048/ADR-007/ADR-008,0,0,0,0,0,PASS
SPRINT-005,ISSUE-0291,STORY,STORY-0181,EPIC-030,4,DERIVED_CONTROL,,ADR-036/ADR-046/ADR-048/ADR-007/ADR-008,0,0,0,0,0,PASS
SPRINT-005,ISSUE-0292,STORY,STORY-0182,EPIC-030,4,DERIVED_CONTROL,,ADR-036/ADR-046/ADR-048/ADR-007/ADR-008,0,0,0,0,0,PASS
SPRINT-005,ISSUE-0293,STORY,STORY-0183,EPIC-030,4,DERIVED_CONTROL,,ADR-036/ADR-046/ADR-048/ADR-007/ADR-008,0,0,0,0,0,PASS
SPRINT-005,ISSUE-0294,STORY,STORY-0184,EPIC-030,4,DERIVED_CONTROL,,ADR-036/ADR-046/ADR-048/ADR-007/ADR-008,0,0,0,0,0,PASS
SPRINT-009,ISSUE-0295,STORY,STORY-0185,EPIC-031,4,MIXED,REQ-FS-001/REQ-TOOL-008/REQ-TOOL-009,ADR-002/ADR-007/ADR-008,0,0,0,0,0,PASS
SPRINT-009,ISSUE-0296,STORY,STORY-0186,EPIC-031,4,DERIVED_CONTROL,,ADR-002/ADR-007/ADR-008,0,0,0,0,0,PASS
SPRINT-009,ISSUE-0297,STORY,STORY-0187,EPIC-031,4,DERIVED_CONTROL,,ADR-002/ADR-007/ADR-008,0,0,0,0,0,PASS
SPRINT-009,ISSUE-0298,STORY,STORY-0188,EPIC-031,4,DERIVED_CONTROL,,ADR-002/ADR-007/ADR-008,0,0,0,0,0,PASS
SPRINT-009,ISSUE-0299,STORY,STORY-0189,EPIC-031,4,MIXED,REQ-FS1-005/REQ-FS1-007,ADR-002/ADR-007/ADR-008,0,0,0,0,0,PASS
SPRINT-009,ISSUE-0300,STORY,STORY-0190,EPIC-031,4,DERIVED_CONTROL,,ADR-002/ADR-007/ADR-008,0,0,0,0,0,PASS
SPRINT-009,ISSUE-0301,STORY,STORY-0191,EPIC-032,4,MIXED,REQ-ANC-005/REQ-RMR-002,ADR-002/ADR-044/ADR-049/ADR-050/ADR-007/ADR-008,0,0,0,0,0,PASS
SPRINT-009,ISSUE-0302,STORY,STORY-0192,EPIC-032,4,MIXED,REQ-MSK-003/REQ-MTD-001/REQ-UX-001,ADR-002/ADR-044/ADR-049/ADR-050/ADR-007/ADR-008,0,0,0,0,0,PASS
SPRINT-009,ISSUE-0303,STORY,STORY-0193,EPIC-032,4,DERIVED_CONTROL,,ADR-002/ADR-044/ADR-049/ADR-050/ADR-007/ADR-008,0,0,0,0,0,PASS
SPRINT-009,ISSUE-0304,STORY,STORY-0194,EPIC-032,4,DERIVED_CONTROL,,ADR-002/ADR-044/ADR-049/ADR-050/ADR-007/ADR-008,0,0,0,0,0,PASS
SPRINT-009,ISSUE-0305,STORY,STORY-0195,EPIC-032,4,DERIVED_CONTROL,,ADR-002/ADR-044/ADR-049/ADR-050/ADR-007/ADR-008,0,0,0,0,0,PASS
SPRINT-009,ISSUE-0306,STORY,STORY-0196,EPIC-032,4,DERIVED_CONTROL,,ADR-002/ADR-044/ADR-049/ADR-050/ADR-007/ADR-008,0,0,0,0,0,PASS
SPRINT-009,ISSUE-0307,STORY,STORY-0197,EPIC-033,4,MIXED,REQ-AI-011,ADR-051/ADR-044/ADR-047/ADR-007/ADR-008,0,0,0,0,0,PASS
SPRINT-009,ISSUE-0308,STORY,STORY-0198,EPIC-033,4,MIXED,REQ-SRC-004/REQ-UX-002,ADR-051/ADR-044/ADR-047/ADR-007/ADR-008,0,0,0,0,0,PASS
SPRINT-009,ISSUE-0309,STORY,STORY-0199,EPIC-033,4,DERIVED_CONTROL,,ADR-051/ADR-044/ADR-047/ADR-007/ADR-008,0,0,0,0,0,PASS
SPRINT-009,ISSUE-0310,STORY,STORY-0200,EPIC-033,4,DERIVED_CONTROL,,ADR-051/ADR-044/ADR-047/ADR-007/ADR-008,0,0,0,0,0,PASS
SPRINT-009,ISSUE-0311,STORY,STORY-0201,EPIC-033,4,DERIVED_CONTROL,,ADR-051/ADR-044/ADR-047/ADR-007/ADR-008,0,0,0,0,0,PASS
SPRINT-009,ISSUE-0312,STORY,STORY-0202,EPIC-033,4,DERIVED_CONTROL,,ADR-051/ADR-044/ADR-047/ADR-007/ADR-008,0,0,0,0,0,PASS
SPRINT-009,ISSUE-0313,STORY,STORY-0203,EPIC-034,4,MIXED,REQ-BEX-001/REQ-CAT-001/REQ-EPIC-037/REQ-EPIC-062/REQ-QUAL-003,ADR-046/ADR-039/ADR-048/ADR-007/ADR-008,0,0,0,0,0,PASS
SPRINT-009,ISSUE-0314,STORY,STORY-0204,EPIC-034,4,DERIVED_CONTROL,,ADR-046/ADR-039/ADR-048/ADR-007/ADR-008,0,0,0,0,0,PASS
SPRINT-009,ISSUE-0315,STORY,STORY-0205,EPIC-034,4,DERIVED_CONTROL,,ADR-046/ADR-039/ADR-048/ADR-007/ADR-008,0,0,0,0,0,PASS
SPRINT-009,ISSUE-0316,STORY,STORY-0206,EPIC-034,4,DERIVED_CONTROL,,ADR-046/ADR-039/ADR-048/ADR-007/ADR-008,0,0,0,0,0,PASS
SPRINT-009,ISSUE-0317,STORY,STORY-0207,EPIC-034,4,DERIVED_CONTROL,,ADR-046/ADR-039/ADR-048/ADR-007/ADR-008,0,0,0,0,0,PASS
SPRINT-009,ISSUE-0318,STORY,STORY-0208,EPIC-034,4,DERIVED_CONTROL,,ADR-046/ADR-039/ADR-048/ADR-007/ADR-008,0,0,0,0,0,PASS
SPRINT-009,ISSUE-0319,STORY,STORY-0209,EPIC-035,4,DERIVED_CONTROL,,ADR-048/ADR-007/ADR-008,0,0,0,0,0,PASS
SPRINT-009,ISSUE-0320,STORY,STORY-0210,EPIC-035,4,MIXED,REQ-EPIC-035,ADR-048/ADR-007/ADR-008,0,0,0,0,0,PASS
SPRINT-009,ISSUE-0321,STORY,STORY-0211,EPIC-035,4,DERIVED_CONTROL,,ADR-048/ADR-007/ADR-008,0,0,0,0,0,PASS
SPRINT-009,ISSUE-0322,STORY,STORY-0212,EPIC-035,4,DERIVED_CONTROL,,ADR-048/ADR-007/ADR-008,0,0,0,0,0,PASS
SPRINT-009,ISSUE-0323,STORY,STORY-0213,EPIC-035,4,DERIVED_CONTROL,,ADR-048/ADR-007/ADR-008,0,0,0,0,0,PASS
SPRINT-009,ISSUE-0324,STORY,STORY-0214,EPIC-035,4,DERIVED_CONTROL,,ADR-048/ADR-007/ADR-008,0,0,0,0,0,PASS
SPRINT-009,ISSUE-0325,STORY,STORY-0215,EPIC-036,4,DERIVED_CONTROL,,ADR-051/ADR-046/ADR-007/ADR-008,0,0,0,0,0,PASS
SPRINT-009,ISSUE-0326,STORY,STORY-0216,EPIC-036,4,MIXED,REQ-AI-016/REQ-EPIC-038/REQ-UX-003,ADR-051/ADR-046/ADR-007/ADR-008,0,0,0,0,0,PASS
SPRINT-009,ISSUE-0327,STORY,STORY-0217,EPIC-036,4,DERIVED_CONTROL,,ADR-051/ADR-046/ADR-007/ADR-008,0,0,0,0,0,PASS
SPRINT-009,ISSUE-0328,STORY,STORY-0218,EPIC-036,4,DERIVED_CONTROL,,ADR-051/ADR-046/ADR-007/ADR-008,0,0,0,0,0,PASS
SPRINT-009,ISSUE-0329,STORY,STORY-0219,EPIC-036,4,DERIVED_CONTROL,,ADR-051/ADR-046/ADR-007/ADR-008,0,0,0,0,0,PASS
SPRINT-010,ISSUE-0330,STORY,STORY-0220,EPIC-037,4,MIXED,REQ-BEX-003/REQ-BEX-005/REQ-GCP-002/REQ-PROV-001,ADR-018/ADR-046/ADR-039/ADR-048/ADR-041/ADR-050/ADR-053/ADR-026/ADR-007/ADR-008,0,0,0,0,0,PASS
SPRINT-010,ISSUE-0331,STORY,STORY-0221,EPIC-037,4,DERIVED_CONTROL,,ADR-018/ADR-046/ADR-039/ADR-048/ADR-041/ADR-050/ADR-053/ADR-026/ADR-007/ADR-008,0,0,0,0,0,PASS
SPRINT-010,ISSUE-0332,STORY,STORY-0222,EPIC-037,4,DERIVED_CONTROL,,ADR-018/ADR-046/ADR-039/ADR-048/ADR-041/ADR-050/ADR-053/ADR-026/ADR-007/ADR-008,0,0,0,0,0,PASS
SPRINT-010,ISSUE-0333,STORY,STORY-0223,EPIC-037,4,MIXED,REQ-BEX-001/REQ-EPIC-037/REQ-QUAL-002/REQ-QUAL-003/REQ-RMR-003,ADR-018/ADR-046/ADR-039/ADR-048/ADR-041/ADR-050/ADR-053/ADR-026/ADR-007/ADR-008,0,0,0,0,0,PASS
SPRINT-010,ISSUE-0334,STORY,STORY-0224,EPIC-037,4,DERIVED_CONTROL,,ADR-018/ADR-046/ADR-039/ADR-048/ADR-041/ADR-050/ADR-053/ADR-026/ADR-007/ADR-008,0,0,0,0,0,PASS
SPRINT-010,ISSUE-0335,STORY,STORY-0225,EPIC-037,4,DERIVED_CONTROL,,ADR-018/ADR-046/ADR-039/ADR-048/ADR-041/ADR-050/ADR-053/ADR-026/ADR-007/ADR-008,0,0,0,0,0,PASS
SPRINT-010,ISSUE-0336,STORY,STORY-0226,EPIC-038,4,DERIVED_CONTROL,,ADR-046/ADR-007/ADR-008,0,0,0,0,0,PASS
SPRINT-010,ISSUE-0337,STORY,STORY-0227,EPIC-038,4,MIXED,REQ-QUAL-005,ADR-046/ADR-007/ADR-008,0,0,0,0,0,PASS
SPRINT-010,ISSUE-0338,STORY,STORY-0228,EPIC-038,4,DERIVED_CONTROL,,ADR-046/ADR-007/ADR-008,0,0,0,0,0,PASS
SPRINT-010,ISSUE-0339,STORY,STORY-0229,EPIC-038,4,DERIVED_CONTROL,,ADR-046/ADR-007/ADR-008,0,0,0,0,0,PASS
SPRINT-010,ISSUE-0340,STORY,STORY-0230,EPIC-038,4,DERIVED_CONTROL,,ADR-046/ADR-007/ADR-008,0,0,0,0,0,PASS
SPRINT-010,ISSUE-0341,STORY,STORY-0231,EPIC-038,4,DERIVED_CONTROL,,ADR-046/ADR-007/ADR-008,0,0,0,0,0,PASS
SPRINT-011,ISSUE-0342,STORY,STORY-0232,EPIC-039,4,MIXED,REQ-AIE-001/REQ-AIE-005/REQ-OBS-002/REQ-RUNTIME-010/REQ-WORKER-001/REQ-WORKER-010,ADR-002/ADR-018/ADR-036/ADR-054/ADR-007/ADR-008,0,0,0,0,0,PASS
SPRINT-011,ISSUE-0343,STORY,STORY-0233,EPIC-039,4,DERIVED_CONTROL,,ADR-002/ADR-018/ADR-036/ADR-054/ADR-007/ADR-008,0,0,0,0,0,PASS
SPRINT-011,ISSUE-0344,STORY,STORY-0234,EPIC-039,4,MIXED,REQ-EPIC-018/REQ-OBS-001/REQ-WORKER-002/REQ-WORKER-004/REQ-WORKER-005/REQ-WORKER-006/REQ-WORKER-007/REQ-WORKER-008/REQ-WORKER-009,ADR-002/ADR-018/ADR-036/ADR-054/ADR-007/ADR-008,0,0,0,0,0,PASS
SPRINT-011,ISSUE-0345,STORY,STORY-0235,EPIC-039,4,DERIVED_CONTROL,,ADR-002/ADR-018/ADR-036/ADR-054/ADR-007/ADR-008,0,0,0,0,0,PASS
SPRINT-011,ISSUE-0346,STORY,STORY-0236,EPIC-039,4,MIXED,REQ-LOG-001/REQ-RUNTIME-009,ADR-002/ADR-018/ADR-036/ADR-054/ADR-007/ADR-008,0,0,0,0,0,PASS
SPRINT-011,ISSUE-0347,STORY,STORY-0237,EPIC-039,4,DERIVED_CONTROL,,ADR-002/ADR-018/ADR-036/ADR-054/ADR-007/ADR-008,0,0,0,0,0,PASS
SPRINT-011,ISSUE-0348,STORY,STORY-0238,EPIC-040,4,MIXED,REQ-OUT-001/REQ-SCH-004,ADR-039/ADR-041/ADR-050/ADR-007/ADR-008,0,0,0,0,0,PASS
SPRINT-011,ISSUE-0349,STORY,STORY-0239,EPIC-040,4,MIXED,REQ-NFR-001/REQ-RMQ-001/REQ-SCL-001,ADR-039/ADR-041/ADR-050/ADR-007/ADR-008,0,0,0,0,0,PASS
SPRINT-011,ISSUE-0350,STORY,STORY-0240,EPIC-040,4,MIXED,REQ-RES-001/REQ-SMO-001/REQ-SMO-003,ADR-039/ADR-041/ADR-050/ADR-007/ADR-008,0,0,0,0,0,PASS
SPRINT-011,ISSUE-0351,STORY,STORY-0241,EPIC-040,4,DERIVED_CONTROL,,ADR-039/ADR-041/ADR-050/ADR-007/ADR-008,0,0,0,0,0,PASS
SPRINT-011,ISSUE-0352,STORY,STORY-0242,EPIC-040,4,MIXED,REQ-SRP-001,ADR-039/ADR-041/ADR-050/ADR-007/ADR-008,0,0,0,0,0,PASS
SPRINT-011,ISSUE-0353,STORY,STORY-0243,EPIC-040,4,DERIVED_CONTROL,,ADR-039/ADR-041/ADR-050/ADR-007/ADR-008,0,0,0,0,0,PASS
SPRINT-002,ISSUE-0354,STORY,STORY-0244,EPIC-041,4,MIXED,REQ-NET-001,ADR-002/ADR-018/ADR-028/ADR-034/ADR-047/ADR-007/ADR-008,0,0,0,0,0,PASS
SPRINT-002,ISSUE-0355,STORY,STORY-0245,EPIC-041,4,DERIVED_CONTROL,,ADR-002/ADR-018/ADR-028/ADR-034/ADR-047/ADR-007/ADR-008,0,0,0,0,0,PASS
SPRINT-002,ISSUE-0356,STORY,STORY-0246,EPIC-041,4,DERIVED_CONTROL,,ADR-002/ADR-018/ADR-028/ADR-034/ADR-047/ADR-007/ADR-008,0,0,0,0,0,PASS
SPRINT-002,ISSUE-0357,STORY,STORY-0247,EPIC-041,4,DERIVED_CONTROL,,ADR-002/ADR-018/ADR-028/ADR-034/ADR-047/ADR-007/ADR-008,0,0,0,0,0,PASS
SPRINT-002,ISSUE-0358,STORY,STORY-0248,EPIC-041,4,DERIVED_CONTROL,,ADR-002/ADR-018/ADR-028/ADR-034/ADR-047/ADR-007/ADR-008,0,0,0,0,0,PASS
SPRINT-002,ISSUE-0359,STORY,STORY-0249,EPIC-041,4,DERIVED_CONTROL,,ADR-002/ADR-018/ADR-028/ADR-034/ADR-047/ADR-007/ADR-008,0,0,0,0,0,PASS
SPRINT-012,ISSUE-0360,STORY,STORY-0250,EPIC-042,4,DERIVED_CONTROL,,ADR-034/ADR-047/ADR-054/ADR-007/ADR-008,0,0,0,0,0,PASS
SPRINT-012,ISSUE-0361,STORY,STORY-0251,EPIC-042,4,MIXED,REQ-CIT-001/REQ-EPIC-042/REQ-EPIC-043/REQ-OSS-001/REQ-PUB-004,ADR-034/ADR-047/ADR-054/ADR-007/ADR-008,0,0,0,0,0,PASS
SPRINT-012,ISSUE-0362,STORY,STORY-0252,EPIC-042,4,DERIVED_CONTROL,,ADR-034/ADR-047/ADR-054/ADR-007/ADR-008,0,0,0,0,0,PASS
SPRINT-012,ISSUE-0363,STORY,STORY-0253,EPIC-042,4,DERIVED_CONTROL,,ADR-034/ADR-047/ADR-054/ADR-007/ADR-008,0,0,0,0,0,PASS
SPRINT-012,ISSUE-0364,STORY,STORY-0254,EPIC-042,4,DERIVED_CONTROL,,ADR-034/ADR-047/ADR-054/ADR-007/ADR-008,0,0,0,0,0,PASS
SPRINT-012,ISSUE-0365,STORY,STORY-0255,EPIC-043,4,DERIVED_CONTROL,,ADR-053/ADR-007/ADR-008,0,0,0,0,0,PASS
SPRINT-012,ISSUE-0366,STORY,STORY-0256,EPIC-043,4,MIXED,REQ-SRG-003/REQ-TOOL-008/REQ-TOOL-010,ADR-053/ADR-007/ADR-008,0,0,0,0,0,PASS
SPRINT-012,ISSUE-0367,STORY,STORY-0257,EPIC-043,4,MIXED,REQ-SRG-004,ADR-053/ADR-007/ADR-008,0,0,0,0,0,PASS
SPRINT-012,ISSUE-0368,STORY,STORY-0258,EPIC-043,4,DERIVED_CONTROL,,ADR-053/ADR-007/ADR-008,0,0,0,0,0,PASS
SPRINT-012,ISSUE-0369,STORY,STORY-0259,EPIC-043,4,DERIVED_CONTROL,,ADR-053/ADR-007/ADR-008,0,0,0,0,0,PASS
SPRINT-012,ISSUE-0370,STORY,STORY-0260,EPIC-043,4,DERIVED_CONTROL,,ADR-053/ADR-007/ADR-008,0,0,0,0,0,PASS
SPRINT-005,ISSUE-0371,STORY,STORY-0261,EPIC-044,4,MIXED,REQ-ART-002/REQ-CRS-006/REQ-OUT-001,ADR-018/ADR-041/ADR-007/ADR-008,0,0,0,0,0,PASS
SPRINT-005,ISSUE-0372,STORY,STORY-0262,EPIC-044,4,MIXED,REQ-RAS-001/REQ-RAS-002,ADR-018/ADR-041/ADR-007/ADR-008,0,0,0,0,0,PASS
SPRINT-005,ISSUE-0373,STORY,STORY-0263,EPIC-044,4,DERIVED_CONTROL,,ADR-018/ADR-041/ADR-007/ADR-008,0,0,0,0,0,PASS
SPRINT-005,ISSUE-0374,STORY,STORY-0264,EPIC-044,4,DERIVED_CONTROL,,ADR-018/ADR-041/ADR-007/ADR-008,0,0,0,0,0,PASS
SPRINT-005,ISSUE-0375,STORY,STORY-0265,EPIC-044,4,DERIVED_CONTROL,,ADR-018/ADR-041/ADR-007/ADR-008,0,0,0,0,0,PASS
SPRINT-005,ISSUE-0376,STORY,STORY-0266,EPIC-044,4,DERIVED_CONTROL,,ADR-018/ADR-041/ADR-007/ADR-008,0,0,0,0,0,PASS
SPRINT-005,ISSUE-0377,STORY,STORY-0267,EPIC-044,4,DERIVED_CONTROL,,ADR-018/ADR-041/ADR-007/ADR-008,0,0,0,0,0,PASS
SPRINT-005,ISSUE-0378,STORY,STORY-0268,EPIC-045,4,MIXED,REQ-MSK-003,ADR-044/ADR-041/ADR-007/ADR-008,0,0,0,0,0,PASS
SPRINT-005,ISSUE-0379,STORY,STORY-0269,EPIC-045,4,MIXED,REQ-MSK-001/REQ-MSK-002/REQ-RAS-001,ADR-044/ADR-041/ADR-007/ADR-008,0,0,0,0,0,PASS
SPRINT-005,ISSUE-0380,STORY,STORY-0270,EPIC-045,4,DERIVED_CONTROL,,ADR-044/ADR-041/ADR-007/ADR-008,0,0,0,0,0,PASS
SPRINT-005,ISSUE-0381,STORY,STORY-0271,EPIC-045,4,DERIVED_CONTROL,,ADR-044/ADR-041/ADR-007/ADR-008,0,0,0,0,0,PASS
SPRINT-005,ISSUE-0382,STORY,STORY-0272,EPIC-045,4,DERIVED_CONTROL,,ADR-044/ADR-041/ADR-007/ADR-008,0,0,0,0,0,PASS
SPRINT-005,ISSUE-0383,STORY,STORY-0273,EPIC-045,4,DERIVED_CONTROL,,ADR-044/ADR-041/ADR-007/ADR-008,0,0,0,0,0,PASS
SPRINT-005,ISSUE-0384,STORY,STORY-0274,EPIC-045,4,DERIVED_CONTROL,,ADR-044/ADR-041/ADR-007/ADR-008,0,0,0,0,0,PASS
SPRINT-005,ISSUE-0385,STORY,STORY-0275,EPIC-046,4,MIXED,REQ-ART-002,ADR-051/ADR-018/ADR-041/ADR-049/ADR-007/ADR-008,0,0,0,0,0,PASS
SPRINT-005,ISSUE-0386,STORY,STORY-0276,EPIC-046,4,MIXED,REQ-AI-017/REQ-ANC-004/REQ-RAS-005,ADR-051/ADR-018/ADR-041/ADR-049/ADR-007/ADR-008,0,0,0,0,0,PASS
SPRINT-005,ISSUE-0387,STORY,STORY-0277,EPIC-046,4,DERIVED_CONTROL,,ADR-051/ADR-018/ADR-041/ADR-049/ADR-007/ADR-008,0,0,0,0,0,PASS
SPRINT-005,ISSUE-0388,STORY,STORY-0278,EPIC-046,4,DERIVED_CONTROL,,ADR-051/ADR-018/ADR-041/ADR-049/ADR-007/ADR-008,0,0,0,0,0,PASS
SPRINT-005,ISSUE-0389,STORY,STORY-0279,EPIC-046,4,DERIVED_CONTROL,,ADR-051/ADR-018/ADR-041/ADR-049/ADR-007/ADR-008,0,0,0,0,0,PASS
SPRINT-005,ISSUE-0390,STORY,STORY-0280,EPIC-046,4,MIXED,REQ-ART-003,ADR-051/ADR-018/ADR-041/ADR-049/ADR-007/ADR-008,0,0,0,0,0,PASS
SPRINT-005,ISSUE-0391,STORY,STORY-0281,EPIC-046,4,DERIVED_CONTROL,,ADR-051/ADR-018/ADR-041/ADR-049/ADR-007/ADR-008,0,0,0,0,0,PASS
SPRINT-005,ISSUE-0392,STORY,STORY-0282,EPIC-047,4,DERIVED_CONTROL,,ADR-044/ADR-007/ADR-008,0,0,0,0,0,PASS
SPRINT-005,ISSUE-0393,STORY,STORY-0283,EPIC-047,4,DERIVED_CONTROL,,ADR-044/ADR-007/ADR-008,0,0,0,0,0,PASS
SPRINT-005,ISSUE-0394,STORY,STORY-0284,EPIC-047,4,MIXED,REQ-MAT-001,ADR-044/ADR-007/ADR-008,0,0,0,0,0,PASS
SPRINT-005,ISSUE-0395,STORY,STORY-0285,EPIC-047,4,DERIVED_CONTROL,,ADR-044/ADR-007/ADR-008,0,0,0,0,0,PASS
SPRINT-005,ISSUE-0396,STORY,STORY-0286,EPIC-047,4,DERIVED_CONTROL,,ADR-044/ADR-007/ADR-008,0,0,0,0,0,PASS
SPRINT-005,ISSUE-0397,STORY,STORY-0287,EPIC-047,4,DERIVED_CONTROL,,ADR-044/ADR-007/ADR-008,0,0,0,0,0,PASS
SPRINT-005,ISSUE-0398,STORY,STORY-0288,EPIC-047,4,DERIVED_CONTROL,,ADR-044/ADR-007/ADR-008,0,0,0,0,0,PASS
SPRINT-005,ISSUE-0399,STORY,STORY-0289,EPIC-048,4,DERIVED_CONTROL,,ADR-044/ADR-007/ADR-008,0,0,0,0,0,PASS
SPRINT-005,ISSUE-0400,STORY,STORY-0290,EPIC-048,4,MIXED,REQ-MTD-001,ADR-044/ADR-007/ADR-008,0,0,0,0,0,PASS
SPRINT-005,ISSUE-0401,STORY,STORY-0291,EPIC-048,4,DERIVED_CONTROL,,ADR-044/ADR-007/ADR-008,0,0,0,0,0,PASS
SPRINT-005,ISSUE-0402,STORY,STORY-0292,EPIC-048,4,DERIVED_CONTROL,,ADR-044/ADR-007/ADR-008,0,0,0,0,0,PASS
SPRINT-005,ISSUE-0403,STORY,STORY-0293,EPIC-048,4,DERIVED_CONTROL,,ADR-044/ADR-007/ADR-008,0,0,0,0,0,PASS
SPRINT-005,ISSUE-0404,STORY,STORY-0294,EPIC-048,4,DERIVED_CONTROL,,ADR-044/ADR-007/ADR-008,0,0,0,0,0,PASS
SPRINT-005,ISSUE-0405,STORY,STORY-0295,EPIC-048,4,DERIVED_CONTROL,,ADR-044/ADR-007/ADR-008,0,0,0,0,0,PASS
SPRINT-010,ISSUE-0406,STORY,STORY-0296,EPIC-049,4,MIXED,REQ-EPIC-017/REQ-PROV-001/REQ-RET-001,ADR-051/ADR-018/ADR-036/ADR-047/ADR-048/ADR-027/ADR-050/ADR-053/ADR-007/ADR-008,0,0,0,0,0,PASS
SPRINT-010,ISSUE-0407,STORY,STORY-0297,EPIC-049,4,MIXED,REQ-BKP-001/REQ-CAC-001/REQ-RMQ-002/REQ-SDR-004/REQ-SRG-004,ADR-051/ADR-018/ADR-036/ADR-047/ADR-048/ADR-027/ADR-050/ADR-053/ADR-007/ADR-008,0,0,0,0,0,PASS
SPRINT-010,ISSUE-0408,STORY,STORY-0298,EPIC-049,4,DERIVED_CONTROL,,ADR-051/ADR-018/ADR-036/ADR-047/ADR-048/ADR-027/ADR-050/ADR-053/ADR-007/ADR-008,0,0,0,0,0,PASS
SPRINT-010,ISSUE-0409,STORY,STORY-0299,EPIC-049,4,MIXED,REQ-EPIC-070/REQ-REV-003,ADR-051/ADR-018/ADR-036/ADR-047/ADR-048/ADR-027/ADR-050/ADR-053/ADR-007/ADR-008,0,0,0,0,0,PASS
SPRINT-010,ISSUE-0410,STORY,STORY-0300,EPIC-049,4,MIXED,REQ-AI-009,ADR-051/ADR-018/ADR-036/ADR-047/ADR-048/ADR-027/ADR-050/ADR-053/ADR-007/ADR-008,0,0,0,0,0,PASS
SPRINT-010,ISSUE-0411,STORY,STORY-0301,EPIC-049,4,DERIVED_CONTROL,,ADR-051/ADR-018/ADR-036/ADR-047/ADR-048/ADR-027/ADR-050/ADR-053/ADR-007/ADR-008,0,0,0,0,0,PASS
SPRINT-006,ISSUE-0412,STORY,STORY-0302,EPIC-050,4,MIXED,REQ-AI-005/REQ-AIE-001/REQ-AIE-005/REQ-SDR-002,ADR-051/ADR-039/ADR-044/ADR-053/ADR-007/ADR-008,0,0,0,0,0,PASS
SPRINT-006,ISSUE-0413,STORY,STORY-0303,EPIC-050,4,DERIVED_CONTROL,,ADR-051/ADR-039/ADR-044/ADR-053/ADR-007/ADR-008,0,0,0,0,0,PASS
SPRINT-006,ISSUE-0414,STORY,STORY-0304,EPIC-050,4,DERIVED_CONTROL,,ADR-051/ADR-039/ADR-044/ADR-053/ADR-007/ADR-008,0,0,0,0,0,PASS
SPRINT-006,ISSUE-0415,STORY,STORY-0305,EPIC-050,4,DERIVED_CONTROL,,ADR-051/ADR-039/ADR-044/ADR-053/ADR-007/ADR-008,0,0,0,0,0,PASS
SPRINT-006,ISSUE-0416,STORY,STORY-0306,EPIC-050,4,DERIVED_CONTROL,,ADR-051/ADR-039/ADR-044/ADR-053/ADR-007/ADR-008,0,0,0,0,0,PASS
SPRINT-006,ISSUE-0417,STORY,STORY-0307,EPIC-050,4,MIXED,REQ-AI-001/REQ-AIE-003/REQ-AIE-007/REQ-MCH-001/REQ-SDR-003,ADR-051/ADR-039/ADR-044/ADR-053/ADR-007/ADR-008,0,0,0,0,0,PASS
SPRINT-006,ISSUE-0418,STORY,STORY-0308,EPIC-050,4,DERIVED_CONTROL,,ADR-051/ADR-039/ADR-044/ADR-053/ADR-007/ADR-008,0,0,0,0,0,PASS
SPRINT-006,ISSUE-0419,STORY,STORY-0309,EPIC-051,4,DERIVED_CONTROL,,ADR-044/ADR-007/ADR-008,0,0,0,0,0,PASS
SPRINT-006,ISSUE-0420,STORY,STORY-0310,EPIC-051,4,MIXED,REQ-EST-001,ADR-044/ADR-007/ADR-008,0,0,0,0,0,PASS
SPRINT-006,ISSUE-0421,STORY,STORY-0311,EPIC-051,4,DERIVED_CONTROL,,ADR-044/ADR-007/ADR-008,0,0,0,0,0,PASS
SPRINT-006,ISSUE-0422,STORY,STORY-0312,EPIC-051,4,DERIVED_CONTROL,,ADR-044/ADR-007/ADR-008,0,0,0,0,0,PASS
SPRINT-006,ISSUE-0423,STORY,STORY-0313,EPIC-051,4,DERIVED_CONTROL,,ADR-044/ADR-007/ADR-008,0,0,0,0,0,PASS
SPRINT-006,ISSUE-0424,STORY,STORY-0314,EPIC-051,4,DERIVED_CONTROL,,ADR-044/ADR-007/ADR-008,0,0,0,0,0,PASS
SPRINT-006,ISSUE-0425,STORY,STORY-0315,EPIC-051,4,DERIVED_CONTROL,,ADR-044/ADR-007/ADR-008,0,0,0,0,0,PASS
SPRINT-006,ISSUE-0426,STORY,STORY-0316,EPIC-052,4,DERIVED_CONTROL,,ADR-044/ADR-007/ADR-008,0,0,0,0,0,PASS
SPRINT-006,ISSUE-0427,STORY,STORY-0317,EPIC-052,4,DERIVED_CONTROL,,ADR-044/ADR-007/ADR-008,0,0,0,0,0,PASS
SPRINT-006,ISSUE-0428,STORY,STORY-0318,EPIC-052,4,DERIVED_CONTROL,,ADR-044/ADR-007/ADR-008,0,0,0,0,0,PASS
SPRINT-006,ISSUE-0429,STORY,STORY-0319,EPIC-052,4,DERIVED_CONTROL,,ADR-044/ADR-007/ADR-008,0,0,0,0,0,PASS
SPRINT-006,ISSUE-0430,STORY,STORY-0320,EPIC-052,4,DERIVED_CONTROL,,ADR-044/ADR-007/ADR-008,0,0,0,0,0,PASS
SPRINT-006,ISSUE-0431,STORY,STORY-0321,EPIC-052,4,MIXED,REQ-GCP-001,ADR-044/ADR-007/ADR-008,0,0,0,0,0,PASS
SPRINT-006,ISSUE-0432,STORY,STORY-0322,EPIC-052,4,DERIVED_CONTROL,,ADR-044/ADR-007/ADR-008,0,0,0,0,0,PASS
SPRINT-006,ISSUE-0433,STORY,STORY-0323,EPIC-053,4,DERIVED_CONTROL,,ADR-044/ADR-007/ADR-008,0,0,0,0,0,PASS
SPRINT-006,ISSUE-0434,STORY,STORY-0324,EPIC-053,4,MIXED,REQ-REF-001,ADR-044/ADR-007/ADR-008,0,0,0,0,0,PASS
SPRINT-006,ISSUE-0435,STORY,STORY-0325,EPIC-053,4,DERIVED_CONTROL,,ADR-044/ADR-007/ADR-008,0,0,0,0,0,PASS
SPRINT-006,ISSUE-0436,STORY,STORY-0326,EPIC-053,4,DERIVED_CONTROL,,ADR-044/ADR-007/ADR-008,0,0,0,0,0,PASS
SPRINT-006,ISSUE-0437,STORY,STORY-0327,EPIC-053,4,DERIVED_CONTROL,,ADR-044/ADR-007/ADR-008,0,0,0,0,0,PASS
SPRINT-006,ISSUE-0438,STORY,STORY-0328,EPIC-053,4,DERIVED_CONTROL,,ADR-044/ADR-007/ADR-008,0,0,0,0,0,PASS
SPRINT-006,ISSUE-0439,STORY,STORY-0329,EPIC-053,4,DERIVED_CONTROL,,ADR-044/ADR-007/ADR-008,0,0,0,0,0,PASS
SPRINT-006,ISSUE-0440,STORY,STORY-0330,EPIC-054,4,MIXED,REQ-DIS-001,ADR-044/ADR-007/ADR-008,0,0,0,0,0,PASS
SPRINT-006,ISSUE-0441,STORY,STORY-0331,EPIC-054,4,DERIVED_CONTROL,,ADR-044/ADR-007/ADR-008,0,0,0,0,0,PASS
SPRINT-006,ISSUE-0442,STORY,STORY-0332,EPIC-054,4,DERIVED_CONTROL,,ADR-044/ADR-007/ADR-008,0,0,0,0,0,PASS
SPRINT-006,ISSUE-0443,STORY,STORY-0333,EPIC-054,4,DERIVED_CONTROL,,ADR-044/ADR-007/ADR-008,0,0,0,0,0,PASS
SPRINT-006,ISSUE-0444,STORY,STORY-0334,EPIC-054,4,DERIVED_CONTROL,,ADR-044/ADR-007/ADR-008,0,0,0,0,0,PASS
SPRINT-006,ISSUE-0445,STORY,STORY-0335,EPIC-054,4,DERIVED_CONTROL,,ADR-044/ADR-007/ADR-008,0,0,0,0,0,PASS
SPRINT-006,ISSUE-0446,STORY,STORY-0336,EPIC-054,4,DERIVED_CONTROL,,ADR-044/ADR-007/ADR-008,0,0,0,0,0,PASS
SPRINT-006,ISSUE-0447,STORY,STORY-0337,EPIC-055,4,DERIVED_CONTROL,,ADR-044/ADR-049/ADR-007/ADR-008,0,0,0,0,0,PASS
SPRINT-006,ISSUE-0448,STORY,STORY-0338,EPIC-055,4,MIXED,REQ-DIS-002/REQ-MOS-002,ADR-044/ADR-049/ADR-007/ADR-008,0,0,0,0,0,PASS
SPRINT-006,ISSUE-0449,STORY,STORY-0339,EPIC-055,4,DERIVED_CONTROL,,ADR-044/ADR-049/ADR-007/ADR-008,0,0,0,0,0,PASS
SPRINT-006,ISSUE-0450,STORY,STORY-0340,EPIC-055,4,DERIVED_CONTROL,,ADR-044/ADR-049/ADR-007/ADR-008,0,0,0,0,0,PASS
SPRINT-006,ISSUE-0451,STORY,STORY-0341,EPIC-055,4,DERIVED_CONTROL,,ADR-044/ADR-049/ADR-007/ADR-008,0,0,0,0,0,PASS
SPRINT-006,ISSUE-0452,STORY,STORY-0342,EPIC-055,4,DERIVED_CONTROL,,ADR-044/ADR-049/ADR-007/ADR-008,0,0,0,0,0,PASS
SPRINT-006,ISSUE-0453,STORY,STORY-0343,EPIC-055,4,DERIVED_CONTROL,,ADR-044/ADR-049/ADR-007/ADR-008,0,0,0,0,0,PASS
SPRINT-006,ISSUE-0454,STORY,STORY-0344,EPIC-056,4,DERIVED_CONTROL,,ADR-044/ADR-050/ADR-007/ADR-008,0,0,0,0,0,PASS
SPRINT-006,ISSUE-0455,STORY,STORY-0345,EPIC-056,4,MIXED,REQ-RMV-003,ADR-044/ADR-050/ADR-007/ADR-008,0,0,0,0,0,PASS
SPRINT-006,ISSUE-0456,STORY,STORY-0346,EPIC-056,4,DERIVED_CONTROL,,ADR-044/ADR-050/ADR-007/ADR-008,0,0,0,0,0,PASS
SPRINT-006,ISSUE-0457,STORY,STORY-0347,EPIC-056,4,DERIVED_CONTROL,,ADR-044/ADR-050/ADR-007/ADR-008,0,0,0,0,0,PASS
SPRINT-006,ISSUE-0458,STORY,STORY-0348,EPIC-056,4,DERIVED_CONTROL,,ADR-044/ADR-050/ADR-007/ADR-008,0,0,0,0,0,PASS
SPRINT-006,ISSUE-0459,STORY,STORY-0349,EPIC-056,4,MIXED,REQ-REF-002,ADR-044/ADR-050/ADR-007/ADR-008,0,0,0,0,0,PASS
SPRINT-006,ISSUE-0460,STORY,STORY-0350,EPIC-056,4,DERIVED_CONTROL,,ADR-044/ADR-050/ADR-007/ADR-008,0,0,0,0,0,PASS
SPRINT-006,ISSUE-0461,STORY,STORY-0351,EPIC-057,4,DERIVED_CONTROL,,ADR-036/ADR-046/ADR-039/ADR-048/ADR-007/ADR-008,0,0,0,0,0,PASS
SPRINT-006,ISSUE-0462,STORY,STORY-0352,EPIC-057,4,MIXED,REQ-BAT-001,ADR-036/ADR-046/ADR-039/ADR-048/ADR-007/ADR-008,0,0,0,0,0,PASS
SPRINT-006,ISSUE-0463,STORY,STORY-0353,EPIC-057,4,DERIVED_CONTROL,,ADR-036/ADR-046/ADR-039/ADR-048/ADR-007/ADR-008,0,0,0,0,0,PASS
SPRINT-006,ISSUE-0464,STORY,STORY-0354,EPIC-057,4,DERIVED_CONTROL,,ADR-036/ADR-046/ADR-039/ADR-048/ADR-007/ADR-008,0,0,0,0,0,PASS
SPRINT-006,ISSUE-0465,STORY,STORY-0355,EPIC-057,4,DERIVED_CONTROL,,ADR-036/ADR-046/ADR-039/ADR-048/ADR-007/ADR-008,0,0,0,0,0,PASS
SPRINT-006,ISSUE-0466,STORY,STORY-0356,EPIC-057,4,DERIVED_CONTROL,,ADR-036/ADR-046/ADR-039/ADR-048/ADR-007/ADR-008,0,0,0,0,0,PASS
SPRINT-006,ISSUE-0467,STORY,STORY-0357,EPIC-057,4,DERIVED_CONTROL,,ADR-036/ADR-046/ADR-039/ADR-048/ADR-007/ADR-008,0,0,0,0,0,PASS
SPRINT-006,ISSUE-0468,STORY,STORY-0358,EPIC-058,4,MIXED,REQ-CRS-005/REQ-CRS-007/REQ-PUB-003/REQ-SRC-003,ADR-051/ADR-047/ADR-041/ADR-049/ADR-007/ADR-008,0,0,0,0,0,PASS
SPRINT-006,ISSUE-0469,STORY,STORY-0359,EPIC-058,4,MIXED,REQ-OFF-001,ADR-051/ADR-047/ADR-041/ADR-049/ADR-007/ADR-008,0,0,0,0,0,PASS
SPRINT-006,ISSUE-0470,STORY,STORY-0360,EPIC-058,4,MIXED,REQ-ANC-001,ADR-051/ADR-047/ADR-041/ADR-049/ADR-007/ADR-008,0,0,0,0,0,PASS
SPRINT-006,ISSUE-0471,STORY,STORY-0361,EPIC-058,4,DERIVED_CONTROL,,ADR-051/ADR-047/ADR-041/ADR-049/ADR-007/ADR-008,0,0,0,0,0,PASS
SPRINT-006,ISSUE-0472,STORY,STORY-0362,EPIC-058,4,DERIVED_CONTROL,,ADR-051/ADR-047/ADR-041/ADR-049/ADR-007/ADR-008,0,0,0,0,0,PASS
SPRINT-006,ISSUE-0473,STORY,STORY-0363,EPIC-058,4,DERIVED_CONTROL,,ADR-051/ADR-047/ADR-041/ADR-049/ADR-007/ADR-008,0,0,0,0,0,PASS
SPRINT-006,ISSUE-0474,STORY,STORY-0364,EPIC-058,4,DERIVED_CONTROL,,ADR-051/ADR-047/ADR-041/ADR-049/ADR-007/ADR-008,0,0,0,0,0,PASS
SPRINT-006,ISSUE-0475,STORY,STORY-0365,EPIC-059,4,DERIVED_CONTROL,,ADR-047/ADR-007/ADR-008,0,0,0,0,0,PASS
SPRINT-006,ISSUE-0476,STORY,STORY-0366,EPIC-059,4,MIXED,REQ-SRC-004,ADR-047/ADR-007/ADR-008,0,0,0,0,0,PASS
SPRINT-006,ISSUE-0477,STORY,STORY-0367,EPIC-059,4,DERIVED_CONTROL,,ADR-047/ADR-007/ADR-008,0,0,0,0,0,PASS
SPRINT-006,ISSUE-0478,STORY,STORY-0368,EPIC-059,4,DERIVED_CONTROL,,ADR-047/ADR-007/ADR-008,0,0,0,0,0,PASS
SPRINT-006,ISSUE-0479,STORY,STORY-0369,EPIC-059,4,DERIVED_CONTROL,,ADR-047/ADR-007/ADR-008,0,0,0,0,0,PASS
SPRINT-006,ISSUE-0480,STORY,STORY-0370,EPIC-059,4,DERIVED_CONTROL,,ADR-047/ADR-007/ADR-008,0,0,0,0,0,PASS
SPRINT-006,ISSUE-0481,STORY,STORY-0371,EPIC-059,4,DERIVED_CONTROL,,ADR-047/ADR-007/ADR-008,0,0,0,0,0,PASS
SPRINT-006,ISSUE-0482,STORY,STORY-0372,EPIC-060,4,MIXED,REQ-PUB-003/REQ-SRC-005,ADR-047/ADR-007/ADR-008,0,0,0,0,0,PASS
SPRINT-006,ISSUE-0483,STORY,STORY-0373,EPIC-060,4,DERIVED_CONTROL,,ADR-047/ADR-007/ADR-008,0,0,0,0,0,PASS
SPRINT-006,ISSUE-0484,STORY,STORY-0374,EPIC-060,4,DERIVED_CONTROL,,ADR-047/ADR-007/ADR-008,0,0,0,0,0,PASS
SPRINT-006,ISSUE-0485,STORY,STORY-0375,EPIC-060,4,DERIVED_CONTROL,,ADR-047/ADR-007/ADR-008,0,0,0,0,0,PASS
SPRINT-006,ISSUE-0486,STORY,STORY-0376,EPIC-060,4,DERIVED_CONTROL,,ADR-047/ADR-007/ADR-008,0,0,0,0,0,PASS
SPRINT-006,ISSUE-0487,STORY,STORY-0377,EPIC-060,4,DERIVED_CONTROL,,ADR-047/ADR-007/ADR-008,0,0,0,0,0,PASS
SPRINT-006,ISSUE-0488,STORY,STORY-0378,EPIC-060,4,DERIVED_CONTROL,,ADR-047/ADR-007/ADR-008,0,0,0,0,0,PASS
SPRINT-010,ISSUE-0489,STORY,STORY-0379,EPIC-061,4,MIXED,REQ-PUB-003,ADR-047/ADR-007/ADR-008,0,0,0,0,0,PASS
SPRINT-010,ISSUE-0490,STORY,STORY-0380,EPIC-061,4,MIXED,REQ-CAC-001,ADR-047/ADR-007/ADR-008,0,0,0,0,0,PASS
SPRINT-010,ISSUE-0491,STORY,STORY-0381,EPIC-061,4,DERIVED_CONTROL,,ADR-047/ADR-007/ADR-008,0,0,0,0,0,PASS
SPRINT-010,ISSUE-0492,STORY,STORY-0382,EPIC-061,4,DERIVED_CONTROL,,ADR-047/ADR-007/ADR-008,0,0,0,0,0,PASS
SPRINT-010,ISSUE-0493,STORY,STORY-0383,EPIC-061,4,DERIVED_CONTROL,,ADR-047/ADR-007/ADR-008,0,0,0,0,0,PASS
SPRINT-010,ISSUE-0494,STORY,STORY-0384,EPIC-061,4,DERIVED_CONTROL,,ADR-047/ADR-007/ADR-008,0,0,0,0,0,PASS
SPRINT-009,ISSUE-0495,STORY,STORY-0385,EPIC-062,4,MIXED,REQ-EPIC-062,ADR-048/ADR-007/ADR-008,0,0,0,0,0,PASS
SPRINT-009,ISSUE-0496,STORY,STORY-0386,EPIC-062,4,MIXED,REQ-REV-003,ADR-048/ADR-007/ADR-008,0,0,0,0,0,PASS
SPRINT-009,ISSUE-0497,STORY,STORY-0387,EPIC-062,4,DERIVED_CONTROL,,ADR-048/ADR-007/ADR-008,0,0,0,0,0,PASS
SPRINT-009,ISSUE-0498,STORY,STORY-0388,EPIC-062,4,MIXED,REQ-REV-004,ADR-048/ADR-007/ADR-008,0,0,0,0,0,PASS
SPRINT-009,ISSUE-0499,STORY,STORY-0389,EPIC-062,4,DERIVED_CONTROL,,ADR-048/ADR-007/ADR-008,0,0,0,0,0,PASS
SPRINT-009,ISSUE-0500,STORY,STORY-0390,EPIC-062,4,DERIVED_CONTROL,,ADR-048/ADR-007/ADR-008,0,0,0,0,0,PASS
SPRINT-006,ISSUE-0501,STORY,STORY-0391,EPIC-063,4,MIXED,REQ-CRS-001/REQ-GCP-002,ADR-048/ADR-041/ADR-007/ADR-008,0,0,0,0,0,PASS
SPRINT-006,ISSUE-0502,STORY,STORY-0392,EPIC-063,4,DERIVED_CONTROL,,ADR-048/ADR-041/ADR-007/ADR-008,0,0,0,0,0,PASS
SPRINT-006,ISSUE-0503,STORY,STORY-0393,EPIC-063,4,DERIVED_CONTROL,,ADR-048/ADR-041/ADR-007/ADR-008,0,0,0,0,0,PASS
SPRINT-006,ISSUE-0504,STORY,STORY-0394,EPIC-063,4,DERIVED_CONTROL,,ADR-048/ADR-041/ADR-007/ADR-008,0,0,0,0,0,PASS
SPRINT-006,ISSUE-0505,STORY,STORY-0395,EPIC-063,4,DERIVED_CONTROL,,ADR-048/ADR-041/ADR-007/ADR-008,0,0,0,0,0,PASS
SPRINT-006,ISSUE-0506,STORY,STORY-0396,EPIC-063,4,DERIVED_CONTROL,,ADR-048/ADR-041/ADR-007/ADR-008,0,0,0,0,0,PASS
SPRINT-006,ISSUE-0507,STORY,STORY-0397,EPIC-063,4,DERIVED_CONTROL,,ADR-048/ADR-041/ADR-007/ADR-008,0,0,0,0,0,PASS
SPRINT-009,ISSUE-0508,STORY,STORY-0398,EPIC-064,4,DERIVED_CONTROL,,ADR-048/ADR-007/ADR-008,0,0,0,0,0,PASS
SPRINT-009,ISSUE-0509,STORY,STORY-0399,EPIC-064,4,MIXED,REQ-REV-004,ADR-048/ADR-007/ADR-008,0,0,0,0,0,PASS
SPRINT-009,ISSUE-0510,STORY,STORY-0400,EPIC-064,4,DERIVED_CONTROL,,ADR-048/ADR-007/ADR-008,0,0,0,0,0,PASS
SPRINT-009,ISSUE-0511,STORY,STORY-0401,EPIC-064,4,DERIVED_CONTROL,,ADR-048/ADR-007/ADR-008,0,0,0,0,0,PASS
SPRINT-009,ISSUE-0512,STORY,STORY-0402,EPIC-064,4,DERIVED_CONTROL,,ADR-048/ADR-007/ADR-008,0,0,0,0,0,PASS
SPRINT-009,ISSUE-0513,STORY,STORY-0403,EPIC-064,4,DERIVED_CONTROL,,ADR-048/ADR-007/ADR-008,0,0,0,0,0,PASS
SPRINT-004,ISSUE-0514,STORY,STORY-0404,EPIC-065,4,MIXED,REQ-BEX-003/REQ-BEX-005,ADR-036/ADR-039/ADR-053/ADR-007/ADR-008,0,0,0,0,0,PASS
SPRINT-004,ISSUE-0515,STORY,STORY-0405,EPIC-065,4,MIXED,REQ-BEX-002/REQ-BEX-004/REQ-BEX-006/REQ-BEX-010,ADR-036/ADR-039/ADR-053/ADR-007/ADR-008,0,0,0,0,0,PASS
SPRINT-004,ISSUE-0516,STORY,STORY-0406,EPIC-065,4,MIXED,REQ-BEX-007/REQ-BEX-008/REQ-BEX-009,ADR-036/ADR-039/ADR-053/ADR-007/ADR-008,0,0,0,0,0,PASS
SPRINT-004,ISSUE-0517,STORY,STORY-0407,EPIC-065,4,MIXED,REQ-BEX-001,ADR-036/ADR-039/ADR-053/ADR-007/ADR-008,0,0,0,0,0,PASS
SPRINT-004,ISSUE-0518,STORY,STORY-0408,EPIC-065,4,DERIVED_CONTROL,,ADR-036/ADR-039/ADR-053/ADR-007/ADR-008,0,0,0,0,0,PASS
SPRINT-004,ISSUE-0519,STORY,STORY-0409,EPIC-065,4,DERIVED_CONTROL,,ADR-036/ADR-039/ADR-053/ADR-007/ADR-008,0,0,0,0,0,PASS
SPRINT-004,ISSUE-0520,STORY,STORY-0410,EPIC-065,4,DERIVED_CONTROL,,ADR-036/ADR-039/ADR-053/ADR-007/ADR-008,0,0,0,0,0,PASS
SPRINT-004,ISSUE-0521,STORY,STORY-0411,EPIC-066,4,MIXED,REQ-ANC-008/REQ-BEX-003/REQ-BEX-005,ADR-049/ADR-007/ADR-008,0,0,0,0,0,PASS
SPRINT-004,ISSUE-0522,STORY,STORY-0412,EPIC-066,4,MIXED,REQ-BEX-002/REQ-BEX-004/REQ-BEX-006/REQ-BEX-010,ADR-049/ADR-007/ADR-008,0,0,0,0,0,PASS
SPRINT-004,ISSUE-0523,STORY,STORY-0413,EPIC-066,4,MIXED,REQ-BEX-007/REQ-BEX-008/REQ-BEX-009,ADR-049/ADR-007/ADR-008,0,0,0,0,0,PASS
SPRINT-004,ISSUE-0524,STORY,STORY-0414,EPIC-066,4,MIXED,REQ-BEX-001,ADR-049/ADR-007/ADR-008,0,0,0,0,0,PASS
SPRINT-004,ISSUE-0525,STORY,STORY-0415,EPIC-066,4,DERIVED_CONTROL,,ADR-049/ADR-007/ADR-008,0,0,0,0,0,PASS
SPRINT-004,ISSUE-0526,STORY,STORY-0416,EPIC-066,4,DERIVED_CONTROL,,ADR-049/ADR-007/ADR-008,0,0,0,0,0,PASS
SPRINT-004,ISSUE-0527,STORY,STORY-0417,EPIC-066,4,DERIVED_CONTROL,,ADR-049/ADR-007/ADR-008,0,0,0,0,0,PASS
SPRINT-004,ISSUE-0528,STORY,STORY-0418,EPIC-067,4,MIXED,REQ-BEX-003/REQ-BEX-005,ADR-036/ADR-039/ADR-054/ADR-007/ADR-008,0,0,0,0,0,PASS
SPRINT-004,ISSUE-0529,STORY,STORY-0419,EPIC-067,4,MIXED,REQ-BEX-002/REQ-BEX-004/REQ-BEX-006/REQ-BEX-010,ADR-036/ADR-039/ADR-054/ADR-007/ADR-008,0,0,0,0,0,PASS
SPRINT-004,ISSUE-0530,STORY,STORY-0420,EPIC-067,4,MIXED,REQ-BEX-007/REQ-BEX-008/REQ-BEX-009,ADR-036/ADR-039/ADR-054/ADR-007/ADR-008,0,0,0,0,0,PASS
SPRINT-004,ISSUE-0531,STORY,STORY-0421,EPIC-067,4,MIXED,REQ-BEX-001,ADR-036/ADR-039/ADR-054/ADR-007/ADR-008,0,0,0,0,0,PASS
SPRINT-004,ISSUE-0532,STORY,STORY-0422,EPIC-067,4,DERIVED_CONTROL,,ADR-036/ADR-039/ADR-054/ADR-007/ADR-008,0,0,0,0,0,PASS
SPRINT-004,ISSUE-0533,STORY,STORY-0423,EPIC-067,4,DERIVED_CONTROL,,ADR-036/ADR-039/ADR-054/ADR-007/ADR-008,0,0,0,0,0,PASS
SPRINT-004,ISSUE-0534,STORY,STORY-0424,EPIC-067,4,DERIVED_CONTROL,,ADR-036/ADR-039/ADR-054/ADR-007/ADR-008,0,0,0,0,0,PASS
SPRINT-004,ISSUE-0535,STORY,STORY-0425,EPIC-068,4,MIXED,REQ-BEX-003/REQ-BEX-005/REQ-SCH-004,ADR-039/ADR-007/ADR-008,0,0,0,0,0,PASS
SPRINT-004,ISSUE-0536,STORY,STORY-0426,EPIC-068,4,MIXED,REQ-BEX-002/REQ-BEX-004/REQ-BEX-006/REQ-BEX-010,ADR-039/ADR-007/ADR-008,0,0,0,0,0,PASS
SPRINT-004,ISSUE-0537,STORY,STORY-0427,EPIC-068,4,MIXED,REQ-BEX-007/REQ-BEX-008/REQ-BEX-009/REQ-SCH-001/REQ-SCH-003,ADR-039/ADR-007/ADR-008,0,0,0,0,0,PASS
SPRINT-004,ISSUE-0538,STORY,STORY-0428,EPIC-068,4,MIXED,REQ-BEX-001/REQ-SCH-002,ADR-039/ADR-007/ADR-008,0,0,0,0,0,PASS
SPRINT-004,ISSUE-0539,STORY,STORY-0429,EPIC-068,4,DERIVED_CONTROL,,ADR-039/ADR-007/ADR-008,0,0,0,0,0,PASS
SPRINT-004,ISSUE-0540,STORY,STORY-0430,EPIC-068,4,DERIVED_CONTROL,,ADR-039/ADR-007/ADR-008,0,0,0,0,0,PASS
SPRINT-004,ISSUE-0541,STORY,STORY-0431,EPIC-068,4,DERIVED_CONTROL,,ADR-039/ADR-007/ADR-008,0,0,0,0,0,PASS
SPRINT-004,ISSUE-0542,STORY,STORY-0432,EPIC-069,4,MIXED,REQ-BEX-003/REQ-BEX-005,ADR-039/ADR-007/ADR-008,0,0,0,0,0,PASS
SPRINT-004,ISSUE-0543,STORY,STORY-0433,EPIC-069,4,MIXED,REQ-BEX-002/REQ-BEX-004/REQ-BEX-006/REQ-BEX-010/REQ-SMO-004,ADR-039/ADR-007/ADR-008,0,0,0,0,0,PASS
SPRINT-004,ISSUE-0544,STORY,STORY-0434,EPIC-069,4,MIXED,REQ-BEX-007/REQ-BEX-008/REQ-BEX-009/REQ-SMO-001/REQ-SMO-002/REQ-SMO-003,ADR-039/ADR-007/ADR-008,0,0,0,0,0,PASS
SPRINT-004,ISSUE-0545,STORY,STORY-0435,EPIC-069,4,MIXED,REQ-BEX-001,ADR-039/ADR-007/ADR-008,0,0,0,0,0,PASS
SPRINT-004,ISSUE-0546,STORY,STORY-0436,EPIC-069,4,DERIVED_CONTROL,,ADR-039/ADR-007/ADR-008,0,0,0,0,0,PASS
SPRINT-004,ISSUE-0547,STORY,STORY-0437,EPIC-069,4,DERIVED_CONTROL,,ADR-039/ADR-007/ADR-008,0,0,0,0,0,PASS
SPRINT-004,ISSUE-0548,STORY,STORY-0438,EPIC-069,4,DERIVED_CONTROL,,ADR-039/ADR-007/ADR-008,0,0,0,0,0,PASS
SPRINT-010,ISSUE-0549,STORY,STORY-0439,EPIC-070,4,DERIVED_CONTROL,,ADR-018/ADR-048/ADR-050/ADR-007/ADR-008,0,0,0,0,0,PASS
SPRINT-010,ISSUE-0550,STORY,STORY-0440,EPIC-070,4,DERIVED_CONTROL,,ADR-018/ADR-048/ADR-050/ADR-007/ADR-008,0,0,0,0,0,PASS
SPRINT-010,ISSUE-0551,STORY,STORY-0441,EPIC-070,4,DERIVED_CONTROL,,ADR-018/ADR-048/ADR-050/ADR-007/ADR-008,0,0,0,0,0,PASS
SPRINT-010,ISSUE-0552,STORY,STORY-0442,EPIC-070,4,DERIVED_CONTROL,,ADR-018/ADR-048/ADR-050/ADR-007/ADR-008,0,0,0,0,0,PASS
SPRINT-010,ISSUE-0553,STORY,STORY-0443,EPIC-070,4,DERIVED_CONTROL,,ADR-018/ADR-048/ADR-050/ADR-007/ADR-008,0,0,0,0,0,PASS
SPRINT-010,ISSUE-0554,STORY,STORY-0444,EPIC-070,4,DERIVED_CONTROL,,ADR-018/ADR-048/ADR-050/ADR-007/ADR-008,0,0,0,0,0,PASS
SPRINT-011,ISSUE-0555,STORY,STORY-0445,EPIC-071,4,MIXED,REQ-SCM-004/REQ-UPG-001,ADR-027/ADR-026/ADR-007/ADR-008,0,0,0,0,0,PASS
SPRINT-011,ISSUE-0556,STORY,STORY-0446,EPIC-071,4,MIXED,REQ-BKP-001,ADR-027/ADR-026/ADR-007/ADR-008,0,0,0,0,0,PASS
SPRINT-011,ISSUE-0557,STORY,STORY-0447,EPIC-071,4,DERIVED_CONTROL,,ADR-027/ADR-026/ADR-007/ADR-008,0,0,0,0,0,PASS
SPRINT-011,ISSUE-0558,STORY,STORY-0448,EPIC-071,4,DERIVED_CONTROL,,ADR-027/ADR-026/ADR-007/ADR-008,0,0,0,0,0,PASS
SPRINT-011,ISSUE-0559,STORY,STORY-0449,EPIC-071,4,MIXED,REQ-BKP-002,ADR-027/ADR-026/ADR-007/ADR-008,0,0,0,0,0,PASS
SPRINT-011,ISSUE-0560,STORY,STORY-0450,EPIC-071,4,DERIVED_CONTROL,,ADR-027/ADR-026/ADR-007/ADR-008,0,0,0,0,0,PASS
SPRINT-011,ISSUE-0561,STORY,STORY-0451,EPIC-072,4,MIXED,REQ-SCM-004/REQ-UPG-001/REQ-UPG-004,ADR-027/ADR-026/ADR-007/ADR-008,0,0,0,0,0,PASS
SPRINT-011,ISSUE-0562,STORY,STORY-0452,EPIC-072,4,MIXED,REQ-EPIC-039,ADR-027/ADR-026/ADR-007/ADR-008,0,0,0,0,0,PASS
SPRINT-011,ISSUE-0563,STORY,STORY-0453,EPIC-072,4,MIXED,REQ-BKP-002,ADR-027/ADR-026/ADR-007/ADR-008,0,0,0,0,0,PASS
SPRINT-011,ISSUE-0564,STORY,STORY-0454,EPIC-072,4,DERIVED_CONTROL,,ADR-027/ADR-026/ADR-007/ADR-008,0,0,0,0,0,PASS
SPRINT-011,ISSUE-0565,STORY,STORY-0455,EPIC-072,4,DERIVED_CONTROL,,ADR-027/ADR-026/ADR-007/ADR-008,0,0,0,0,0,PASS
SPRINT-011,ISSUE-0566,STORY,STORY-0456,EPIC-072,4,DERIVED_CONTROL,,ADR-027/ADR-026/ADR-007/ADR-008,0,0,0,0,0,PASS
SPRINT-011,ISSUE-0567,STORY,STORY-0457,EPIC-073,4,MIXED,REQ-RET-001,ADR-039/ADR-027/ADR-007/ADR-008,0,0,0,0,0,PASS
SPRINT-011,ISSUE-0568,STORY,STORY-0458,EPIC-073,4,MIXED,REQ-GC-001,ADR-039/ADR-027/ADR-007/ADR-008,0,0,0,0,0,PASS
SPRINT-011,ISSUE-0569,STORY,STORY-0459,EPIC-073,4,DERIVED_CONTROL,,ADR-039/ADR-027/ADR-007/ADR-008,0,0,0,0,0,PASS
SPRINT-011,ISSUE-0570,STORY,STORY-0460,EPIC-073,4,MIXED,REQ-SRP-004,ADR-039/ADR-027/ADR-007/ADR-008,0,0,0,0,0,PASS
SPRINT-011,ISSUE-0571,STORY,STORY-0461,EPIC-073,4,DERIVED_CONTROL,,ADR-039/ADR-027/ADR-007/ADR-008,0,0,0,0,0,PASS
SPRINT-011,ISSUE-0572,STORY,STORY-0462,EPIC-073,4,DERIVED_CONTROL,,ADR-039/ADR-027/ADR-007/ADR-008,0,0,0,0,0,PASS
SPRINT-011,ISSUE-0573,STORY,STORY-0463,EPIC-074,4,DERIVED_CONTROL,,ADR-027/ADR-007/ADR-008,0,0,0,0,0,PASS
SPRINT-011,ISSUE-0574,STORY,STORY-0464,EPIC-074,4,MIXED,REQ-GC-001,ADR-027/ADR-007/ADR-008,0,0,0,0,0,PASS
SPRINT-011,ISSUE-0575,STORY,STORY-0465,EPIC-074,4,DERIVED_CONTROL,,ADR-027/ADR-007/ADR-008,0,0,0,0,0,PASS
SPRINT-011,ISSUE-0576,STORY,STORY-0466,EPIC-074,4,DERIVED_CONTROL,,ADR-027/ADR-007/ADR-008,0,0,0,0,0,PASS
SPRINT-011,ISSUE-0577,STORY,STORY-0467,EPIC-074,4,DERIVED_CONTROL,,ADR-027/ADR-007/ADR-008,0,0,0,0,0,PASS
SPRINT-011,ISSUE-0578,STORY,STORY-0468,EPIC-074,4,DERIVED_CONTROL,,ADR-027/ADR-007/ADR-008,0,0,0,0,0,PASS
SPRINT-011,ISSUE-0579,STORY,STORY-0469,EPIC-075,4,MIXED,REQ-AUD-001,ADR-039/ADR-054/ADR-050/ADR-026/ADR-007/ADR-008,0,0,0,0,0,PASS
SPRINT-011,ISSUE-0580,STORY,STORY-0470,EPIC-075,4,MIXED,REQ-INS-004/REQ-RMQ-004/REQ-SMO-004/REQ-UPG-003,ADR-039/ADR-054/ADR-050/ADR-026/ADR-007/ADR-008,0,0,0,0,0,PASS
SPRINT-011,ISSUE-0581,STORY,STORY-0471,EPIC-075,4,DERIVED_CONTROL,,ADR-039/ADR-054/ADR-050/ADR-026/ADR-007/ADR-008,0,0,0,0,0,PASS
SPRINT-011,ISSUE-0582,STORY,STORY-0472,EPIC-075,4,DERIVED_CONTROL,,ADR-039/ADR-054/ADR-050/ADR-026/ADR-007/ADR-008,0,0,0,0,0,PASS
SPRINT-011,ISSUE-0583,STORY,STORY-0473,EPIC-075,4,DERIVED_CONTROL,,ADR-039/ADR-054/ADR-050/ADR-026/ADR-007/ADR-008,0,0,0,0,0,PASS
SPRINT-011,ISSUE-0584,STORY,STORY-0474,EPIC-075,4,DERIVED_CONTROL,,ADR-039/ADR-054/ADR-050/ADR-026/ADR-007/ADR-008,0,0,0,0,0,PASS
SPRINT-011,ISSUE-0585,STORY,STORY-0475,EPIC-076,4,MIXED,REQ-INS-002/REQ-LOG-001/REQ-RUNTIME-009,ADR-034/ADR-039/ADR-054/ADR-007/ADR-008,0,0,0,0,0,PASS
SPRINT-011,ISSUE-0586,STORY,STORY-0476,EPIC-076,4,MIXED,REQ-SRP-004,ADR-034/ADR-039/ADR-054/ADR-007/ADR-008,0,0,0,0,0,PASS
SPRINT-011,ISSUE-0587,STORY,STORY-0477,EPIC-076,4,DERIVED_CONTROL,,ADR-034/ADR-039/ADR-054/ADR-007/ADR-008,0,0,0,0,0,PASS
SPRINT-011,ISSUE-0588,STORY,STORY-0478,EPIC-076,4,DERIVED_CONTROL,,ADR-034/ADR-039/ADR-054/ADR-007/ADR-008,0,0,0,0,0,PASS
SPRINT-011,ISSUE-0589,STORY,STORY-0479,EPIC-076,4,DERIVED_CONTROL,,ADR-034/ADR-039/ADR-054/ADR-007/ADR-008,0,0,0,0,0,PASS
SPRINT-011,ISSUE-0590,STORY,STORY-0480,EPIC-076,4,DERIVED_CONTROL,,ADR-034/ADR-039/ADR-054/ADR-007/ADR-008,0,0,0,0,0,PASS
SPRINT-011,ISSUE-0591,STORY,STORY-0481,EPIC-077,4,DERIVED_CONTROL,,ADR-054/ADR-007/ADR-008,0,0,0,0,0,PASS
SPRINT-011,ISSUE-0592,STORY,STORY-0482,EPIC-077,4,MIXED,REQ-MET-001,ADR-054/ADR-007/ADR-008,0,0,0,0,0,PASS
SPRINT-011,ISSUE-0593,STORY,STORY-0483,EPIC-077,4,DERIVED_CONTROL,,ADR-054/ADR-007/ADR-008,0,0,0,0,0,PASS
SPRINT-011,ISSUE-0594,STORY,STORY-0484,EPIC-077,4,DERIVED_CONTROL,,ADR-054/ADR-007/ADR-008,0,0,0,0,0,PASS
SPRINT-011,ISSUE-0595,STORY,STORY-0485,EPIC-077,4,DERIVED_CONTROL,,ADR-054/ADR-007/ADR-008,0,0,0,0,0,PASS
SPRINT-011,ISSUE-0596,STORY,STORY-0486,EPIC-077,4,DERIVED_CONTROL,,ADR-054/ADR-007/ADR-008,0,0,0,0,0,PASS
SPRINT-011,ISSUE-0597,STORY,STORY-0487,EPIC-078,4,MIXED,REQ-EPIC-076,ADR-018/ADR-034/ADR-007/ADR-008,0,0,0,0,0,PASS
SPRINT-011,ISSUE-0598,STORY,STORY-0488,EPIC-078,4,MIXED,REQ-ARTLAYOUT-005/REQ-ARTLAYOUT-006/REQ-ARTLAYOUT-007/REQ-RUNTIME-004,ADR-018/ADR-034/ADR-007/ADR-008,0,0,0,0,0,PASS
SPRINT-011,ISSUE-0599,STORY,STORY-0489,EPIC-078,4,DERIVED_CONTROL,,ADR-018/ADR-034/ADR-007/ADR-008,0,0,0,0,0,PASS
SPRINT-011,ISSUE-0600,STORY,STORY-0490,EPIC-078,4,DERIVED_CONTROL,,ADR-018/ADR-034/ADR-007/ADR-008,0,0,0,0,0,PASS
SPRINT-011,ISSUE-0601,STORY,STORY-0491,EPIC-078,4,DERIVED_CONTROL,,ADR-018/ADR-034/ADR-007/ADR-008,0,0,0,0,0,PASS
SPRINT-011,ISSUE-0602,STORY,STORY-0492,EPIC-078,4,DERIVED_CONTROL,,ADR-018/ADR-034/ADR-007/ADR-008,0,0,0,0,0,PASS
SPRINT-011,ISSUE-0603,STORY,STORY-0493,EPIC-079,4,DERIVED_CONTROL,,ADR-034/ADR-007/ADR-008,0,0,0,0,0,PASS
SPRINT-011,ISSUE-0604,STORY,STORY-0494,EPIC-079,4,DERIVED_CONTROL,,ADR-034/ADR-007/ADR-008,0,0,0,0,0,PASS
SPRINT-011,ISSUE-0605,STORY,STORY-0495,EPIC-079,4,DERIVED_CONTROL,,ADR-034/ADR-007/ADR-008,0,0,0,0,0,PASS
SPRINT-011,ISSUE-0606,STORY,STORY-0496,EPIC-079,4,DERIVED_CONTROL,,ADR-034/ADR-007/ADR-008,0,0,0,0,0,PASS
SPRINT-011,ISSUE-0607,STORY,STORY-0497,EPIC-079,4,MIXED,REQ-NET-001,ADR-034/ADR-007/ADR-008,0,0,0,0,0,PASS
SPRINT-011,ISSUE-0608,STORY,STORY-0498,EPIC-079,4,DERIVED_CONTROL,,ADR-034/ADR-007/ADR-008,0,0,0,0,0,PASS
SPRINT-011,ISSUE-0609,STORY,STORY-0499,EPIC-080,4,DERIVED_CONTROL,,ADR-051/ADR-034/ADR-054/ADR-007/ADR-008,0,0,0,0,0,PASS
SPRINT-011,ISSUE-0610,STORY,STORY-0500,EPIC-080,4,MIXED,REQ-AI-006/REQ-AI-015/REQ-EPIC-042/REQ-INS-004/REQ-SUP-001,ADR-051/ADR-034/ADR-054/ADR-007/ADR-008,0,0,0,0,0,PASS
SPRINT-011,ISSUE-0611,STORY,STORY-0501,EPIC-080,4,DERIVED_CONTROL,,ADR-051/ADR-034/ADR-054/ADR-007/ADR-008,0,0,0,0,0,PASS
SPRINT-011,ISSUE-0612,STORY,STORY-0502,EPIC-080,4,DERIVED_CONTROL,,ADR-051/ADR-034/ADR-054/ADR-007/ADR-008,0,0,0,0,0,PASS
SPRINT-011,ISSUE-0613,STORY,STORY-0503,EPIC-080,4,DERIVED_CONTROL,,ADR-051/ADR-034/ADR-054/ADR-007/ADR-008,0,0,0,0,0,PASS
SPRINT-011,ISSUE-0614,STORY,STORY-0504,EPIC-080,4,DERIVED_CONTROL,,ADR-051/ADR-034/ADR-054/ADR-007/ADR-008,0,0,0,0,0,PASS
SPRINT-012,ISSUE-0615,STORY,STORY-0505,EPIC-081,4,MIXED,REQ-INS-001/REQ-UPG-001,ADR-034/ADR-026/ADR-007/ADR-008,0,0,0,0,0,PASS
SPRINT-012,ISSUE-0616,STORY,STORY-0506,EPIC-081,4,DERIVED_CONTROL,,ADR-034/ADR-026/ADR-007/ADR-008,0,0,0,0,0,PASS
SPRINT-012,ISSUE-0617,STORY,STORY-0507,EPIC-081,4,DERIVED_CONTROL,,ADR-034/ADR-026/ADR-007/ADR-008,0,0,0,0,0,PASS
SPRINT-012,ISSUE-0618,STORY,STORY-0508,EPIC-081,4,DERIVED_CONTROL,,ADR-034/ADR-026/ADR-007/ADR-008,0,0,0,0,0,PASS
SPRINT-012,ISSUE-0619,STORY,STORY-0509,EPIC-081,4,DERIVED_CONTROL,,ADR-034/ADR-026/ADR-007/ADR-008,0,0,0,0,0,PASS
SPRINT-012,ISSUE-0620,STORY,STORY-0510,EPIC-081,4,DERIVED_CONTROL,,ADR-034/ADR-026/ADR-007/ADR-008,0,0,0,0,0,PASS
SPRINT-002,ISSUE-0621,STORY,STORY-0511,EPIC-082,4,DERIVED_CONTROL,,ADR-051/ADR-039/ADR-053/ADR-007/ADR-008,0,0,0,0,0,PASS
SPRINT-002,ISSUE-0622,STORY,STORY-0512,EPIC-082,4,MIXED,REQ-HW-001/REQ-SCH-003/REQ-SDR-003,ADR-051/ADR-039/ADR-053/ADR-007/ADR-008,0,0,0,0,0,PASS
SPRINT-002,ISSUE-0623,STORY,STORY-0513,EPIC-082,4,DERIVED_CONTROL,,ADR-051/ADR-039/ADR-053/ADR-007/ADR-008,0,0,0,0,0,PASS
SPRINT-002,ISSUE-0624,STORY,STORY-0514,EPIC-082,4,DERIVED_CONTROL,,ADR-051/ADR-039/ADR-053/ADR-007/ADR-008,0,0,0,0,0,PASS
SPRINT-002,ISSUE-0625,STORY,STORY-0515,EPIC-082,4,DERIVED_CONTROL,,ADR-051/ADR-039/ADR-053/ADR-007/ADR-008,0,0,0,0,0,PASS
SPRINT-011,ISSUE-0626,STORY,STORY-0516,EPIC-083,4,DERIVED_CONTROL,,ADR-051/ADR-007/ADR-008,0,0,0,0,0,PASS
SPRINT-011,ISSUE-0627,STORY,STORY-0517,EPIC-083,4,MIXED,REQ-OFF-001,ADR-051/ADR-007/ADR-008,0,0,0,0,0,PASS
SPRINT-011,ISSUE-0628,STORY,STORY-0518,EPIC-083,4,DERIVED_CONTROL,,ADR-051/ADR-007/ADR-008,0,0,0,0,0,PASS
SPRINT-011,ISSUE-0629,STORY,STORY-0519,EPIC-083,4,DERIVED_CONTROL,,ADR-051/ADR-007/ADR-008,0,0,0,0,0,PASS
SPRINT-011,ISSUE-0630,STORY,STORY-0520,EPIC-083,4,DERIVED_CONTROL,,ADR-051/ADR-007/ADR-008,0,0,0,0,0,PASS
SPRINT-011,ISSUE-0631,STORY,STORY-0521,EPIC-083,4,DERIVED_CONTROL,,ADR-051/ADR-007/ADR-008,0,0,0,0,0,PASS
SPRINT-009,ISSUE-0632,STORY,STORY-0522,EPIC-084,4,MIXED,REQ-AI-016,ADR-051/ADR-007/ADR-008,0,0,0,0,0,PASS
SPRINT-009,ISSUE-0633,STORY,STORY-0523,EPIC-084,4,DERIVED_CONTROL,,ADR-051/ADR-007/ADR-008,0,0,0,0,0,PASS
SPRINT-009,ISSUE-0634,STORY,STORY-0524,EPIC-084,4,DERIVED_CONTROL,,ADR-051/ADR-007/ADR-008,0,0,0,0,0,PASS
SPRINT-009,ISSUE-0635,STORY,STORY-0525,EPIC-084,4,DERIVED_CONTROL,,ADR-051/ADR-007/ADR-008,0,0,0,0,0,PASS
SPRINT-009,ISSUE-0636,STORY,STORY-0526,EPIC-084,4,DERIVED_CONTROL,,ADR-051/ADR-007/ADR-008,0,0,0,0,0,PASS
SPRINT-009,ISSUE-0637,STORY,STORY-0527,EPIC-084,4,DERIVED_CONTROL,,ADR-051/ADR-007/ADR-008,0,0,0,0,0,PASS
SPRINT-012,ISSUE-0638,STORY,STORY-0528,EPIC-085,4,DERIVED_CONTROL,,ADR-034/ADR-054/ADR-026/ADR-007/ADR-008,0,0,0,0,0,PASS
SPRINT-012,ISSUE-0639,STORY,STORY-0529,EPIC-085,4,MIXED,REQ-EPIC-043,ADR-034/ADR-054/ADR-026/ADR-007/ADR-008,0,0,0,0,0,PASS
SPRINT-012,ISSUE-0640,STORY,STORY-0530,EPIC-085,4,DERIVED_CONTROL,,ADR-034/ADR-054/ADR-026/ADR-007/ADR-008,0,0,0,0,0,PASS
SPRINT-012,ISSUE-0641,STORY,STORY-0531,EPIC-085,4,DERIVED_CONTROL,,ADR-034/ADR-054/ADR-026/ADR-007/ADR-008,0,0,0,0,0,PASS
SPRINT-012,ISSUE-0642,STORY,STORY-0532,EPIC-085,4,DERIVED_CONTROL,,ADR-034/ADR-054/ADR-026/ADR-007/ADR-008,0,0,0,0,0,PASS
SPRINT-012,ISSUE-0643,STORY,STORY-0533,EPIC-085,4,DERIVED_CONTROL,,ADR-034/ADR-054/ADR-026/ADR-007/ADR-008,0,0,0,0,0,PASS
SPRINT-001,ISSUE-0644,STORY,STORY-0534,EPIC-086,4,MIXED,REQ-EPIC-001/REQ-SPRINT-001-004,ADR-002/ADR-018/ADR-036/ADR-034/ADR-054/ADR-007/ADR-008,0,0,0,0,0,PASS
SPRINT-001,ISSUE-0645,STORY,STORY-0535,EPIC-086,4,DERIVED_CONTROL,,ADR-002/ADR-018/ADR-036/ADR-034/ADR-054/ADR-007/ADR-008,0,0,0,0,0,PASS
SPRINT-001,ISSUE-0646,STORY,STORY-0536,EPIC-086,4,DERIVED_CONTROL,,ADR-002/ADR-018/ADR-036/ADR-034/ADR-054/ADR-007/ADR-008,0,0,0,0,0,PASS
SPRINT-001,ISSUE-0647,STORY,STORY-0537,EPIC-086,4,DERIVED_CONTROL,,ADR-002/ADR-018/ADR-036/ADR-034/ADR-054/ADR-007/ADR-008,0,0,0,0,0,PASS
SPRINT-001,ISSUE-0648,STORY,STORY-0538,EPIC-086,4,DERIVED_CONTROL,,ADR-002/ADR-018/ADR-036/ADR-034/ADR-054/ADR-007/ADR-008,0,0,0,0,0,PASS
SPRINT-012,ISSUE-0649,STORY,STORY-0539,EPIC-087,4,DERIVED_CONTROL,,ADR-002/ADR-018/ADR-036/ADR-046/ADR-044/ADR-054/ADR-053/ADR-007/ADR-008,0,0,0,0,0,PASS
SPRINT-012,ISSUE-0650,STORY,STORY-0540,EPIC-087,4,MIXED,REQ-DEL-002,ADR-002/ADR-018/ADR-036/ADR-046/ADR-044/ADR-054/ADR-053/ADR-007/ADR-008,0,0,0,0,0,PASS
SPRINT-012,ISSUE-0651,STORY,STORY-0541,EPIC-087,4,DERIVED_CONTROL,,ADR-002/ADR-018/ADR-036/ADR-046/ADR-044/ADR-054/ADR-053/ADR-007/ADR-008,0,0,0,0,0,PASS
SPRINT-012,ISSUE-0652,STORY,STORY-0542,EPIC-087,4,DERIVED_CONTROL,,ADR-002/ADR-018/ADR-036/ADR-046/ADR-044/ADR-054/ADR-053/ADR-007/ADR-008,0,0,0,0,0,PASS
SPRINT-012,ISSUE-0653,STORY,STORY-0543,EPIC-087,4,DERIVED_CONTROL,,ADR-002/ADR-018/ADR-036/ADR-046/ADR-044/ADR-054/ADR-053/ADR-007/ADR-008,0,0,0,0,0,PASS
SPRINT-012,ISSUE-0654,STORY,STORY-0544,EPIC-087,4,DERIVED_CONTROL,,ADR-002/ADR-018/ADR-036/ADR-046/ADR-044/ADR-054/ADR-053/ADR-007/ADR-008,0,0,0,0,0,PASS
SPRINT-011,ISSUE-0655,STORY,STORY-0545,EPIC-088,4,DERIVED_CONTROL,,ADR-051/ADR-046/ADR-053/ADR-007/ADR-008,0,0,0,0,0,PASS
SPRINT-011,ISSUE-0656,STORY,STORY-0546,EPIC-088,4,MIXED,REQ-EPIC-088,ADR-051/ADR-046/ADR-053/ADR-007/ADR-008,0,0,0,0,0,PASS
SPRINT-011,ISSUE-0657,STORY,STORY-0547,EPIC-088,4,DERIVED_CONTROL,,ADR-051/ADR-046/ADR-053/ADR-007/ADR-008,0,0,0,0,0,PASS
SPRINT-011,ISSUE-0658,STORY,STORY-0548,EPIC-088,4,DERIVED_CONTROL,,ADR-051/ADR-046/ADR-053/ADR-007/ADR-008,0,0,0,0,0,PASS
SPRINT-012,ISSUE-0659,STORY,STORY-0549,EPIC-089,4,DERIVED_CONTROL,,ADR-034/ADR-054/ADR-053/ADR-026/ADR-007/ADR-008,0,0,0,0,0,PASS
SPRINT-012,ISSUE-0660,STORY,STORY-0550,EPIC-089,4,MIXED,REQ-EPIC-043/REQ-PUB-004,ADR-034/ADR-054/ADR-053/ADR-026/ADR-007/ADR-008,0,0,0,0,0,PASS
SPRINT-012,ISSUE-0661,STORY,STORY-0551,EPIC-089,4,DERIVED_CONTROL,,ADR-034/ADR-054/ADR-053/ADR-026/ADR-007/ADR-008,0,0,0,0,0,PASS
SPRINT-012,ISSUE-0662,STORY,STORY-0552,EPIC-089,4,DERIVED_CONTROL,,ADR-034/ADR-054/ADR-053/ADR-026/ADR-007/ADR-008,0,0,0,0,0,PASS
SPRINT-012,ISSUE-0663,STORY,STORY-0553,EPIC-089,4,DERIVED_CONTROL,,ADR-034/ADR-054/ADR-053/ADR-026/ADR-007/ADR-008,0,0,0,0,0,PASS
SPRINT-012,ISSUE-0664,STORY,STORY-0554,EPIC-089,4,DERIVED_CONTROL,,ADR-034/ADR-054/ADR-053/ADR-026/ADR-007/ADR-008,0,0,0,0,0,PASS
SPRINT-001,ISSUE-0665,STORY,STORY-0555,EPIC-090,4,DERIVED_CONTROL,,ADR-002/ADR-054/ADR-007/ADR-008,0,0,0,0,0,PASS
SPRINT-001,ISSUE-0666,STORY,STORY-0556,EPIC-090,4,MIXED,REQ-GOV-002,ADR-002/ADR-054/ADR-007/ADR-008,0,0,0,0,0,PASS
SPRINT-001,ISSUE-0667,STORY,STORY-0557,EPIC-090,4,DERIVED_CONTROL,,ADR-002/ADR-054/ADR-007/ADR-008,0,0,0,0,0,PASS
SPRINT-001,ISSUE-0668,STORY,STORY-0558,EPIC-090,4,DERIVED_CONTROL,,ADR-002/ADR-054/ADR-007/ADR-008,0,0,0,0,0,PASS
SPRINT-001,ISSUE-0669,STORY,STORY-0559,EPIC-090,4,DERIVED_CONTROL,,ADR-002/ADR-054/ADR-007/ADR-008,0,0,0,0,0,PASS
SPRINT-001,ISSUE-0670,STORY,STORY-0560,EPIC-091,4,DERIVED_CONTROL,,ADR-002/ADR-034/ADR-054/ADR-007/ADR-008,0,0,0,0,0,PASS
SPRINT-001,ISSUE-0671,STORY,STORY-0561,EPIC-091,4,MIXED,REQ-FRZ-003/REQ-GOV-004/REQ-ISS-003/REQ-ISS-006/REQ-PUB-002,ADR-002/ADR-034/ADR-054/ADR-007/ADR-008,0,0,0,0,0,PASS
SPRINT-001,ISSUE-0672,STORY,STORY-0562,EPIC-091,4,DERIVED_CONTROL,,ADR-002/ADR-034/ADR-054/ADR-007/ADR-008,0,0,0,0,0,PASS
SPRINT-001,ISSUE-0673,STORY,STORY-0563,EPIC-091,4,DERIVED_CONTROL,,ADR-002/ADR-034/ADR-054/ADR-007/ADR-008,0,0,0,0,0,PASS
SPRINT-001,ISSUE-0674,STORY,STORY-0564,EPIC-091,4,DERIVED_CONTROL,,ADR-002/ADR-034/ADR-054/ADR-007/ADR-008,0,0,0,0,0,PASS
SPRINT-001,ISSUE-0675,STORY,STORY-0565,EPIC-092,4,MIXED,REQ-EPIC-001,ADR-002/ADR-034/ADR-054/ADR-053/ADR-007/ADR-008,0,0,0,0,0,PASS
SPRINT-001,ISSUE-0676,STORY,STORY-0566,EPIC-092,4,MIXED,REQ-DEV-001/REQ-FRZ-001/REQ-FRZ-002/REQ-FRZ-003/REQ-FRZ-004/REQ-GOV-005/REQ-TST-001,ADR-002/ADR-034/ADR-054/ADR-053/ADR-007/ADR-008,0,0,0,0,0,PASS
SPRINT-001,ISSUE-0677,STORY,STORY-0567,EPIC-092,4,DERIVED_CONTROL,,ADR-002/ADR-034/ADR-054/ADR-053/ADR-007/ADR-008,0,0,0,0,0,PASS
SPRINT-001,ISSUE-0678,STORY,STORY-0568,EPIC-092,4,DERIVED_CONTROL,,ADR-002/ADR-034/ADR-054/ADR-053/ADR-007/ADR-008,0,0,0,0,0,PASS
SPRINT-001,ISSUE-0679,STORY,STORY-0569,EPIC-092,4,DERIVED_CONTROL,,ADR-002/ADR-034/ADR-054/ADR-053/ADR-007/ADR-008,0,0,0,0,0,PASS
SPRINT-007,ISSUE-0680,STORY,STORY-0570,EPIC-093,4,MIXED,REQ-CRS-001/REQ-CRS-002/REQ-CRS-004,ADR-041/ADR-007/ADR-008,0,0,0,0,0,PASS
SPRINT-007,ISSUE-0681,STORY,STORY-0571,EPIC-093,4,MIXED,REQ-CRS-003/REQ-RAS-001,ADR-041/ADR-007/ADR-008,0,0,0,0,0,PASS
SPRINT-007,ISSUE-0682,STORY,STORY-0572,EPIC-093,4,DERIVED_CONTROL,,ADR-041/ADR-007/ADR-008,0,0,0,0,0,PASS
SPRINT-007,ISSUE-0683,STORY,STORY-0573,EPIC-093,4,DERIVED_CONTROL,,ADR-041/ADR-007/ADR-008,0,0,0,0,0,PASS
SPRINT-007,ISSUE-0684,STORY,STORY-0574,EPIC-093,4,DERIVED_CONTROL,,ADR-041/ADR-007/ADR-008,0,0,0,0,0,PASS
SPRINT-007,ISSUE-0685,STORY,STORY-0575,EPIC-093,4,DERIVED_CONTROL,,ADR-041/ADR-007/ADR-008,0,0,0,0,0,PASS
SPRINT-007,ISSUE-0686,STORY,STORY-0576,EPIC-093,4,DERIVED_CONTROL,,ADR-041/ADR-007/ADR-008,0,0,0,0,0,PASS
SPRINT-007,ISSUE-0687,STORY,STORY-0577,EPIC-094,4,DERIVED_CONTROL,,ADR-041/ADR-007/ADR-008,0,0,0,0,0,PASS
SPRINT-007,ISSUE-0688,STORY,STORY-0578,EPIC-094,4,DERIVED_CONTROL,,ADR-041/ADR-007/ADR-008,0,0,0,0,0,PASS
SPRINT-007,ISSUE-0689,STORY,STORY-0579,EPIC-094,4,DERIVED_CONTROL,,ADR-041/ADR-007/ADR-008,0,0,0,0,0,PASS
SPRINT-007,ISSUE-0690,STORY,STORY-0580,EPIC-094,4,DERIVED_CONTROL,,ADR-041/ADR-007/ADR-008,0,0,0,0,0,PASS
SPRINT-007,ISSUE-0691,STORY,STORY-0581,EPIC-094,4,DERIVED_CONTROL,,ADR-041/ADR-007/ADR-008,0,0,0,0,0,PASS
SPRINT-007,ISSUE-0692,STORY,STORY-0582,EPIC-094,4,DERIVED_CONTROL,,ADR-041/ADR-007/ADR-008,0,0,0,0,0,PASS
SPRINT-007,ISSUE-0693,STORY,STORY-0583,EPIC-094,4,DERIVED_CONTROL,,ADR-041/ADR-007/ADR-008,0,0,0,0,0,PASS
SPRINT-007,ISSUE-0694,STORY,STORY-0584,EPIC-095,4,DERIVED_CONTROL,,ADR-041/ADR-049/ADR-007/ADR-008,0,0,0,0,0,PASS
SPRINT-007,ISSUE-0695,STORY,STORY-0585,EPIC-095,4,MIXED,REQ-MOS-006/REQ-RAS-004,ADR-041/ADR-049/ADR-007/ADR-008,0,0,0,0,0,PASS
SPRINT-007,ISSUE-0696,STORY,STORY-0586,EPIC-095,4,DERIVED_CONTROL,,ADR-041/ADR-049/ADR-007/ADR-008,0,0,0,0,0,PASS
SPRINT-007,ISSUE-0697,STORY,STORY-0587,EPIC-095,4,DERIVED_CONTROL,,ADR-041/ADR-049/ADR-007/ADR-008,0,0,0,0,0,PASS
SPRINT-007,ISSUE-0698,STORY,STORY-0588,EPIC-095,4,DERIVED_CONTROL,,ADR-041/ADR-049/ADR-007/ADR-008,0,0,0,0,0,PASS
SPRINT-007,ISSUE-0699,STORY,STORY-0589,EPIC-095,4,DERIVED_CONTROL,,ADR-041/ADR-049/ADR-007/ADR-008,0,0,0,0,0,PASS
SPRINT-007,ISSUE-0700,STORY,STORY-0590,EPIC-095,4,DERIVED_CONTROL,,ADR-041/ADR-049/ADR-007/ADR-008,0,0,0,0,0,PASS
SPRINT-007,ISSUE-0701,STORY,STORY-0591,EPIC-096,4,MIXED,REQ-CRS-004/REQ-CRS-005/REQ-CRS-006/REQ-CRS-007,ADR-041/ADR-007/ADR-008,0,0,0,0,0,PASS
SPRINT-007,ISSUE-0702,STORY,STORY-0592,EPIC-096,4,DERIVED_CONTROL,,ADR-041/ADR-007/ADR-008,0,0,0,0,0,PASS
SPRINT-007,ISSUE-0703,STORY,STORY-0593,EPIC-096,4,DERIVED_CONTROL,,ADR-041/ADR-007/ADR-008,0,0,0,0,0,PASS
SPRINT-007,ISSUE-0704,STORY,STORY-0594,EPIC-096,4,DERIVED_CONTROL,,ADR-041/ADR-007/ADR-008,0,0,0,0,0,PASS
SPRINT-007,ISSUE-0705,STORY,STORY-0595,EPIC-096,4,DERIVED_CONTROL,,ADR-041/ADR-007/ADR-008,0,0,0,0,0,PASS
SPRINT-007,ISSUE-0706,STORY,STORY-0596,EPIC-096,4,DERIVED_CONTROL,,ADR-041/ADR-007/ADR-008,0,0,0,0,0,PASS
SPRINT-007,ISSUE-0707,STORY,STORY-0597,EPIC-096,4,DERIVED_CONTROL,,ADR-041/ADR-007/ADR-008,0,0,0,0,0,PASS
SPRINT-007,ISSUE-0708,STORY,STORY-0598,EPIC-097,4,DERIVED_CONTROL,,ADR-041/ADR-007/ADR-008,0,0,0,0,0,PASS
SPRINT-007,ISSUE-0709,STORY,STORY-0599,EPIC-097,4,MIXED,REQ-RAS-002/REQ-RAS-003/REQ-RAS-004/REQ-RAS-005,ADR-041/ADR-007/ADR-008,0,0,0,0,0,PASS
SPRINT-007,ISSUE-0710,STORY,STORY-0600,EPIC-097,4,DERIVED_CONTROL,,ADR-041/ADR-007/ADR-008,0,0,0,0,0,PASS
SPRINT-007,ISSUE-0711,STORY,STORY-0601,EPIC-097,4,DERIVED_CONTROL,,ADR-041/ADR-007/ADR-008,0,0,0,0,0,PASS
SPRINT-007,ISSUE-0712,STORY,STORY-0602,EPIC-097,4,DERIVED_CONTROL,,ADR-041/ADR-007/ADR-008,0,0,0,0,0,PASS
SPRINT-007,ISSUE-0713,STORY,STORY-0603,EPIC-097,4,DERIVED_CONTROL,,ADR-041/ADR-007/ADR-008,0,0,0,0,0,PASS
SPRINT-007,ISSUE-0714,STORY,STORY-0604,EPIC-097,4,DERIVED_CONTROL,,ADR-041/ADR-007/ADR-008,0,0,0,0,0,PASS
SPRINT-007,ISSUE-0715,STORY,STORY-0605,EPIC-098,4,DERIVED_CONTROL,,ADR-049/ADR-050/ADR-007/ADR-008,0,0,0,0,0,PASS
SPRINT-007,ISSUE-0716,STORY,STORY-0606,EPIC-098,4,MIXED,REQ-MOS-002/REQ-MOS-004/REQ-MOS-006/REQ-RMR-004,ADR-049/ADR-050/ADR-007/ADR-008,0,0,0,0,0,PASS
SPRINT-007,ISSUE-0717,STORY,STORY-0607,EPIC-098,4,MIXED,REQ-MOS-001/REQ-MOS-003/REQ-RMQ-003,ADR-049/ADR-050/ADR-007/ADR-008,0,0,0,0,0,PASS
SPRINT-007,ISSUE-0718,STORY,STORY-0608,EPIC-098,4,DERIVED_CONTROL,,ADR-049/ADR-050/ADR-007/ADR-008,0,0,0,0,0,PASS
SPRINT-007,ISSUE-0719,STORY,STORY-0609,EPIC-098,4,DERIVED_CONTROL,,ADR-049/ADR-050/ADR-007/ADR-008,0,0,0,0,0,PASS
SPRINT-007,ISSUE-0720,STORY,STORY-0610,EPIC-098,4,MIXED,REQ-MOS-005,ADR-049/ADR-050/ADR-007/ADR-008,0,0,0,0,0,PASS
SPRINT-007,ISSUE-0721,STORY,STORY-0611,EPIC-098,4,DERIVED_CONTROL,,ADR-049/ADR-050/ADR-007/ADR-008,0,0,0,0,0,PASS
SPRINT-008,ISSUE-0722,STORY,STORY-0612,EPIC-099,4,DERIVED_CONTROL,,ADR-049/ADR-050/ADR-007/ADR-008,0,0,0,0,0,PASS
SPRINT-008,ISSUE-0723,STORY,STORY-0613,EPIC-099,4,MIXED,REQ-ANC-004/REQ-RMV-004,ADR-049/ADR-050/ADR-007/ADR-008,0,0,0,0,0,PASS
SPRINT-008,ISSUE-0724,STORY,STORY-0614,EPIC-099,4,MIXED,REQ-ANC-001/REQ-ANC-002,ADR-049/ADR-050/ADR-007/ADR-008,0,0,0,0,0,PASS
SPRINT-008,ISSUE-0725,STORY,STORY-0615,EPIC-099,4,DERIVED_CONTROL,,ADR-049/ADR-050/ADR-007/ADR-008,0,0,0,0,0,PASS
SPRINT-008,ISSUE-0726,STORY,STORY-0616,EPIC-099,4,DERIVED_CONTROL,,ADR-049/ADR-050/ADR-007/ADR-008,0,0,0,0,0,PASS
SPRINT-008,ISSUE-0727,STORY,STORY-0617,EPIC-099,4,MIXED,REQ-ANC-003,ADR-049/ADR-050/ADR-007/ADR-008,0,0,0,0,0,PASS
SPRINT-008,ISSUE-0728,STORY,STORY-0618,EPIC-099,4,DERIVED_CONTROL,,ADR-049/ADR-050/ADR-007/ADR-008,0,0,0,0,0,PASS
SPRINT-008,ISSUE-0729,STORY,STORY-0619,EPIC-100,4,MIXED,REQ-ANC-008,ADR-049/ADR-007/ADR-008,0,0,0,0,0,PASS
SPRINT-008,ISSUE-0730,STORY,STORY-0620,EPIC-100,4,MIXED,REQ-ANC-006/REQ-ANC-007,ADR-049/ADR-007/ADR-008,0,0,0,0,0,PASS
SPRINT-008,ISSUE-0731,STORY,STORY-0621,EPIC-100,4,MIXED,REQ-ANC-005,ADR-049/ADR-007/ADR-008,0,0,0,0,0,PASS
SPRINT-008,ISSUE-0732,STORY,STORY-0622,EPIC-100,4,DERIVED_CONTROL,,ADR-049/ADR-007/ADR-008,0,0,0,0,0,PASS
SPRINT-008,ISSUE-0733,STORY,STORY-0623,EPIC-100,4,DERIVED_CONTROL,,ADR-049/ADR-007/ADR-008,0,0,0,0,0,PASS
SPRINT-008,ISSUE-0734,STORY,STORY-0624,EPIC-100,4,DERIVED_CONTROL,,ADR-049/ADR-007/ADR-008,0,0,0,0,0,PASS
SPRINT-008,ISSUE-0735,STORY,STORY-0625,EPIC-100,4,DERIVED_CONTROL,,ADR-049/ADR-007/ADR-008,0,0,0,0,0,PASS
SPRINT-008,ISSUE-0736,STORY,STORY-0626,EPIC-101,4,MIXED,REQ-RMV-001,ADR-050/ADR-007/ADR-008,0,0,0,0,0,PASS
SPRINT-008,ISSUE-0737,STORY,STORY-0627,EPIC-101,4,MIXED,REQ-RMV-002/REQ-RMV-003/REQ-RMV-004,ADR-050/ADR-007/ADR-008,0,0,0,0,0,PASS
SPRINT-008,ISSUE-0738,STORY,STORY-0628,EPIC-101,4,DERIVED_CONTROL,,ADR-050/ADR-007/ADR-008,0,0,0,0,0,PASS
SPRINT-008,ISSUE-0739,STORY,STORY-0629,EPIC-101,4,DERIVED_CONTROL,,ADR-050/ADR-007/ADR-008,0,0,0,0,0,PASS
SPRINT-008,ISSUE-0740,STORY,STORY-0630,EPIC-101,4,DERIVED_CONTROL,,ADR-050/ADR-007/ADR-008,0,0,0,0,0,PASS
SPRINT-008,ISSUE-0741,STORY,STORY-0631,EPIC-101,4,DERIVED_CONTROL,,ADR-050/ADR-007/ADR-008,0,0,0,0,0,PASS
SPRINT-008,ISSUE-0742,STORY,STORY-0632,EPIC-101,4,DERIVED_CONTROL,,ADR-050/ADR-007/ADR-008,0,0,0,0,0,PASS
SPRINT-008,ISSUE-0743,STORY,STORY-0633,EPIC-102,4,DERIVED_CONTROL,,ADR-050/ADR-007/ADR-008,0,0,0,0,0,PASS
SPRINT-008,ISSUE-0744,STORY,STORY-0634,EPIC-102,4,MIXED,REQ-RMR-001/REQ-RMR-003/REQ-RMR-004,ADR-050/ADR-007/ADR-008,0,0,0,0,0,PASS
SPRINT-008,ISSUE-0745,STORY,STORY-0635,EPIC-102,4,MIXED,REQ-RMR-002,ADR-050/ADR-007/ADR-008,0,0,0,0,0,PASS
SPRINT-008,ISSUE-0746,STORY,STORY-0636,EPIC-102,4,DERIVED_CONTROL,,ADR-050/ADR-007/ADR-008,0,0,0,0,0,PASS
SPRINT-008,ISSUE-0747,STORY,STORY-0637,EPIC-102,4,DERIVED_CONTROL,,ADR-050/ADR-007/ADR-008,0,0,0,0,0,PASS
SPRINT-008,ISSUE-0748,STORY,STORY-0638,EPIC-102,4,DERIVED_CONTROL,,ADR-050/ADR-007/ADR-008,0,0,0,0,0,PASS
SPRINT-008,ISSUE-0749,STORY,STORY-0639,EPIC-102,4,DERIVED_CONTROL,,ADR-050/ADR-007/ADR-008,0,0,0,0,0,PASS
SPRINT-008,ISSUE-0750,STORY,STORY-0640,EPIC-103,4,DERIVED_CONTROL,,ADR-050/ADR-007/ADR-008,0,0,0,0,0,PASS
SPRINT-008,ISSUE-0751,STORY,STORY-0641,EPIC-103,4,MIXED,REQ-RMQ-001/REQ-RMQ-002/REQ-RMQ-004,ADR-050/ADR-007/ADR-008,0,0,0,0,0,PASS
SPRINT-008,ISSUE-0752,STORY,STORY-0642,EPIC-103,4,MIXED,REQ-RMQ-003,ADR-050/ADR-007/ADR-008,0,0,0,0,0,PASS
SPRINT-008,ISSUE-0753,STORY,STORY-0643,EPIC-103,4,DERIVED_CONTROL,,ADR-050/ADR-007/ADR-008,0,0,0,0,0,PASS
SPRINT-008,ISSUE-0754,STORY,STORY-0644,EPIC-103,4,DERIVED_CONTROL,,ADR-050/ADR-007/ADR-008,0,0,0,0,0,PASS
SPRINT-008,ISSUE-0755,STORY,STORY-0645,EPIC-103,4,DERIVED_CONTROL,,ADR-050/ADR-007/ADR-008,0,0,0,0,0,PASS
SPRINT-008,ISSUE-0756,STORY,STORY-0646,EPIC-103,4,DERIVED_CONTROL,,ADR-050/ADR-007/ADR-008,0,0,0,0,0,PASS
SPRINT-004,ISSUE-0757,STORY,STORY-0647,EPIC-104,4,DERIVED_CONTROL,,ADR-039/ADR-007/ADR-008,0,0,0,0,0,PASS
SPRINT-004,ISSUE-0758,STORY,STORY-0648,EPIC-104,4,MIXED,REQ-SRP-003/REQ-SRP-004,ADR-039/ADR-007/ADR-008,0,0,0,0,0,PASS
SPRINT-004,ISSUE-0759,STORY,STORY-0649,EPIC-104,4,MIXED,REQ-SRP-002,ADR-039/ADR-007/ADR-008,0,0,0,0,0,PASS
SPRINT-004,ISSUE-0760,STORY,STORY-0650,EPIC-104,4,DERIVED_CONTROL,,ADR-039/ADR-007/ADR-008,0,0,0,0,0,PASS
SPRINT-004,ISSUE-0761,STORY,STORY-0651,EPIC-104,4,DERIVED_CONTROL,,ADR-039/ADR-007/ADR-008,0,0,0,0,0,PASS
SPRINT-004,ISSUE-0762,STORY,STORY-0652,EPIC-104,4,MIXED,REQ-SRP-001,ADR-039/ADR-007/ADR-008,0,0,0,0,0,PASS
SPRINT-004,ISSUE-0763,STORY,STORY-0653,EPIC-104,4,DERIVED_CONTROL,,ADR-039/ADR-007/ADR-008,0,0,0,0,0,PASS
SPRINT-010,ISSUE-0764,STORY,STORY-0654,EPIC-105,4,MIXED,REQ-SCM-001/REQ-UPG-004,ADR-026/ADR-007/ADR-008,0,0,0,0,0,PASS
SPRINT-010,ISSUE-0765,STORY,STORY-0655,EPIC-105,4,MIXED,REQ-SCM-003,ADR-026/ADR-007/ADR-008,0,0,0,0,0,PASS
SPRINT-010,ISSUE-0766,STORY,STORY-0656,EPIC-105,4,DERIVED_CONTROL,,ADR-026/ADR-007/ADR-008,0,0,0,0,0,PASS
SPRINT-010,ISSUE-0767,STORY,STORY-0657,EPIC-105,4,DERIVED_CONTROL,,ADR-026/ADR-007/ADR-008,0,0,0,0,0,PASS
SPRINT-010,ISSUE-0768,STORY,STORY-0658,EPIC-105,4,MIXED,REQ-UPG-005,ADR-026/ADR-007/ADR-008,0,0,0,0,0,PASS
SPRINT-010,ISSUE-0769,STORY,STORY-0659,EPIC-105,4,DERIVED_CONTROL,,ADR-026/ADR-007/ADR-008,0,0,0,0,0,PASS
SPRINT-012,ISSUE-0770,STORY,STORY-0660,EPIC-106,4,MIXED,REQ-SCM-004,ADR-026/ADR-007/ADR-008,0,0,0,0,0,PASS
SPRINT-012,ISSUE-0771,STORY,STORY-0661,EPIC-106,4,DERIVED_CONTROL,,ADR-026/ADR-007/ADR-008,0,0,0,0,0,PASS
SPRINT-012,ISSUE-0772,STORY,STORY-0662,EPIC-106,4,MIXED,REQ-SCM-002/REQ-UPG-002,ADR-026/ADR-007/ADR-008,0,0,0,0,0,PASS
SPRINT-012,ISSUE-0773,STORY,STORY-0663,EPIC-106,4,DERIVED_CONTROL,,ADR-026/ADR-007/ADR-008,0,0,0,0,0,PASS
SPRINT-012,ISSUE-0774,STORY,STORY-0664,EPIC-106,4,DERIVED_CONTROL,,ADR-026/ADR-007/ADR-008,0,0,0,0,0,PASS
SPRINT-012,ISSUE-0775,STORY,STORY-0665,EPIC-106,4,DERIVED_CONTROL,,ADR-026/ADR-007/ADR-008,0,0,0,0,0,PASS
SPRINT-012,ISSUE-0776,STORY,STORY-0666,EPIC-107,4,MIXED,REQ-DBSCHEMA-010/REQ-UPG-004,ADR-026/ADR-007/ADR-008,0,0,0,0,0,PASS
SPRINT-012,ISSUE-0777,STORY,STORY-0667,EPIC-107,4,MIXED,REQ-UPG-003/REQ-UPG-005,ADR-026/ADR-007/ADR-008,0,0,0,0,0,PASS
SPRINT-012,ISSUE-0778,STORY,STORY-0668,EPIC-107,4,MIXED,REQ-UPG-002,ADR-026/ADR-007/ADR-008,0,0,0,0,0,PASS
SPRINT-012,ISSUE-0779,STORY,STORY-0669,EPIC-107,4,DERIVED_CONTROL,,ADR-026/ADR-007/ADR-008,0,0,0,0,0,PASS
SPRINT-012,ISSUE-0780,STORY,STORY-0670,EPIC-107,4,DERIVED_CONTROL,,ADR-026/ADR-007/ADR-008,0,0,0,0,0,PASS
SPRINT-012,ISSUE-0781,STORY,STORY-0671,EPIC-107,4,DERIVED_CONTROL,,ADR-026/ADR-007/ADR-008,0,0,0,0,0,PASS
SPRINT-012,ISSUE-0782,STORY,STORY-0672,EPIC-108,4,MIXED,REQ-INS-001/REQ-INS-003,ADR-034/ADR-054/ADR-007/ADR-008,0,0,0,0,0,PASS
SPRINT-012,ISSUE-0783,STORY,STORY-0673,EPIC-108,4,MIXED,REQ-INS-002/REQ-INS-004,ADR-034/ADR-054/ADR-007/ADR-008,0,0,0,0,0,PASS
SPRINT-012,ISSUE-0784,STORY,STORY-0674,EPIC-108,4,DERIVED_CONTROL,,ADR-034/ADR-054/ADR-007/ADR-008,0,0,0,0,0,PASS
SPRINT-012,ISSUE-0785,STORY,STORY-0675,EPIC-108,4,DERIVED_CONTROL,,ADR-034/ADR-054/ADR-007/ADR-008,0,0,0,0,0,PASS
SPRINT-012,ISSUE-0786,STORY,STORY-0676,EPIC-108,4,DERIVED_CONTROL,,ADR-034/ADR-054/ADR-007/ADR-008,0,0,0,0,0,PASS
SPRINT-012,ISSUE-0787,STORY,STORY-0677,EPIC-108,4,DERIVED_CONTROL,,ADR-034/ADR-054/ADR-007/ADR-008,0,0,0,0,0,PASS
SPRINT-012,ISSUE-0788,STORY,STORY-0678,EPIC-109,4,DERIVED_CONTROL,,ADR-034/ADR-047/ADR-054/ADR-007/ADR-008,0,0,0,0,0,PASS
SPRINT-012,ISSUE-0789,STORY,STORY-0679,EPIC-109,4,DERIVED_CONTROL,,ADR-034/ADR-047/ADR-054/ADR-007/ADR-008,0,0,0,0,0,PASS
SPRINT-012,ISSUE-0790,STORY,STORY-0680,EPIC-109,4,DERIVED_CONTROL,,ADR-034/ADR-047/ADR-054/ADR-007/ADR-008,0,0,0,0,0,PASS
SPRINT-012,ISSUE-0791,STORY,STORY-0681,EPIC-109,4,DERIVED_CONTROL,,ADR-034/ADR-047/ADR-054/ADR-007/ADR-008,0,0,0,0,0,PASS
SPRINT-012,ISSUE-0792,STORY,STORY-0682,EPIC-109,4,DERIVED_CONTROL,,ADR-034/ADR-047/ADR-054/ADR-007/ADR-008,0,0,0,0,0,PASS
SPRINT-001,ISSUE-0793,STORY,STORY-0683,EPIC-110,4,MIXED,REQ-ISM-004/REQ-ISS-002/REQ-PLN-009/REQ-PRJ-004/REQ-SPRINT-001-004,ADR-002/ADR-054/ADR-053/ADR-026/ADR-007/ADR-008,0,0,0,0,0,PASS
SPRINT-001,ISSUE-0794,STORY,STORY-0684,EPIC-110,4,DERIVED_CONTROL,,ADR-002/ADR-054/ADR-053/ADR-026/ADR-007/ADR-008,0,0,0,0,0,PASS
SPRINT-001,ISSUE-0795,STORY,STORY-0685,EPIC-110,4,DERIVED_CONTROL,,ADR-002/ADR-054/ADR-053/ADR-026/ADR-007/ADR-008,0,0,0,0,0,PASS
SPRINT-001,ISSUE-0796,STORY,STORY-0686,EPIC-110,4,DERIVED_CONTROL,,ADR-002/ADR-054/ADR-053/ADR-026/ADR-007/ADR-008,0,0,0,0,0,PASS
SPRINT-001,ISSUE-0797,STORY,STORY-0687,EPIC-110,4,DERIVED_CONTROL,,ADR-002/ADR-054/ADR-053/ADR-026/ADR-007/ADR-008,0,0,0,0,0,PASS
SPRINT-001,ISSUE-0798,STORY,STORY-0688,EPIC-001,4,MIXED,REQ-FRZ-001/REQ-FRZ-004/REQ-GOV-ADR-002/REQ-GOV-ADR-003/REQ-GOV-ADR-018/REQ-GOV-DEC-001/REQ-GOV-DEC-002/REQ-ISM-010/REQ-SPRINT-001-001/REQ-SPRINT-001-002,ADR-002/ADR-054/ADR-053/ADR-026/ADR-007/ADR-008,0,0,0,0,0,PASS
SPRINT-001,ISSUE-0799,STORY,STORY-0689,EPIC-001,4,MIXED,REQ-SPRINT-001-003/REQ-SPRINT-001-005/REQ-SPRINT-001-006/REQ-SPRINT-001-007/REQ-SPRINT-001-008/REQ-SPRINT-001-009/REQ-SPRINT-001-010/REQ-TOOL-001/REQ-TOOL-002/REQ-TOOL-010,ADR-002/ADR-054/ADR-053/ADR-026/ADR-007/ADR-008,0,0,0,0,0,PASS
SPRINT-001,ISSUE-0800,STORY,STORY-0690,EPIC-002,4,MIXED,REQ-CLASSICPROFILE-004/REQ-ISS-007/REQ-NATIVE-002/REQ-PLN-009/REQ-PRJ-004/REQ-RUN-001/REQ-RUN-006/REQ-RUN-008/REQ-RUN-010/REQ-SPRINT-001-004,ADR-002/ADR-044/ADR-041/ADR-007/ADR-008,0,0,0,0,0,PASS
SPRINT-001,ISSUE-0801,STORY,STORY-0691,EPIC-002,4,MIXED,REQ-WORKER-001/REQ-WORKER-010,ADR-002/ADR-044/ADR-041/ADR-007/ADR-008,0,0,0,0,0,PASS
SPRINT-001,ISSUE-0802,STORY,STORY-0692,EPIC-002,4,MIXED,REQ-CLASSICPROFILE-001/REQ-CLASSICPROFILE-002/REQ-CLASSICPROFILE-003/REQ-CLASSICPROFILE-005/REQ-CLASSICPROFILE-007/REQ-CLASSICPROFILE-009/REQ-GOV-001/REQ-GOV-002/REQ-GOV-003/REQ-GOV-ADR-002,ADR-002/ADR-044/ADR-041/ADR-007/ADR-008,0,0,0,0,0,PASS
SPRINT-001,ISSUE-0803,STORY,STORY-0693,EPIC-002,4,MIXED,REQ-GOV-ADR-003/REQ-GOV-ADR-018/REQ-ISM-001/REQ-ISM-006/REQ-ISM-008/REQ-ISS-001/REQ-ISS-004/REQ-ISS-006/REQ-ISS-009/REQ-NATIVE-003,ADR-002/ADR-044/ADR-041/ADR-007/ADR-008,0,0,0,0,0,PASS
SPRINT-001,ISSUE-0804,STORY,STORY-0694,EPIC-002,4,MIXED,REQ-NATIVE-005/REQ-NATIVE-006/REQ-NATIVE-007/REQ-NATIVE-008/REQ-NATIVE-009/REQ-NATIVE-010/REQ-PLN-001/REQ-PLN-002/REQ-PLN-003/REQ-PLN-004,ADR-002/ADR-044/ADR-041/ADR-007/ADR-008,0,0,0,0,0,PASS
SPRINT-001,ISSUE-0805,STORY,STORY-0695,EPIC-002,4,MIXED,REQ-PLN-005/REQ-PLN-006/REQ-PLN-007/REQ-PLN-008/REQ-PLN-010/REQ-PRJ-001/REQ-PRJ-002/REQ-PRJ-003/REQ-PRJ-005/REQ-PRJ-006,ADR-002/ADR-044/ADR-041/ADR-007/ADR-008,0,0,0,0,0,PASS
SPRINT-001,ISSUE-0806,STORY,STORY-0696,EPIC-002,4,MIXED,REQ-PRJ-007/REQ-PRJ-008/REQ-PRJ-009/REQ-PRJ-010/REQ-PRM-001/REQ-PRM-002/REQ-PRM-003/REQ-PRM-004/REQ-PRM-005/REQ-PRM-006,ADR-002/ADR-044/ADR-041/ADR-007/ADR-008,0,0,0,0,0,PASS
SPRINT-001,ISSUE-0807,STORY,STORY-0697,EPIC-002,4,MIXED,REQ-PRM-007/REQ-PRM-008/REQ-PRM-009/REQ-PRM-010/REQ-RUN-002/REQ-RUN-003/REQ-RUN-004/REQ-RUN-005/REQ-RUN-007/REQ-RUN-009,ADR-002/ADR-044/ADR-041/ADR-007/ADR-008,0,0,0,0,0,PASS
SPRINT-001,ISSUE-0808,STORY,STORY-0698,EPIC-002,4,MIXED,REQ-RUNTIME-001/REQ-RUNTIME-002/REQ-SPRINT-001-001/REQ-SPRINT-001-002/REQ-SPRINT-001-003/REQ-SPRINT-001-005/REQ-SPRINT-001-006/REQ-SPRINT-001-007/REQ-SPRINT-001-008/REQ-SPRINT-001-009,ADR-002/ADR-044/ADR-041/ADR-007/ADR-008,0,0,0,0,0,PASS
SPRINT-001,ISSUE-0809,STORY,STORY-0699,EPIC-002,4,MIXED,REQ-SPRINT-001-010/REQ-TOOL-001/REQ-TOOL-002/REQ-TOOL-005/REQ-WORKER-002/REQ-WORKER-003/REQ-WORKER-004/REQ-WORKER-005/REQ-WORKER-006/REQ-WORKER-007,ADR-002/ADR-044/ADR-041/ADR-007/ADR-008,0,0,0,0,0,PASS
SPRINT-001,ISSUE-0810,STORY,STORY-0700,EPIC-002,4,MIXED,REQ-WORKER-008/REQ-WORKER-009,ADR-002/ADR-044/ADR-041/ADR-007/ADR-008,0,0,0,0,0,PASS
SPRINT-001,ISSUE-0811,STORY,STORY-0701,EPIC-004,4,MIXED,REQ-CRS-002/REQ-DBSCHEMA-007/REQ-DBSCHEMA-008/REQ-EPIC-031/REQ-FS1-001/REQ-FS1-004/REQ-RUN-001/REQ-RUN-006/REQ-RUN-008/REQ-RUN-010,ADR-051/ADR-002/ADR-018/ADR-034/ADR-044/ADR-041/ADR-026/ADR-007/ADR-008,0,0,0,0,0,PASS
SPRINT-001,ISSUE-0812,STORY,STORY-0702,EPIC-004,4,MIXED,REQ-RUNTIME-008/REQ-SCM-001/REQ-TOOL-003/REQ-TOP-001/REQ-UX-002,ADR-051/ADR-002/ADR-018/ADR-034/ADR-044/ADR-041/ADR-026/ADR-007/ADR-008,0,0,0,0,0,PASS
SPRINT-001,ISSUE-0813,STORY,STORY-0703,EPIC-004,4,MIXED,REQ-ARTLAYOUT-010/REQ-DBSCHEMA-002/REQ-DBSCHEMA-004/REQ-FS1-002/REQ-FS1-003/REQ-FS1-005/REQ-FS1-007/REQ-FS1-008/REQ-FS1-009/REQ-FS1-010,ADR-051/ADR-002/ADR-018/ADR-034/ADR-044/ADR-041/ADR-026/ADR-007/ADR-008,0,0,0,0,0,PASS
SPRINT-001,ISSUE-0814,STORY,STORY-0704,EPIC-004,4,MIXED,REQ-RUN-002/REQ-RUN-003/REQ-RUN-004/REQ-RUN-005/REQ-RUN-007/REQ-RUN-009/REQ-RUNTIME-001/REQ-RUNTIME-002/REQ-RUNTIME-003/REQ-RUNTIME-004,ADR-051/ADR-002/ADR-018/ADR-034/ADR-044/ADR-041/ADR-026/ADR-007/ADR-008,0,0,0,0,0,PASS
SPRINT-001,ISSUE-0815,STORY,STORY-0705,EPIC-004,4,MIXED,REQ-RUNTIME-006/REQ-RUNTIME-007/REQ-TOOL-005/REQ-UPG-005,ADR-051/ADR-002/ADR-018/ADR-034/ADR-044/ADR-041/ADR-026/ADR-007/ADR-008,0,0,0,0,0,PASS
SPRINT-001,ISSUE-0816,STORY,STORY-0706,EPIC-005,4,MIXED,REQ-AIE-001/REQ-AIE-005/REQ-BEX-003/REQ-BEX-005/REQ-EPIC-012/REQ-FS1-001/REQ-FS1-004/REQ-INS-003/REQ-ISS-007/REQ-OBS-002,ADR-034/ADR-046/ADR-039/ADR-047/ADR-054/ADR-053/ADR-026/ADR-007/ADR-008,0,0,0,0,0,PASS
SPRINT-001,ISSUE-0817,STORY,STORY-0707,EPIC-005,4,MIXED,REQ-SGVCAL-007,ADR-034/ADR-046/ADR-039/ADR-047/ADR-054/ADR-053/ADR-026/ADR-007/ADR-008,0,0,0,0,0,PASS
SPRINT-001,ISSUE-0818,STORY,STORY-0708,EPIC-005,4,MIXED,REQ-AIE-002/REQ-AIE-003/REQ-AIE-004/REQ-AIE-006/REQ-AIE-007/REQ-AIE-008/REQ-AIE-009/REQ-AIE-010/REQ-BEX-002/REQ-BEX-004,ADR-034/ADR-046/ADR-039/ADR-047/ADR-054/ADR-053/ADR-026/ADR-007/ADR-008,0,0,0,0,0,PASS
SPRINT-001,ISSUE-0819,STORY,STORY-0709,EPIC-005,4,MIXED,REQ-BEX-007/REQ-BEX-008/REQ-BEX-009/REQ-BEX-010/REQ-EPIC-041/REQ-FRZ-002/REQ-FS1-002/REQ-FS1-003/REQ-FS1-005/REQ-FS1-007,ADR-034/ADR-046/ADR-039/ADR-047/ADR-054/ADR-053/ADR-026/ADR-007/ADR-008,0,0,0,0,0,PASS
SPRINT-001,ISSUE-0820,STORY,STORY-0710,EPIC-005,4,MIXED,REQ-FS1-008/REQ-FS1-009/REQ-FS1-010/REQ-GOV-004/REQ-SGVCAL-001/REQ-SGVCAL-002/REQ-SGVCAL-003/REQ-SGVCAL-004/REQ-SGVCAL-005/REQ-SGVCAL-006,ADR-034/ADR-046/ADR-039/ADR-047/ADR-054/ADR-053/ADR-026/ADR-007/ADR-008,0,0,0,0,0,PASS
SPRINT-001,ISSUE-0821,STORY,STORY-0711,EPIC-005,4,MIXED,REQ-SGVCAL-008/REQ-SGVCAL-009/REQ-SGVCAL-010/REQ-SRG-002/REQ-SRP-002/REQ-SUP-001/REQ-TOOL-006/REQ-TOOL-007/REQ-TOOL-009/REQ-UPG-003,ADR-034/ADR-046/ADR-039/ADR-047/ADR-054/ADR-053/ADR-026/ADR-007/ADR-008,0,0,0,0,0,PASS
SPRINT-002,ISSUE-0822,STORY,STORY-0712,EPIC-008,4,MIXED,REQ-AUTH-IMPL-001/REQ-AUTH-IMPL-002/REQ-AUTH-IMPL-003/REQ-AUTH-IMPL-004/REQ-AUTH-IMPL-005/REQ-AUTH-IMPL-006/REQ-AUTH-IMPL-008/REQ-AUTH-IMPL-009/REQ-AUTH-IMPL-010/REQ-DBSCHEMA-003,ADR-018/ADR-028/ADR-034/ADR-007/ADR-008,0,0,0,0,0,PASS
SPRINT-002,ISSUE-0823,STORY,STORY-0713,EPIC-008,4,MIXED,REQ-ID-001/REQ-ID-002,ADR-018/ADR-028/ADR-034/ADR-007/ADR-008,0,0,0,0,0,PASS
SPRINT-002,ISSUE-0824,STORY,STORY-0714,EPIC-009,4,MIXED,REQ-ACC-001/REQ-AUTH-IMPL-001/REQ-AUTH-IMPL-002/REQ-AUTH-IMPL-003/REQ-AUTH-IMPL-004/REQ-AUTH-IMPL-005/REQ-AUTH-IMPL-006/REQ-AUTH-IMPL-008/REQ-AUTH-IMPL-009/REQ-AUTH-IMPL-010,ADR-028/ADR-007/ADR-008,0,0,0,0,0,PASS
SPRINT-002,ISSUE-0825,STORY,STORY-0715,EPIC-009,4,MIXED,REQ-ID-002,ADR-028/ADR-007/ADR-008,0,0,0,0,0,PASS
SPRINT-002,ISSUE-0826,STORY,STORY-0716,EPIC-010,4,MIXED,REQ-ACC-001/REQ-AUTH-IMPL-001/REQ-AUTH-IMPL-002/REQ-AUTH-IMPL-003/REQ-AUTH-IMPL-004/REQ-AUTH-IMPL-005/REQ-AUTH-IMPL-006/REQ-AUTH-IMPL-008/REQ-AUTH-IMPL-009/REQ-AUTH-IMPL-010,ADR-051/ADR-028/ADR-007/ADR-008,0,0,0,0,0,PASS
SPRINT-002,ISSUE-0827,STORY,STORY-0717,EPIC-010,4,MIXED,REQ-HW-001,ADR-051/ADR-028/ADR-007/ADR-008,0,0,0,0,0,PASS
SPRINT-002,ISSUE-0828,STORY,STORY-0718,EPIC-012,4,MIXED,REQ-ART-001/REQ-ART-003/REQ-ARTLAYOUT-002/REQ-CAT-001/REQ-DBSCHEMA-002/REQ-DBSCHEMA-003/REQ-DBSCHEMA-004/REQ-DBSCHEMA-006/REQ-DBSCHEMA-009/REQ-FS-001,ADR-002/ADR-018/ADR-039/ADR-048/ADR-027/ADR-041/ADR-026/ADR-007/ADR-008,0,0,0,0,0,PASS
SPRINT-002,ISSUE-0829,STORY,STORY-0719,EPIC-012,4,MIXED,REQ-PRV-001/REQ-RUN-002/REQ-RUN-003/REQ-RUN-004/REQ-RUN-005/REQ-RUN-007/REQ-RUN-009/REQ-SCM-002/REQ-TOOL-004/REQ-TOOL-005,ADR-002/ADR-018/ADR-039/ADR-048/ADR-027/ADR-041/ADR-026/ADR-007/ADR-008,0,0,0,0,0,PASS
SPRINT-002,ISSUE-0830,STORY,STORY-0720,EPIC-012,4,MIXED,REQ-UPG-002,ADR-002/ADR-018/ADR-039/ADR-048/ADR-027/ADR-041/ADR-026/ADR-007/ADR-008,0,0,0,0,0,PASS
SPRINT-003,ISSUE-0831,STORY,STORY-0721,EPIC-014,4,MIXED,REQ-AIE-002/REQ-AIE-004/REQ-AIE-006/REQ-AIE-008/REQ-AIE-009/REQ-AIE-010/REQ-DBSCHEMA-009/REQ-FS1-002/REQ-FS1-003/REQ-FS1-006,ADR-002/ADR-018/ADR-036/ADR-007/ADR-008,0,0,0,0,0,PASS
SPRINT-003,ISSUE-0832,STORY,STORY-0722,EPIC-014,4,MIXED,REQ-FS1-008/REQ-FS1-009/REQ-FS1-010/REQ-RUNTIME-002/REQ-WORKER-003,ADR-002/ADR-018/ADR-036/ADR-007/ADR-008,0,0,0,0,0,PASS
SPRINT-005,ISSUE-0833,STORY,STORY-0723,EPIC-021,4,MIXED,REQ-EPIC-021/REQ-FS1-002/REQ-FS1-003/REQ-FS1-008/REQ-FS1-009/REQ-FS1-010/REQ-NATIVE-003/REQ-NATIVE-005/REQ-NATIVE-006/REQ-NATIVE-007,ADR-046/ADR-044/ADR-047/ADR-041/ADR-007/ADR-008,0,0,0,0,0,PASS
SPRINT-005,ISSUE-0834,STORY,STORY-0724,EPIC-021,4,MIXED,REQ-NATIVE-008/REQ-NATIVE-009/REQ-NATIVE-010/REQ-SCP-001,ADR-046/ADR-044/ADR-047/ADR-041/ADR-007/ADR-008,0,0,0,0,0,PASS
SPRINT-005,ISSUE-0835,STORY,STORY-0725,EPIC-022,4,MIXED,REQ-AIE-002/REQ-AIE-004/REQ-AIE-006/REQ-AIE-008/REQ-AIE-009/REQ-AIE-010/REQ-CLASSICPROFILE-001/REQ-CLASSICPROFILE-002/REQ-CLASSICPROFILE-003/REQ-CLASSICPROFILE-005,ADR-051/ADR-046/ADR-044/ADR-041/ADR-007/ADR-008,0,0,0,0,0,PASS
SPRINT-005,ISSUE-0836,STORY,STORY-0726,EPIC-022,4,MIXED,REQ-CLASSICPROFILE-007/REQ-CLASSICPROFILE-009/REQ-FS1-002/REQ-FS1-003/REQ-FS1-008/REQ-FS1-009/REQ-FS1-010/REQ-NATIVE-003/REQ-NATIVE-005/REQ-NATIVE-006,ADR-051/ADR-046/ADR-044/ADR-041/ADR-007/ADR-008,0,0,0,0,0,PASS
SPRINT-005,ISSUE-0837,STORY,STORY-0727,EPIC-022,4,MIXED,REQ-NATIVE-007/REQ-NATIVE-008/REQ-NATIVE-009/REQ-NATIVE-010/REQ-SGVCAL-002/REQ-SGVCAL-003/REQ-SGVCAL-004/REQ-SGVCAL-005/REQ-SGVCAL-006/REQ-SGVCAL-009,ADR-051/ADR-046/ADR-044/ADR-041/ADR-007/ADR-008,0,0,0,0,0,PASS
SPRINT-005,ISSUE-0838,STORY,STORY-0728,EPIC-022,4,MIXED,REQ-SGVCAL-010,ADR-051/ADR-046/ADR-044/ADR-041/ADR-007/ADR-008,0,0,0,0,0,PASS
SPRINT-005,ISSUE-0839,STORY,STORY-0729,EPIC-024,4,MIXED,REQ-AIE-002/REQ-AIE-004/REQ-AIE-006/REQ-AIE-008/REQ-AIE-009/REQ-AIE-010/REQ-ANC-006/REQ-ANC-007/REQ-CRS-003/REQ-EPIC-021,ADR-046/ADR-044/ADR-048/ADR-041/ADR-049/ADR-050/ADR-053/ADR-007/ADR-008,0,0,0,0,0,PASS
SPRINT-005,ISSUE-0840,STORY,STORY-0730,EPIC-024,4,MIXED,REQ-EST-001/REQ-FS1-002/REQ-FS1-003/REQ-FS1-008/REQ-FS1-009/REQ-FS1-010/REQ-MSK-001/REQ-QUAL-003/REQ-RAS-003/REQ-REF-001,ADR-046/ADR-044/ADR-048/ADR-041/ADR-049/ADR-050/ADR-053/ADR-007/ADR-008,0,0,0,0,0,PASS
SPRINT-005,ISSUE-0841,STORY,STORY-0731,EPIC-024,4,MIXED,REQ-RMV-002,ADR-046/ADR-044/ADR-048/ADR-041/ADR-049/ADR-050/ADR-053/ADR-007/ADR-008,0,0,0,0,0,PASS
SPRINT-005,ISSUE-0842,STORY,STORY-0732,EPIC-026,4,MIXED,REQ-ART-001/REQ-ARTLAYOUT-001/REQ-ARTLAYOUT-002/REQ-ARTLAYOUT-003/REQ-ARTLAYOUT-004/REQ-ARTLAYOUT-005/REQ-ARTLAYOUT-006/REQ-ARTLAYOUT-007/REQ-ARTLAYOUT-008/REQ-ARTLAYOUT-009,ADR-051/ADR-018/ADR-044/ADR-027/ADR-041/ADR-007/ADR-008,0,0,0,0,0,PASS
SPRINT-005,ISSUE-0843,STORY,STORY-0733,EPIC-026,4,MIXED,REQ-ARTLAYOUT-010/REQ-DBSCHEMA-006/REQ-FS1-002/REQ-FS1-003/REQ-FS1-008/REQ-FS1-009/REQ-FS1-010/REQ-NATIVE-003/REQ-NATIVE-005/REQ-NATIVE-006,ADR-051/ADR-018/ADR-044/ADR-027/ADR-041/ADR-007/ADR-008,0,0,0,0,0,PASS
SPRINT-005,ISSUE-0844,STORY,STORY-0734,EPIC-026,4,MIXED,REQ-NATIVE-007/REQ-NATIVE-008/REQ-NATIVE-009/REQ-NATIVE-010,ADR-051/ADR-018/ADR-044/ADR-027/ADR-041/ADR-007/ADR-008,0,0,0,0,0,PASS
SPRINT-005,ISSUE-0845,STORY,STORY-0735,EPIC-028,4,MIXED,REQ-AI-012/REQ-AIE-002/REQ-AIE-004/REQ-AIE-006/REQ-AIE-008/REQ-AIE-009/REQ-AIE-010/REQ-CLASSICPROFILE-001/REQ-CLASSICPROFILE-002/REQ-CLASSICPROFILE-003,ADR-046/ADR-047/ADR-053/ADR-007/ADR-008,0,0,0,0,0,PASS
SPRINT-005,ISSUE-0846,STORY,STORY-0736,EPIC-028,4,MIXED,REQ-CLASSICPROFILE-005/REQ-CLASSICPROFILE-007/REQ-CLASSICPROFILE-009/REQ-SCP-001/REQ-SDR-001/REQ-SDR-004/REQ-SGVCAL-002/REQ-SGVCAL-003/REQ-SGVCAL-004/REQ-SGVCAL-005,ADR-046/ADR-047/ADR-053/ADR-007/ADR-008,0,0,0,0,0,PASS
SPRINT-005,ISSUE-0847,STORY,STORY-0737,EPIC-028,4,MIXED,REQ-SGVCAL-006/REQ-SGVCAL-009/REQ-SGVCAL-010/REQ-SRG-002/REQ-SRG-003/REQ-SRG-004/REQ-TOOL-007/REQ-TST-001,ADR-046/ADR-047/ADR-053/ADR-007/ADR-008,0,0,0,0,0,PASS
SPRINT-009,ISSUE-0848,STORY,STORY-0738,EPIC-031,4,MIXED,REQ-EPIC-031/REQ-FS1-001/REQ-FS1-002/REQ-FS1-003/REQ-FS1-004/REQ-FS1-006/REQ-FS1-008/REQ-FS1-009/REQ-FS1-010/REQ-RUN-001,ADR-002/ADR-007/ADR-008,0,0,0,0,0,PASS
SPRINT-009,ISSUE-0849,STORY,STORY-0739,EPIC-031,4,MIXED,REQ-RUN-002/REQ-RUN-003/REQ-RUN-004/REQ-RUN-005/REQ-RUN-006/REQ-RUN-007/REQ-RUN-008/REQ-RUN-009/REQ-RUN-010/REQ-RUNTIME-008,ADR-002/ADR-007/ADR-008,0,0,0,0,0,PASS
SPRINT-009,ISSUE-0850,STORY,STORY-0740,EPIC-031,4,MIXED,REQ-UX-001,ADR-002/ADR-007/ADR-008,0,0,0,0,0,PASS
SPRINT-009,ISSUE-0851,STORY,STORY-0741,EPIC-034,4,MIXED,REQ-BAT-001/REQ-BEX-002/REQ-BEX-003/REQ-BEX-004/REQ-BEX-005/REQ-BEX-006/REQ-BEX-007/REQ-BEX-008/REQ-BEX-009/REQ-BEX-010,ADR-046/ADR-039/ADR-048/ADR-007/ADR-008,0,0,0,0,0,PASS
SPRINT-009,ISSUE-0852,STORY,STORY-0742,EPIC-034,4,MIXED,REQ-EPIC-035/REQ-EPIC-070/REQ-QUAL-005/REQ-SCL-002/REQ-SMO-002/REQ-SMO-004,ADR-046/ADR-039/ADR-048/ADR-007/ADR-008,0,0,0,0,0,PASS
SPRINT-010,ISSUE-0853,STORY,STORY-0743,EPIC-037,4,MIXED,REQ-BEX-002/REQ-BEX-004/REQ-BEX-006/REQ-BEX-007/REQ-BEX-008/REQ-BEX-009/REQ-BEX-010/REQ-EPIC-070/REQ-MSK-002/REQ-RMR-001,ADR-018/ADR-046/ADR-039/ADR-048/ADR-041/ADR-050/ADR-053/ADR-026/ADR-007/ADR-008,0,0,0,0,0,PASS
SPRINT-010,ISSUE-0854,STORY,STORY-0744,EPIC-037,4,MIXED,REQ-SCL-002/REQ-SCM-003/REQ-SDR-004/REQ-SRP-003,ADR-018/ADR-046/ADR-039/ADR-048/ADR-041/ADR-050/ADR-053/ADR-026/ADR-007/ADR-008,0,0,0,0,0,PASS
SPRINT-011,ISSUE-0855,STORY,STORY-0745,EPIC-039,4,MIXED,REQ-AIE-002/REQ-AIE-003/REQ-AIE-004/REQ-AIE-006/REQ-AIE-007/REQ-AIE-008/REQ-AIE-009/REQ-AIE-010/REQ-ARTLAYOUT-001/REQ-ARTLAYOUT-004,ADR-002/ADR-018/ADR-036/ADR-054/ADR-007/ADR-008,0,0,0,0,0,PASS
SPRINT-011,ISSUE-0856,STORY,STORY-0746,EPIC-039,4,MIXED,REQ-ARTLAYOUT-008/REQ-ARTLAYOUT-009/REQ-MET-001/REQ-WORKER-003,ADR-002/ADR-018/ADR-036/ADR-054/ADR-007/ADR-008,0,0,0,0,0,PASS
SPRINT-002,ISSUE-0857,STORY,STORY-0747,EPIC-041,4,MIXED,REQ-AIE-001/REQ-AIE-002/REQ-AIE-003/REQ-AIE-004/REQ-AIE-005/REQ-AIE-006/REQ-AIE-007/REQ-AIE-008/REQ-AIE-009/REQ-AIE-010,ADR-002/ADR-018/ADR-028/ADR-034/ADR-047/ADR-007/ADR-008,0,0,0,0,0,PASS
SPRINT-002,ISSUE-0858,STORY,STORY-0748,EPIC-041,4,MIXED,REQ-ARTLAYOUT-010/REQ-AUTH-IMPL-001/REQ-AUTH-IMPL-002/REQ-AUTH-IMPL-003/REQ-AUTH-IMPL-004/REQ-AUTH-IMPL-005/REQ-AUTH-IMPL-006/REQ-AUTH-IMPL-007/REQ-AUTH-IMPL-008/REQ-AUTH-IMPL-009,ADR-002/ADR-018/ADR-028/ADR-034/ADR-047/ADR-007/ADR-008,0,0,0,0,0,PASS
SPRINT-002,ISSUE-0859,STORY,STORY-0749,EPIC-041,4,MIXED,REQ-AUTH-IMPL-010/REQ-EPIC-041/REQ-FS-001/REQ-SRC-002/REQ-SRC-003,ADR-002/ADR-018/ADR-028/ADR-034/ADR-047/ADR-007/ADR-008,0,0,0,0,0,PASS
SPRINT-006,ISSUE-0860,STORY,STORY-0750,EPIC-050,4,MIXED,REQ-AI-008/REQ-AI-009/REQ-AI-012/REQ-AI-013/REQ-AI-015/REQ-AI-017/REQ-AIE-002/REQ-AIE-004/REQ-AIE-006/REQ-AIE-008,ADR-051/ADR-039/ADR-044/ADR-053/ADR-007/ADR-008,0,0,0,0,0,PASS
SPRINT-006,ISSUE-0861,STORY,STORY-0751,EPIC-050,4,MIXED,REQ-AIE-009/REQ-AIE-010/REQ-EPIC-088/REQ-SCH-003/REQ-SDR-001,ADR-051/ADR-039/ADR-044/ADR-053/ADR-007/ADR-008,0,0,0,0,0,PASS
SPRINT-001,ISSUE-0862,STORY,STORY-0752,EPIC-086,4,MIXED,REQ-DEL-001/REQ-DEL-002/REQ-ISM-003/REQ-SPRINT-001-001/REQ-SPRINT-001-002/REQ-SPRINT-001-003/REQ-SPRINT-001-005/REQ-SPRINT-001-006/REQ-SPRINT-001-007/REQ-SPRINT-001-008,ADR-002/ADR-018/ADR-036/ADR-034/ADR-054/ADR-007/ADR-008,0,0,0,0,0,PASS
SPRINT-001,ISSUE-0863,STORY,STORY-0753,EPIC-086,4,MIXED,REQ-SPRINT-001-009/REQ-SPRINT-001-010,ADR-002/ADR-018/ADR-036/ADR-034/ADR-054/ADR-007/ADR-008,0,0,0,0,0,PASS
SPRINT-001,ISSUE-0864,STORY,STORY-0754,EPIC-110,4,MIXED,REQ-ISM-001/REQ-ISM-002/REQ-ISM-003/REQ-ISM-005/REQ-ISM-007/REQ-ISM-008/REQ-ISM-009/REQ-ISM-010/REQ-ISS-001/REQ-ISS-003,ADR-002/ADR-054/ADR-053/ADR-026/ADR-007/ADR-008,0,0,0,0,0,PASS
SPRINT-001,ISSUE-0865,STORY,STORY-0755,EPIC-110,4,MIXED,REQ-ISS-004/REQ-PLN-001/REQ-PLN-002/REQ-PLN-003/REQ-PLN-004/REQ-PLN-005/REQ-PLN-006/REQ-PLN-007/REQ-PLN-008/REQ-PLN-010,ADR-002/ADR-054/ADR-053/ADR-026/ADR-007/ADR-008,0,0,0,0,0,PASS
SPRINT-001,ISSUE-0866,STORY,STORY-0756,EPIC-110,4,MIXED,REQ-PRJ-001/REQ-PRJ-002/REQ-PRJ-003/REQ-PRJ-005/REQ-PRJ-006/REQ-PRJ-007/REQ-PRJ-008/REQ-PRJ-009/REQ-PRJ-010/REQ-PRM-001,ADR-002/ADR-054/ADR-053/ADR-026/ADR-007/ADR-008,0,0,0,0,0,PASS
SPRINT-001,ISSUE-0867,STORY,STORY-0757,EPIC-110,4,MIXED,REQ-PRM-002/REQ-PRM-003/REQ-PRM-004/REQ-PRM-005/REQ-PRM-006/REQ-PRM-007/REQ-PRM-008/REQ-PRM-009/REQ-PRM-010/REQ-SPRINT-001-001,ADR-002/ADR-054/ADR-053/ADR-026/ADR-007/ADR-008,0,0,0,0,0,PASS
SPRINT-001,ISSUE-0868,STORY,STORY-0758,EPIC-110,4,MIXED,REQ-SPRINT-001-002/REQ-SPRINT-001-003/REQ-SPRINT-001-005/REQ-SPRINT-001-006/REQ-SPRINT-001-007/REQ-SPRINT-001-008/REQ-SPRINT-001-009/REQ-SPRINT-001-010,ADR-002/ADR-054/ADR-053/ADR-026/ADR-007/ADR-008,0,0,0,0,0,PASS
SPRINT-001,ISSUE-0869,STORY,STORY-0759,EPIC-001,4,DERIVED_CONTROL,,ADR-002/ADR-054/ADR-053/ADR-026/ADR-007/ADR-008,0,0,0,0,0,PASS
SPRINT-001,ISSUE-0870,STORY,STORY-0760,EPIC-001,4,DERIVED_CONTROL,,ADR-003/ADR-006/ADR-007/ADR-010/ADR-058,0,0,0,0,0,PASS
