sprint_id,issue_id,issue_type,story_id,task_id,epic_id,role,bounded_context,dependencies_status,dependencies_count,dependencies,files_status,allow_paths,api_applicability,api_status,api_contracts,database_applicability,database_status,database_authorities,frontend_applicability,frontend_status,frontend_authorities,geo_applicability,geo_status,geo_authorities,ai_applicability,ai_status,ai_authorities,tests_status,tests,artifacts_applicability,artifacts_status,artifact_kinds,evidence,criteria_status,criteria_count,criterion_ids,review_status,required_reviewers,overall_status
SPRINT-001,ISSUE-0001,Epic delivery envelope,,,EPIC-001,Tech Lead,BC-001,PASS,0,,PASS,7 TaskEnvelopes filhos,APPLICABLE,PASS,0,NOT_APPLICABLE,PASS,,NOT_APPLICABLE,PASS,,NOT_APPLICABLE,PASS,,NOT_APPLICABLE,PASS,,PASS,29 testes declarados,EVIDENCE_ONLY,PASS,,7 evidence scopes,PASS,28,AC-ISSUE-0001-01/AC-ISSUE-0001-02/AC-ISSUE-0001-03/AC-ISSUE-0001-04/AC-ISSUE-0001-05/AC-ISSUE-0001-06,PASS,Arquiteto/QA/Reviewer,PASS
SPRINT-001,ISSUE-0002,Epic delivery envelope,,,EPIC-002,Tech Lead,BC-001,PASS,1,,PASS,16 TaskEnvelopes filhos,NOT_APPLICABLE,PASS,0,NOT_APPLICABLE,PASS,,NOT_APPLICABLE,PASS,,NOT_APPLICABLE,PASS,,APPLICABLE,PASS,,PASS,104 testes declarados,PRODUCT_AND_EVIDENCE,PASS,,16 evidence scopes,PASS,64,AC-ISSUE-0002-01/AC-ISSUE-0002-02/AC-ISSUE-0002-03/AC-ISSUE-0002-04/AC-ISSUE-0002-05/AC-ISSUE-0002-06,PASS,Arquiteto/QA/Reviewer,PASS
SPRINT-001,ISSUE-0003,Epic delivery envelope,,,EPIC-003,Tech Lead,BC-001,PASS,1,,PASS,5 TaskEnvelopes filhos,APPLICABLE,PASS,0,NOT_APPLICABLE,PASS,,NOT_APPLICABLE,PASS,,NOT_APPLICABLE,PASS,,NOT_APPLICABLE,PASS,,PASS,9 testes declarados,EVIDENCE_ONLY,PASS,,5 evidence scopes,PASS,20,AC-ISSUE-0003-01/AC-ISSUE-0003-02/AC-ISSUE-0003-03/AC-ISSUE-0003-04/AC-ISSUE-0003-05/AC-ISSUE-0003-06,PASS,Arquiteto/QA/Reviewer,PASS
SPRINT-001,ISSUE-0004,Epic delivery envelope,,,EPIC-004,Tech Lead,BC-001,PASS,1,,PASS,10 TaskEnvelopes filhos,APPLICABLE,PASS,0,NOT_APPLICABLE,PASS,,NOT_APPLICABLE,PASS,,NOT_APPLICABLE,PASS,,APPLICABLE,PASS,,PASS,46 testes declarados,PRODUCT_AND_EVIDENCE,PASS,,10 evidence scopes,PASS,40,AC-ISSUE-0004-01/AC-ISSUE-0004-02/AC-ISSUE-0004-03/AC-ISSUE-0004-04/AC-ISSUE-0004-05/AC-ISSUE-0004-06,PASS,Arquiteto/QA/Reviewer,PASS
SPRINT-001,ISSUE-0005,Epic delivery envelope,,,EPIC-005,Tech Lead,BC-001,PASS,1,,PASS,11 TaskEnvelopes filhos,NOT_APPLICABLE,PASS,0,APPLICABLE,PASS,,NOT_APPLICABLE,PASS,,NOT_APPLICABLE,PASS,,APPLICABLE,PASS,,PASS,60 testes declarados,PRODUCT_AND_EVIDENCE,PASS,,11 evidence scopes,PASS,44,AC-ISSUE-0005-01/AC-ISSUE-0005-02/AC-ISSUE-0005-03/AC-ISSUE-0005-04/AC-ISSUE-0005-05/AC-ISSUE-0005-06,PASS,Arquiteto/QA/Reviewer,PASS
SPRINT-001,ISSUE-0006,Epic delivery envelope,,,EPIC-006,Tech Lead,BC-001,PASS,1,,PASS,5 TaskEnvelopes filhos,APPLICABLE,PASS,0,NOT_APPLICABLE,PASS,,NOT_APPLICABLE,PASS,,NOT_APPLICABLE,PASS,,APPLICABLE,PASS,,PASS,8 testes declarados,EVIDENCE_ONLY,PASS,,5 evidence scopes,PASS,20,AC-ISSUE-0006-01/AC-ISSUE-0006-02/AC-ISSUE-0006-03/AC-ISSUE-0006-04/AC-ISSUE-0006-05/AC-ISSUE-0006-06,PASS,Arquiteto/QA/Reviewer,PASS
SPRINT-001,ISSUE-0007,Epic delivery envelope,,,EPIC-007,Tech Lead,BC-001,PASS,1,,PASS,5 TaskEnvelopes filhos,APPLICABLE,PASS,0,NOT_APPLICABLE,PASS,,NOT_APPLICABLE,PASS,,NOT_APPLICABLE,PASS,,NOT_APPLICABLE,PASS,,PASS,10 testes declarados,EVIDENCE_ONLY,PASS,,5 evidence scopes,PASS,20,AC-ISSUE-0007-01/AC-ISSUE-0007-02/AC-ISSUE-0007-03/AC-ISSUE-0007-04/AC-ISSUE-0007-05/AC-ISSUE-0007-06,PASS,Arquiteto/QA/Reviewer,PASS
SPRINT-001,ISSUE-0086,Epic delivery envelope,,,EPIC-086,Tech Lead,BC-001,PASS,1,,PASS,7 TaskEnvelopes filhos,APPLICABLE,PASS,0,APPLICABLE,PASS,,APPLICABLE,PASS,,NOT_APPLICABLE,PASS,,NOT_APPLICABLE,PASS,,PASS,20 testes declarados,PRODUCT_AND_EVIDENCE,PASS,,7 evidence scopes,PASS,28,AC-ISSUE-0086-01/AC-ISSUE-0086-02/AC-ISSUE-0086-03/AC-ISSUE-0086-04/AC-ISSUE-0086-05/AC-ISSUE-0086-06,PASS,Arquiteto/QA/Reviewer,PASS
SPRINT-001,ISSUE-0090,Epic delivery envelope,,,EPIC-090,Tech Lead,BC-001,PASS,1,,PASS,5 TaskEnvelopes filhos,APPLICABLE,PASS,0,NOT_APPLICABLE,PASS,,NOT_APPLICABLE,PASS,,NOT_APPLICABLE,PASS,,NOT_APPLICABLE,PASS,,PASS,7 testes declarados,EVIDENCE_ONLY,PASS,,5 evidence scopes,PASS,20,AC-ISSUE-0090-01/AC-ISSUE-0090-02/AC-ISSUE-0090-03/AC-ISSUE-0090-04/AC-ISSUE-0090-05/AC-ISSUE-0090-06,PASS,Arquiteto/QA/Reviewer,PASS
SPRINT-001,ISSUE-0091,Epic delivery envelope,,,EPIC-091,Tech Lead,BC-001,PASS,1,,PASS,5 TaskEnvelopes filhos,APPLICABLE,PASS,0,NOT_APPLICABLE,PASS,,NOT_APPLICABLE,PASS,,NOT_APPLICABLE,PASS,,NOT_APPLICABLE,PASS,,PASS,10 testes declarados,EVIDENCE_ONLY,PASS,,5 evidence scopes,PASS,20,AC-ISSUE-0091-01/AC-ISSUE-0091-02/AC-ISSUE-0091-03/AC-ISSUE-0091-04/AC-ISSUE-0091-05/AC-ISSUE-0091-06,PASS,Arquiteto/QA/Reviewer,PASS
SPRINT-001,ISSUE-0092,Epic delivery envelope,,,EPIC-092,Tech Lead,BC-001,PASS,1,,PASS,5 TaskEnvelopes filhos,APPLICABLE,PASS,0,NOT_APPLICABLE,PASS,,NOT_APPLICABLE,PASS,,NOT_APPLICABLE,PASS,,APPLICABLE,PASS,,PASS,11 testes declarados,EVIDENCE_ONLY,PASS,,5 evidence scopes,PASS,20,AC-ISSUE-0092-01/AC-ISSUE-0092-02/AC-ISSUE-0092-03/AC-ISSUE-0092-04/AC-ISSUE-0092-05/AC-ISSUE-0092-06,PASS,Arquiteto/QA/Reviewer,PASS
SPRINT-001,ISSUE-0110,Epic delivery envelope,,,EPIC-110,Tech Lead,BC-001,PASS,0,,PASS,10 TaskEnvelopes filhos,APPLICABLE,PASS,0,NOT_APPLICABLE,PASS,,NOT_APPLICABLE,PASS,,NOT_APPLICABLE,PASS,,APPLICABLE,PASS,,PASS,58 testes declarados,PRODUCT_AND_EVIDENCE,PASS,,10 evidence scopes,PASS,40,AC-ISSUE-0110-01/AC-ISSUE-0110-02/AC-ISSUE-0110-03/AC-ISSUE-0110-04/AC-ISSUE-0110-05/AC-ISSUE-0110-06,PASS,Arquiteto/QA/Reviewer,PASS
SPRINT-001,ISSUE-0111,Implementable story,STORY-0001,TASK-0001,EPIC-001,Arquiteto,BC-001,PASS,0,,PASS,contracts/contexts/engineering_governance/fnd/governanca-de-decisoes-arquiteturais-e-manutencao-da-b/** | docs/02-architecture/design-reviews/governanca-de-decisoes-arquiteturais-e-manutencao-da-b/**,APPLICABLE,PASS,,NOT_APPLICABLE,PASS,,NOT_APPLICABLE,PASS,ADR-010/ADR-011/ADR-012,NOT_APPLICABLE,PASS,,NOT_APPLICABLE,PASS,,PASS,test_versioned_issue_portfolio_catalog_github_reconciliation/test_issue_forecast_min_mode_max_confidence_and_snapshot_variance/test_sprint_zero_baseline_decision_04/test_epic_001_contrato,EVIDENCE_ONLY,PASS,,evidence/implementation/epic-001/story-0001/ | commit candidato e relatório de testes,PASS,4,AC-ISSUE-0111-01/AC-ISSUE-0111-02/AC-ISSUE-0111-03/AC-ISSUE-0111-04,PASS,Arquiteto/Reviewer,PASS
SPRINT-001,ISSUE-0112,Implementable story,STORY-0002,TASK-0002,EPIC-001,Tech Lead,BC-001,PASS,2,STORY-0688/STORY-0689,PASS,tools/governance/governanca-de-decisoes-arquiteturais-e-manutencao-da-b/consolidacao/** | docs/03-engineering/contexts/engineering_governance/governanca-de-decisoes-arquiteturais-e-manutencao-da-b/consolidacao/**,NOT_APPLICABLE,PASS,,NOT_APPLICABLE,PASS,,NOT_APPLICABLE,PASS,,NOT_APPLICABLE,PASS,,NOT_APPLICABLE,PASS,,PASS,test_story_0002_slice_consolidation,EVIDENCE_ONLY,PASS,,evidence/implementation/epic-001/story-0002/ | commit candidato e relatório de testes,PASS,4,AC-ISSUE-0112-01/AC-ISSUE-0112-02/AC-ISSUE-0112-03/AC-ISSUE-0112-04,PASS,QA/Reviewer,PASS
SPRINT-001,ISSUE-0113,Implementable story,STORY-0003,TASK-0003,EPIC-001,DevOps,BC-001,PASS,1,STORY-0001,PASS,tests/fnd/governanca-de-decisoes-arquiteturais-e-manutencao-da-b/** | tools/quality/contexts/engineering_governance/governanca-de-decisoes-arquiteturais-e-manutencao-da-b/** | .github/workflows/governanca-de-decisoes-arquiteturais-e-manutencao-da-b.yaml,NOT_APPLICABLE,PASS,,NOT_APPLICABLE,PASS,,NOT_APPLICABLE,PASS,,NOT_APPLICABLE,PASS,,NOT_APPLICABLE,PASS,,PASS,test_epic_001_automacao,EVIDENCE_ONLY,PASS,,evidence/operations/epic-001/story-0003/ | commit candidato e relatório de testes,PASS,4,AC-ISSUE-0113-01/AC-ISSUE-0113-02/AC-ISSUE-0113-03/AC-ISSUE-0113-04,PASS,QA/Reviewer,PASS
SPRINT-001,ISSUE-0114,Implementable story,STORY-0004,TASK-0004,EPIC-001,Tech Lead,BC-001,PASS,2,STORY-0002/STORY-0003,PASS,tools/governance/governanca-de-decisoes-arquiteturais-e-manutencao-da-b/** | docs/03-engineering/contexts/engineering_governance/governanca-de-decisoes-arquiteturais-e-manutencao-da-b/**,NOT_APPLICABLE,PASS,,NOT_APPLICABLE,PASS,,NOT_APPLICABLE,PASS,,NOT_APPLICABLE,PASS,,NOT_APPLICABLE,PASS,,PASS,test_epic_001_integracao,EVIDENCE_ONLY,PASS,,evidence/implementation/epic-001/story-0004/ | commit candidato e relatório de testes,PASS,4,AC-ISSUE-0114-01/AC-ISSUE-0114-02/AC-ISSUE-0114-03/AC-ISSUE-0114-04,PASS,Arquiteto/QA/Reviewer,PASS
SPRINT-001,ISSUE-0115,Implementable story,STORY-0005,TASK-0005,EPIC-001,Reviewer,BC-001,PASS,1,STORY-0004,PASS,evidence/reviews/governanca-de-decisoes-arquiteturais-e-manutencao-da-b/**,NOT_APPLICABLE,PASS,,NOT_APPLICABLE,PASS,,NOT_APPLICABLE,PASS,,NOT_APPLICABLE,PASS,,NOT_APPLICABLE,PASS,,PASS,test_epic_001_aceite_happy_path/test_epic_001_aceite_negative_paths,EVIDENCE_ONLY,PASS,Audit,evidence/reviews/epic-001/story-0005/ | commit candidato e relatório de testes,PASS,4,AC-ISSUE-0115-01/AC-ISSUE-0115-02/AC-ISSUE-0115-03/AC-ISSUE-0115-04,PASS,Reviewer,PASS
SPRINT-001,ISSUE-0116,Implementable story,STORY-0006,TASK-0006,EPIC-002,Arquiteto,BC-001,PASS,2,STORY-0690/STORY-0691,PASS,contracts/contexts/engineering_governance/fnd/repositorio-privado-project-central-views-campos-label/consolidacao/** | docs/02-architecture/design-reviews/repositorio-privado-project-central-views-campos-label/consolidacao/**,NOT_APPLICABLE,PASS,,NOT_APPLICABLE,PASS,,NOT_APPLICABLE,PASS,,NOT_APPLICABLE,PASS,,NOT_APPLICABLE,PASS,,PASS,test_story_0006_slice_consolidation,EVIDENCE_ONLY,PASS,,evidence/implementation/epic-002/story-0006/ | commit candidato e relatório de testes,PASS,4,AC-ISSUE-0116-01/AC-ISSUE-0116-02/AC-ISSUE-0116-03/AC-ISSUE-0116-04,PASS,Arquiteto/Reviewer,PASS
SPRINT-001,ISSUE-0117,Implementable story,STORY-0007,TASK-0007,EPIC-002,Tech Lead,BC-001,PASS,9,STORY-0692/STORY-0693/STORY-0694/STORY-0695/STORY-0696/STORY-0697/STORY-0698/STORY-0699/STORY-0700,PASS,tools/governance/repositorio-privado-project-central-views-campos-label/consolidacao/** | docs/03-engineering/contexts/engineering_governance/repositorio-privado-project-central-views-campos-label/consolidacao/**,NOT_APPLICABLE,PASS,,NOT_APPLICABLE,PASS,,NOT_APPLICABLE,PASS,,NOT_APPLICABLE,PASS,,NOT_APPLICABLE,PASS,,PASS,test_story_0007_slice_consolidation,EVIDENCE_ONLY,PASS,,evidence/implementation/epic-002/story-0007/ | commit candidato e relatório de testes,PASS,4,AC-ISSUE-0117-01/AC-ISSUE-0117-02/AC-ISSUE-0117-03/AC-ISSUE-0117-04,PASS,QA/Reviewer,PASS
SPRINT-001,ISSUE-0118,Implementable story,STORY-0008,TASK-0008,EPIC-002,DevOps,BC-001,PASS,1,STORY-0006,PASS,tests/fnd/repositorio-privado-project-central-views-campos-label/** | tools/quality/contexts/engineering_governance/repositorio-privado-project-central-views-campos-label/** | .github/workflows/repositorio-privado-project-central-views-campos-label.yaml,NOT_APPLICABLE,PASS,,NOT_APPLICABLE,PASS,,NOT_APPLICABLE,PASS,,NOT_APPLICABLE,PASS,,NOT_APPLICABLE,PASS,,PASS,test_epic_002_automacao,EVIDENCE_ONLY,PASS,,evidence/operations/epic-002/story-0008/ | commit candidato e relatório de testes,PASS,4,AC-ISSUE-0118-01/AC-ISSUE-0118-02/AC-ISSUE-0118-03/AC-ISSUE-0118-04,PASS,QA/Reviewer,PASS
SPRINT-001,ISSUE-0119,Implementable story,STORY-0009,TASK-0009,EPIC-002,Tech Lead,BC-001,PASS,2,STORY-0007/STORY-0008,PASS,tools/governance/repositorio-privado-project-central-views-campos-label/** | docs/03-engineering/contexts/engineering_governance/repositorio-privado-project-central-views-campos-label/**,NOT_APPLICABLE,PASS,,NOT_APPLICABLE,PASS,,NOT_APPLICABLE,PASS,,NOT_APPLICABLE,PASS,ADR-042/ADR-044/ADR-045,NOT_APPLICABLE,PASS,,PASS,test_req_classicprofile_006/test_req_classicprofile_008/test_req_classicprofile_0010/test_req_native_001/test_epic_002_integracao,EVIDENCE_ONLY,PASS,,evidence/implementation/epic-002/story-0009/ | commit candidato e relatório de testes,PASS,4,AC-ISSUE-0119-01/AC-ISSUE-0119-02/AC-ISSUE-0119-03/AC-ISSUE-0119-04,PASS,Arquiteto/QA/Reviewer,PASS
SPRINT-001,ISSUE-0120,Implementable story,STORY-0010,TASK-0010,EPIC-002,Reviewer,BC-001,PASS,1,STORY-0009,PASS,evidence/reviews/repositorio-privado-project-central-views-campos-label/**,NOT_APPLICABLE,PASS,,NOT_APPLICABLE,PASS,,NOT_APPLICABLE,PASS,,NOT_APPLICABLE,PASS,,NOT_APPLICABLE,PASS,,PASS,test_epic_002_aceite_happy_path/test_epic_002_aceite_negative_paths,EVIDENCE_ONLY,PASS,Audit,evidence/reviews/epic-002/story-0010/ | commit candidato e relatório de testes,PASS,4,AC-ISSUE-0120-01/AC-ISSUE-0120-02/AC-ISSUE-0120-03/AC-ISSUE-0120-04,PASS,Reviewer,PASS
SPRINT-001,ISSUE-0121,Implementable story,STORY-0011,TASK-0011,EPIC-003,Arquiteto,BC-001,PASS,1,STORY-0005,PASS,contracts/contexts/engineering_governance/fnd/monorepo-greenfield-com-cli-api-web-minimos-e-checks-r/** | docs/02-architecture/design-reviews/monorepo-greenfield-com-cli-api-web-minimos-e-checks-r/**,APPLICABLE,PASS,,NOT_APPLICABLE,PASS,,NOT_APPLICABLE,PASS,ADR-010/ADR-011/ADR-014,NOT_APPLICABLE,PASS,,NOT_APPLICABLE,PASS,,PASS,cli_api_semantic_contract/test_epic_003_contrato,EVIDENCE_ONLY,PASS,,evidence/implementation/epic-003/story-0011/ | commit candidato e relatório de testes,PASS,4,AC-ISSUE-0121-01/AC-ISSUE-0121-02/AC-ISSUE-0121-03/AC-ISSUE-0121-04,PASS,Arquiteto/Reviewer,PASS
SPRINT-001,ISSUE-0122,Implementable story,STORY-0012,TASK-0012,EPIC-003,Tech Lead,BC-001,PASS,1,STORY-0011,PASS,tools/governance/monorepo-greenfield-com-cli-api-web-minimos-e-checks-r/** | docs/03-engineering/contexts/engineering_governance/monorepo-greenfield-com-cli-api-web-minimos-e-checks-r/**,NOT_APPLICABLE,PASS,,NOT_APPLICABLE,PASS,,NOT_APPLICABLE,PASS,ADR-010/ADR-011/ADR-014,NOT_APPLICABLE,PASS,,NOT_APPLICABLE,PASS,,PASS,test_walking_skeleton_end_to_end_and_vertical_slice_definition_of_done/test_host_container_ci_contract_and_no_implicit_downloads/test_epic_003_fundacao,EVIDENCE_ONLY,PASS,,evidence/implementation/epic-003/story-0012/ | commit candidato e relatório de testes,PASS,4,AC-ISSUE-0122-01/AC-ISSUE-0122-02/AC-ISSUE-0122-03/AC-ISSUE-0122-04,PASS,Arquiteto/QA/Reviewer,PASS
SPRINT-001,ISSUE-0123,Implementable story,STORY-0013,TASK-0013,EPIC-003,DevOps,BC-001,PASS,1,STORY-0011,PASS,tests/fnd/monorepo-greenfield-com-cli-api-web-minimos-e-checks-r/** | tools/quality/contexts/engineering_governance/monorepo-greenfield-com-cli-api-web-minimos-e-checks-r/** | .github/workflows/monorepo-greenfield-com-cli-api-web-minimos-e-checks-r.yaml,NOT_APPLICABLE,PASS,,NOT_APPLICABLE,PASS,,NOT_APPLICABLE,PASS,ADR-010/ADR-011,NOT_APPLICABLE,PASS,,NOT_APPLICABLE,PASS,,PASS,test_epic_003_automacao,EVIDENCE_ONLY,PASS,,evidence/operations/epic-003/story-0013/ | commit candidato e relatório de testes,PASS,4,AC-ISSUE-0123-01/AC-ISSUE-0123-02/AC-ISSUE-0123-03/AC-ISSUE-0123-04,PASS,Arquiteto/QA/Reviewer,PASS
SPRINT-001,ISSUE-0124,Implementable story,STORY-0014,TASK-0014,EPIC-003,Tech Lead,BC-001,PASS,2,STORY-0012/STORY-0013,PASS,tools/governance/monorepo-greenfield-com-cli-api-web-minimos-e-checks-r/** | docs/03-engineering/contexts/engineering_governance/monorepo-greenfield-com-cli-api-web-minimos-e-checks-r/**,NOT_APPLICABLE,PASS,,NOT_APPLICABLE,PASS,,NOT_APPLICABLE,PASS,ADR-010/ADR-011,NOT_APPLICABLE,PASS,,NOT_APPLICABLE,PASS,,PASS,test_epic_003_integracao,EVIDENCE_ONLY,PASS,,evidence/implementation/epic-003/story-0014/ | commit candidato e relatório de testes,PASS,4,AC-ISSUE-0124-01/AC-ISSUE-0124-02/AC-ISSUE-0124-03/AC-ISSUE-0124-04,PASS,Arquiteto/QA/Reviewer,PASS
SPRINT-001,ISSUE-0125,Implementable story,STORY-0015,TASK-0015,EPIC-003,Reviewer,BC-001,PASS,1,STORY-0014,PASS,evidence/reviews/monorepo-greenfield-com-cli-api-web-minimos-e-checks-r/**,NOT_APPLICABLE,PASS,,NOT_APPLICABLE,PASS,,NOT_APPLICABLE,PASS,ADR-010/ADR-011,NOT_APPLICABLE,PASS,,NOT_APPLICABLE,PASS,,PASS,test_epic_003_aceite_happy_path/test_epic_003_aceite_negative_paths,EVIDENCE_ONLY,PASS,Audit,evidence/reviews/epic-003/story-0015/ | commit candidato e relatório de testes,PASS,4,AC-ISSUE-0125-01/AC-ISSUE-0125-02/AC-ISSUE-0125-03/AC-ISSUE-0125-04,PASS,Reviewer,PASS
SPRINT-001,ISSUE-0126,Implementable story,STORY-0016,TASK-0016,EPIC-004,Arquiteto,BC-001,PASS,2,STORY-0701/STORY-0702,PASS,contracts/contexts/engineering_governance/fnd/openapi-cliente-typescript-e-contratos-cli-jobs-evento/consolidacao/** | docs/02-architecture/design-reviews/openapi-cliente-typescript-e-contratos-cli-jobs-evento/consolidacao/**,APPLICABLE,PASS,,NOT_APPLICABLE,PASS,ADR-021/ADR-023,NOT_APPLICABLE,PASS,ADR-010/ADR-011/ADR-013/ADR-014,NOT_APPLICABLE,PASS,,NOT_APPLICABLE,PASS,,PASS,test_story_0016_slice_consolidation,PRODUCT_AND_EVIDENCE,PASS,Report,evidence/implementation/epic-004/story-0016/ | commit candidato e relatório de testes,PASS,4,AC-ISSUE-0126-01/AC-ISSUE-0126-02/AC-ISSUE-0126-03/AC-ISSUE-0126-04,PASS,Arquiteto/Reviewer,PASS
SPRINT-001,ISSUE-0127,Implementable story,STORY-0017,TASK-0017,EPIC-004,Tech Lead,BC-001,PASS,3,STORY-0703/STORY-0704/STORY-0705,PASS,tools/governance/openapi-cliente-typescript-e-contratos-cli-jobs-evento/consolidacao/** | docs/03-engineering/contexts/engineering_governance/openapi-cliente-typescript-e-contratos-cli-jobs-evento/consolidacao/**,APPLICABLE,PASS,,NOT_APPLICABLE,PASS,ADR-021/ADR-023,NOT_APPLICABLE,PASS,ADR-010/ADR-011/ADR-013/ADR-014,NOT_APPLICABLE,PASS,,NOT_APPLICABLE,PASS,,PASS,test_story_0017_slice_consolidation,PRODUCT_AND_EVIDENCE,PASS,Report,evidence/implementation/epic-004/story-0017/ | commit candidato e relatório de testes,PASS,4,AC-ISSUE-0127-01/AC-ISSUE-0127-02/AC-ISSUE-0127-03/AC-ISSUE-0127-04,PASS,Arquiteto/QA/Reviewer,PASS
SPRINT-001,ISSUE-0128,Implementable story,STORY-0018,TASK-0018,EPIC-004,DevOps,BC-001,PASS,1,STORY-0016,PASS,tests/fnd/openapi-cliente-typescript-e-contratos-cli-jobs-evento/** | tools/quality/contexts/engineering_governance/openapi-cliente-typescript-e-contratos-cli-jobs-evento/** | .github/workflows/openapi-cliente-typescript-e-contratos-cli-jobs-evento.yaml,APPLICABLE,PASS,,NOT_APPLICABLE,PASS,ADR-021/ADR-023,NOT_APPLICABLE,PASS,ADR-010/ADR-011/ADR-013/ADR-014,NOT_APPLICABLE,PASS,,NOT_APPLICABLE,PASS,,PASS,test_epic_004_automacao,PRODUCT_AND_EVIDENCE,PASS,Report,evidence/operations/epic-004/story-0018/ | commit candidato e relatório de testes,PASS,4,AC-ISSUE-0128-01/AC-ISSUE-0128-02/AC-ISSUE-0128-03/AC-ISSUE-0128-04,PASS,Arquiteto/QA/Reviewer,PASS
SPRINT-001,ISSUE-0129,Implementable story,STORY-0019,TASK-0019,EPIC-004,Tech Lead,BC-001,PASS,2,STORY-0017/STORY-0018,PASS,tools/governance/openapi-cliente-typescript-e-contratos-cli-jobs-evento/** | docs/03-engineering/contexts/engineering_governance/openapi-cliente-typescript-e-contratos-cli-jobs-evento/**,APPLICABLE,PASS,,NOT_APPLICABLE,PASS,ADR-021/ADR-023,NOT_APPLICABLE,PASS,ADR-010/ADR-011/ADR-013/ADR-014,NOT_APPLICABLE,PASS,ADR-045,NOT_APPLICABLE,PASS,,PASS,test_first_functional_slice_decision_06/test_epic_004_integracao,PRODUCT_AND_EVIDENCE,PASS,Report,evidence/implementation/epic-004/story-0019/ | commit candidato e relatório de testes,PASS,4,AC-ISSUE-0129-01/AC-ISSUE-0129-02/AC-ISSUE-0129-03/AC-ISSUE-0129-04,PASS,Arquiteto/QA/Reviewer,PASS
SPRINT-001,ISSUE-0130,Implementable story,STORY-0020,TASK-0020,EPIC-004,Reviewer,BC-001,PASS,1,STORY-0019,PASS,evidence/reviews/openapi-cliente-typescript-e-contratos-cli-jobs-evento/**,APPLICABLE,PASS,,NOT_APPLICABLE,PASS,ADR-021/ADR-023,NOT_APPLICABLE,PASS,ADR-010/ADR-011/ADR-013/ADR-014,NOT_APPLICABLE,PASS,,NOT_APPLICABLE,PASS,,PASS,test_epic_004_aceite_happy_path/test_epic_004_aceite_negative_paths,PRODUCT_AND_EVIDENCE,PASS,Report/Audit,evidence/reviews/epic-004/story-0020/ | commit candidato e relatório de testes,PASS,4,AC-ISSUE-0130-01/AC-ISSUE-0130-02/AC-ISSUE-0130-03/AC-ISSUE-0130-04,PASS,Reviewer,PASS
SPRINT-001,ISSUE-0131,Implementable story,STORY-0021,TASK-0021,EPIC-005,Arquiteto,BC-001,PASS,2,STORY-0706/STORY-0707,PASS,contracts/contexts/engineering_governance/fnd/migrations-ci-secret-dependency-scan-e-telemetria-mini/consolidacao/** | docs/02-architecture/design-reviews/migrations-ci-secret-dependency-scan-e-telemetria-mini/consolidacao/**,NOT_APPLICABLE,PASS,,APPLICABLE,PASS,ADR-018/ADR-023/ADR-024/ADR-026,NOT_APPLICABLE,PASS,,NOT_APPLICABLE,PASS,,NOT_APPLICABLE,PASS,,PASS,test_story_0021_slice_consolidation,EVIDENCE_ONLY,PASS,,evidence/implementation/epic-005/story-0021/ | commit candidato e relatório de testes,PASS,4,AC-ISSUE-0131-01/AC-ISSUE-0131-02/AC-ISSUE-0131-03/AC-ISSUE-0131-04,PASS,Arquiteto/Reviewer,PASS
SPRINT-001,ISSUE-0132,Implementable story,STORY-0022,TASK-0022,EPIC-005,Tech Lead,BC-001,PASS,4,STORY-0708/STORY-0709/STORY-0710/STORY-0711,PASS,tools/governance/migrations-ci-secret-dependency-scan-e-telemetria-mini/consolidacao/** | docs/03-engineering/contexts/engineering_governance/migrations-ci-secret-dependency-scan-e-telemetria-mini/consolidacao/**,NOT_APPLICABLE,PASS,,APPLICABLE,PASS,ADR-018/ADR-023/ADR-024/ADR-026,NOT_APPLICABLE,PASS,,NOT_APPLICABLE,PASS,,NOT_APPLICABLE,PASS,,PASS,test_story_0022_slice_consolidation,EVIDENCE_ONLY,PASS,,evidence/implementation/epic-005/story-0022/ | commit candidato e relatório de testes,PASS,4,AC-ISSUE-0132-01/AC-ISSUE-0132-02/AC-ISSUE-0132-03/AC-ISSUE-0132-04,PASS,Arquiteto/QA/Reviewer,PASS
SPRINT-001,ISSUE-0133,Implementable story,STORY-0023,TASK-0023,EPIC-005,DevOps,BC-001,PASS,1,STORY-0021,PASS,tests/fnd/migrations-ci-secret-dependency-scan-e-telemetria-mini/** | tools/quality/contexts/engineering_governance/migrations-ci-secret-dependency-scan-e-telemetria-mini/** | .github/workflows/migrations-ci-secret-dependency-scan-e-telemetria-mini.yaml,NOT_APPLICABLE,PASS,,APPLICABLE,PASS,ADR-018/ADR-023/ADR-024/ADR-026,NOT_APPLICABLE,PASS,,NOT_APPLICABLE,PASS,,NOT_APPLICABLE,PASS,,PASS,test_epic_005_automacao,EVIDENCE_ONLY,PASS,,evidence/operations/epic-005/story-0023/ | commit candidato e relatório de testes,PASS,4,AC-ISSUE-0133-01/AC-ISSUE-0133-02/AC-ISSUE-0133-03/AC-ISSUE-0133-04,PASS,Arquiteto/QA/Reviewer,PASS
SPRINT-001,ISSUE-0134,Implementable story,STORY-0024,TASK-0024,EPIC-005,Tech Lead,BC-001,PASS,2,STORY-0022/STORY-0023,PASS,tools/governance/migrations-ci-secret-dependency-scan-e-telemetria-mini/** | docs/03-engineering/contexts/engineering_governance/migrations-ci-secret-dependency-scan-e-telemetria-mini/**,NOT_APPLICABLE,PASS,,APPLICABLE,PASS,ADR-018/ADR-023/ADR-024/ADR-026,NOT_APPLICABLE,PASS,,NOT_APPLICABLE,PASS,ADR-045,NOT_APPLICABLE,PASS,,PASS,test_batch_execution_decision_01/test_batch_execution_decision_06/test_first_functional_slice_decision_06/test_epic_005_integracao,EVIDENCE_ONLY,PASS,,evidence/implementation/epic-005/story-0024/ | commit candidato e relatório de testes,PASS,4,AC-ISSUE-0134-01/AC-ISSUE-0134-02/AC-ISSUE-0134-03/AC-ISSUE-0134-04,PASS,Arquiteto/QA/Reviewer,PASS
SPRINT-001,ISSUE-0135,Implementable story,STORY-0025,TASK-0025,EPIC-005,Reviewer,BC-001,PASS,1,STORY-0024,PASS,evidence/reviews/migrations-ci-secret-dependency-scan-e-telemetria-mini/**,NOT_APPLICABLE,PASS,,APPLICABLE,PASS,ADR-018/ADR-023/ADR-024/ADR-026,NOT_APPLICABLE,PASS,,NOT_APPLICABLE,PASS,,NOT_APPLICABLE,PASS,,PASS,test_epic_005_aceite_happy_path/test_epic_005_aceite_negative_paths,EVIDENCE_ONLY,PASS,Audit,evidence/reviews/epic-005/story-0025/ | commit candidato e relatório de testes,PASS,4,AC-ISSUE-0135-01/AC-ISSUE-0135-02/AC-ISSUE-0135-03/AC-ISSUE-0135-04,PASS,Reviewer,PASS
SPRINT-001,ISSUE-0136,Implementable story,STORY-0026,TASK-0026,EPIC-006,Arquiteto,BC-001,PASS,1,STORY-0005,PASS,contracts/contexts/engineering_governance/fnd/catalogo-de-conhecimento-tecnico-e-decomposicao-das-ca/** | docs/02-architecture/design-reviews/catalogo-de-conhecimento-tecnico-e-decomposicao-das-ca/**,APPLICABLE,PASS,,NOT_APPLICABLE,PASS,,NOT_APPLICABLE,PASS,ADR-010/ADR-011,NOT_APPLICABLE,PASS,,NOT_APPLICABLE,PASS,,PASS,test_epic_006_contrato,EVIDENCE_ONLY,PASS,,evidence/implementation/epic-006/story-0026/ | commit candidato e relatório de testes,PASS,4,AC-ISSUE-0136-01/AC-ISSUE-0136-02/AC-ISSUE-0136-03/AC-ISSUE-0136-04,PASS,Arquiteto/Reviewer,PASS
SPRINT-001,ISSUE-0137,Implementable story,STORY-0027,TASK-0027,EPIC-006,Tech Lead,BC-001,PASS,1,STORY-0026,PASS,tools/governance/catalogo-de-conhecimento-tecnico-e-decomposicao-das-ca/** | docs/03-engineering/contexts/engineering_governance/catalogo-de-conhecimento-tecnico-e-decomposicao-das-ca/**,NOT_APPLICABLE,PASS,,NOT_APPLICABLE,PASS,,NOT_APPLICABLE,PASS,,NOT_APPLICABLE,PASS,,APPLICABLE,PASS,ADR-051/ADR-053,PASS,test_reference_capability_inventory_no_code_import/test_corpus_license_hash_split_and_access_integrity/test_epic_006_fundacao,EVIDENCE_ONLY,PASS,,evidence/implementation/epic-006/story-0027/ | commit candidato e relatório de testes,PASS,4,AC-ISSUE-0137-01/AC-ISSUE-0137-02/AC-ISSUE-0137-03/AC-ISSUE-0137-04,PASS,QA/Reviewer,PASS
SPRINT-001,ISSUE-0138,Implementable story,STORY-0028,TASK-0028,EPIC-006,DevOps,BC-001,PASS,1,STORY-0026,PASS,tests/fnd/catalogo-de-conhecimento-tecnico-e-decomposicao-das-ca/** | tools/quality/contexts/engineering_governance/catalogo-de-conhecimento-tecnico-e-decomposicao-das-ca/** | .github/workflows/catalogo-de-conhecimento-tecnico-e-decomposicao-das-ca.yaml,NOT_APPLICABLE,PASS,,NOT_APPLICABLE,PASS,,NOT_APPLICABLE,PASS,,NOT_APPLICABLE,PASS,,NOT_APPLICABLE,PASS,,PASS,test_epic_006_automacao,EVIDENCE_ONLY,PASS,,evidence/operations/epic-006/story-0028/ | commit candidato e relatório de testes,PASS,4,AC-ISSUE-0138-01/AC-ISSUE-0138-02/AC-ISSUE-0138-03/AC-ISSUE-0138-04,PASS,QA/Reviewer,PASS
SPRINT-001,ISSUE-0139,Implementable story,STORY-0029,TASK-0029,EPIC-006,Tech Lead,BC-001,PASS,2,STORY-0027/STORY-0028,PASS,tools/governance/catalogo-de-conhecimento-tecnico-e-decomposicao-das-ca/** | docs/03-engineering/contexts/engineering_governance/catalogo-de-conhecimento-tecnico-e-decomposicao-das-ca/**,NOT_APPLICABLE,PASS,,NOT_APPLICABLE,PASS,,NOT_APPLICABLE,PASS,,NOT_APPLICABLE,PASS,,NOT_APPLICABLE,PASS,,PASS,test_epic_006_integracao,EVIDENCE_ONLY,PASS,,evidence/implementation/epic-006/story-0029/ | commit candidato e relatório de testes,PASS,4,AC-ISSUE-0139-01/AC-ISSUE-0139-02/AC-ISSUE-0139-03/AC-ISSUE-0139-04,PASS,Arquiteto/QA/Reviewer,PASS
SPRINT-001,ISSUE-0140,Implementable story,STORY-0030,TASK-0030,EPIC-006,Reviewer,BC-001,PASS,1,STORY-0029,PASS,evidence/reviews/catalogo-de-conhecimento-tecnico-e-decomposicao-das-ca/**,NOT_APPLICABLE,PASS,,NOT_APPLICABLE,PASS,,NOT_APPLICABLE,PASS,,NOT_APPLICABLE,PASS,,NOT_APPLICABLE,PASS,,PASS,test_epic_006_aceite_happy_path/test_epic_006_aceite_negative_paths,EVIDENCE_ONLY,PASS,Audit,evidence/reviews/epic-006/story-0030/ | commit candidato e relatório de testes,PASS,4,AC-ISSUE-0140-01/AC-ISSUE-0140-02/AC-ISSUE-0140-03/AC-ISSUE-0140-04,PASS,Reviewer,PASS
SPRINT-001,ISSUE-0141,Implementable story,STORY-0031,TASK-0031,EPIC-007,Arquiteto,BC-001,PASS,1,STORY-0005,PASS,contracts/contexts/engineering_governance/fnd/license-citation-cff-contribuicao-dco-cla-e-gate-de-pu/** | docs/02-architecture/design-reviews/license-citation-cff-contribuicao-dco-cla-e-gate-de-pu/**,APPLICABLE,PASS,,NOT_APPLICABLE,PASS,,NOT_APPLICABLE,PASS,ADR-010/ADR-011,NOT_APPLICABLE,PASS,,NOT_APPLICABLE,PASS,,PASS,test_epic_007_contrato,EVIDENCE_ONLY,PASS,,evidence/implementation/epic-007/story-0031/ | commit candidato e relatório de testes,PASS,4,AC-ISSUE-0141-01/AC-ISSUE-0141-02/AC-ISSUE-0141-03/AC-ISSUE-0141-04,PASS,Arquiteto/Reviewer,PASS
SPRINT-001,ISSUE-0142,Implementable story,STORY-0032,TASK-0032,EPIC-007,Tech Lead,BC-001,PASS,1,STORY-0031,PASS,tools/governance/license-citation-cff-contribuicao-dco-cla-e-gate-de-pu/** | docs/03-engineering/contexts/engineering_governance/license-citation-cff-contribuicao-dco-cla-e-gate-de-pu/**,NOT_APPLICABLE,PASS,,NOT_APPLICABLE,PASS,,NOT_APPLICABLE,PASS,,NOT_APPLICABLE,PASS,,NOT_APPLICABLE,PASS,,PASS,citation_cff_validation/test_layered_spdx_reuse_license_notices_dependency_and_asset_compatibility/license_and_dependency_inventory/test_contribution_origin_dco_signoff_and_inbound_outbound_policy/test_epic_007_fundacao,EVIDENCE_ONLY,PASS,,evidence/implementation/epic-007/story-0032/ | commit candidato e relatório de testes,PASS,4,AC-ISSUE-0142-01/AC-ISSUE-0142-02/AC-ISSUE-0142-03/AC-ISSUE-0142-04,PASS,QA/Reviewer,PASS
SPRINT-001,ISSUE-0143,Implementable story,STORY-0033,TASK-0033,EPIC-007,DevOps,BC-001,PASS,1,STORY-0031,PASS,tests/fnd/license-citation-cff-contribuicao-dco-cla-e-gate-de-pu/** | tools/quality/contexts/engineering_governance/license-citation-cff-contribuicao-dco-cla-e-gate-de-pu/** | .github/workflows/license-citation-cff-contribuicao-dco-cla-e-gate-de-pu.yaml,NOT_APPLICABLE,PASS,,NOT_APPLICABLE,PASS,,NOT_APPLICABLE,PASS,,NOT_APPLICABLE,PASS,,NOT_APPLICABLE,PASS,,PASS,test_epic_007_automacao,EVIDENCE_ONLY,PASS,,evidence/operations/epic-007/story-0033/ | commit candidato e relatório de testes,PASS,4,AC-ISSUE-0143-01/AC-ISSUE-0143-02/AC-ISSUE-0143-03/AC-ISSUE-0143-04,PASS,QA/Reviewer,PASS
SPRINT-001,ISSUE-0144,Implementable story,STORY-0034,TASK-0034,EPIC-007,Tech Lead,BC-001,PASS,2,STORY-0032/STORY-0033,PASS,tools/governance/license-citation-cff-contribuicao-dco-cla-e-gate-de-pu/** | docs/03-engineering/contexts/engineering_governance/license-citation-cff-contribuicao-dco-cla-e-gate-de-pu/**,NOT_APPLICABLE,PASS,,NOT_APPLICABLE,PASS,,NOT_APPLICABLE,PASS,,NOT_APPLICABLE,PASS,,NOT_APPLICABLE,PASS,,PASS,test_epic_007_integracao,EVIDENCE_ONLY,PASS,,evidence/implementation/epic-007/story-0034/ | commit candidato e relatório de testes,PASS,4,AC-ISSUE-0144-01/AC-ISSUE-0144-02/AC-ISSUE-0144-03/AC-ISSUE-0144-04,PASS,Arquiteto/QA/Reviewer,PASS
SPRINT-001,ISSUE-0145,Implementable story,STORY-0035,TASK-0035,EPIC-007,Reviewer,BC-001,PASS,1,STORY-0034,PASS,evidence/reviews/license-citation-cff-contribuicao-dco-cla-e-gate-de-pu/**,NOT_APPLICABLE,PASS,,NOT_APPLICABLE,PASS,,NOT_APPLICABLE,PASS,,NOT_APPLICABLE,PASS,,NOT_APPLICABLE,PASS,,PASS,test_epic_007_aceite_happy_path/test_epic_007_aceite_negative_paths,EVIDENCE_ONLY,PASS,Audit,evidence/reviews/epic-007/story-0035/ | commit candidato e relatório de testes,PASS,4,AC-ISSUE-0145-01/AC-ISSUE-0145-02/AC-ISSUE-0145-03/AC-ISSUE-0145-04,PASS,Reviewer,PASS
SPRINT-001,ISSUE-0644,Implementable story,STORY-0534,TASK-0534,EPIC-086,Arquiteto,BC-001,PASS,4,STORY-0010/STORY-0015/STORY-0020/STORY-0025,PASS,contracts/contexts/engineering_governance/fnd/walking-skeleton-frontendapipostgresqlrabbitmq-celeryw/** | docs/02-architecture/design-reviews/walking-skeleton-frontendapipostgresqlrabbitmq-celeryw/**,APPLICABLE,PASS,,APPLICABLE,PASS,,APPLICABLE,PASS,ADR-010/ADR-011/ADR-012/ADR-014,NOT_APPLICABLE,PASS,,NOT_APPLICABLE,PASS,,PASS,test_executable_foundation_gate_clean_room_end_to_end/test_sprint_zero_baseline_decision_04/test_epic_086_contrato,PRODUCT_AND_EVIDENCE,PASS,,evidence/implementation/epic-086/story-0534/ | commit candidato e relatório de testes,PASS,4,AC-ISSUE-0644-01/AC-ISSUE-0644-02/AC-ISSUE-0644-03/AC-ISSUE-0644-04,PASS,Arquiteto/Reviewer,PASS
SPRINT-001,ISSUE-0645,Implementable story,STORY-0535,TASK-0535,EPIC-086,Tech Lead,BC-001,PASS,2,STORY-0752/STORY-0753,PASS,tools/governance/walking-skeleton-frontendapipostgresqlrabbitmq-celeryw/consolidacao/** | docs/03-engineering/contexts/engineering_governance/walking-skeleton-frontendapipostgresqlrabbitmq-celeryw/consolidacao/**,NOT_APPLICABLE,PASS,,APPLICABLE,PASS,,APPLICABLE,PASS,ADR-010/ADR-011/ADR-012/ADR-014,NOT_APPLICABLE,PASS,,NOT_APPLICABLE,PASS,,PASS,test_story_0535_slice_consolidation,PRODUCT_AND_EVIDENCE,PASS,,evidence/implementation/epic-086/story-0535/ | commit candidato e relatório de testes,PASS,4,AC-ISSUE-0645-01/AC-ISSUE-0645-02/AC-ISSUE-0645-03/AC-ISSUE-0645-04,PASS,Arquiteto/QA/Reviewer,PASS
SPRINT-001,ISSUE-0646,Implementable story,STORY-0536,TASK-0536,EPIC-086,DevOps,BC-001,PASS,1,STORY-0534,PASS,tests/fnd/walking-skeleton-frontendapipostgresqlrabbitmq-celeryw/** | tools/quality/contexts/engineering_governance/walking-skeleton-frontendapipostgresqlrabbitmq-celeryw/** | .github/workflows/walking-skeleton-frontendapipostgresqlrabbitmq-celeryw.yaml,NOT_APPLICABLE,PASS,,APPLICABLE,PASS,,APPLICABLE,PASS,ADR-010/ADR-011/ADR-012/ADR-014,NOT_APPLICABLE,PASS,,NOT_APPLICABLE,PASS,,PASS,test_epic_086_automacao,PRODUCT_AND_EVIDENCE,PASS,,evidence/operations/epic-086/story-0536/ | commit candidato e relatório de testes,PASS,4,AC-ISSUE-0646-01/AC-ISSUE-0646-02/AC-ISSUE-0646-03/AC-ISSUE-0646-04,PASS,Arquiteto/QA/Reviewer,PASS
SPRINT-001,ISSUE-0647,Implementable story,STORY-0537,TASK-0537,EPIC-086,Tech Lead,BC-001,PASS,2,STORY-0535/STORY-0536,PASS,tools/governance/walking-skeleton-frontendapipostgresqlrabbitmq-celeryw/** | docs/03-engineering/contexts/engineering_governance/walking-skeleton-frontendapipostgresqlrabbitmq-celeryw/**,NOT_APPLICABLE,PASS,,APPLICABLE,PASS,,APPLICABLE,PASS,ADR-010/ADR-011/ADR-012/ADR-014,NOT_APPLICABLE,PASS,,NOT_APPLICABLE,PASS,,PASS,test_epic_086_integracao,PRODUCT_AND_EVIDENCE,PASS,,evidence/implementation/epic-086/story-0537/ | commit candidato e relatório de testes,PASS,4,AC-ISSUE-0647-01/AC-ISSUE-0647-02/AC-ISSUE-0647-03/AC-ISSUE-0647-04,PASS,Arquiteto/QA/Reviewer,PASS
SPRINT-001,ISSUE-0648,Implementable story,STORY-0538,TASK-0538,EPIC-086,Reviewer,BC-001,PASS,1,STORY-0537,PASS,evidence/reviews/walking-skeleton-frontendapipostgresqlrabbitmq-celeryw/**,NOT_APPLICABLE,PASS,,APPLICABLE,PASS,,APPLICABLE,PASS,ADR-010/ADR-011/ADR-012/ADR-014,NOT_APPLICABLE,PASS,,NOT_APPLICABLE,PASS,,PASS,test_epic_086_aceite_happy_path/test_epic_086_aceite_negative_paths,PRODUCT_AND_EVIDENCE,PASS,Audit,evidence/reviews/epic-086/story-0538/ | commit candidato e relatório de testes,PASS,4,AC-ISSUE-0648-01/AC-ISSUE-0648-02/AC-ISSUE-0648-03/AC-ISSUE-0648-04,PASS,Reviewer,PASS
SPRINT-001,ISSUE-0665,Implementable story,STORY-0555,TASK-0555,EPIC-090,Arquiteto,BC-001,PASS,1,STORY-0010,PASS,contracts/contexts/engineering_governance/fnd/issue-forms-templates-e-taxonomia-de-tipos-com-validac/** | docs/02-architecture/design-reviews/issue-forms-templates-e-taxonomia-de-tipos-com-validac/**,APPLICABLE,PASS,,NOT_APPLICABLE,PASS,,NOT_APPLICABLE,PASS,ADR-010/ADR-011,NOT_APPLICABLE,PASS,,NOT_APPLICABLE,PASS,,PASS,test_epic_090_contrato,EVIDENCE_ONLY,PASS,,evidence/implementation/epic-090/story-0555/ | commit candidato e relatório de testes,PASS,4,AC-ISSUE-0665-01/AC-ISSUE-0665-02/AC-ISSUE-0665-03/AC-ISSUE-0665-04,PASS,Arquiteto/Reviewer,PASS
SPRINT-001,ISSUE-0666,Implementable story,STORY-0556,TASK-0556,EPIC-090,Tech Lead,BC-001,PASS,1,STORY-0555,PASS,tools/governance/issue-forms-templates-e-taxonomia-de-tipos-com-validac/** | docs/03-engineering/contexts/engineering_governance/issue-forms-templates-e-taxonomia-de-tipos-com-validac/**,NOT_APPLICABLE,PASS,,NOT_APPLICABLE,PASS,,NOT_APPLICABLE,PASS,,NOT_APPLICABLE,PASS,,NOT_APPLICABLE,PASS,,PASS,test_issue_form_required_acceptance_risk_test_rollback_fields/test_epic_090_fundacao,EVIDENCE_ONLY,PASS,,evidence/implementation/epic-090/story-0556/ | commit candidato e relatório de testes,PASS,4,AC-ISSUE-0666-01/AC-ISSUE-0666-02/AC-ISSUE-0666-03/AC-ISSUE-0666-04,PASS,QA/Reviewer,PASS
SPRINT-001,ISSUE-0667,Implementable story,STORY-0557,TASK-0557,EPIC-090,DevOps,BC-001,PASS,1,STORY-0555,PASS,tests/fnd/issue-forms-templates-e-taxonomia-de-tipos-com-validac/** | tools/quality/contexts/engineering_governance/issue-forms-templates-e-taxonomia-de-tipos-com-validac/** | .github/workflows/issue-forms-templates-e-taxonomia-de-tipos-com-validac.yaml,NOT_APPLICABLE,PASS,,NOT_APPLICABLE,PASS,,NOT_APPLICABLE,PASS,,NOT_APPLICABLE,PASS,,NOT_APPLICABLE,PASS,,PASS,test_epic_090_automacao,EVIDENCE_ONLY,PASS,,evidence/operations/epic-090/story-0557/ | commit candidato e relatório de testes,PASS,4,AC-ISSUE-0667-01/AC-ISSUE-0667-02/AC-ISSUE-0667-03/AC-ISSUE-0667-04,PASS,QA/Reviewer,PASS
SPRINT-001,ISSUE-0668,Implementable story,STORY-0558,TASK-0558,EPIC-090,Tech Lead,BC-001,PASS,2,STORY-0556/STORY-0557,PASS,tools/governance/issue-forms-templates-e-taxonomia-de-tipos-com-validac/** | docs/03-engineering/contexts/engineering_governance/issue-forms-templates-e-taxonomia-de-tipos-com-validac/**,NOT_APPLICABLE,PASS,,NOT_APPLICABLE,PASS,,NOT_APPLICABLE,PASS,,NOT_APPLICABLE,PASS,,NOT_APPLICABLE,PASS,,PASS,test_epic_090_integracao,EVIDENCE_ONLY,PASS,,evidence/implementation/epic-090/story-0558/ | commit candidato e relatório de testes,PASS,4,AC-ISSUE-0668-01/AC-ISSUE-0668-02/AC-ISSUE-0668-03/AC-ISSUE-0668-04,PASS,Arquiteto/QA/Reviewer,PASS
SPRINT-001,ISSUE-0669,Implementable story,STORY-0559,TASK-0559,EPIC-090,Reviewer,BC-001,PASS,1,STORY-0558,PASS,evidence/reviews/issue-forms-templates-e-taxonomia-de-tipos-com-validac/**,NOT_APPLICABLE,PASS,,NOT_APPLICABLE,PASS,,NOT_APPLICABLE,PASS,,NOT_APPLICABLE,PASS,,NOT_APPLICABLE,PASS,,PASS,test_epic_090_aceite_happy_path/test_epic_090_aceite_negative_paths,EVIDENCE_ONLY,PASS,Audit,evidence/reviews/epic-090/story-0559/ | commit candidato e relatório de testes,PASS,4,AC-ISSUE-0669-01/AC-ISSUE-0669-02/AC-ISSUE-0669-03/AC-ISSUE-0669-04,PASS,Reviewer,PASS
SPRINT-001,ISSUE-0670,Implementable story,STORY-0560,TASK-0560,EPIC-091,Arquiteto,BC-001,PASS,2,STORY-0010/STORY-0025,PASS,contracts/contexts/engineering_governance/fnd/ruleset-de-main-checks-unicos-codeowners-politica-de-b/** | docs/02-architecture/design-reviews/ruleset-de-main-checks-unicos-codeowners-politica-de-b/**,APPLICABLE,PASS,,NOT_APPLICABLE,PASS,,NOT_APPLICABLE,PASS,ADR-010/ADR-011,NOT_APPLICABLE,PASS,,NOT_APPLICABLE,PASS,,PASS,test_epic_091_contrato,EVIDENCE_ONLY,PASS,Audit,evidence/implementation/epic-091/story-0560/ | commit candidato e relatório de testes,PASS,4,AC-ISSUE-0670-01/AC-ISSUE-0670-02/AC-ISSUE-0670-03/AC-ISSUE-0670-04,PASS,Arquiteto/Reviewer,PASS
SPRINT-001,ISSUE-0671,Implementable story,STORY-0561,TASK-0561,EPIC-091,Tech Lead,BC-001,PASS,1,STORY-0560,PASS,tools/governance/ruleset-de-main-checks-unicos-codeowners-politica-de-b/** | docs/03-engineering/contexts/engineering_governance/ruleset-de-main-checks-unicos-codeowners-politica-de-b/**,NOT_APPLICABLE,PASS,,NOT_APPLICABLE,PASS,,NOT_APPLICABLE,PASS,,NOT_APPLICABLE,PASS,,NOT_APPLICABLE,PASS,,PASS,test_issue_adr_decision_package_impact_boundary_and_no_silent_divergence/test_codex_issue_scope_required_pr_no_direct_main_or_automerge/test_no_orphan_issue_without_adr_or_local_decision_justification/test_idempotent_dry_run_managed_field_issue_sync/test_epic_091_fundacao,EVIDENCE_ONLY,PASS,Audit,evidence/implementation/epic-091/story-0561/ | commit candidato e relatório de testes,PASS,4,AC-ISSUE-0671-01/AC-ISSUE-0671-02/AC-ISSUE-0671-03/AC-ISSUE-0671-04,PASS,QA/Reviewer,PASS
SPRINT-001,ISSUE-0672,Implementable story,STORY-0562,TASK-0562,EPIC-091,DevOps,BC-001,PASS,1,STORY-0560,PASS,tests/fnd/ruleset-de-main-checks-unicos-codeowners-politica-de-b/** | tools/quality/contexts/engineering_governance/ruleset-de-main-checks-unicos-codeowners-politica-de-b/** | .github/workflows/ruleset-de-main-checks-unicos-codeowners-politica-de-b.yaml,NOT_APPLICABLE,PASS,,NOT_APPLICABLE,PASS,,NOT_APPLICABLE,PASS,,NOT_APPLICABLE,PASS,,NOT_APPLICABLE,PASS,,PASS,test_epic_091_automacao,EVIDENCE_ONLY,PASS,Audit,evidence/operations/epic-091/story-0562/ | commit candidato e relatório de testes,PASS,4,AC-ISSUE-0672-01/AC-ISSUE-0672-02/AC-ISSUE-0672-03/AC-ISSUE-0672-04,PASS,QA/Reviewer,PASS
SPRINT-001,ISSUE-0673,Implementable story,STORY-0563,TASK-0563,EPIC-091,Tech Lead,BC-001,PASS,2,STORY-0561/STORY-0562,PASS,tools/governance/ruleset-de-main-checks-unicos-codeowners-politica-de-b/** | docs/03-engineering/contexts/engineering_governance/ruleset-de-main-checks-unicos-codeowners-politica-de-b/**,NOT_APPLICABLE,PASS,,NOT_APPLICABLE,PASS,,NOT_APPLICABLE,PASS,,NOT_APPLICABLE,PASS,,NOT_APPLICABLE,PASS,,PASS,test_epic_091_integracao,EVIDENCE_ONLY,PASS,Audit,evidence/implementation/epic-091/story-0563/ | commit candidato e relatório de testes,PASS,4,AC-ISSUE-0673-01/AC-ISSUE-0673-02/AC-ISSUE-0673-03/AC-ISSUE-0673-04,PASS,Arquiteto/QA/Reviewer,PASS
SPRINT-001,ISSUE-0674,Implementable story,STORY-0564,TASK-0564,EPIC-091,Reviewer,BC-001,PASS,1,STORY-0563,PASS,evidence/reviews/ruleset-de-main-checks-unicos-codeowners-politica-de-b/**,NOT_APPLICABLE,PASS,,NOT_APPLICABLE,PASS,,NOT_APPLICABLE,PASS,,NOT_APPLICABLE,PASS,,NOT_APPLICABLE,PASS,,PASS,test_epic_091_aceite_happy_path/test_epic_091_aceite_negative_paths,EVIDENCE_ONLY,PASS,Audit,evidence/reviews/epic-091/story-0564/ | commit candidato e relatório de testes,PASS,4,AC-ISSUE-0674-01/AC-ISSUE-0674-02/AC-ISSUE-0674-03/AC-ISSUE-0674-04,PASS,Reviewer,PASS
SPRINT-001,ISSUE-0675,Implementable story,STORY-0565,TASK-0565,EPIC-092,Arquiteto,BC-001,PASS,5,STORY-0010/STORY-0015/STORY-0020/STORY-0025/STORY-0538,PASS,contracts/contexts/engineering_governance/fnd/fechamento-da-sprint-001-e-autorizacao-da-primeira-fat/** | docs/02-architecture/design-reviews/fechamento-da-sprint-001-e-autorizacao-da-primeira-fat/**,APPLICABLE,PASS,,NOT_APPLICABLE,PASS,,NOT_APPLICABLE,PASS,ADR-010/ADR-011,NOT_APPLICABLE,PASS,,NOT_APPLICABLE,PASS,,PASS,test_executable_foundation_gate_clean_room_end_to_end/test_epic_092_contrato,EVIDENCE_ONLY,PASS,,evidence/implementation/epic-092/story-0565/ | commit candidato e relatório de testes,PASS,4,AC-ISSUE-0675-01/AC-ISSUE-0675-02/AC-ISSUE-0675-03/AC-ISSUE-0675-04,PASS,Arquiteto/Reviewer,PASS
SPRINT-001,ISSUE-0676,Implementable story,STORY-0566,TASK-0566,EPIC-092,Tech Lead,BC-001,PASS,1,STORY-0565,PASS,tools/governance/fechamento-da-sprint-001-e-autorizacao-da-primeira-fat/** | docs/03-engineering/contexts/engineering_governance/fechamento-da-sprint-001-e-autorizacao-da-primeira-fat/**,NOT_APPLICABLE,PASS,,NOT_APPLICABLE,PASS,,NOT_APPLICABLE,PASS,,NOT_APPLICABLE,PASS,,APPLICABLE,PASS,ADR-053,PASS,test_host_container_ci_contract_and_no_implicit_downloads/test_foundation_baseline_digest_controlled_change_and_adr_supersession/test_sprint_zero_authorization_and_functional_foundation_gate_blocking/test_issue_adr_decision_package_impact_boundary_and_no_silent_divergence/test_epic_092_fundacao,EVIDENCE_ONLY,PASS,,evidence/implementation/epic-092/story-0566/ | commit candidato e relatório de testes,PASS,4,AC-ISSUE-0676-01/AC-ISSUE-0676-02/AC-ISSUE-0676-03/AC-ISSUE-0676-04,PASS,QA/Reviewer,PASS
SPRINT-001,ISSUE-0677,Implementable story,STORY-0567,TASK-0567,EPIC-092,DevOps,BC-001,PASS,1,STORY-0565,PASS,tests/fnd/fechamento-da-sprint-001-e-autorizacao-da-primeira-fat/** | tools/quality/contexts/engineering_governance/fechamento-da-sprint-001-e-autorizacao-da-primeira-fat/** | .github/workflows/fechamento-da-sprint-001-e-autorizacao-da-primeira-fat.yaml,NOT_APPLICABLE,PASS,,NOT_APPLICABLE,PASS,,NOT_APPLICABLE,PASS,,NOT_APPLICABLE,PASS,,NOT_APPLICABLE,PASS,,PASS,test_epic_092_automacao,EVIDENCE_ONLY,PASS,,evidence/operations/epic-092/story-0567/ | commit candidato e relatório de testes,PASS,4,AC-ISSUE-0677-01/AC-ISSUE-0677-02/AC-ISSUE-0677-03/AC-ISSUE-0677-04,PASS,QA/Reviewer,PASS
SPRINT-001,ISSUE-0678,Implementable story,STORY-0568,TASK-0568,EPIC-092,Tech Lead,BC-001,PASS,2,STORY-0566/STORY-0567,PASS,tools/governance/fechamento-da-sprint-001-e-autorizacao-da-primeira-fat/** | docs/03-engineering/contexts/engineering_governance/fechamento-da-sprint-001-e-autorizacao-da-primeira-fat/**,NOT_APPLICABLE,PASS,,NOT_APPLICABLE,PASS,,NOT_APPLICABLE,PASS,,NOT_APPLICABLE,PASS,,NOT_APPLICABLE,PASS,,PASS,test_epic_092_integracao,EVIDENCE_ONLY,PASS,,evidence/implementation/epic-092/story-0568/ | commit candidato e relatório de testes,PASS,4,AC-ISSUE-0678-01/AC-ISSUE-0678-02/AC-ISSUE-0678-03/AC-ISSUE-0678-04,PASS,Arquiteto/QA/Reviewer,PASS
SPRINT-001,ISSUE-0679,Implementable story,STORY-0569,TASK-0569,EPIC-092,Reviewer,BC-001,PASS,1,STORY-0568,PASS,evidence/reviews/fechamento-da-sprint-001-e-autorizacao-da-primeira-fat/**,NOT_APPLICABLE,PASS,,NOT_APPLICABLE,PASS,,NOT_APPLICABLE,PASS,,NOT_APPLICABLE,PASS,,NOT_APPLICABLE,PASS,,PASS,test_epic_092_aceite_happy_path/test_epic_092_aceite_negative_paths,EVIDENCE_ONLY,PASS,Audit,evidence/reviews/epic-092/story-0569/ | commit candidato e relatório de testes,PASS,4,AC-ISSUE-0679-01/AC-ISSUE-0679-02/AC-ISSUE-0679-03/AC-ISSUE-0679-04,PASS,Reviewer,PASS
SPRINT-001,ISSUE-0793,Implementable story,STORY-0683,TASK-0683,EPIC-110,Arquiteto,BC-001,PASS,0,,PASS,contracts/contexts/engineering_governance/fnd/governanca-continua-do-backlog-e-decomposicao-de-epico/** | docs/02-architecture/design-reviews/governanca-continua-do-backlog-e-decomposicao-de-epico/**,APPLICABLE,PASS,,NOT_APPLICABLE,PASS,ADR-022,NOT_APPLICABLE,PASS,ADR-010/ADR-011/ADR-012,NOT_APPLICABLE,PASS,,NOT_APPLICABLE,PASS,,PASS,test_versioned_issue_portfolio_catalog_github_reconciliation/test_issue_forecast_min_mode_max_confidence_and_snapshot_variance/test_cross_domain_contract_checkpoint_and_walking_skeleton_integration/test_canonical_workflow_transitions/test_epic_110_contrato,PRODUCT_AND_EVIDENCE,PASS,,evidence/implementation/epic-110/story-0683/ | commit candidato e relatório de testes,PASS,4,AC-ISSUE-0793-01/AC-ISSUE-0793-02/AC-ISSUE-0793-03/AC-ISSUE-0793-04,PASS,Arquiteto/Reviewer,PASS
SPRINT-001,ISSUE-0794,Implementable story,STORY-0684,TASK-0684,EPIC-110,Tech Lead,BC-001,PASS,5,STORY-0754/STORY-0755/STORY-0756/STORY-0757/STORY-0758,PASS,tools/governance/governanca-continua-do-backlog-e-decomposicao-de-epico/consolidacao/** | docs/03-engineering/contexts/engineering_governance/governanca-continua-do-backlog-e-decomposicao-de-epico/consolidacao/**,NOT_APPLICABLE,PASS,,NOT_APPLICABLE,PASS,,NOT_APPLICABLE,PASS,,NOT_APPLICABLE,PASS,,NOT_APPLICABLE,PASS,,PASS,test_story_0684_slice_consolidation,EVIDENCE_ONLY,PASS,,evidence/implementation/epic-110/story-0684/ | commit candidato e relatório de testes,PASS,4,AC-ISSUE-0794-01/AC-ISSUE-0794-02/AC-ISSUE-0794-03/AC-ISSUE-0794-04,PASS,QA/Reviewer,PASS
SPRINT-001,ISSUE-0795,Implementable story,STORY-0685,TASK-0685,EPIC-110,DevOps,BC-001,PASS,1,STORY-0683,PASS,tests/fnd/governanca-continua-do-backlog-e-decomposicao-de-epico/** | tools/quality/contexts/engineering_governance/governanca-continua-do-backlog-e-decomposicao-de-epico/** | .github/workflows/governanca-continua-do-backlog-e-decomposicao-de-epico.yaml,NOT_APPLICABLE,PASS,,NOT_APPLICABLE,PASS,,NOT_APPLICABLE,PASS,,NOT_APPLICABLE,PASS,,NOT_APPLICABLE,PASS,,PASS,test_epic_110_automacao,EVIDENCE_ONLY,PASS,,evidence/operations/epic-110/story-0685/ | commit candidato e relatório de testes,PASS,4,AC-ISSUE-0795-01/AC-ISSUE-0795-02/AC-ISSUE-0795-03/AC-ISSUE-0795-04,PASS,QA/Reviewer,PASS
SPRINT-001,ISSUE-0796,Implementable story,STORY-0686,TASK-0686,EPIC-110,Tech Lead,BC-001,PASS,2,STORY-0684/STORY-0685,PASS,tools/governance/governanca-continua-do-backlog-e-decomposicao-de-epico/** | docs/03-engineering/contexts/engineering_governance/governanca-continua-do-backlog-e-decomposicao-de-epico/**,NOT_APPLICABLE,PASS,,NOT_APPLICABLE,PASS,,NOT_APPLICABLE,PASS,,NOT_APPLICABLE,PASS,,NOT_APPLICABLE,PASS,,PASS,test_epic_110_integracao,EVIDENCE_ONLY,PASS,,evidence/implementation/epic-110/story-0686/ | commit candidato e relatório de testes,PASS,4,AC-ISSUE-0796-01/AC-ISSUE-0796-02/AC-ISSUE-0796-03/AC-ISSUE-0796-04,PASS,Arquiteto/QA/Reviewer,PASS
SPRINT-001,ISSUE-0797,Implementable story,STORY-0687,TASK-0687,EPIC-110,Reviewer,BC-001,PASS,1,STORY-0686,PASS,evidence/reviews/governanca-continua-do-backlog-e-decomposicao-de-epico/**,NOT_APPLICABLE,PASS,,NOT_APPLICABLE,PASS,,NOT_APPLICABLE,PASS,,NOT_APPLICABLE,PASS,,NOT_APPLICABLE,PASS,,PASS,test_epic_110_aceite_happy_path/test_epic_110_aceite_negative_paths,EVIDENCE_ONLY,PASS,Audit,evidence/reviews/epic-110/story-0687/ | commit candidato e relatório de testes,PASS,4,AC-ISSUE-0797-01/AC-ISSUE-0797-02/AC-ISSUE-0797-03/AC-ISSUE-0797-04,PASS,Reviewer,PASS
SPRINT-001,ISSUE-0798,Implementable story,STORY-0688,TASK-0688,EPIC-001,Tech Lead,BC-001,PASS,1,STORY-0001,PASS,tools/governance/governanca-de-decisoes-arquiteturais-e-manutencao-da-b/frz-gov-adr-gov-dec-parte-1/** | docs/03-engineering/contexts/engineering_governance/governanca-de-decisoes-arquiteturais-e-manutencao-da-b/frz-gov-adr-gov-dec-parte-1/**,NOT_APPLICABLE,PASS,,NOT_APPLICABLE,PASS,,NOT_APPLICABLE,PASS,,NOT_APPLICABLE,PASS,,NOT_APPLICABLE,PASS,,PASS,test_foundation_baseline_digest_controlled_change_and_adr_supersession/test_foundation_closure_evidence_set_and_material_reopening_criteria/test_adr_governance_overlap/test_adr_governance_overlap/test_adr_governance_overlap/test_req_gov_dec_001/test_req_gov_dec_002/test_portfolio_snapshot_tombstone_approved_delta/test_sprint_zero_baseline_decision_01/test_sprint_zero_baseline_decision_02,EVIDENCE_ONLY,PASS,,evidence/implementation/governanca-de-decisoes-arquiteturais-e-manutencao/frz-gov-adr-gov-dec-parte-1/ | commit candidato e relatório de testes,PASS,4,AC-ISSUE-0798-01/AC-ISSUE-0798-02/AC-ISSUE-0798-03/AC-ISSUE-0798-04,PASS,QA/Reviewer,PASS
SPRINT-001,ISSUE-0799,Implementable story,STORY-0689,TASK-0689,EPIC-001,Tech Lead,BC-001,PASS,1,STORY-0001,PASS,tools/governance/governanca-de-decisoes-arquiteturais-e-manutencao-da-b/sprint-001-tool-parte-2/** | docs/03-engineering/contexts/engineering_governance/governanca-de-decisoes-arquiteturais-e-manutencao-da-b/sprint-001-tool-parte-2/**,NOT_APPLICABLE,PASS,,NOT_APPLICABLE,PASS,,NOT_APPLICABLE,PASS,ADR-012,NOT_APPLICABLE,PASS,,NOT_APPLICABLE,PASS,,PASS,test_sprint_zero_baseline_decision_03/test_sprint_zero_baseline_decision_05/test_sprint_zero_baseline_decision_06/test_sprint_zero_baseline_decision_07/test_sprint_zero_baseline_decision_08/test_sprint_zero_baseline_decision_09/test_sprint_zero_baseline_decision_10/test_python_312_primary_and_upgrade_gates/test_uv_lock_frozen/test_make_ci_parity,EVIDENCE_ONLY,PASS,,evidence/implementation/governanca-de-decisoes-arquiteturais-e-manutencao/sprint-001-tool-parte-2/ | commit candidato e relatório de testes,PASS,4,AC-ISSUE-0799-01/AC-ISSUE-0799-02/AC-ISSUE-0799-03/AC-ISSUE-0799-04,PASS,QA/Reviewer,PASS
SPRINT-001,ISSUE-0800,Implementable story,STORY-0690,TASK-0690,EPIC-002,Arquiteto,BC-001,PASS,1,STORY-0005,PASS,contracts/contexts/engineering_governance/fnd/repositorio-privado-project-central-views-campos-label/classicprofile-iss-native-parte-1/** | docs/02-architecture/design-reviews/repositorio-privado-project-central-views-campos-label/classicprofile-iss-native-parte-1/**,NOT_APPLICABLE,PASS,,NOT_APPLICABLE,PASS,ADR-022/ADR-025,NOT_APPLICABLE,PASS,ADR-013,NOT_APPLICABLE,PASS,ADR-041/ADR-044,NOT_APPLICABLE,PASS,ADR-017,PASS,test_req_classicprofile_004/test_acceptance_evidence_derivation_and_contract_change_review/test_req_native_002/test_cross_domain_contract_checkpoint_and_walking_skeleton_integration/test_canonical_workflow_transitions/test_req_run_001/test_req_run_006/test_req_run_008/test_req_run_0010/test_sprint_zero_baseline_decision_04,PRODUCT_AND_EVIDENCE,PASS,,evidence/implementation/repositorio-privado-project-central-views-campos-l/classicprofile-iss-native-parte-1/ | commit candidato e relatório de testes,PASS,4,AC-ISSUE-0800-01/AC-ISSUE-0800-02/AC-ISSUE-0800-03/AC-ISSUE-0800-04,PASS,Arquiteto/Reviewer,PASS
SPRINT-001,ISSUE-0801,Implementable story,STORY-0691,TASK-0691,EPIC-002,Arquiteto,BC-001,PASS,1,STORY-0005,PASS,contracts/contexts/engineering_governance/fnd/repositorio-privado-project-central-views-campos-label/worker-parte-2/** | docs/02-architecture/design-reviews/repositorio-privado-project-central-views-campos-label/worker-parte-2/**,NOT_APPLICABLE,PASS,,NOT_APPLICABLE,PASS,,NOT_APPLICABLE,PASS,,NOT_APPLICABLE,PASS,,NOT_APPLICABLE,PASS,,PASS,test_req_worker_001/test_req_worker_0010,EVIDENCE_ONLY,PASS,,evidence/implementation/repositorio-privado-project-central-views-campos-l/worker-parte-2/ | commit candidato e relatório de testes,PASS,4,AC-ISSUE-0801-01/AC-ISSUE-0801-02/AC-ISSUE-0801-03/AC-ISSUE-0801-04,PASS,Arquiteto/Reviewer,PASS
SPRINT-001,ISSUE-0802,Implementable story,STORY-0692,TASK-0692,EPIC-002,Tech Lead,BC-001,PASS,1,STORY-0006,PASS,tools/governance/repositorio-privado-project-central-views-campos-label/classicprofile-gov-gov-adr-parte-1/** | docs/03-engineering/contexts/engineering_governance/repositorio-privado-project-central-views-campos-label/classicprofile-gov-gov-adr-parte-1/**,NOT_APPLICABLE,PASS,,NOT_APPLICABLE,PASS,ADR-022/ADR-025,NOT_APPLICABLE,PASS,,NOT_APPLICABLE,PASS,ADR-043/ADR-044,NOT_APPLICABLE,PASS,,PASS,test_req_classicprofile_001/test_req_classicprofile_002/test_req_classicprofile_003/test_req_classicprofile_005/test_req_classicprofile_007/test_req_classicprofile_009/test_single_project_views_fields_and_no_duplicate_backlog/test_issue_form_required_acceptance_risk_test_rollback_fields/test_iteration_wip_limits_and_incomplete_item_history/test_adr_governance_overlap,PRODUCT_AND_EVIDENCE,PASS,,evidence/implementation/repositorio-privado-project-central-views-campos-l/classicprofile-gov-gov-adr-parte-1/ | commit candidato e relatório de testes,PASS,4,AC-ISSUE-0802-01/AC-ISSUE-0802-02/AC-ISSUE-0802-03/AC-ISSUE-0802-04,PASS,QA/Reviewer,PASS
SPRINT-001,ISSUE-0803,Implementable story,STORY-0693,TASK-0693,EPIC-002,Tech Lead,BC-001,PASS,1,STORY-0006,PASS,tools/governance/repositorio-privado-project-central-views-campos-label/gov-adr-ism-iss-parte-2/** | docs/03-engineering/contexts/engineering_governance/repositorio-privado-project-central-views-campos-label/gov-adr-ism-iss-parte-2/**,NOT_APPLICABLE,PASS,,NOT_APPLICABLE,PASS,ADR-022/ADR-025,NOT_APPLICABLE,PASS,,NOT_APPLICABLE,PASS,ADR-043,NOT_APPLICABLE,PASS,,PASS,test_adr_governance_overlap/test_adr_governance_overlap/test_canonical_domain_taxonomy_primary_and_affected_domains/test_req_ism_006/test_single_primary_cross_domain_issue_contracts/test_all_work_packages_have_parent_issue_and_slice_skeleton/test_complete_portfolio_skeleton_and_progressive_detailing_rules/test_idempotent_dry_run_managed_field_issue_sync/test_bounded_research_spike_exit_decision/test_req_native_003,PRODUCT_AND_EVIDENCE,PASS,,evidence/implementation/repositorio-privado-project-central-views-campos-l/gov-adr-ism-iss-parte-2/ | commit candidato e relatório de testes,PASS,4,AC-ISSUE-0803-01/AC-ISSUE-0803-02/AC-ISSUE-0803-03/AC-ISSUE-0803-04,PASS,QA/Reviewer,PASS
SPRINT-001,ISSUE-0804,Implementable story,STORY-0694,TASK-0694,EPIC-002,Tech Lead,BC-001,PASS,1,STORY-0006,PASS,tools/governance/repositorio-privado-project-central-views-campos-label/native-pln-parte-3/** | docs/03-engineering/contexts/engineering_governance/repositorio-privado-project-central-views-campos-label/native-pln-parte-3/**,NOT_APPLICABLE,PASS,,NOT_APPLICABLE,PASS,ADR-022/ADR-025,NOT_APPLICABLE,PASS,,NOT_APPLICABLE,PASS,ADR-042/ADR-043/ADR-044,NOT_APPLICABLE,PASS,,PASS,test_req_native_005/test_req_native_006/test_req_native_007/test_req_native_008/test_req_native_009/test_req_native_0010/test_roadmap_horizons_outcomes_gates_and_date_exception/test_layered_milestones_gate_release_mapping/test_sequence_gates_dependencies_priority_override_audit/test_critical_enablers_uncertain_dependencies_and_risk_buffers,PRODUCT_AND_EVIDENCE,PASS,,evidence/implementation/repositorio-privado-project-central-views-campos-l/native-pln-parte-3/ | commit candidato e relatório de testes,PASS,4,AC-ISSUE-0804-01/AC-ISSUE-0804-02/AC-ISSUE-0804-03/AC-ISSUE-0804-04,PASS,QA/Reviewer,PASS
SPRINT-001,ISSUE-0805,Implementable story,STORY-0695,TASK-0695,EPIC-002,Tech Lead,BC-001,PASS,1,STORY-0006,PASS,tools/governance/repositorio-privado-project-central-views-campos-label/pln-prj-parte-4/** | docs/03-engineering/contexts/engineering_governance/repositorio-privado-project-central-views-campos-label/pln-prj-parte-4/**,NOT_APPLICABLE,PASS,,NOT_APPLICABLE,PASS,ADR-022/ADR-025,NOT_APPLICABLE,PASS,ADR-012,NOT_APPLICABLE,PASS,ADR-043,NOT_APPLICABLE,PASS,,PASS,test_wip_class_limits_global_cap_and_emergency_reserve/test_capacity_ranges_availability_throughput_and_no_deadline_conversion/test_pull_iteration_objective_and_carryover_reason_classification/test_accountable_owner_collaborator_reviewer_and_gate_approver/test_versioned_reforecast_snapshot_variance_classification_and_delta_report/test_issue_type_forms/test_mandatory_core_type_fields/test_single_parent_limited_hierarchy/test_definition_of_ready_gate/test_evidence_based_definition_of_done,PRODUCT_AND_EVIDENCE,PASS,,evidence/implementation/repositorio-privado-project-central-views-campos-l/pln-prj-parte-4/ | commit candidato e relatório de testes,PASS,4,AC-ISSUE-0805-01/AC-ISSUE-0805-02/AC-ISSUE-0805-03/AC-ISSUE-0805-04,PASS,QA/Reviewer,PASS
SPRINT-001,ISSUE-0806,Implementable story,STORY-0696,TASK-0696,EPIC-002,Tech Lead,BC-001,PASS,1,STORY-0006,PASS,tools/governance/repositorio-privado-project-central-views-campos-label/prj-prm-parte-5/** | docs/03-engineering/contexts/engineering_governance/repositorio-privado-project-central-views-campos-label/prj-prm-parte-5/**,NOT_APPLICABLE,PASS,,NOT_APPLICABLE,PASS,ADR-022/ADR-025,NOT_APPLICABLE,PASS,,NOT_APPLICABLE,PASS,ADR-050,APPLICABLE,PASS,ADR-017/ADR-053,PASS,test_typed_dependency_cycle_detection/test_derived_priority_dimensions/test_relative_size_uncertainty_split/test_guarded_project_automation/test_portfolio_materialization_decision_01/test_portfolio_materialization_decision_02/test_portfolio_materialization_decision_03/test_portfolio_materialization_decision_04/test_portfolio_materialization_decision_05/test_portfolio_materialization_decision_06,PRODUCT_AND_EVIDENCE,PASS,,evidence/implementation/repositorio-privado-project-central-views-campos-l/prj-prm-parte-5/ | commit candidato e relatório de testes,PASS,4,AC-ISSUE-0806-01/AC-ISSUE-0806-02/AC-ISSUE-0806-03/AC-ISSUE-0806-04,PASS,QA/Reviewer,PASS
SPRINT-001,ISSUE-0807,Implementable story,STORY-0697,TASK-0697,EPIC-002,Tech Lead,BC-001,PASS,1,STORY-0006,PASS,tools/governance/repositorio-privado-project-central-views-campos-label/prm-run-parte-6/** | docs/03-engineering/contexts/engineering_governance/repositorio-privado-project-central-views-campos-label/prm-run-parte-6/**,NOT_APPLICABLE,PASS,,NOT_APPLICABLE,PASS,,NOT_APPLICABLE,PASS,,NOT_APPLICABLE,PASS,ADR-045,APPLICABLE,PASS,ADR-017/ADR-053,PASS,test_portfolio_materialization_decision_07/test_portfolio_materialization_decision_08/test_portfolio_materialization_decision_09/test_portfolio_materialization_decision_10/test_req_run_002/test_req_run_003/test_req_run_004/test_req_run_005/test_req_run_007/test_req_run_009,EVIDENCE_ONLY,PASS,,evidence/implementation/repositorio-privado-project-central-views-campos-l/prm-run-parte-6/ | commit candidato e relatório de testes,PASS,4,AC-ISSUE-0807-01/AC-ISSUE-0807-02/AC-ISSUE-0807-03/AC-ISSUE-0807-04,PASS,QA/Reviewer,PASS
SPRINT-001,ISSUE-0808,Implementable story,STORY-0698,TASK-0698,EPIC-002,Tech Lead,BC-001,PASS,1,STORY-0006,PASS,tools/governance/repositorio-privado-project-central-views-campos-label/runtime-sprint-001-parte-7/** | docs/03-engineering/contexts/engineering_governance/repositorio-privado-project-central-views-campos-label/runtime-sprint-001-parte-7/**,NOT_APPLICABLE,PASS,,NOT_APPLICABLE,PASS,,NOT_APPLICABLE,PASS,ADR-012,NOT_APPLICABLE,PASS,,NOT_APPLICABLE,PASS,,PASS,test_runtime_decision_1/test_runtime_decision_2/test_sprint_zero_baseline_decision_01/test_sprint_zero_baseline_decision_02/test_sprint_zero_baseline_decision_03/test_sprint_zero_baseline_decision_05/test_sprint_zero_baseline_decision_06/test_sprint_zero_baseline_decision_07/test_sprint_zero_baseline_decision_08/test_sprint_zero_baseline_decision_09,EVIDENCE_ONLY,PASS,,evidence/implementation/repositorio-privado-project-central-views-campos-l/runtime-sprint-001-parte-7/ | commit candidato e relatório de testes,PASS,4,AC-ISSUE-0808-01/AC-ISSUE-0808-02/AC-ISSUE-0808-03/AC-ISSUE-0808-04,PASS,QA/Reviewer,PASS
SPRINT-001,ISSUE-0809,Implementable story,STORY-0699,TASK-0699,EPIC-002,Tech Lead,BC-001,PASS,1,STORY-0006,PASS,tools/governance/repositorio-privado-project-central-views-campos-label/sprint-001-tool-worker-parte-8/** | docs/03-engineering/contexts/engineering_governance/repositorio-privado-project-central-views-campos-label/sprint-001-tool-worker-parte-8/**,NOT_APPLICABLE,PASS,,NOT_APPLICABLE,PASS,ADR-018/ADR-020,NOT_APPLICABLE,PASS,ADR-012,NOT_APPLICABLE,PASS,,NOT_APPLICABLE,PASS,,PASS,test_sprint_zero_baseline_decision_10/test_python_312_primary_and_upgrade_gates/test_uv_lock_frozen/test_model_boundary_architecture/test_req_worker_002/test_req_worker_003/test_req_worker_004/test_req_worker_005/test_req_worker_006/test_req_worker_007,EVIDENCE_ONLY,PASS,,evidence/implementation/repositorio-privado-project-central-views-campos-l/sprint-001-tool-worker-parte-8/ | commit candidato e relatório de testes,PASS,4,AC-ISSUE-0809-01/AC-ISSUE-0809-02/AC-ISSUE-0809-03/AC-ISSUE-0809-04,PASS,QA/Reviewer,PASS
SPRINT-001,ISSUE-0810,Implementable story,STORY-0700,TASK-0700,EPIC-002,Tech Lead,BC-001,PASS,1,STORY-0006,PASS,tools/governance/repositorio-privado-project-central-views-campos-label/worker-parte-9/** | docs/03-engineering/contexts/engineering_governance/repositorio-privado-project-central-views-campos-label/worker-parte-9/**,NOT_APPLICABLE,PASS,,NOT_APPLICABLE,PASS,,NOT_APPLICABLE,PASS,ADR-012,NOT_APPLICABLE,PASS,,NOT_APPLICABLE,PASS,,PASS,test_req_worker_008/test_req_worker_009,EVIDENCE_ONLY,PASS,,evidence/implementation/repositorio-privado-project-central-views-campos-l/worker-parte-9/ | commit candidato e relatório de testes,PASS,4,AC-ISSUE-0810-01/AC-ISSUE-0810-02/AC-ISSUE-0810-03/AC-ISSUE-0810-04,PASS,QA/Reviewer,PASS
SPRINT-001,ISSUE-0811,Implementable story,STORY-0701,TASK-0701,EPIC-004,Arquiteto,BC-001,PASS,1,STORY-0015,PASS,contracts/contexts/engineering_governance/fnd/openapi-cliente-typescript-e-contratos-cli-jobs-evento/crs-dbschema-epic-parte-1/** | docs/02-architecture/design-reviews/openapi-cliente-typescript-e-contratos-cli-jobs-evento/crs-dbschema-epic-parte-1/**,APPLICABLE,PASS,,NOT_APPLICABLE,PASS,ADR-019/ADR-021/ADR-023,NOT_APPLICABLE,PASS,ADR-010/ADR-011/ADR-013/ADR-014,NOT_APPLICABLE,PASS,ADR-041/ADR-044,NOT_APPLICABLE,PASS,ADR-017,PASS,test_explicit_axis_order_and_adapter_normalization/test_req_dbschema_007/test_req_dbschema_008/generated_client_component_accessibility_e2e/test_first_functional_slice_decision_01/test_first_functional_slice_decision_04/test_req_run_001/test_req_run_006/test_req_run_008/test_req_run_0010,PRODUCT_AND_EVIDENCE,PASS,Report,evidence/implementation/openapi-cliente-typescript-e-contratos-cli-jobs-ev/crs-dbschema-epic-parte-1/ | commit candidato e relatório de testes,PASS,4,AC-ISSUE-0811-01/AC-ISSUE-0811-02/AC-ISSUE-0811-03/AC-ISSUE-0811-04,PASS,Arquiteto/Reviewer,PASS
SPRINT-001,ISSUE-0812,Implementable story,STORY-0702,TASK-0702,EPIC-004,Arquiteto,BC-001,PASS,1,STORY-0015,PASS,contracts/contexts/engineering_governance/fnd/openapi-cliente-typescript-e-contratos-cli-jobs-evento/runtime-scm-tool-parte-2/** | docs/02-architecture/design-reviews/openapi-cliente-typescript-e-contratos-cli-jobs-evento/runtime-scm-tool-parte-2/**,APPLICABLE,PASS,,NOT_APPLICABLE,PASS,ADR-021/ADR-023,NOT_APPLICABLE,PASS,ADR-010/ADR-011/ADR-013/ADR-014,NOT_APPLICABLE,PASS,,APPLICABLE,PASS,ADR-017/ADR-053,PASS,test_runtime_decision_8/test_versioned_schema_registry_reader_writer_compatibility_window_and_unknown_major_rejection/test_fastapi_openapi_contract/cli_api_semantic_contract/test_no_duplicate_modes_processing_plan_roundtrip,PRODUCT_AND_EVIDENCE,PASS,Report,evidence/implementation/openapi-cliente-typescript-e-contratos-cli-jobs-ev/runtime-scm-tool-parte-2/ | commit candidato e relatório de testes,PASS,4,AC-ISSUE-0812-01/AC-ISSUE-0812-02/AC-ISSUE-0812-03/AC-ISSUE-0812-04,PASS,Arquiteto/Reviewer,PASS
SPRINT-001,ISSUE-0813,Implementable story,STORY-0703,TASK-0703,EPIC-004,Tech Lead,BC-001,PASS,1,STORY-0016,PASS,tools/governance/openapi-cliente-typescript-e-contratos-cli-jobs-evento/artlayout-dbschema-fs1-parte-1/** | docs/03-engineering/contexts/engineering_governance/openapi-cliente-typescript-e-contratos-cli-jobs-evento/artlayout-dbschema-fs1-parte-1/**,APPLICABLE,PASS,,NOT_APPLICABLE,PASS,ADR-019/ADR-021/ADR-023,NOT_APPLICABLE,PASS,ADR-010/ADR-011/ADR-013/ADR-014,NOT_APPLICABLE,PASS,ADR-044/ADR-046,NOT_APPLICABLE,PASS,,PASS,test_req_artlayout_0010/test_req_dbschema_002/test_req_dbschema_004/test_first_functional_slice_decision_02/test_first_functional_slice_decision_03/test_first_functional_slice_decision_05/test_first_functional_slice_decision_07/test_first_functional_slice_decision_08/test_first_functional_slice_decision_09/test_first_functional_slice_decision_10,PRODUCT_AND_EVIDENCE,PASS,Report,evidence/implementation/openapi-cliente-typescript-e-contratos-cli-jobs-ev/artlayout-dbschema-fs1-parte-1/ | commit candidato e relatório de testes,PASS,4,AC-ISSUE-0813-01/AC-ISSUE-0813-02/AC-ISSUE-0813-03/AC-ISSUE-0813-04,PASS,Arquiteto/QA/Reviewer,PASS
SPRINT-001,ISSUE-0814,Implementable story,STORY-0704,TASK-0704,EPIC-004,Tech Lead,BC-001,PASS,1,STORY-0016,PASS,tools/governance/openapi-cliente-typescript-e-contratos-cli-jobs-evento/run-runtime-parte-2/** | docs/03-engineering/contexts/engineering_governance/openapi-cliente-typescript-e-contratos-cli-jobs-evento/run-runtime-parte-2/**,APPLICABLE,PASS,,NOT_APPLICABLE,PASS,ADR-021/ADR-023,NOT_APPLICABLE,PASS,ADR-010/ADR-011/ADR-013/ADR-014,NOT_APPLICABLE,PASS,ADR-045,NOT_APPLICABLE,PASS,,PASS,test_req_run_002/test_req_run_003/test_req_run_004/test_req_run_005/test_req_run_007/test_req_run_009/test_runtime_decision_1/test_runtime_decision_2/test_runtime_decision_3/test_runtime_decision_4,PRODUCT_AND_EVIDENCE,PASS,Report,evidence/implementation/openapi-cliente-typescript-e-contratos-cli-jobs-ev/run-runtime-parte-2/ | commit candidato e relatório de testes,PASS,4,AC-ISSUE-0814-01/AC-ISSUE-0814-02/AC-ISSUE-0814-03/AC-ISSUE-0814-04,PASS,Arquiteto/QA/Reviewer,PASS
SPRINT-001,ISSUE-0815,Implementable story,STORY-0705,TASK-0705,EPIC-004,Tech Lead,BC-001,PASS,1,STORY-0016,PASS,tools/governance/openapi-cliente-typescript-e-contratos-cli-jobs-evento/runtime-tool-upg-parte-3/** | docs/03-engineering/contexts/engineering_governance/openapi-cliente-typescript-e-contratos-cli-jobs-evento/runtime-tool-upg-parte-3/**,APPLICABLE,PASS,,NOT_APPLICABLE,PASS,ADR-021/ADR-023,NOT_APPLICABLE,PASS,ADR-010/ADR-011/ADR-013/ADR-014,NOT_APPLICABLE,PASS,,NOT_APPLICABLE,PASS,,PASS,test_runtime_decision_6/test_runtime_decision_7/test_model_boundary_architecture/test_phased_rollout_limited_mixed_version_window_drain_and_long_job_pinning,PRODUCT_AND_EVIDENCE,PASS,Report,evidence/implementation/openapi-cliente-typescript-e-contratos-cli-jobs-ev/runtime-tool-upg-parte-3/ | commit candidato e relatório de testes,PASS,4,AC-ISSUE-0815-01/AC-ISSUE-0815-02/AC-ISSUE-0815-03/AC-ISSUE-0815-04,PASS,Arquiteto/QA/Reviewer,PASS
SPRINT-001,ISSUE-0816,Implementable story,STORY-0706,TASK-0706,EPIC-005,Arquiteto,BC-001,PASS,1,STORY-0015,PASS,contracts/contexts/engineering_governance/fnd/migrations-ci-secret-dependency-scan-e-telemetria-mini/aie-bex-epic-parte-1/** | docs/02-architecture/design-reviews/migrations-ci-secret-dependency-scan-e-telemetria-mini/aie-bex-epic-parte-1/**,NOT_APPLICABLE,PASS,,APPLICABLE,PASS,ADR-018/ADR-023/ADR-024/ADR-026,NOT_APPLICABLE,PASS,,NOT_APPLICABLE,PASS,ADR-044/ADR-046,APPLICABLE,PASS,ADR-051/ADR-052/ADR-053,PASS,test_ai_escalation_decision_01/test_ai_escalation_decision_05/test_batch_execution_decision_03/test_batch_execution_decision_05/migration_upgrade_rollback/test_first_functional_slice_decision_01/test_first_functional_slice_decision_04/test_installation_evidence_set_synthetic_canary_offline_readiness_and_failure_codes/test_acceptance_evidence_derivation_and_contract_change_review/test_opentelemetry_context_propagation_exporter_outage,EVIDENCE_ONLY,PASS,,evidence/implementation/migrations-ci-secret-dependency-scan-e-telemetria/aie-bex-epic-parte-1/ | commit candidato e relatório de testes,PASS,4,AC-ISSUE-0816-01/AC-ISSUE-0816-02/AC-ISSUE-0816-03/AC-ISSUE-0816-04,PASS,Arquiteto/Reviewer,PASS
SPRINT-001,ISSUE-0817,Implementable story,STORY-0707,TASK-0707,EPIC-005,Arquiteto,BC-001,PASS,1,STORY-0015,PASS,contracts/contexts/engineering_governance/fnd/migrations-ci-secret-dependency-scan-e-telemetria-mini/sgvcal-parte-2/** | docs/02-architecture/design-reviews/migrations-ci-secret-dependency-scan-e-telemetria-mini/sgvcal-parte-2/**,NOT_APPLICABLE,PASS,,APPLICABLE,PASS,ADR-018/ADR-023/ADR-024/ADR-026,NOT_APPLICABLE,PASS,,NOT_APPLICABLE,PASS,,NOT_APPLICABLE,PASS,,PASS,test_req_sgvcal_007,EVIDENCE_ONLY,PASS,,evidence/implementation/migrations-ci-secret-dependency-scan-e-telemetria/sgvcal-parte-2/ | commit candidato e relatório de testes,PASS,4,AC-ISSUE-0817-01/AC-ISSUE-0817-02/AC-ISSUE-0817-03/AC-ISSUE-0817-04,PASS,Arquiteto/Reviewer,PASS
SPRINT-001,ISSUE-0818,Implementable story,STORY-0708,TASK-0708,EPIC-005,Tech Lead,BC-001,PASS,1,STORY-0021,PASS,tools/governance/migrations-ci-secret-dependency-scan-e-telemetria-mini/aie-bex-parte-1/** | docs/03-engineering/contexts/engineering_governance/migrations-ci-secret-dependency-scan-e-telemetria-mini/aie-bex-parte-1/**,NOT_APPLICABLE,PASS,,APPLICABLE,PASS,ADR-018/ADR-023/ADR-024/ADR-026,NOT_APPLICABLE,PASS,ADR-012,NOT_APPLICABLE,PASS,ADR-046,APPLICABLE,PASS,ADR-051/ADR-052/ADR-053,PASS,test_ai_escalation_decision_02/test_ai_escalation_decision_03/test_ai_escalation_decision_04/test_ai_escalation_decision_06/test_ai_escalation_decision_07/test_ai_escalation_decision_08/test_ai_escalation_decision_09/test_ai_escalation_decision_10/test_batch_execution_decision_02/test_batch_execution_decision_04,EVIDENCE_ONLY,PASS,,evidence/implementation/migrations-ci-secret-dependency-scan-e-telemetria/aie-bex-parte-1/ | commit candidato e relatório de testes,PASS,4,AC-ISSUE-0818-01/AC-ISSUE-0818-02/AC-ISSUE-0818-03/AC-ISSUE-0818-04,PASS,Arquiteto/QA/Reviewer,PASS
SPRINT-001,ISSUE-0819,Implementable story,STORY-0709,TASK-0709,EPIC-005,Tech Lead,BC-001,PASS,1,STORY-0021,PASS,tools/governance/migrations-ci-secret-dependency-scan-e-telemetria-mini/bex-epic-frz-parte-2/** | docs/03-engineering/contexts/engineering_governance/migrations-ci-secret-dependency-scan-e-telemetria-mini/bex-epic-frz-parte-2/**,NOT_APPLICABLE,PASS,,APPLICABLE,PASS,ADR-018/ADR-023/ADR-024/ADR-026,NOT_APPLICABLE,PASS,,NOT_APPLICABLE,PASS,ADR-044/ADR-046,NOT_APPLICABLE,PASS,,PASS,test_batch_execution_decision_07/test_batch_execution_decision_08/test_batch_execution_decision_09/test_batch_execution_decision_10/malicious_file_suite/test_sprint_zero_authorization_and_functional_foundation_gate_blocking/test_first_functional_slice_decision_02/test_first_functional_slice_decision_03/test_first_functional_slice_decision_05/test_first_functional_slice_decision_07,EVIDENCE_ONLY,PASS,,evidence/implementation/migrations-ci-secret-dependency-scan-e-telemetria/bex-epic-frz-parte-2/ | commit candidato e relatório de testes,PASS,4,AC-ISSUE-0819-01/AC-ISSUE-0819-02/AC-ISSUE-0819-03/AC-ISSUE-0819-04,PASS,Arquiteto/QA/Reviewer,PASS
SPRINT-001,ISSUE-0820,Implementable story,STORY-0710,TASK-0710,EPIC-005,Tech Lead,BC-001,PASS,1,STORY-0021,PASS,tools/governance/migrations-ci-secret-dependency-scan-e-telemetria-mini/fs1-gov-sgvcal-parte-3/** | docs/03-engineering/contexts/engineering_governance/migrations-ci-secret-dependency-scan-e-telemetria-mini/fs1-gov-sgvcal-parte-3/**,NOT_APPLICABLE,PASS,,APPLICABLE,PASS,ADR-018/ADR-023/ADR-024/ADR-026,NOT_APPLICABLE,PASS,,NOT_APPLICABLE,PASS,ADR-044/ADR-046,NOT_APPLICABLE,PASS,,PASS,test_first_functional_slice_decision_08/test_first_functional_slice_decision_09/test_first_functional_slice_decision_10/test_codex_issue_scope_required_pr_no_direct_main_or_automerge/test_req_sgvcal_001/test_req_sgvcal_002/test_req_sgvcal_003/test_req_sgvcal_004/test_req_sgvcal_005/test_req_sgvcal_006,PRODUCT_AND_EVIDENCE,PASS,,evidence/implementation/migrations-ci-secret-dependency-scan-e-telemetria/fs1-gov-sgvcal-parte-3/ | commit candidato e relatório de testes,PASS,4,AC-ISSUE-0820-01/AC-ISSUE-0820-02/AC-ISSUE-0820-03/AC-ISSUE-0820-04,PASS,Arquiteto/QA/Reviewer,PASS
SPRINT-001,ISSUE-0821,Implementable story,STORY-0711,TASK-0711,EPIC-005,Tech Lead,BC-001,PASS,1,STORY-0021,PASS,tools/governance/migrations-ci-secret-dependency-scan-e-telemetria-mini/sgvcal-srg-srp-parte-4/** | docs/03-engineering/contexts/engineering_governance/migrations-ci-secret-dependency-scan-e-telemetria-mini/sgvcal-srg-srp-parte-4/**,NOT_APPLICABLE,PASS,,APPLICABLE,PASS,ADR-018/ADR-023/ADR-024/ADR-026,NOT_APPLICABLE,PASS,ADR-014,NOT_APPLICABLE,PASS,ADR-046,APPLICABLE,PASS,ADR-051/ADR-052/ADR-053,PASS,test_req_sgvcal_008/test_req_sgvcal_009/test_req_sgvcal_0010/test_change_impact_graph_mandatory_tiers_and_full_promotion_matrix/test_offline_scheduler_decision_replay_without_scientific_workload_or_providers/test_release_sbom_signature_provenance_immutable_pins/test_ruff_mypy_gate/test_pytest_real_services/test_frontend_strict_and_browser/test_post_migration_multidimensional_evidence_gate_canary_and_atomic_cutover,PRODUCT_AND_EVIDENCE,PASS,,evidence/implementation/migrations-ci-secret-dependency-scan-e-telemetria/sgvcal-srg-srp-parte-4/ | commit candidato e relatório de testes,PASS,4,AC-ISSUE-0821-01/AC-ISSUE-0821-02/AC-ISSUE-0821-03/AC-ISSUE-0821-04,PASS,Arquiteto/QA/Reviewer,PASS
SPRINT-001,ISSUE-0862,Implementable story,STORY-0752,TASK-0752,EPIC-086,Tech Lead,BC-001,PASS,1,STORY-0534,PASS,tools/governance/walking-skeleton-frontendapipostgresqlrabbitmq-celeryw/del-ism-sprint-001-parte-1/** | docs/03-engineering/contexts/engineering_governance/walking-skeleton-frontendapipostgresqlrabbitmq-celeryw/del-ism-sprint-001-parte-1/**,NOT_APPLICABLE,PASS,,APPLICABLE,PASS,,APPLICABLE,PASS,ADR-010/ADR-011/ADR-012/ADR-014,NOT_APPLICABLE,PASS,,NOT_APPLICABLE,PASS,,PASS,test_walking_skeleton_end_to_end_and_vertical_slice_definition_of_done/test_private_operational_baseline_scope_cpu_only_clean_install/test_thin_vertical_integrable_slices_and_pr_sequence/test_sprint_zero_baseline_decision_01/test_sprint_zero_baseline_decision_02/test_sprint_zero_baseline_decision_03/test_sprint_zero_baseline_decision_05/test_sprint_zero_baseline_decision_06/test_sprint_zero_baseline_decision_07/test_sprint_zero_baseline_decision_08,PRODUCT_AND_EVIDENCE,PASS,,evidence/implementation/walking-skeleton-frontendapipostgresqlrabbitmq-cel/del-ism-sprint-001-parte-1/ | commit candidato e relatório de testes,PASS,4,AC-ISSUE-0862-01/AC-ISSUE-0862-02/AC-ISSUE-0862-03/AC-ISSUE-0862-04,PASS,Arquiteto/QA/Reviewer,PASS
SPRINT-001,ISSUE-0863,Implementable story,STORY-0753,TASK-0753,EPIC-086,Tech Lead,BC-001,PASS,1,STORY-0534,PASS,tools/governance/walking-skeleton-frontendapipostgresqlrabbitmq-celeryw/sprint-001-parte-2/** | docs/03-engineering/contexts/engineering_governance/walking-skeleton-frontendapipostgresqlrabbitmq-celeryw/sprint-001-parte-2/**,NOT_APPLICABLE,PASS,,APPLICABLE,PASS,,APPLICABLE,PASS,ADR-010/ADR-011/ADR-012/ADR-014,NOT_APPLICABLE,PASS,,NOT_APPLICABLE,PASS,,PASS,test_sprint_zero_baseline_decision_09/test_sprint_zero_baseline_decision_10,PRODUCT_AND_EVIDENCE,PASS,,evidence/implementation/walking-skeleton-frontendapipostgresqlrabbitmq-cel/sprint-001-parte-2/ | commit candidato e relatório de testes,PASS,4,AC-ISSUE-0863-01/AC-ISSUE-0863-02/AC-ISSUE-0863-03/AC-ISSUE-0863-04,PASS,Arquiteto/QA/Reviewer,PASS
SPRINT-001,ISSUE-0864,Implementable story,STORY-0754,TASK-0754,EPIC-110,Tech Lead,BC-001,PASS,1,STORY-0683,PASS,tools/governance/governanca-continua-do-backlog-e-decomposicao-de-epico/ism-iss-parte-1/** | docs/03-engineering/contexts/engineering_governance/governanca-continua-do-backlog-e-decomposicao-de-epico/ism-iss-parte-1/**,NOT_APPLICABLE,PASS,,NOT_APPLICABLE,PASS,,NOT_APPLICABLE,PASS,,NOT_APPLICABLE,PASS,,NOT_APPLICABLE,PASS,,PASS,test_canonical_domain_taxonomy_primary_and_affected_domains/test_work_package_epics_outcome_evidence_and_closure/test_thin_vertical_integrable_slices_and_pr_sequence/test_stable_portfolio_ids_independent_github_numbers_titles/test_req_ism_007/test_single_primary_cross_domain_issue_contracts/test_req_ism_009/test_portfolio_snapshot_tombstone_approved_delta/test_all_work_packages_have_parent_issue_and_slice_skeleton/test_no_orphan_issue_without_adr_or_local_decision_justification,EVIDENCE_ONLY,PASS,,evidence/implementation/governanca-continua-do-backlog-e-decomposicao-de-e/ism-iss-parte-1/ | commit candidato e relatório de testes,PASS,4,AC-ISSUE-0864-01/AC-ISSUE-0864-02/AC-ISSUE-0864-03/AC-ISSUE-0864-04,PASS,QA/Reviewer,PASS
SPRINT-001,ISSUE-0865,Implementable story,STORY-0755,TASK-0755,EPIC-110,Tech Lead,BC-001,PASS,1,STORY-0683,PASS,tools/governance/governanca-continua-do-backlog-e-decomposicao-de-epico/iss-pln-parte-2/** | docs/03-engineering/contexts/engineering_governance/governanca-continua-do-backlog-e-decomposicao-de-epico/iss-pln-parte-2/**,NOT_APPLICABLE,PASS,,NOT_APPLICABLE,PASS,,NOT_APPLICABLE,PASS,ADR-012,NOT_APPLICABLE,PASS,,NOT_APPLICABLE,PASS,,PASS,test_complete_portfolio_skeleton_and_progressive_detailing_rules/test_roadmap_horizons_outcomes_gates_and_date_exception/test_layered_milestones_gate_release_mapping/test_sequence_gates_dependencies_priority_override_audit/test_critical_enablers_uncertain_dependencies_and_risk_buffers/test_wip_class_limits_global_cap_and_emergency_reserve/test_capacity_ranges_availability_throughput_and_no_deadline_conversion/test_pull_iteration_objective_and_carryover_reason_classification/test_accountable_owner_collaborator_reviewer_and_gate_approver/test_versioned_reforecast_snapshot_variance_classification_and_delta_report,EVIDENCE_ONLY,PASS,,evidence/implementation/governanca-continua-do-backlog-e-decomposicao-de-e/iss-pln-parte-2/ | commit candidato e relatório de testes,PASS,4,AC-ISSUE-0865-01/AC-ISSUE-0865-02/AC-ISSUE-0865-03/AC-ISSUE-0865-04,PASS,QA/Reviewer,PASS
SPRINT-001,ISSUE-0866,Implementable story,STORY-0756,TASK-0756,EPIC-110,Tech Lead,BC-001,PASS,1,STORY-0683,PASS,tools/governance/governanca-continua-do-backlog-e-decomposicao-de-epico/prj-prm-parte-3/** | docs/03-engineering/contexts/engineering_governance/governanca-continua-do-backlog-e-decomposicao-de-epico/prj-prm-parte-3/**,NOT_APPLICABLE,PASS,,NOT_APPLICABLE,PASS,ADR-022,NOT_APPLICABLE,PASS,,NOT_APPLICABLE,PASS,ADR-043,APPLICABLE,PASS,ADR-053,PASS,test_issue_type_forms/test_mandatory_core_type_fields/test_single_parent_limited_hierarchy/test_definition_of_ready_gate/test_evidence_based_definition_of_done/test_typed_dependency_cycle_detection/test_derived_priority_dimensions/test_relative_size_uncertainty_split/test_guarded_project_automation/test_portfolio_materialization_decision_01,PRODUCT_AND_EVIDENCE,PASS,,evidence/implementation/governanca-continua-do-backlog-e-decomposicao-de-e/prj-prm-parte-3/ | commit candidato e relatório de testes,PASS,4,AC-ISSUE-0866-01/AC-ISSUE-0866-02/AC-ISSUE-0866-03/AC-ISSUE-0866-04,PASS,QA/Reviewer,PASS
SPRINT-001,ISSUE-0867,Implementable story,STORY-0757,TASK-0757,EPIC-110,Tech Lead,BC-001,PASS,1,STORY-0683,PASS,tools/governance/governanca-continua-do-backlog-e-decomposicao-de-epico/prm-sprint-001-parte-4/** | docs/03-engineering/contexts/engineering_governance/governanca-continua-do-backlog-e-decomposicao-de-epico/prm-sprint-001-parte-4/**,NOT_APPLICABLE,PASS,,NOT_APPLICABLE,PASS,,NOT_APPLICABLE,PASS,,NOT_APPLICABLE,PASS,ADR-050,APPLICABLE,PASS,ADR-053,PASS,test_portfolio_materialization_decision_02/test_portfolio_materialization_decision_03/test_portfolio_materialization_decision_04/test_portfolio_materialization_decision_05/test_portfolio_materialization_decision_06/test_portfolio_materialization_decision_07/test_portfolio_materialization_decision_08/test_portfolio_materialization_decision_09/test_portfolio_materialization_decision_10/test_sprint_zero_baseline_decision_01,EVIDENCE_ONLY,PASS,,evidence/implementation/governanca-continua-do-backlog-e-decomposicao-de-e/prm-sprint-001-parte-4/ | commit candidato e relatório de testes,PASS,4,AC-ISSUE-0867-01/AC-ISSUE-0867-02/AC-ISSUE-0867-03/AC-ISSUE-0867-04,PASS,QA/Reviewer,PASS
SPRINT-001,ISSUE-0868,Implementable story,STORY-0758,TASK-0758,EPIC-110,Tech Lead,BC-001,PASS,1,STORY-0683,PASS,tools/governance/governanca-continua-do-backlog-e-decomposicao-de-epico/sprint-001-parte-5/** | docs/03-engineering/contexts/engineering_governance/governanca-continua-do-backlog-e-decomposicao-de-epico/sprint-001-parte-5/**,NOT_APPLICABLE,PASS,,NOT_APPLICABLE,PASS,,NOT_APPLICABLE,PASS,ADR-012,NOT_APPLICABLE,PASS,,NOT_APPLICABLE,PASS,,PASS,test_sprint_zero_baseline_decision_02/test_sprint_zero_baseline_decision_03/test_sprint_zero_baseline_decision_05/test_sprint_zero_baseline_decision_06/test_sprint_zero_baseline_decision_07/test_sprint_zero_baseline_decision_08/test_sprint_zero_baseline_decision_09/test_sprint_zero_baseline_decision_10,EVIDENCE_ONLY,PASS,,evidence/implementation/governanca-continua-do-backlog-e-decomposicao-de-e/sprint-001-parte-5/ | commit candidato e relatório de testes,PASS,4,AC-ISSUE-0868-01/AC-ISSUE-0868-02/AC-ISSUE-0868-03/AC-ISSUE-0868-04,PASS,QA/Reviewer,PASS
SPRINT-002,ISSUE-0008,Epic delivery envelope,,,EPIC-008,Backend,BC-002,PASS,1,,PASS,7 TaskEnvelopes filhos,APPLICABLE,PASS,16,APPLICABLE,PASS,,APPLICABLE,PASS,,NOT_APPLICABLE,PASS,,NOT_APPLICABLE,PASS,,PASS,22 testes declarados,PRODUCT_AND_EVIDENCE,PASS,,7 evidence scopes,PASS,28,AC-ISSUE-0008-01/AC-ISSUE-0008-02/AC-ISSUE-0008-03/AC-ISSUE-0008-04/AC-ISSUE-0008-05/AC-ISSUE-0008-06,PASS,Arquiteto/QA/Reviewer,PASS
SPRINT-002,ISSUE-0009,Epic delivery envelope,,,EPIC-009,Backend,BC-002,PASS,1,,PASS,7 TaskEnvelopes filhos,APPLICABLE,PASS,16,APPLICABLE,PASS,,APPLICABLE,PASS,,NOT_APPLICABLE,PASS,,NOT_APPLICABLE,PASS,,PASS,19 testes declarados,PRODUCT_AND_EVIDENCE,PASS,,7 evidence scopes,PASS,28,AC-ISSUE-0009-01/AC-ISSUE-0009-02/AC-ISSUE-0009-03/AC-ISSUE-0009-04/AC-ISSUE-0009-05/AC-ISSUE-0009-06,PASS,Arquiteto/QA/Reviewer,PASS
SPRINT-002,ISSUE-0010,Epic delivery envelope,,,EPIC-010,Backend,BC-002,PASS,1,,PASS,7 TaskEnvelopes filhos,APPLICABLE,PASS,16,APPLICABLE,PASS,,APPLICABLE,PASS,,NOT_APPLICABLE,PASS,,NOT_APPLICABLE,PASS,,PASS,19 testes declarados,PRODUCT_AND_EVIDENCE,PASS,,7 evidence scopes,PASS,28,AC-ISSUE-0010-01/AC-ISSUE-0010-02/AC-ISSUE-0010-03/AC-ISSUE-0010-04/AC-ISSUE-0010-05/AC-ISSUE-0010-06,PASS,Arquiteto/QA/Reviewer,PASS
SPRINT-002,ISSUE-0011,Epic delivery envelope,,,EPIC-011,Backend,BC-002,PASS,1,,PASS,5 TaskEnvelopes filhos,APPLICABLE,PASS,16,APPLICABLE,PASS,,APPLICABLE,PASS,,NOT_APPLICABLE,PASS,,NOT_APPLICABLE,PASS,,PASS,15 testes declarados,PRODUCT_AND_EVIDENCE,PASS,,5 evidence scopes,PASS,20,AC-ISSUE-0011-01/AC-ISSUE-0011-02/AC-ISSUE-0011-03/AC-ISSUE-0011-04/AC-ISSUE-0011-05/AC-ISSUE-0011-06,PASS,Arquiteto/QA/Reviewer,PASS
SPRINT-002,ISSUE-0012,Epic delivery envelope,,,EPIC-012,Backend,BC-003,PASS,1,,PASS,9 TaskEnvelopes filhos,APPLICABLE,PASS,90,APPLICABLE,PASS,,NOT_APPLICABLE,PASS,,NOT_APPLICABLE,PASS,,NOT_APPLICABLE,PASS,,PASS,33 testes declarados,PRODUCT_AND_EVIDENCE,PASS,,9 evidence scopes,PASS,36,AC-ISSUE-0012-01/AC-ISSUE-0012-02/AC-ISSUE-0012-03/AC-ISSUE-0012-04/AC-ISSUE-0012-05/AC-ISSUE-0012-06,PASS,Arquiteto/QA/Reviewer,PASS
SPRINT-002,ISSUE-0013,Epic delivery envelope,,,EPIC-013,Backend,BC-013,PASS,1,,PASS,6 TaskEnvelopes filhos,APPLICABLE,PASS,30,APPLICABLE,PASS,,NOT_APPLICABLE,PASS,,NOT_APPLICABLE,PASS,,NOT_APPLICABLE,PASS,,PASS,15 testes declarados,PRODUCT_AND_EVIDENCE,PASS,,6 evidence scopes,PASS,24,AC-ISSUE-0013-01/AC-ISSUE-0013-02/AC-ISSUE-0013-03/AC-ISSUE-0013-04/AC-ISSUE-0013-05/AC-ISSUE-0013-06,PASS,Arquiteto/QA/Reviewer,PASS
SPRINT-002,ISSUE-0041,Epic delivery envelope,,,EPIC-041,Security,BC-014,PASS,1,,PASS,9 TaskEnvelopes filhos,NOT_APPLICABLE,PASS,0,APPLICABLE,PASS,,NOT_APPLICABLE,PASS,,NOT_APPLICABLE,PASS,,APPLICABLE,PASS,,PASS,34 testes declarados,PRODUCT_AND_EVIDENCE,PASS,,9 evidence scopes,PASS,36,AC-ISSUE-0041-01/AC-ISSUE-0041-02/AC-ISSUE-0041-03/AC-ISSUE-0041-04/AC-ISSUE-0041-05/AC-ISSUE-0041-06,PASS,Arquiteto/QA/Reviewer,PASS
SPRINT-002,ISSUE-0082,Epic delivery envelope,,,EPIC-082,Backend,BC-014,PASS,1,,PASS,5 TaskEnvelopes filhos,APPLICABLE,PASS,12,APPLICABLE,PASS,,APPLICABLE,PASS,,NOT_APPLICABLE,PASS,,APPLICABLE,PASS,,PASS,10 testes declarados,EVIDENCE_ONLY,PASS,,5 evidence scopes,PASS,20,AC-ISSUE-0082-01/AC-ISSUE-0082-02/AC-ISSUE-0082-03/AC-ISSUE-0082-04/AC-ISSUE-0082-05/AC-ISSUE-0082-06,PASS,Arquiteto/QA/Reviewer,PASS
SPRINT-002,ISSUE-0146,Implementable story,STORY-0036,TASK-0036,EPIC-008,Arquiteto,BC-002,PASS,1,STORY-0020,PASS,contracts/contexts/identity_access/plt/contas-locais-bootstrap-unico-sessoes-tokens-e-adapter/** | docs/02-architecture/design-reviews/contas-locais-bootstrap-unico-sessoes-tokens-e-adapter/**,APPLICABLE,PASS,post_auth_bootstrap/post_auth_session/delete_auth_session/post_auth_tokens/get_auth_oidc_callback/get_projects_projectid_members/post_projects_projectid_members/get_authorization_check,NOT_APPLICABLE,PASS,,NOT_APPLICABLE,PASS,ADR-010/ADR-011/ADR-014,NOT_APPLICABLE,PASS,,NOT_APPLICABLE,PASS,,PASS,test_req_auth_impl_007/test_epic_008_politica,EVIDENCE_ONLY,PASS,,evidence/implementation/epic-008/story-0036/ | commit candidato e relatório de testes,PASS,4,AC-ISSUE-0146-01/AC-ISSUE-0146-02/AC-ISSUE-0146-03/AC-ISSUE-0146-04,PASS,Arquiteto/Reviewer,PASS
SPRINT-002,ISSUE-0147,Implementable story,STORY-0037,TASK-0037,EPIC-008,Backend,BC-002,PASS,2,STORY-0712/STORY-0713,PASS,src/backend/dsgeorref/contexts/identity_access/application/contas-locais-bootstrap-unico-sessoes-tokens-e-adapter/consolidacao/** | src/backend/dsgeorref/contexts/identity_access/adapters/contas-locais-bootstrap-unico-sessoes-tokens-e-adapter/consolidacao/**,NOT_APPLICABLE,PASS,,APPLICABLE,PASS,ADR-018/ADR-019,NOT_APPLICABLE,PASS,,NOT_APPLICABLE,PASS,,NOT_APPLICABLE,PASS,,PASS,test_story_0037_slice_consolidation,EVIDENCE_ONLY,PASS,,evidence/implementation/epic-008/story-0037/ | commit candidato e relatório de testes,PASS,4,AC-ISSUE-0147-01/AC-ISSUE-0147-02/AC-ISSUE-0147-03/AC-ISSUE-0147-04,PASS,Arquiteto/QA/Reviewer,PASS
SPRINT-002,ISSUE-0148,Implementable story,STORY-0038,TASK-0038,EPIC-008,Frontend,BC-002,PASS,1,STORY-0036,PASS,src/frontend/src/contexts/identity_access/features/contas-locais-bootstrap-unico-sessoes-tokens-e-adapter/**,APPLICABLE,PASS,post_auth_bootstrap/post_auth_session/delete_auth_session/post_auth_tokens/get_auth_oidc_callback/get_projects_projectid_members/post_projects_projectid_members/get_authorization_check,NOT_APPLICABLE,PASS,,APPLICABLE,PASS,ADR-010/ADR-011/ADR-014,NOT_APPLICABLE,PASS,,NOT_APPLICABLE,PASS,,PASS,test_epic_008_superficie,EVIDENCE_ONLY,PASS,,evidence/implementation/epic-008/story-0038/ | commit candidato e relatório de testes,PASS,4,AC-ISSUE-0148-01/AC-ISSUE-0148-02/AC-ISSUE-0148-03/AC-ISSUE-0148-04,PASS,Arquiteto/QA/Reviewer,PASS
SPRINT-002,ISSUE-0149,Implementable story,STORY-0039,TASK-0039,EPIC-008,Security,BC-002,PASS,2,STORY-0037/STORY-0038,PASS,src/backend/dsgeorref/contexts/identity_access/adapters/security/contas-locais-bootstrap-unico-sessoes-tokens-e-adapter/** | tests/security/contexts/identity_access/contas-locais-bootstrap-unico-sessoes-tokens-e-adapter/**,NOT_APPLICABLE,PASS,,NOT_APPLICABLE,PASS,,NOT_APPLICABLE,PASS,,NOT_APPLICABLE,PASS,,NOT_APPLICABLE,PASS,,PASS,test_secret_permissions_rotation_redaction_fail_closed/test_one_time_bootstrap_no_default_credentials_secret_generation_expiry_and_recovery/test_epic_008_seguranca_happy_path/test_epic_008_seguranca_negative_paths,EVIDENCE_ONLY,PASS,,evidence/security/epic-008/story-0039/ | commit candidato e relatório de testes,PASS,4,AC-ISSUE-0149-01/AC-ISSUE-0149-02/AC-ISSUE-0149-03/AC-ISSUE-0149-04,PASS,Arquiteto/QA/Reviewer,PASS
SPRINT-002,ISSUE-0150,Implementable story,STORY-0040,TASK-0040,EPIC-008,Reviewer,BC-002,PASS,1,STORY-0039,PASS,evidence/reviews/contas-locais-bootstrap-unico-sessoes-tokens-e-adapter/**,NOT_APPLICABLE,PASS,,NOT_APPLICABLE,PASS,,NOT_APPLICABLE,PASS,,NOT_APPLICABLE,PASS,,NOT_APPLICABLE,PASS,,PASS,test_epic_008_aceite_happy_path/test_epic_008_aceite_negative_paths,EVIDENCE_ONLY,PASS,Audit,evidence/reviews/epic-008/story-0040/ | commit candidato e relatório de testes,PASS,4,AC-ISSUE-0150-01/AC-ISSUE-0150-02/AC-ISSUE-0150-03/AC-ISSUE-0150-04,PASS,Reviewer,PASS
SPRINT-002,ISSUE-0151,Implementable story,STORY-0041,TASK-0041,EPIC-009,Arquiteto,BC-002,PASS,2,STORY-0040/STORY-0025,PASS,contracts/contexts/identity_access/plt/usuarios-e-papeis-da-instancia/** | docs/02-architecture/design-reviews/usuarios-e-papeis-da-instancia/**,APPLICABLE,PASS,post_auth_bootstrap/post_auth_session/delete_auth_session/post_auth_tokens/get_auth_oidc_callback/get_projects_projectid_members/post_projects_projectid_members/get_authorization_check,NOT_APPLICABLE,PASS,,NOT_APPLICABLE,PASS,ADR-010/ADR-011/ADR-014,NOT_APPLICABLE,PASS,,NOT_APPLICABLE,PASS,,PASS,test_req_auth_impl_007/test_epic_009_politica,EVIDENCE_ONLY,PASS,,evidence/implementation/epic-009/story-0041/ | commit candidato e relatório de testes,PASS,4,AC-ISSUE-0151-01/AC-ISSUE-0151-02/AC-ISSUE-0151-03/AC-ISSUE-0151-04,PASS,Arquiteto/Reviewer,PASS
SPRINT-002,ISSUE-0152,Implementable story,STORY-0042,TASK-0042,EPIC-009,Backend,BC-002,PASS,2,STORY-0714/STORY-0715,PASS,src/backend/dsgeorref/contexts/identity_access/application/usuarios-e-papeis-da-instancia/consolidacao/** | src/backend/dsgeorref/contexts/identity_access/adapters/usuarios-e-papeis-da-instancia/consolidacao/**,NOT_APPLICABLE,PASS,,APPLICABLE,PASS,ADR-018/ADR-019,NOT_APPLICABLE,PASS,,NOT_APPLICABLE,PASS,,NOT_APPLICABLE,PASS,,PASS,test_story_0042_slice_consolidation,EVIDENCE_ONLY,PASS,,evidence/implementation/epic-009/story-0042/ | commit candidato e relatório de testes,PASS,4,AC-ISSUE-0152-01/AC-ISSUE-0152-02/AC-ISSUE-0152-03/AC-ISSUE-0152-04,PASS,Arquiteto/QA/Reviewer,PASS
SPRINT-002,ISSUE-0153,Implementable story,STORY-0043,TASK-0043,EPIC-009,Frontend,BC-002,PASS,1,STORY-0041,PASS,src/frontend/src/contexts/identity_access/features/usuarios-e-papeis-da-instancia/**,APPLICABLE,PASS,post_auth_bootstrap/post_auth_session/delete_auth_session/post_auth_tokens/get_auth_oidc_callback/get_projects_projectid_members/post_projects_projectid_members/get_authorization_check,NOT_APPLICABLE,PASS,,APPLICABLE,PASS,ADR-010/ADR-011/ADR-014,NOT_APPLICABLE,PASS,,NOT_APPLICABLE,PASS,,PASS,test_epic_009_superficie,EVIDENCE_ONLY,PASS,,evidence/implementation/epic-009/story-0043/ | commit candidato e relatório de testes,PASS,4,AC-ISSUE-0153-01/AC-ISSUE-0153-02/AC-ISSUE-0153-03/AC-ISSUE-0153-04,PASS,Arquiteto/QA/Reviewer,PASS
SPRINT-002,ISSUE-0154,Implementable story,STORY-0044,TASK-0044,EPIC-009,Security,BC-002,PASS,2,STORY-0042/STORY-0043,PASS,src/backend/dsgeorref/contexts/identity_access/adapters/security/usuarios-e-papeis-da-instancia/** | tests/security/contexts/identity_access/usuarios-e-papeis-da-instancia/**,NOT_APPLICABLE,PASS,,NOT_APPLICABLE,PASS,,NOT_APPLICABLE,PASS,,NOT_APPLICABLE,PASS,,NOT_APPLICABLE,PASS,,PASS,test_epic_009_seguranca_happy_path/test_epic_009_seguranca_negative_paths,EVIDENCE_ONLY,PASS,,evidence/security/epic-009/story-0044/ | commit candidato e relatório de testes,PASS,4,AC-ISSUE-0154-01/AC-ISSUE-0154-02/AC-ISSUE-0154-03/AC-ISSUE-0154-04,PASS,QA/Reviewer,PASS
SPRINT-002,ISSUE-0155,Implementable story,STORY-0045,TASK-0045,EPIC-009,Reviewer,BC-002,PASS,1,STORY-0044,PASS,evidence/reviews/usuarios-e-papeis-da-instancia/**,NOT_APPLICABLE,PASS,,NOT_APPLICABLE,PASS,,NOT_APPLICABLE,PASS,,NOT_APPLICABLE,PASS,,NOT_APPLICABLE,PASS,,PASS,test_epic_009_aceite_happy_path/test_epic_009_aceite_negative_paths,EVIDENCE_ONLY,PASS,Audit,evidence/reviews/epic-009/story-0045/ | commit candidato e relatório de testes,PASS,4,AC-ISSUE-0155-01/AC-ISSUE-0155-02/AC-ISSUE-0155-03/AC-ISSUE-0155-04,PASS,Reviewer,PASS
SPRINT-002,ISSUE-0156,Implementable story,STORY-0046,TASK-0046,EPIC-010,Arquiteto,BC-002,PASS,1,STORY-0045,PASS,contracts/contexts/identity_access/plt/autorizacao-por-projeto-operacao-artefato-e-caminho/** | docs/02-architecture/design-reviews/autorizacao-por-projeto-operacao-artefato-e-caminho/**,APPLICABLE,PASS,post_auth_bootstrap/post_auth_session/delete_auth_session/post_auth_tokens/get_auth_oidc_callback/get_projects_projectid_members/post_projects_projectid_members/get_authorization_check,NOT_APPLICABLE,PASS,,NOT_APPLICABLE,PASS,ADR-010/ADR-011/ADR-014,NOT_APPLICABLE,PASS,,NOT_APPLICABLE,PASS,,PASS,test_req_auth_impl_007/test_epic_010_politica,PRODUCT_AND_EVIDENCE,PASS,,evidence/implementation/epic-010/story-0046/ | commit candidato e relatório de testes,PASS,4,AC-ISSUE-0156-01/AC-ISSUE-0156-02/AC-ISSUE-0156-03/AC-ISSUE-0156-04,PASS,Arquiteto/Reviewer,PASS
SPRINT-002,ISSUE-0157,Implementable story,STORY-0047,TASK-0047,EPIC-010,Backend,BC-002,PASS,2,STORY-0716/STORY-0717,PASS,src/backend/dsgeorref/contexts/identity_access/application/autorizacao-por-projeto-operacao-artefato-e-caminho/consolidacao/** | src/backend/dsgeorref/contexts/identity_access/adapters/autorizacao-por-projeto-operacao-artefato-e-caminho/consolidacao/**,NOT_APPLICABLE,PASS,,APPLICABLE,PASS,ADR-018/ADR-019,NOT_APPLICABLE,PASS,,NOT_APPLICABLE,PASS,,NOT_APPLICABLE,PASS,,PASS,test_story_0047_slice_consolidation,PRODUCT_AND_EVIDENCE,PASS,,evidence/implementation/epic-010/story-0047/ | commit candidato e relatório de testes,PASS,4,AC-ISSUE-0157-01/AC-ISSUE-0157-02/AC-ISSUE-0157-03/AC-ISSUE-0157-04,PASS,Arquiteto/QA/Reviewer,PASS
SPRINT-002,ISSUE-0158,Implementable story,STORY-0048,TASK-0048,EPIC-010,Frontend,BC-002,PASS,1,STORY-0046,PASS,src/frontend/src/contexts/identity_access/features/autorizacao-por-projeto-operacao-artefato-e-caminho/**,APPLICABLE,PASS,post_auth_bootstrap/post_auth_session/delete_auth_session/post_auth_tokens/get_auth_oidc_callback/get_projects_projectid_members/post_projects_projectid_members/get_authorization_check,NOT_APPLICABLE,PASS,,APPLICABLE,PASS,ADR-010/ADR-011/ADR-014,NOT_APPLICABLE,PASS,,NOT_APPLICABLE,PASS,,PASS,test_epic_010_superficie,PRODUCT_AND_EVIDENCE,PASS,,evidence/implementation/epic-010/story-0048/ | commit candidato e relatório de testes,PASS,4,AC-ISSUE-0158-01/AC-ISSUE-0158-02/AC-ISSUE-0158-03/AC-ISSUE-0158-04,PASS,Arquiteto/QA/Reviewer,PASS
SPRINT-002,ISSUE-0159,Implementable story,STORY-0049,TASK-0049,EPIC-010,Security,BC-002,PASS,2,STORY-0047/STORY-0048,PASS,src/backend/dsgeorref/contexts/identity_access/adapters/security/autorizacao-por-projeto-operacao-artefato-e-caminho/** | tests/security/contexts/identity_access/autorizacao-por-projeto-operacao-artefato-e-caminho/**,NOT_APPLICABLE,PASS,,NOT_APPLICABLE,PASS,,NOT_APPLICABLE,PASS,,NOT_APPLICABLE,PASS,,NOT_APPLICABLE,PASS,,PASS,test_epic_010_seguranca_happy_path/test_epic_010_seguranca_negative_paths,PRODUCT_AND_EVIDENCE,PASS,,evidence/security/epic-010/story-0049/ | commit candidato e relatório de testes,PASS,4,AC-ISSUE-0159-01/AC-ISSUE-0159-02/AC-ISSUE-0159-03/AC-ISSUE-0159-04,PASS,QA/Reviewer,PASS
SPRINT-002,ISSUE-0160,Implementable story,STORY-0050,TASK-0050,EPIC-010,Reviewer,BC-002,PASS,1,STORY-0049,PASS,evidence/reviews/autorizacao-por-projeto-operacao-artefato-e-caminho/**,NOT_APPLICABLE,PASS,,NOT_APPLICABLE,PASS,,NOT_APPLICABLE,PASS,,NOT_APPLICABLE,PASS,,NOT_APPLICABLE,PASS,,PASS,test_epic_010_aceite_happy_path/test_epic_010_aceite_negative_paths,PRODUCT_AND_EVIDENCE,PASS,Audit,evidence/reviews/epic-010/story-0050/ | commit candidato e relatório de testes,PASS,4,AC-ISSUE-0160-01/AC-ISSUE-0160-02/AC-ISSUE-0160-03/AC-ISSUE-0160-04,PASS,Reviewer,PASS
SPRINT-002,ISSUE-0161,Implementable story,STORY-0051,TASK-0051,EPIC-011,Arquiteto,BC-002,PASS,1,STORY-0050,PASS,contracts/contexts/identity_access/plt/limites-idempotencia-audit-log-e-controles-administrat/** | docs/02-architecture/design-reviews/limites-idempotencia-audit-log-e-controles-administrat/**,APPLICABLE,PASS,post_auth_bootstrap/post_auth_session/delete_auth_session/post_auth_tokens/get_auth_oidc_callback/get_projects_projectid_members/post_projects_projectid_members/get_authorization_check,NOT_APPLICABLE,PASS,,NOT_APPLICABLE,PASS,ADR-010/ADR-011/ADR-014,NOT_APPLICABLE,PASS,,NOT_APPLICABLE,PASS,ADR-017,PASS,test_audit_append_only_digest_and_no_sampling/test_req_auth_impl_007/test_runtime_decision_10/test_epic_011_politica,EVIDENCE_ONLY,PASS,Audit,evidence/implementation/epic-011/story-0051/ | commit candidato e relatório de testes,PASS,4,AC-ISSUE-0161-01/AC-ISSUE-0161-02/AC-ISSUE-0161-03/AC-ISSUE-0161-04,PASS,Arquiteto/Reviewer,PASS
SPRINT-002,ISSUE-0162,Implementable story,STORY-0052,TASK-0052,EPIC-011,Backend,BC-002,PASS,1,STORY-0051,PASS,src/backend/dsgeorref/contexts/identity_access/application/limites-idempotencia-audit-log-e-controles-administrat/** | src/backend/dsgeorref/contexts/identity_access/adapters/limites-idempotencia-audit-log-e-controles-administrat/**,NOT_APPLICABLE,PASS,,APPLICABLE,PASS,ADR-018/ADR-019/ADR-021,NOT_APPLICABLE,PASS,,NOT_APPLICABLE,PASS,,NOT_APPLICABLE,PASS,,PASS,test_req_auth_impl_001/test_req_auth_impl_002/test_req_auth_impl_003/test_req_auth_impl_004/test_epic_011_backend,PRODUCT_AND_EVIDENCE,PASS,Audit,evidence/implementation/epic-011/story-0052/ | commit candidato e relatório de testes,PASS,4,AC-ISSUE-0162-01/AC-ISSUE-0162-02/AC-ISSUE-0162-03/AC-ISSUE-0162-04,PASS,Arquiteto/QA/Reviewer,PASS
SPRINT-002,ISSUE-0163,Implementable story,STORY-0053,TASK-0053,EPIC-011,Frontend,BC-002,PASS,1,STORY-0051,PASS,src/frontend/src/contexts/identity_access/features/limites-idempotencia-audit-log-e-controles-administrat/**,APPLICABLE,PASS,post_auth_bootstrap/post_auth_session/delete_auth_session/post_auth_tokens/get_auth_oidc_callback/get_projects_projectid_members/post_projects_projectid_members/get_authorization_check,NOT_APPLICABLE,PASS,,APPLICABLE,PASS,ADR-010/ADR-011/ADR-014,NOT_APPLICABLE,PASS,,NOT_APPLICABLE,PASS,,PASS,test_runtime_decision_7/test_epic_011_superficie,EVIDENCE_ONLY,PASS,Audit,evidence/implementation/epic-011/story-0053/ | commit candidato e relatório de testes,PASS,4,AC-ISSUE-0163-01/AC-ISSUE-0163-02/AC-ISSUE-0163-03/AC-ISSUE-0163-04,PASS,Arquiteto/QA/Reviewer,PASS
SPRINT-002,ISSUE-0164,Implementable story,STORY-0054,TASK-0054,EPIC-011,Security,BC-002,PASS,2,STORY-0052/STORY-0053,PASS,src/backend/dsgeorref/contexts/identity_access/adapters/security/limites-idempotencia-audit-log-e-controles-administrat/** | tests/security/contexts/identity_access/limites-idempotencia-audit-log-e-controles-administrat/**,NOT_APPLICABLE,PASS,,NOT_APPLICABLE,PASS,,NOT_APPLICABLE,PASS,,NOT_APPLICABLE,PASS,,NOT_APPLICABLE,PASS,,PASS,test_epic_011_seguranca_happy_path/test_epic_011_seguranca_negative_paths,EVIDENCE_ONLY,PASS,Audit,evidence/security/epic-011/story-0054/ | commit candidato e relatório de testes,PASS,4,AC-ISSUE-0164-01/AC-ISSUE-0164-02/AC-ISSUE-0164-03/AC-ISSUE-0164-04,PASS,QA/Reviewer,PASS
SPRINT-002,ISSUE-0165,Implementable story,STORY-0055,TASK-0055,EPIC-011,Reviewer,BC-002,PASS,1,STORY-0054,PASS,evidence/reviews/limites-idempotencia-audit-log-e-controles-administrat/**,NOT_APPLICABLE,PASS,,NOT_APPLICABLE,PASS,,NOT_APPLICABLE,PASS,,NOT_APPLICABLE,PASS,,NOT_APPLICABLE,PASS,,PASS,test_epic_011_aceite_happy_path/test_epic_011_aceite_negative_paths,EVIDENCE_ONLY,PASS,Audit,evidence/reviews/epic-011/story-0055/ | commit candidato e relatório de testes,PASS,4,AC-ISSUE-0165-01/AC-ISSUE-0165-02/AC-ISSUE-0165-03/AC-ISSUE-0165-04,PASS,Reviewer,PASS
SPRINT-002,ISSUE-0166,Implementable story,STORY-0056,TASK-0056,EPIC-012,Arquiteto,BC-003,PASS,2,STORY-0025/STORY-0050,PASS,contracts/contexts/project_workspace/dat/raizes-de-workspace-api-de-navegacao-segura-catalogo-h/** | docs/02-architecture/design-reviews/raizes-de-workspace-api-de-navegacao-segura-catalogo-h/**,APPLICABLE,PASS,get_projects/post_projects/get_projects_projectid/patch_projects_projectid/get_workspace_roots/get_workspace_entries/post_projects_projectid_assets/get_assets_assetid/post_projects_projectid_processing_plans/post_projects_projectid_jobs,NOT_APPLICABLE,PASS,ADR-019/ADR-023/ADR-025/ADR-026,NOT_APPLICABLE,PASS,ADR-010/ADR-011/ADR-012/ADR-013/ADR-014,NOT_APPLICABLE,PASS,ADR-041,NOT_APPLICABLE,PASS,ADR-017,PASS,test_req_dbschema_001/test_req_dbschema_005/test_req_dbschema_007/test_req_dbschema_008/test_epic_012_contrato,PRODUCT_AND_EVIDENCE,PASS,Lineage,evidence/implementation/epic-012/story-0056/ | commit candidato e relatório de testes,PASS,4,AC-ISSUE-0166-01/AC-ISSUE-0166-02/AC-ISSUE-0166-03/AC-ISSUE-0166-04,PASS,Arquiteto/Reviewer,PASS
SPRINT-002,ISSUE-0167,Implementable story,STORY-0057,TASK-0057,EPIC-012,Backend,BC-003,PASS,3,STORY-0718/STORY-0719/STORY-0720,PASS,src/backend/dsgeorref/contexts/project_workspace/application/raizes-de-workspace-api-de-navegacao-segura-catalogo-h/consolidacao/** | src/backend/dsgeorref/contexts/project_workspace/adapters/raizes-de-workspace-api-de-navegacao-segura-catalogo-h/consolidacao/**,APPLICABLE,PASS,get_projects/post_projects/get_projects_projectid/patch_projects_projectid/get_workspace_roots/get_workspace_entries/post_projects_projectid_assets/get_assets_assetid/post_projects_projectid_processing_plans/post_projects_projectid_jobs,APPLICABLE,PASS,ADR-018/ADR-019/ADR-020/ADR-023/ADR-025/ADR-026,NOT_APPLICABLE,PASS,ADR-010/ADR-011/ADR-012/ADR-013/ADR-014,NOT_APPLICABLE,PASS,,NOT_APPLICABLE,PASS,,PASS,test_story_0057_slice_consolidation,PRODUCT_AND_EVIDENCE,PASS,Lineage,evidence/implementation/epic-012/story-0057/ | commit candidato e relatório de testes,PASS,4,AC-ISSUE-0167-01/AC-ISSUE-0167-02/AC-ISSUE-0167-03/AC-ISSUE-0167-04,PASS,Arquiteto/QA/Reviewer,PASS
SPRINT-002,ISSUE-0168,Implementable story,STORY-0058,TASK-0058,EPIC-012,Backend,BC-003,PASS,1,STORY-0056,PASS,src/backend/dsgeorref/contexts/project_workspace/application/raizes-de-workspace-api-de-navegacao-segura-catalogo-h/** | src/backend/dsgeorref/contexts/project_workspace/adapters/raizes-de-workspace-api-de-navegacao-segura-catalogo-h/**,APPLICABLE,PASS,get_projects/post_projects/get_projects_projectid/patch_projects_projectid/get_workspace_roots/get_workspace_entries/post_projects_projectid_assets/get_assets_assetid/post_projects_projectid_processing_plans/post_projects_projectid_jobs,APPLICABLE,PASS,ADR-018/ADR-019/ADR-020/ADR-023/ADR-025/ADR-026,NOT_APPLICABLE,PASS,ADR-010/ADR-011/ADR-012/ADR-013/ADR-014,NOT_APPLICABLE,PASS,,NOT_APPLICABLE,PASS,,PASS,test_epic_012_armazenamento_roundtrip/test_epic_012_armazenamento_recovery,PRODUCT_AND_EVIDENCE,PASS,Lineage,evidence/implementation/epic-012/story-0058/ | commit candidato e relatório de testes,PASS,4,AC-ISSUE-0168-01/AC-ISSUE-0168-02/AC-ISSUE-0168-03/AC-ISSUE-0168-04,PASS,Arquiteto/QA/Reviewer,PASS
SPRINT-002,ISSUE-0169,Implementable story,STORY-0059,TASK-0059,EPIC-012,Backend,BC-003,PASS,1,STORY-0056,PASS,src/backend/dsgeorref/contexts/project_workspace/application/raizes-de-workspace-api-de-navegacao-segura-catalogo-h/** | src/backend/dsgeorref/contexts/project_workspace/adapters/raizes-de-workspace-api-de-navegacao-segura-catalogo-h/**,APPLICABLE,PASS,get_projects/post_projects/get_projects_projectid/patch_projects_projectid/get_workspace_roots/get_workspace_entries/post_projects_projectid_assets/get_assets_assetid/post_projects_projectid_processing_plans/post_projects_projectid_jobs,APPLICABLE,PASS,ADR-018/ADR-019/ADR-020/ADR-023/ADR-025/ADR-026,NOT_APPLICABLE,PASS,ADR-010/ADR-011/ADR-012/ADR-013/ADR-014,NOT_APPLICABLE,PASS,,NOT_APPLICABLE,PASS,,PASS,test_epic_012_integracao,PRODUCT_AND_EVIDENCE,PASS,Lineage,evidence/implementation/epic-012/story-0059/ | commit candidato e relatório de testes,PASS,4,AC-ISSUE-0169-01/AC-ISSUE-0169-02/AC-ISSUE-0169-03/AC-ISSUE-0169-04,PASS,Arquiteto/QA/Reviewer,PASS
SPRINT-002,ISSUE-0170,Implementable story,STORY-0060,TASK-0060,EPIC-012,Security,BC-003,PASS,3,STORY-0057/STORY-0058/STORY-0059,PASS,src/backend/dsgeorref/contexts/project_workspace/adapters/security/raizes-de-workspace-api-de-navegacao-segura-catalogo-h/** | tests/security/contexts/project_workspace/raizes-de-workspace-api-de-navegacao-segura-catalogo-h/**,APPLICABLE,PASS,get_projects/post_projects/get_projects_projectid/patch_projects_projectid/get_workspace_roots/get_workspace_entries/post_projects_projectid_assets/get_assets_assetid/post_projects_projectid_processing_plans/post_projects_projectid_jobs,NOT_APPLICABLE,PASS,ADR-023/ADR-025/ADR-026,NOT_APPLICABLE,PASS,ADR-010/ADR-011/ADR-012/ADR-013/ADR-014,NOT_APPLICABLE,PASS,,NOT_APPLICABLE,PASS,,PASS,test_epic_012_resiliencia,PRODUCT_AND_EVIDENCE,PASS,Lineage,evidence/security/epic-012/story-0060/ | commit candidato e relatório de testes,PASS,4,AC-ISSUE-0170-01/AC-ISSUE-0170-02/AC-ISSUE-0170-03/AC-ISSUE-0170-04,PASS,Arquiteto/QA/Reviewer,PASS
SPRINT-002,ISSUE-0171,Implementable story,STORY-0061,TASK-0061,EPIC-012,Reviewer,BC-003,PASS,1,STORY-0060,PASS,evidence/reviews/raizes-de-workspace-api-de-navegacao-segura-catalogo-h/**,APPLICABLE,PASS,get_projects/post_projects/get_projects_projectid/patch_projects_projectid/get_workspace_roots/get_workspace_entries/post_projects_projectid_assets/get_assets_assetid/post_projects_projectid_processing_plans/post_projects_projectid_jobs,NOT_APPLICABLE,PASS,ADR-023/ADR-025/ADR-026,NOT_APPLICABLE,PASS,ADR-010/ADR-011/ADR-012/ADR-013/ADR-014,NOT_APPLICABLE,PASS,,NOT_APPLICABLE,PASS,,PASS,test_epic_012_aceite_happy_path/test_epic_012_aceite_negative_paths,PRODUCT_AND_EVIDENCE,PASS,Audit/Lineage,evidence/reviews/epic-012/story-0061/ | commit candidato e relatório de testes,PASS,4,AC-ISSUE-0171-01/AC-ISSUE-0171-02/AC-ISSUE-0171-03/AC-ISSUE-0171-04,PASS,Reviewer,PASS
SPRINT-002,ISSUE-0172,Implementable story,STORY-0062,TASK-0062,EPIC-013,Arquiteto,BC-013,PASS,1,STORY-0061,PASS,contracts/contexts/artifact_provenance/dat/backup-restore-consistente-entre-banco-e-arquivos/** | docs/02-architecture/design-reviews/backup-restore-consistente-entre-banco-e-arquivos/**,APPLICABLE,PASS,get_artifact_sets_artifactsetid_manifest/post_admin_backups/post_admin_restores_validate/get_admin_retention_policies/patch_admin_retention_policies,APPLICABLE,PASS,ADR-018/ADR-019/ADR-026/ADR-027,NOT_APPLICABLE,PASS,ADR-010/ADR-011,NOT_APPLICABLE,PASS,,NOT_APPLICABLE,PASS,,PASS,test_req_dbschema_001/test_req_dbschema_0010/test_runtime_decision_5/test_epic_013_contrato,PRODUCT_AND_EVIDENCE,PASS,,evidence/implementation/epic-013/story-0062/ | commit candidato e relatório de testes,PASS,4,AC-ISSUE-0172-01/AC-ISSUE-0172-02/AC-ISSUE-0172-03/AC-ISSUE-0172-04,PASS,Arquiteto/Reviewer,PASS
SPRINT-002,ISSUE-0173,Implementable story,STORY-0063,TASK-0063,EPIC-013,Backend,BC-013,PASS,1,STORY-0062,PASS,src/backend/dsgeorref/contexts/artifact_provenance/application/backup-restore-consistente-entre-banco-e-arquivos/** | src/backend/dsgeorref/contexts/artifact_provenance/adapters/backup-restore-consistente-entre-banco-e-arquivos/**,APPLICABLE,PASS,get_artifact_sets_artifactsetid_manifest/post_admin_backups/post_admin_restores_validate/get_admin_retention_policies/patch_admin_retention_policies,APPLICABLE,PASS,ADR-018/ADR-019/ADR-026/ADR-027,NOT_APPLICABLE,PASS,ADR-010/ADR-011,NOT_APPLICABLE,PASS,,NOT_APPLICABLE,PASS,,PASS,test_req_epic_039/retention_deletion_restore/test_sqlalchemy_alembic_postgis/test_epic_013_persistencia_roundtrip/test_epic_013_persistencia_recovery,PRODUCT_AND_EVIDENCE,PASS,,evidence/implementation/epic-013/story-0063/ | commit candidato e relatório de testes,PASS,4,AC-ISSUE-0173-01/AC-ISSUE-0173-02/AC-ISSUE-0173-03/AC-ISSUE-0173-04,PASS,Arquiteto/QA/Reviewer,PASS
SPRINT-002,ISSUE-0174,Implementable story,STORY-0064,TASK-0064,EPIC-013,Backend,BC-013,PASS,1,STORY-0062,PASS,src/backend/dsgeorref/contexts/artifact_provenance/application/backup-restore-consistente-entre-banco-e-arquivos/** | src/backend/dsgeorref/contexts/artifact_provenance/adapters/backup-restore-consistente-entre-banco-e-arquivos/**,APPLICABLE,PASS,get_artifact_sets_artifactsetid_manifest/post_admin_backups/post_admin_restores_validate/get_admin_retention_policies/patch_admin_retention_policies,APPLICABLE,PASS,ADR-018/ADR-019/ADR-026/ADR-027,NOT_APPLICABLE,PASS,ADR-010/ADR-011,NOT_APPLICABLE,PASS,,NOT_APPLICABLE,PASS,,PASS,test_epic_013_armazenamento_roundtrip/test_epic_013_armazenamento_recovery,PRODUCT_AND_EVIDENCE,PASS,,evidence/implementation/epic-013/story-0064/ | commit candidato e relatório de testes,PASS,4,AC-ISSUE-0174-01/AC-ISSUE-0174-02/AC-ISSUE-0174-03/AC-ISSUE-0174-04,PASS,Arquiteto/QA/Reviewer,PASS
SPRINT-002,ISSUE-0175,Implementable story,STORY-0065,TASK-0065,EPIC-013,Backend,BC-013,PASS,1,STORY-0062,PASS,src/backend/dsgeorref/contexts/artifact_provenance/application/backup-restore-consistente-entre-banco-e-arquivos/** | src/backend/dsgeorref/contexts/artifact_provenance/adapters/backup-restore-consistente-entre-banco-e-arquivos/**,APPLICABLE,PASS,get_artifact_sets_artifactsetid_manifest/post_admin_backups/post_admin_restores_validate/get_admin_retention_policies/patch_admin_retention_policies,APPLICABLE,PASS,ADR-018/ADR-019/ADR-026/ADR-027,NOT_APPLICABLE,PASS,ADR-010/ADR-011,NOT_APPLICABLE,PASS,,NOT_APPLICABLE,PASS,,PASS,test_epic_013_integracao,PRODUCT_AND_EVIDENCE,PASS,,evidence/implementation/epic-013/story-0065/ | commit candidato e relatório de testes,PASS,4,AC-ISSUE-0175-01/AC-ISSUE-0175-02/AC-ISSUE-0175-03/AC-ISSUE-0175-04,PASS,Arquiteto/QA/Reviewer,PASS
SPRINT-002,ISSUE-0176,Implementable story,STORY-0066,TASK-0066,EPIC-013,Security,BC-013,PASS,3,STORY-0063/STORY-0064/STORY-0065,PASS,src/backend/dsgeorref/contexts/artifact_provenance/adapters/security/backup-restore-consistente-entre-banco-e-arquivos/** | tests/security/contexts/artifact_provenance/backup-restore-consistente-entre-banco-e-arquivos/**,APPLICABLE,PASS,get_artifact_sets_artifactsetid_manifest/post_admin_backups/post_admin_restores_validate/get_admin_retention_policies/patch_admin_retention_policies,APPLICABLE,PASS,ADR-018/ADR-019/ADR-026/ADR-027,NOT_APPLICABLE,PASS,ADR-010/ADR-011,NOT_APPLICABLE,PASS,,NOT_APPLICABLE,PASS,,PASS,test_epic_013_resiliencia,PRODUCT_AND_EVIDENCE,PASS,,evidence/security/epic-013/story-0066/ | commit candidato e relatório de testes,PASS,4,AC-ISSUE-0176-01/AC-ISSUE-0176-02/AC-ISSUE-0176-03/AC-ISSUE-0176-04,PASS,Arquiteto/QA/Reviewer,PASS
SPRINT-002,ISSUE-0177,Implementable story,STORY-0067,TASK-0067,EPIC-013,Reviewer,BC-013,PASS,1,STORY-0066,PASS,evidence/reviews/backup-restore-consistente-entre-banco-e-arquivos/**,APPLICABLE,PASS,get_artifact_sets_artifactsetid_manifest/post_admin_backups/post_admin_restores_validate/get_admin_retention_policies/patch_admin_retention_policies,APPLICABLE,PASS,ADR-018/ADR-019/ADR-026/ADR-027,NOT_APPLICABLE,PASS,ADR-010/ADR-011,NOT_APPLICABLE,PASS,,NOT_APPLICABLE,PASS,,PASS,test_epic_013_aceite_happy_path/test_epic_013_aceite_negative_paths,PRODUCT_AND_EVIDENCE,PASS,Audit,evidence/reviews/epic-013/story-0067/ | commit candidato e relatório de testes,PASS,4,AC-ISSUE-0177-01/AC-ISSUE-0177-02/AC-ISSUE-0177-03/AC-ISSUE-0177-04,PASS,Reviewer,PASS
SPRINT-002,ISSUE-0354,Implementable story,STORY-0244,TASK-0244,EPIC-041,Security,BC-014,PASS,1,STORY-0061,PASS,src/backend/dsgeorref/contexts/operations_audit/adapters/security/threat-model-validado-scanning-e-testes-ofensivos/** | tests/security/contexts/operations_audit/threat-model-validado-scanning-e-testes-ofensivos/**,NOT_APPLICABLE,PASS,,NOT_APPLICABLE,PASS,,NOT_APPLICABLE,PASS,,NOT_APPLICABLE,PASS,,NOT_APPLICABLE,PASS,,PASS,test_single_ingress_tls_private_service_ports/test_epic_041_ameacas,EVIDENCE_ONLY,PASS,,evidence/security/epic-041/story-0244/ | commit candidato e relatório de testes,PASS,4,AC-ISSUE-0354-01/AC-ISSUE-0354-02/AC-ISSUE-0354-03/AC-ISSUE-0354-04,PASS,QA/Reviewer,PASS
SPRINT-002,ISSUE-0355,Implementable story,STORY-0245,TASK-0245,EPIC-041,Arquiteto,BC-014,PASS,3,STORY-0747/STORY-0748/STORY-0749,PASS,contracts/contexts/operations_audit/sec/threat-model-validado-scanning-e-testes-ofensivos/consolidacao/** | docs/02-architecture/design-reviews/threat-model-validado-scanning-e-testes-ofensivos/consolidacao/**,NOT_APPLICABLE,PASS,,NOT_APPLICABLE,PASS,,NOT_APPLICABLE,PASS,,NOT_APPLICABLE,PASS,,NOT_APPLICABLE,PASS,,PASS,test_story_0245_slice_consolidation,EVIDENCE_ONLY,PASS,,evidence/implementation/epic-041/story-0245/ | commit candidato e relatório de testes,PASS,4,AC-ISSUE-0355-01/AC-ISSUE-0355-02/AC-ISSUE-0355-03/AC-ISSUE-0355-04,PASS,Arquiteto/Reviewer,PASS
SPRINT-002,ISSUE-0356,Implementable story,STORY-0246,TASK-0246,EPIC-041,Backend,BC-014,PASS,1,STORY-0244,PASS,src/backend/dsgeorref/contexts/operations_audit/application/threat-model-validado-scanning-e-testes-ofensivos/** | src/backend/dsgeorref/contexts/operations_audit/adapters/threat-model-validado-scanning-e-testes-ofensivos/**,NOT_APPLICABLE,PASS,,APPLICABLE,PASS,ADR-018/ADR-019/ADR-023,NOT_APPLICABLE,PASS,,NOT_APPLICABLE,PASS,,NOT_APPLICABLE,PASS,,PASS,test_epic_041_implementacao,EVIDENCE_ONLY,PASS,,evidence/implementation/epic-041/story-0246/ | commit candidato e relatório de testes,PASS,4,AC-ISSUE-0356-01/AC-ISSUE-0356-02/AC-ISSUE-0356-03/AC-ISSUE-0356-04,PASS,Arquiteto/QA/Reviewer,PASS
SPRINT-002,ISSUE-0357,Implementable story,STORY-0247,TASK-0247,EPIC-041,Security,BC-014,PASS,1,STORY-0244,PASS,src/backend/dsgeorref/contexts/operations_audit/adapters/security/threat-model-validado-scanning-e-testes-ofensivos/** | tests/security/contexts/operations_audit/threat-model-validado-scanning-e-testes-ofensivos/**,NOT_APPLICABLE,PASS,,NOT_APPLICABLE,PASS,,NOT_APPLICABLE,PASS,,NOT_APPLICABLE,PASS,,NOT_APPLICABLE,PASS,,PASS,test_epic_041_ofensivo_happy_path/test_epic_041_ofensivo_negative_paths,EVIDENCE_ONLY,PASS,,evidence/security/epic-041/story-0247/ | commit candidato e relatório de testes,PASS,4,AC-ISSUE-0357-01/AC-ISSUE-0357-02/AC-ISSUE-0357-03/AC-ISSUE-0357-04,PASS,QA/Reviewer,PASS
SPRINT-002,ISSUE-0358,Implementable story,STORY-0248,TASK-0248,EPIC-041,DevOps,BC-014,PASS,3,STORY-0245/STORY-0246/STORY-0247,PASS,tests/sec/threat-model-validado-scanning-e-testes-ofensivos/** | tools/quality/contexts/operations_audit/threat-model-validado-scanning-e-testes-ofensivos/** | .github/workflows/threat-model-validado-scanning-e-testes-ofensivos.yaml,NOT_APPLICABLE,PASS,,NOT_APPLICABLE,PASS,,NOT_APPLICABLE,PASS,,NOT_APPLICABLE,PASS,,NOT_APPLICABLE,PASS,,PASS,test_epic_041_operacao,EVIDENCE_ONLY,PASS,,evidence/operations/epic-041/story-0248/ | commit candidato e relatório de testes,PASS,4,AC-ISSUE-0358-01/AC-ISSUE-0358-02/AC-ISSUE-0358-03/AC-ISSUE-0358-04,PASS,QA/Reviewer,PASS
SPRINT-002,ISSUE-0359,Implementable story,STORY-0249,TASK-0249,EPIC-041,Reviewer,BC-014,PASS,1,STORY-0248,PASS,evidence/reviews/threat-model-validado-scanning-e-testes-ofensivos/**,NOT_APPLICABLE,PASS,,NOT_APPLICABLE,PASS,,NOT_APPLICABLE,PASS,,NOT_APPLICABLE,PASS,,NOT_APPLICABLE,PASS,,PASS,test_epic_041_aceite_happy_path/test_epic_041_aceite_negative_paths,EVIDENCE_ONLY,PASS,Audit,evidence/reviews/epic-041/story-0249/ | commit candidato e relatório de testes,PASS,4,AC-ISSUE-0359-01/AC-ISSUE-0359-02/AC-ISSUE-0359-03/AC-ISSUE-0359-04,PASS,Reviewer,PASS
SPRINT-002,ISSUE-0621,Implementable story,STORY-0511,TASK-0511,EPIC-082,Arquiteto,BC-014,PASS,1,STORY-0050,PASS,contracts/contexts/operations_audit/plt/preflight-de-hardware-e-executionprofiles-cpu-gpu-hibr/** | docs/02-architecture/design-reviews/preflight-de-hardware-e-executionprofiles-cpu-gpu-hibr/**,APPLICABLE,PASS,get_admin_health/get_admin_readiness/get_admin_resources/post_admin_drain/get_admin_audit/post_admin_support_bundles,NOT_APPLICABLE,PASS,,NOT_APPLICABLE,PASS,ADR-010/ADR-011/ADR-014,NOT_APPLICABLE,PASS,,NOT_APPLICABLE,PASS,,PASS,test_epic_082_politica,EVIDENCE_ONLY,PASS,,evidence/implementation/epic-082/story-0511/ | commit candidato e relatório de testes,PASS,4,AC-ISSUE-0621-01/AC-ISSUE-0621-02/AC-ISSUE-0621-03/AC-ISSUE-0621-04,PASS,Arquiteto/Reviewer,PASS
SPRINT-002,ISSUE-0622,Implementable story,STORY-0512,TASK-0512,EPIC-082,Backend,BC-014,PASS,1,STORY-0511,PASS,src/backend/dsgeorref/contexts/operations_audit/application/preflight-de-hardware-e-executionprofiles-cpu-gpu-hibr/** | src/backend/dsgeorref/contexts/operations_audit/adapters/preflight-de-hardware-e-executionprofiles-cpu-gpu-hibr/**,NOT_APPLICABLE,PASS,,APPLICABLE,PASS,ADR-018/ADR-019,NOT_APPLICABLE,PASS,,NOT_APPLICABLE,PASS,,APPLICABLE,PASS,ADR-053,PASS,test_cpu_baseline_gpu_optional_no_silent_fallback/test_device_aware_gpu_leases_vram_budgets_model_residency_and_explicit_fallback/test_nondeterministic_capability_declaration_repeatability_probes_and_bounded_consensus/test_epic_082_backend,EVIDENCE_ONLY,PASS,,evidence/implementation/epic-082/story-0512/ | commit candidato e relatório de testes,PASS,4,AC-ISSUE-0622-01/AC-ISSUE-0622-02/AC-ISSUE-0622-03/AC-ISSUE-0622-04,PASS,Arquiteto/QA/Reviewer,PASS
SPRINT-002,ISSUE-0623,Implementable story,STORY-0513,TASK-0513,EPIC-082,Frontend,BC-014,PASS,1,STORY-0511,PASS,src/frontend/src/contexts/operations_audit/features/preflight-de-hardware-e-executionprofiles-cpu-gpu-hibr/**,APPLICABLE,PASS,get_admin_health/get_admin_readiness/get_admin_resources/post_admin_drain/get_admin_audit/post_admin_support_bundles,NOT_APPLICABLE,PASS,,APPLICABLE,PASS,ADR-010/ADR-011/ADR-014,NOT_APPLICABLE,PASS,,NOT_APPLICABLE,PASS,,PASS,test_epic_082_superficie,EVIDENCE_ONLY,PASS,,evidence/implementation/epic-082/story-0513/ | commit candidato e relatório de testes,PASS,4,AC-ISSUE-0623-01/AC-ISSUE-0623-02/AC-ISSUE-0623-03/AC-ISSUE-0623-04,PASS,Arquiteto/QA/Reviewer,PASS
SPRINT-002,ISSUE-0624,Implementable story,STORY-0514,TASK-0514,EPIC-082,Security,BC-014,PASS,2,STORY-0512/STORY-0513,PASS,src/backend/dsgeorref/contexts/operations_audit/adapters/security/preflight-de-hardware-e-executionprofiles-cpu-gpu-hibr/** | tests/security/contexts/operations_audit/preflight-de-hardware-e-executionprofiles-cpu-gpu-hibr/**,NOT_APPLICABLE,PASS,,NOT_APPLICABLE,PASS,,NOT_APPLICABLE,PASS,,NOT_APPLICABLE,PASS,,NOT_APPLICABLE,PASS,,PASS,test_epic_082_seguranca_happy_path/test_epic_082_seguranca_negative_paths,EVIDENCE_ONLY,PASS,,evidence/security/epic-082/story-0514/ | commit candidato e relatório de testes,PASS,4,AC-ISSUE-0624-01/AC-ISSUE-0624-02/AC-ISSUE-0624-03/AC-ISSUE-0624-04,PASS,QA/Reviewer,PASS
SPRINT-002,ISSUE-0625,Implementable story,STORY-0515,TASK-0515,EPIC-082,Reviewer,BC-014,PASS,1,STORY-0514,PASS,evidence/reviews/preflight-de-hardware-e-executionprofiles-cpu-gpu-hibr/**,NOT_APPLICABLE,PASS,,NOT_APPLICABLE,PASS,,NOT_APPLICABLE,PASS,,NOT_APPLICABLE,PASS,,NOT_APPLICABLE,PASS,,PASS,test_epic_082_aceite_happy_path/test_epic_082_aceite_negative_paths,EVIDENCE_ONLY,PASS,Audit,evidence/reviews/epic-082/story-0515/ | commit candidato e relatório de testes,PASS,4,AC-ISSUE-0625-01/AC-ISSUE-0625-02/AC-ISSUE-0625-03/AC-ISSUE-0625-04,PASS,Reviewer,PASS
SPRINT-002,ISSUE-0822,Implementable story,STORY-0712,TASK-0712,EPIC-008,Backend,BC-002,PASS,1,STORY-0036,PASS,src/backend/dsgeorref/contexts/identity_access/application/contas-locais-bootstrap-unico-sessoes-tokens-e-adapter/auth-impl-dbschema-parte-1/** | src/backend/dsgeorref/contexts/identity_access/adapters/contas-locais-bootstrap-unico-sessoes-tokens-e-adapter/auth-impl-dbschema-parte-1/**,NOT_APPLICABLE,PASS,,APPLICABLE,PASS,ADR-018/ADR-019,NOT_APPLICABLE,PASS,,NOT_APPLICABLE,PASS,ADR-043,NOT_APPLICABLE,PASS,,PASS,test_req_auth_impl_001/test_req_auth_impl_002/test_req_auth_impl_003/test_req_auth_impl_004/test_req_auth_impl_005/test_req_auth_impl_006/test_req_auth_impl_008/test_req_auth_impl_009/test_req_auth_impl_0010/test_req_dbschema_003,PRODUCT_AND_EVIDENCE,PASS,,evidence/implementation/contas-locais-bootstrap-unico-sessoes-tokens-e-ada/auth-impl-dbschema-parte-1/ | commit candidato e relatório de testes,PASS,4,AC-ISSUE-0822-01/AC-ISSUE-0822-02/AC-ISSUE-0822-03/AC-ISSUE-0822-04,PASS,Arquiteto/QA/Reviewer,PASS
SPRINT-002,ISSUE-0823,Implementable story,STORY-0713,TASK-0713,EPIC-008,Backend,BC-002,PASS,1,STORY-0036,PASS,src/backend/dsgeorref/contexts/identity_access/application/contas-locais-bootstrap-unico-sessoes-tokens-e-adapter/id-parte-2/** | src/backend/dsgeorref/contexts/identity_access/adapters/contas-locais-bootstrap-unico-sessoes-tokens-e-adapter/id-parte-2/**,NOT_APPLICABLE,PASS,,APPLICABLE,PASS,ADR-018/ADR-019,NOT_APPLICABLE,PASS,,NOT_APPLICABLE,PASS,,NOT_APPLICABLE,PASS,,PASS,test_network_authentication_local_oidc/test_bootstrap_session_token_recovery,EVIDENCE_ONLY,PASS,,evidence/implementation/contas-locais-bootstrap-unico-sessoes-tokens-e-ada/id-parte-2/ | commit candidato e relatório de testes,PASS,4,AC-ISSUE-0823-01/AC-ISSUE-0823-02/AC-ISSUE-0823-03/AC-ISSUE-0823-04,PASS,Arquiteto/QA/Reviewer,PASS
SPRINT-002,ISSUE-0824,Implementable story,STORY-0714,TASK-0714,EPIC-009,Backend,BC-002,PASS,1,STORY-0041,PASS,src/backend/dsgeorref/contexts/identity_access/application/usuarios-e-papeis-da-instancia/acc-auth-impl-parte-1/** | src/backend/dsgeorref/contexts/identity_access/adapters/usuarios-e-papeis-da-instancia/acc-auth-impl-parte-1/**,NOT_APPLICABLE,PASS,,APPLICABLE,PASS,ADR-018/ADR-019,NOT_APPLICABLE,PASS,,NOT_APPLICABLE,PASS,ADR-043,NOT_APPLICABLE,PASS,,PASS,test_role_project_operation_access/test_req_auth_impl_001/test_req_auth_impl_002/test_req_auth_impl_003/test_req_auth_impl_004/test_req_auth_impl_005/test_req_auth_impl_006/test_req_auth_impl_008/test_req_auth_impl_009/test_req_auth_impl_0010,PRODUCT_AND_EVIDENCE,PASS,,evidence/implementation/usuarios-e-papeis-da-instancia/acc-auth-impl-parte-1/ | commit candidato e relatório de testes,PASS,4,AC-ISSUE-0824-01/AC-ISSUE-0824-02/AC-ISSUE-0824-03/AC-ISSUE-0824-04,PASS,Arquiteto/QA/Reviewer,PASS
SPRINT-002,ISSUE-0825,Implementable story,STORY-0715,TASK-0715,EPIC-009,Backend,BC-002,PASS,1,STORY-0041,PASS,src/backend/dsgeorref/contexts/identity_access/application/usuarios-e-papeis-da-instancia/id-parte-2/** | src/backend/dsgeorref/contexts/identity_access/adapters/usuarios-e-papeis-da-instancia/id-parte-2/**,NOT_APPLICABLE,PASS,,APPLICABLE,PASS,ADR-018/ADR-019,NOT_APPLICABLE,PASS,,NOT_APPLICABLE,PASS,,NOT_APPLICABLE,PASS,,PASS,test_bootstrap_session_token_recovery,EVIDENCE_ONLY,PASS,,evidence/implementation/usuarios-e-papeis-da-instancia/id-parte-2/ | commit candidato e relatório de testes,PASS,4,AC-ISSUE-0825-01/AC-ISSUE-0825-02/AC-ISSUE-0825-03/AC-ISSUE-0825-04,PASS,Arquiteto/QA/Reviewer,PASS
SPRINT-002,ISSUE-0826,Implementable story,STORY-0716,TASK-0716,EPIC-010,Backend,BC-002,PASS,1,STORY-0046,PASS,src/backend/dsgeorref/contexts/identity_access/application/autorizacao-por-projeto-operacao-artefato-e-caminho/acc-auth-impl-parte-1/** | src/backend/dsgeorref/contexts/identity_access/adapters/autorizacao-por-projeto-operacao-artefato-e-caminho/acc-auth-impl-parte-1/**,NOT_APPLICABLE,PASS,,APPLICABLE,PASS,ADR-018/ADR-019,NOT_APPLICABLE,PASS,,NOT_APPLICABLE,PASS,ADR-043,NOT_APPLICABLE,PASS,,PASS,test_role_project_operation_access/test_req_auth_impl_001/test_req_auth_impl_002/test_req_auth_impl_003/test_req_auth_impl_004/test_req_auth_impl_005/test_req_auth_impl_006/test_req_auth_impl_008/test_req_auth_impl_009/test_req_auth_impl_0010,PRODUCT_AND_EVIDENCE,PASS,,evidence/implementation/autorizacao-por-projeto-operacao-artefato-e-caminh/acc-auth-impl-parte-1/ | commit candidato e relatório de testes,PASS,4,AC-ISSUE-0826-01/AC-ISSUE-0826-02/AC-ISSUE-0826-03/AC-ISSUE-0826-04,PASS,Arquiteto/QA/Reviewer,PASS
SPRINT-002,ISSUE-0827,Implementable story,STORY-0717,TASK-0717,EPIC-010,Backend,BC-002,PASS,1,STORY-0046,PASS,src/backend/dsgeorref/contexts/identity_access/application/autorizacao-por-projeto-operacao-artefato-e-caminho/hw-parte-2/** | src/backend/dsgeorref/contexts/identity_access/adapters/autorizacao-por-projeto-operacao-artefato-e-caminho/hw-parte-2/**,NOT_APPLICABLE,PASS,,APPLICABLE,PASS,ADR-018/ADR-019,NOT_APPLICABLE,PASS,,NOT_APPLICABLE,PASS,,NOT_APPLICABLE,PASS,,PASS,test_cpu_baseline_gpu_optional_no_silent_fallback,PRODUCT_AND_EVIDENCE,PASS,,evidence/implementation/autorizacao-por-projeto-operacao-artefato-e-caminh/hw-parte-2/ | commit candidato e relatório de testes,PASS,4,AC-ISSUE-0827-01/AC-ISSUE-0827-02/AC-ISSUE-0827-03/AC-ISSUE-0827-04,PASS,Arquiteto/QA/Reviewer,PASS
SPRINT-002,ISSUE-0828,Implementable story,STORY-0718,TASK-0718,EPIC-012,Backend,BC-003,PASS,1,STORY-0056,PASS,src/backend/dsgeorref/contexts/project_workspace/application/raizes-de-workspace-api-de-navegacao-segura-catalogo-h/art-artlayout-cat-parte-1/** | src/backend/dsgeorref/contexts/project_workspace/adapters/raizes-de-workspace-api-de-navegacao-segura-catalogo-h/art-artlayout-cat-parte-1/**,APPLICABLE,PASS,get_projects/post_projects/get_projects_projectid/patch_projects_projectid/get_workspace_roots/get_workspace_entries/post_projects_projectid_assets/get_assets_assetid/post_projects_projectid_processing_plans/post_projects_projectid_jobs,APPLICABLE,PASS,ADR-018/ADR-019/ADR-020/ADR-023/ADR-025/ADR-026,NOT_APPLICABLE,PASS,ADR-010/ADR-011/ADR-012/ADR-013/ADR-014,NOT_APPLICABLE,PASS,ADR-043,NOT_APPLICABLE,PASS,,PASS,artifact_lineage_consistency/test_atomic_artifactset_publication_failure_recovery/test_req_artlayout_002/test_catalog_190k_metadata_pagination_search/test_req_dbschema_002/test_req_dbschema_003/test_req_dbschema_004/test_req_dbschema_006/test_req_dbschema_009/test_directory_picker_path_traversal_symlink_escape,PRODUCT_AND_EVIDENCE,PASS,Lineage,evidence/implementation/raizes-de-workspace-api-de-navegacao-segura-catalo/art-artlayout-cat-parte-1/ | commit candidato e relatório de testes,PASS,4,AC-ISSUE-0828-01/AC-ISSUE-0828-02/AC-ISSUE-0828-03/AC-ISSUE-0828-04,PASS,Arquiteto/QA/Reviewer,PASS
SPRINT-002,ISSUE-0829,Implementable story,STORY-0719,TASK-0719,EPIC-012,Backend,BC-003,PASS,1,STORY-0056,PASS,src/backend/dsgeorref/contexts/project_workspace/application/raizes-de-workspace-api-de-navegacao-segura-catalogo-h/prv-run-scm-parte-2/** | src/backend/dsgeorref/contexts/project_workspace/adapters/raizes-de-workspace-api-de-navegacao-segura-catalogo-h/prv-run-scm-parte-2/**,APPLICABLE,PASS,get_projects/post_projects/get_projects_projectid/patch_projects_projectid/get_workspace_roots/get_workspace_entries/post_projects_projectid_assets/get_assets_assetid/post_projects_projectid_processing_plans/post_projects_projectid_jobs,APPLICABLE,PASS,ADR-018/ADR-019/ADR-020/ADR-023/ADR-025/ADR-026,NOT_APPLICABLE,PASS,ADR-010/ADR-011/ADR-012/ADR-013/ADR-014,NOT_APPLICABLE,PASS,ADR-045,NOT_APPLICABLE,PASS,,PASS,retention_deletion_restore/test_req_run_002/test_req_run_003/test_req_run_004/test_req_run_005/test_req_run_007/test_req_run_009/test_expand_migrate_contract_chunked_backfill_resume_invariants_and_irreversibility/test_sqlalchemy_alembic_postgis/test_model_boundary_architecture,PRODUCT_AND_EVIDENCE,PASS,Lineage,evidence/implementation/raizes-de-workspace-api-de-navegacao-segura-catalo/prv-run-scm-parte-2/ | commit candidato e relatório de testes,PASS,4,AC-ISSUE-0829-01/AC-ISSUE-0829-02/AC-ISSUE-0829-03/AC-ISSUE-0829-04,PASS,Arquiteto/QA/Reviewer,PASS
SPRINT-002,ISSUE-0830,Implementable story,STORY-0720,TASK-0720,EPIC-012,Backend,BC-003,PASS,1,STORY-0056,PASS,src/backend/dsgeorref/contexts/project_workspace/application/raizes-de-workspace-api-de-navegacao-segura-catalogo-h/upg-parte-3/** | src/backend/dsgeorref/contexts/project_workspace/adapters/raizes-de-workspace-api-de-navegacao-segura-catalogo-h/upg-parte-3/**,APPLICABLE,PASS,get_projects/post_projects/get_projects_projectid/patch_projects_projectid/get_workspace_roots/get_workspace_entries/post_projects_projectid_assets/get_assets_assetid/post_projects_projectid_processing_plans/post_projects_projectid_jobs,APPLICABLE,PASS,ADR-018/ADR-019/ADR-020/ADR-023/ADR-025/ADR-026,NOT_APPLICABLE,PASS,ADR-010/ADR-011/ADR-012/ADR-013/ADR-014,NOT_APPLICABLE,PASS,,NOT_APPLICABLE,PASS,,PASS,test_singleton_upgrade_controller_lease_preflight_checkpoint_resume_and_split_brain_prevention,PRODUCT_AND_EVIDENCE,PASS,Lineage,evidence/implementation/raizes-de-workspace-api-de-navegacao-segura-catalo/upg-parte-3/ | commit candidato e relatório de testes,PASS,4,AC-ISSUE-0830-01/AC-ISSUE-0830-02/AC-ISSUE-0830-03/AC-ISSUE-0830-04,PASS,Arquiteto/QA/Reviewer,PASS
SPRINT-002,ISSUE-0857,Implementable story,STORY-0747,TASK-0747,EPIC-041,Arquiteto,BC-014,PASS,1,STORY-0244,PASS,contracts/contexts/operations_audit/sec/threat-model-validado-scanning-e-testes-ofensivos/aie-parte-1/** | docs/02-architecture/design-reviews/threat-model-validado-scanning-e-testes-ofensivos/aie-parte-1/**,NOT_APPLICABLE,PASS,,NOT_APPLICABLE,PASS,,NOT_APPLICABLE,PASS,,NOT_APPLICABLE,PASS,ADR-046,APPLICABLE,PASS,ADR-051/ADR-052/ADR-053,PASS,test_ai_escalation_decision_01/test_ai_escalation_decision_02/test_ai_escalation_decision_03/test_ai_escalation_decision_04/test_ai_escalation_decision_05/test_ai_escalation_decision_06/test_ai_escalation_decision_07/test_ai_escalation_decision_08/test_ai_escalation_decision_09/test_ai_escalation_decision_10,EVIDENCE_ONLY,PASS,,evidence/implementation/threat-model-validado-scanning-e-testes-ofensivos/aie-parte-1/ | commit candidato e relatório de testes,PASS,4,AC-ISSUE-0857-01/AC-ISSUE-0857-02/AC-ISSUE-0857-03/AC-ISSUE-0857-04,PASS,Arquiteto/Reviewer,PASS
SPRINT-002,ISSUE-0858,Implementable story,STORY-0748,TASK-0748,EPIC-041,Arquiteto,BC-014,PASS,1,STORY-0244,PASS,contracts/contexts/operations_audit/sec/threat-model-validado-scanning-e-testes-ofensivos/artlayout-auth-impl-parte-2/** | docs/02-architecture/design-reviews/threat-model-validado-scanning-e-testes-ofensivos/artlayout-auth-impl-parte-2/**,NOT_APPLICABLE,PASS,,NOT_APPLICABLE,PASS,ADR-023,NOT_APPLICABLE,PASS,,NOT_APPLICABLE,PASS,,NOT_APPLICABLE,PASS,,PASS,test_req_artlayout_0010/test_req_auth_impl_001/test_req_auth_impl_002/test_req_auth_impl_003/test_req_auth_impl_004/test_req_auth_impl_005/test_req_auth_impl_006/test_req_auth_impl_007/test_req_auth_impl_008/test_req_auth_impl_009,PRODUCT_AND_EVIDENCE,PASS,,evidence/implementation/threat-model-validado-scanning-e-testes-ofensivos/artlayout-auth-impl-parte-2/ | commit candidato e relatório de testes,PASS,4,AC-ISSUE-0858-01/AC-ISSUE-0858-02/AC-ISSUE-0858-03/AC-ISSUE-0858-04,PASS,Arquiteto/Reviewer,PASS
SPRINT-002,ISSUE-0859,Implementable story,STORY-0749,TASK-0749,EPIC-041,Arquiteto,BC-014,PASS,1,STORY-0244,PASS,contracts/contexts/operations_audit/sec/threat-model-validado-scanning-e-testes-ofensivos/auth-impl-epic-fs-parte-3/** | docs/02-architecture/design-reviews/threat-model-validado-scanning-e-testes-ofensivos/auth-impl-epic-fs-parte-3/**,NOT_APPLICABLE,PASS,,NOT_APPLICABLE,PASS,,NOT_APPLICABLE,PASS,ADR-014,NOT_APPLICABLE,PASS,ADR-047,NOT_APPLICABLE,PASS,,PASS,test_req_auth_impl_0010/malicious_file_suite/test_directory_picker_path_traversal_symlink_escape/test_free_download_only_and_purchase_blocked/test_provider_capability_contract_allowlist_ssrf_no_purchase,EVIDENCE_ONLY,PASS,,evidence/implementation/threat-model-validado-scanning-e-testes-ofensivos/auth-impl-epic-fs-parte-3/ | commit candidato e relatório de testes,PASS,4,AC-ISSUE-0859-01/AC-ISSUE-0859-02/AC-ISSUE-0859-03/AC-ISSUE-0859-04,PASS,Arquiteto/Reviewer,PASS
SPRINT-003,ISSUE-0014,Epic delivery envelope,,,EPIC-014,Backend,BC-010,PASS,1,,PASS,9 TaskEnvelopes filhos,APPLICABLE,PASS,6,APPLICABLE,PASS,,NOT_APPLICABLE,PASS,,NOT_APPLICABLE,PASS,,APPLICABLE,PASS,,PASS,36 testes declarados,PRODUCT_AND_EVIDENCE,PASS,,9 evidence scopes,PASS,36,AC-ISSUE-0014-01/AC-ISSUE-0014-02/AC-ISSUE-0014-03/AC-ISSUE-0014-04/AC-ISSUE-0014-05/AC-ISSUE-0014-06,PASS,Arquiteto/QA/Reviewer,PASS
SPRINT-003,ISSUE-0015,Epic delivery envelope,,,EPIC-015,Backend,BC-010,PASS,1,,PASS,7 TaskEnvelopes filhos,APPLICABLE,PASS,6,APPLICABLE,PASS,,NOT_APPLICABLE,PASS,,NOT_APPLICABLE,PASS,,NOT_APPLICABLE,PASS,,PASS,11 testes declarados,EVIDENCE_ONLY,PASS,,7 evidence scopes,PASS,28,AC-ISSUE-0015-01/AC-ISSUE-0015-02/AC-ISSUE-0015-03/AC-ISSUE-0015-04/AC-ISSUE-0015-05/AC-ISSUE-0015-06,PASS,Arquiteto/QA/Reviewer,PASS
SPRINT-003,ISSUE-0016,Epic delivery envelope,,,EPIC-016,Backend,BC-010,PASS,1,,PASS,7 TaskEnvelopes filhos,APPLICABLE,PASS,6,APPLICABLE,PASS,,NOT_APPLICABLE,PASS,,NOT_APPLICABLE,PASS,,NOT_APPLICABLE,PASS,,PASS,13 testes declarados,EVIDENCE_ONLY,PASS,,7 evidence scopes,PASS,28,AC-ISSUE-0016-01/AC-ISSUE-0016-02/AC-ISSUE-0016-03/AC-ISSUE-0016-04/AC-ISSUE-0016-05/AC-ISSUE-0016-06,PASS,Arquiteto/QA/Reviewer,PASS
SPRINT-003,ISSUE-0017,Epic delivery envelope,,,EPIC-017,Backend,BC-010,PASS,1,,PASS,7 TaskEnvelopes filhos,APPLICABLE,PASS,21,APPLICABLE,PASS,,NOT_APPLICABLE,PASS,,NOT_APPLICABLE,PASS,,NOT_APPLICABLE,PASS,,PASS,9 testes declarados,EVIDENCE_ONLY,PASS,,7 evidence scopes,PASS,28,AC-ISSUE-0017-01/AC-ISSUE-0017-02/AC-ISSUE-0017-03/AC-ISSUE-0017-04/AC-ISSUE-0017-05/AC-ISSUE-0017-06,PASS,Arquiteto/QA/Reviewer,PASS
SPRINT-003,ISSUE-0018,Epic delivery envelope,,,EPIC-018,Backend,BC-010,PASS,1,,PASS,7 TaskEnvelopes filhos,APPLICABLE,PASS,6,APPLICABLE,PASS,,NOT_APPLICABLE,PASS,,NOT_APPLICABLE,PASS,,APPLICABLE,PASS,,PASS,24 testes declarados,EVIDENCE_ONLY,PASS,,7 evidence scopes,PASS,28,AC-ISSUE-0018-01/AC-ISSUE-0018-02/AC-ISSUE-0018-03/AC-ISSUE-0018-04/AC-ISSUE-0018-05/AC-ISSUE-0018-06,PASS,Arquiteto/QA/Reviewer,PASS
SPRINT-003,ISSUE-0019,Epic delivery envelope,,,EPIC-019,Backend,BC-010,PASS,1,,PASS,7 TaskEnvelopes filhos,APPLICABLE,PASS,6,APPLICABLE,PASS,,NOT_APPLICABLE,PASS,,NOT_APPLICABLE,PASS,,APPLICABLE,PASS,,PASS,21 testes declarados,EVIDENCE_ONLY,PASS,,7 evidence scopes,PASS,28,AC-ISSUE-0019-01/AC-ISSUE-0019-02/AC-ISSUE-0019-03/AC-ISSUE-0019-04/AC-ISSUE-0019-05/AC-ISSUE-0019-06,PASS,Arquiteto/QA/Reviewer,PASS
SPRINT-003,ISSUE-0020,Epic delivery envelope,,,EPIC-020,Backend,BC-016,PASS,1,,PASS,5 TaskEnvelopes filhos,APPLICABLE,PASS,0,APPLICABLE,PASS,,APPLICABLE,PASS,,NOT_APPLICABLE,PASS,,NOT_APPLICABLE,PASS,,PASS,15 testes declarados,PRODUCT_AND_EVIDENCE,PASS,,5 evidence scopes,PASS,20,AC-ISSUE-0020-01/AC-ISSUE-0020-02/AC-ISSUE-0020-03/AC-ISSUE-0020-04/AC-ISSUE-0020-05/AC-ISSUE-0020-06,PASS,Arquiteto/QA/Reviewer,PASS
SPRINT-003,ISSUE-0178,Implementable story,STORY-0068,TASK-0068,EPIC-014,Arquiteto,BC-010,PASS,2,STORY-0020/STORY-0025,PASS,contracts/contexts/job_orchestration/job/modelo-de-job-e-maquina-de-estados-no-postgresql/** | docs/02-architecture/design-reviews/modelo-de-job-e-maquina-de-estados-no-postgresql/**,APPLICABLE,PASS,get_jobs_jobid/post_jobs_jobid_cancel/get_jobs_jobid_events,APPLICABLE,PASS,ADR-018/ADR-019/ADR-020/ADR-023,NOT_APPLICABLE,PASS,ADR-010/ADR-011/ADR-012,NOT_APPLICABLE,PASS,ADR-044,APPLICABLE,PASS,ADR-051/ADR-052/ADR-053,PASS,test_ai_escalation_decision_01/test_ai_escalation_decision_05/test_req_dbschema_008/test_first_functional_slice_decision_01/test_epic_014_contrato,EVIDENCE_ONLY,PASS,,evidence/implementation/epic-014/story-0068/ | commit candidato e relatório de testes,PASS,4,AC-ISSUE-0178-01/AC-ISSUE-0178-02/AC-ISSUE-0178-03/AC-ISSUE-0178-04,PASS,Arquiteto/Reviewer,PASS
SPRINT-003,ISSUE-0179,Implementable story,STORY-0069,TASK-0069,EPIC-014,Backend,BC-010,PASS,2,STORY-0721/STORY-0722,PASS,src/backend/dsgeorref/contexts/job_orchestration/application/modelo-de-job-e-maquina-de-estados-no-postgresql/consolidacao/** | src/backend/dsgeorref/contexts/job_orchestration/adapters/modelo-de-job-e-maquina-de-estados-no-postgresql/consolidacao/**,NOT_APPLICABLE,PASS,,APPLICABLE,PASS,ADR-018/ADR-019/ADR-020/ADR-023,NOT_APPLICABLE,PASS,,NOT_APPLICABLE,PASS,,NOT_APPLICABLE,PASS,,PASS,test_story_0069_slice_consolidation,EVIDENCE_ONLY,PASS,,evidence/implementation/epic-014/story-0069/ | commit candidato e relatório de testes,PASS,4,AC-ISSUE-0179-01/AC-ISSUE-0179-02/AC-ISSUE-0179-03/AC-ISSUE-0179-04,PASS,Arquiteto/QA/Reviewer,PASS
SPRINT-003,ISSUE-0180,Implementable story,STORY-0070,TASK-0070,EPIC-014,Backend,BC-010,PASS,1,STORY-0068,PASS,src/backend/dsgeorref/contexts/job_orchestration/application/modelo-de-job-e-maquina-de-estados-no-postgresql/** | src/backend/dsgeorref/contexts/job_orchestration/adapters/modelo-de-job-e-maquina-de-estados-no-postgresql/**,NOT_APPLICABLE,PASS,,APPLICABLE,PASS,ADR-018/ADR-019/ADR-020/ADR-023,NOT_APPLICABLE,PASS,ADR-012,NOT_APPLICABLE,PASS,,NOT_APPLICABLE,PASS,,PASS,job_state_idempotency_cancel_resume/test_req_worker_002/test_req_worker_004/test_req_worker_005/test_epic_014_execucao,EVIDENCE_ONLY,PASS,,evidence/implementation/epic-014/story-0070/ | commit candidato e relatório de testes,PASS,4,AC-ISSUE-0180-01/AC-ISSUE-0180-02/AC-ISSUE-0180-03/AC-ISSUE-0180-04,PASS,Arquiteto/QA/Reviewer,PASS
SPRINT-003,ISSUE-0181,Implementable story,STORY-0071,TASK-0071,EPIC-014,Backend,BC-010,PASS,1,STORY-0068,PASS,src/backend/dsgeorref/contexts/job_orchestration/application/modelo-de-job-e-maquina-de-estados-no-postgresql/** | src/backend/dsgeorref/contexts/job_orchestration/adapters/modelo-de-job-e-maquina-de-estados-no-postgresql/**,APPLICABLE,PASS,get_jobs_jobid/post_jobs_jobid_cancel/get_jobs_jobid_events,APPLICABLE,PASS,ADR-018/ADR-019/ADR-020/ADR-023,NOT_APPLICABLE,PASS,ADR-010/ADR-011/ADR-012,NOT_APPLICABLE,PASS,,NOT_APPLICABLE,PASS,,PASS,test_epic_014_superficie,EVIDENCE_ONLY,PASS,,evidence/implementation/epic-014/story-0071/ | commit candidato e relatório de testes,PASS,4,AC-ISSUE-0181-01/AC-ISSUE-0181-02/AC-ISSUE-0181-03/AC-ISSUE-0181-04,PASS,Arquiteto/QA/Reviewer,PASS
SPRINT-003,ISSUE-0182,Implementable story,STORY-0072,TASK-0072,EPIC-014,DevOps,BC-010,PASS,1,STORY-0068,PASS,tests/job/modelo-de-job-e-maquina-de-estados-no-postgresql/** | tools/quality/contexts/job_orchestration/modelo-de-job-e-maquina-de-estados-no-postgresql/** | .github/workflows/modelo-de-job-e-maquina-de-estados-no-postgresql.yaml,NOT_APPLICABLE,PASS,,APPLICABLE,PASS,ADR-018/ADR-019/ADR-020/ADR-023,NOT_APPLICABLE,PASS,,NOT_APPLICABLE,PASS,,NOT_APPLICABLE,PASS,,PASS,test_epic_014_resiliencia,EVIDENCE_ONLY,PASS,,evidence/operations/epic-014/story-0072/ | commit candidato e relatório de testes,PASS,4,AC-ISSUE-0182-01/AC-ISSUE-0182-02/AC-ISSUE-0182-03/AC-ISSUE-0182-04,PASS,Arquiteto/QA/Reviewer,PASS
SPRINT-003,ISSUE-0183,Implementable story,STORY-0073,TASK-0073,EPIC-014,QA,BC-010,PASS,4,STORY-0069/STORY-0070/STORY-0071/STORY-0072,PASS,tests/job/modelo-de-job-e-maquina-de-estados-no-postgresql/** | tools/quality/contexts/job_orchestration/modelo-de-job-e-maquina-de-estados-no-postgresql/** | .github/workflows/modelo-de-job-e-maquina-de-estados-no-postgresql.yaml,NOT_APPLICABLE,PASS,,APPLICABLE,PASS,ADR-018/ADR-019/ADR-020/ADR-023,NOT_APPLICABLE,PASS,,NOT_APPLICABLE,PASS,ADR-046,NOT_APPLICABLE,PASS,,PASS,test_ai_escalation_decision_03/test_ai_escalation_decision_07/test_first_functional_slice_decision_05/test_first_functional_slice_decision_07/test_epic_014_validacao_happy_path/test_epic_014_validacao_negative_paths,EVIDENCE_ONLY,PASS,,evidence/qa/epic-014/story-0073/ | commit candidato e relatório de testes,PASS,4,AC-ISSUE-0183-01/AC-ISSUE-0183-02/AC-ISSUE-0183-03/AC-ISSUE-0183-04,PASS,QA/Reviewer,PASS
SPRINT-003,ISSUE-0184,Implementable story,STORY-0074,TASK-0074,EPIC-014,Reviewer,BC-010,PASS,1,STORY-0073,PASS,evidence/reviews/modelo-de-job-e-maquina-de-estados-no-postgresql/**,NOT_APPLICABLE,PASS,,APPLICABLE,PASS,ADR-018/ADR-019/ADR-020/ADR-023,NOT_APPLICABLE,PASS,,NOT_APPLICABLE,PASS,,NOT_APPLICABLE,PASS,,PASS,test_epic_014_aceite_happy_path/test_epic_014_aceite_negative_paths,EVIDENCE_ONLY,PASS,Audit,evidence/reviews/epic-014/story-0074/ | commit candidato e relatório de testes,PASS,4,AC-ISSUE-0184-01/AC-ISSUE-0184-02/AC-ISSUE-0184-03/AC-ISSUE-0184-04,PASS,Reviewer,PASS
SPRINT-003,ISSUE-0185,Implementable story,STORY-0075,TASK-0075,EPIC-015,Arquiteto,BC-010,PASS,1,STORY-0074,PASS,contracts/contexts/job_orchestration/job/runner-direto-e-celery-rabbitmq-sobre-o-mesmo-nucleo/** | docs/02-architecture/design-reviews/runner-direto-e-celery-rabbitmq-sobre-o-mesmo-nucleo/**,APPLICABLE,PASS,get_jobs_jobid/post_jobs_jobid_cancel/get_jobs_jobid_events,NOT_APPLICABLE,PASS,ADR-018,NOT_APPLICABLE,PASS,ADR-010/ADR-011/ADR-014,NOT_APPLICABLE,PASS,,NOT_APPLICABLE,PASS,,PASS,test_small_messages_duplicate_redelivery_authoritative_state/cli_api_semantic_contract/test_epic_015_contrato,EVIDENCE_ONLY,PASS,,evidence/implementation/epic-015/story-0075/ | commit candidato e relatório de testes,PASS,4,AC-ISSUE-0185-01/AC-ISSUE-0185-02/AC-ISSUE-0185-03/AC-ISSUE-0185-04,PASS,Arquiteto/Reviewer,PASS
SPRINT-003,ISSUE-0186,Implementable story,STORY-0076,TASK-0076,EPIC-015,Backend,BC-010,PASS,1,STORY-0075,PASS,src/backend/dsgeorref/contexts/job_orchestration/application/runner-direto-e-celery-rabbitmq-sobre-o-mesmo-nucleo/** | src/backend/dsgeorref/contexts/job_orchestration/adapters/runner-direto-e-celery-rabbitmq-sobre-o-mesmo-nucleo/**,NOT_APPLICABLE,PASS,,APPLICABLE,PASS,ADR-018/ADR-019,NOT_APPLICABLE,PASS,,NOT_APPLICABLE,PASS,,NOT_APPLICABLE,PASS,,PASS,test_epic_015_dominio,EVIDENCE_ONLY,PASS,,evidence/implementation/epic-015/story-0076/ | commit candidato e relatório de testes,PASS,4,AC-ISSUE-0186-01/AC-ISSUE-0186-02/AC-ISSUE-0186-03/AC-ISSUE-0186-04,PASS,Arquiteto/QA/Reviewer,PASS
SPRINT-003,ISSUE-0187,Implementable story,STORY-0077,TASK-0077,EPIC-015,Backend,BC-010,PASS,1,STORY-0075,PASS,src/backend/dsgeorref/contexts/job_orchestration/application/runner-direto-e-celery-rabbitmq-sobre-o-mesmo-nucleo/** | src/backend/dsgeorref/contexts/job_orchestration/adapters/runner-direto-e-celery-rabbitmq-sobre-o-mesmo-nucleo/**,NOT_APPLICABLE,PASS,,APPLICABLE,PASS,ADR-018/ADR-019,NOT_APPLICABLE,PASS,,NOT_APPLICABLE,PASS,,NOT_APPLICABLE,PASS,,PASS,test_epic_015_execucao,EVIDENCE_ONLY,PASS,,evidence/implementation/epic-015/story-0077/ | commit candidato e relatório de testes,PASS,4,AC-ISSUE-0187-01/AC-ISSUE-0187-02/AC-ISSUE-0187-03/AC-ISSUE-0187-04,PASS,Arquiteto/QA/Reviewer,PASS
SPRINT-003,ISSUE-0188,Implementable story,STORY-0078,TASK-0078,EPIC-015,Backend,BC-010,PASS,1,STORY-0075,PASS,src/backend/dsgeorref/contexts/job_orchestration/application/runner-direto-e-celery-rabbitmq-sobre-o-mesmo-nucleo/** | src/backend/dsgeorref/contexts/job_orchestration/adapters/runner-direto-e-celery-rabbitmq-sobre-o-mesmo-nucleo/**,APPLICABLE,PASS,get_jobs_jobid/post_jobs_jobid_cancel/get_jobs_jobid_events,APPLICABLE,PASS,ADR-018/ADR-019,NOT_APPLICABLE,PASS,ADR-010/ADR-011/ADR-014,NOT_APPLICABLE,PASS,,NOT_APPLICABLE,PASS,,PASS,test_epic_015_superficie,EVIDENCE_ONLY,PASS,,evidence/implementation/epic-015/story-0078/ | commit candidato e relatório de testes,PASS,4,AC-ISSUE-0188-01/AC-ISSUE-0188-02/AC-ISSUE-0188-03/AC-ISSUE-0188-04,PASS,Arquiteto/QA/Reviewer,PASS
SPRINT-003,ISSUE-0189,Implementable story,STORY-0079,TASK-0079,EPIC-015,DevOps,BC-010,PASS,1,STORY-0075,PASS,tests/job/runner-direto-e-celery-rabbitmq-sobre-o-mesmo-nucleo/** | tools/quality/contexts/job_orchestration/runner-direto-e-celery-rabbitmq-sobre-o-mesmo-nucleo/** | .github/workflows/runner-direto-e-celery-rabbitmq-sobre-o-mesmo-nucleo.yaml,NOT_APPLICABLE,PASS,,NOT_APPLICABLE,PASS,,NOT_APPLICABLE,PASS,,NOT_APPLICABLE,PASS,,NOT_APPLICABLE,PASS,,PASS,test_epic_015_resiliencia,EVIDENCE_ONLY,PASS,,evidence/operations/epic-015/story-0079/ | commit candidato e relatório de testes,PASS,4,AC-ISSUE-0189-01/AC-ISSUE-0189-02/AC-ISSUE-0189-03/AC-ISSUE-0189-04,PASS,QA/Reviewer,PASS
SPRINT-003,ISSUE-0190,Implementable story,STORY-0080,TASK-0080,EPIC-015,QA,BC-010,PASS,4,STORY-0076/STORY-0077/STORY-0078/STORY-0079,PASS,tests/job/runner-direto-e-celery-rabbitmq-sobre-o-mesmo-nucleo/** | tools/quality/contexts/job_orchestration/runner-direto-e-celery-rabbitmq-sobre-o-mesmo-nucleo/** | .github/workflows/runner-direto-e-celery-rabbitmq-sobre-o-mesmo-nucleo.yaml,NOT_APPLICABLE,PASS,,NOT_APPLICABLE,PASS,,NOT_APPLICABLE,PASS,,NOT_APPLICABLE,PASS,,NOT_APPLICABLE,PASS,,PASS,test_epic_015_validacao_happy_path/test_epic_015_validacao_negative_paths,EVIDENCE_ONLY,PASS,,evidence/qa/epic-015/story-0080/ | commit candidato e relatório de testes,PASS,4,AC-ISSUE-0190-01/AC-ISSUE-0190-02/AC-ISSUE-0190-03/AC-ISSUE-0190-04,PASS,QA/Reviewer,PASS
SPRINT-003,ISSUE-0191,Implementable story,STORY-0081,TASK-0081,EPIC-015,Reviewer,BC-010,PASS,1,STORY-0080,PASS,evidence/reviews/runner-direto-e-celery-rabbitmq-sobre-o-mesmo-nucleo/**,NOT_APPLICABLE,PASS,,NOT_APPLICABLE,PASS,,NOT_APPLICABLE,PASS,,NOT_APPLICABLE,PASS,,NOT_APPLICABLE,PASS,,PASS,test_epic_015_aceite_happy_path/test_epic_015_aceite_negative_paths,EVIDENCE_ONLY,PASS,Audit,evidence/reviews/epic-015/story-0081/ | commit candidato e relatório de testes,PASS,4,AC-ISSUE-0191-01/AC-ISSUE-0191-02/AC-ISSUE-0191-03/AC-ISSUE-0191-04,PASS,Reviewer,PASS
SPRINT-003,ISSUE-0192,Implementable story,STORY-0082,TASK-0082,EPIC-016,Arquiteto,BC-010,PASS,1,STORY-0081,PASS,contracts/contexts/job_orchestration/job/retries-redelivery-cancelamento-retomada-e-idempotenci/** | docs/02-architecture/design-reviews/retries-redelivery-cancelamento-retomada-e-idempotenci/**,APPLICABLE,PASS,get_jobs_jobid/post_jobs_jobid_cancel/get_jobs_jobid_events,NOT_APPLICABLE,PASS,ADR-018,NOT_APPLICABLE,PASS,ADR-010/ADR-011,NOT_APPLICABLE,PASS,,NOT_APPLICABLE,PASS,,PASS,test_small_messages_duplicate_redelivery_authoritative_state/test_retry_classification_budget_idempotency_no_quality_relaxation/test_epic_016_contrato,EVIDENCE_ONLY,PASS,,evidence/implementation/epic-016/story-0082/ | commit candidato e relatório de testes,PASS,4,AC-ISSUE-0192-01/AC-ISSUE-0192-02/AC-ISSUE-0192-03/AC-ISSUE-0192-04,PASS,Arquiteto/Reviewer,PASS
SPRINT-003,ISSUE-0193,Implementable story,STORY-0083,TASK-0083,EPIC-016,Backend,BC-010,PASS,1,STORY-0082,PASS,src/backend/dsgeorref/contexts/job_orchestration/application/retries-redelivery-cancelamento-retomada-e-idempotenci/** | src/backend/dsgeorref/contexts/job_orchestration/adapters/retries-redelivery-cancelamento-retomada-e-idempotenci/**,NOT_APPLICABLE,PASS,,APPLICABLE,PASS,ADR-018/ADR-019,NOT_APPLICABLE,PASS,,NOT_APPLICABLE,PASS,,NOT_APPLICABLE,PASS,,PASS,test_epic_016_dominio,EVIDENCE_ONLY,PASS,,evidence/implementation/epic-016/story-0083/ | commit candidato e relatório de testes,PASS,4,AC-ISSUE-0193-01/AC-ISSUE-0193-02/AC-ISSUE-0193-03/AC-ISSUE-0193-04,PASS,Arquiteto/QA/Reviewer,PASS
SPRINT-003,ISSUE-0194,Implementable story,STORY-0084,TASK-0084,EPIC-016,Backend,BC-010,PASS,1,STORY-0082,PASS,src/backend/dsgeorref/contexts/job_orchestration/application/retries-redelivery-cancelamento-retomada-e-idempotenci/** | src/backend/dsgeorref/contexts/job_orchestration/adapters/retries-redelivery-cancelamento-retomada-e-idempotenci/**,NOT_APPLICABLE,PASS,,APPLICABLE,PASS,ADR-018/ADR-019,NOT_APPLICABLE,PASS,,NOT_APPLICABLE,PASS,,NOT_APPLICABLE,PASS,,PASS,job_state_idempotency_cancel_resume/test_cooperative_cancel_containment_no_partial_publish/test_epic_016_execucao,EVIDENCE_ONLY,PASS,,evidence/implementation/epic-016/story-0084/ | commit candidato e relatório de testes,PASS,4,AC-ISSUE-0194-01/AC-ISSUE-0194-02/AC-ISSUE-0194-03/AC-ISSUE-0194-04,PASS,Arquiteto/QA/Reviewer,PASS
SPRINT-003,ISSUE-0195,Implementable story,STORY-0085,TASK-0085,EPIC-016,Backend,BC-010,PASS,1,STORY-0082,PASS,src/backend/dsgeorref/contexts/job_orchestration/application/retries-redelivery-cancelamento-retomada-e-idempotenci/** | src/backend/dsgeorref/contexts/job_orchestration/adapters/retries-redelivery-cancelamento-retomada-e-idempotenci/**,APPLICABLE,PASS,get_jobs_jobid/post_jobs_jobid_cancel/get_jobs_jobid_events,APPLICABLE,PASS,ADR-018/ADR-019,NOT_APPLICABLE,PASS,ADR-010/ADR-011,NOT_APPLICABLE,PASS,,NOT_APPLICABLE,PASS,,PASS,test_epic_016_superficie,EVIDENCE_ONLY,PASS,,evidence/implementation/epic-016/story-0085/ | commit candidato e relatório de testes,PASS,4,AC-ISSUE-0195-01/AC-ISSUE-0195-02/AC-ISSUE-0195-03/AC-ISSUE-0195-04,PASS,Arquiteto/QA/Reviewer,PASS
SPRINT-003,ISSUE-0196,Implementable story,STORY-0086,TASK-0086,EPIC-016,DevOps,BC-010,PASS,1,STORY-0082,PASS,tests/job/retries-redelivery-cancelamento-retomada-e-idempotenci/** | tools/quality/contexts/job_orchestration/retries-redelivery-cancelamento-retomada-e-idempotenci/** | .github/workflows/retries-redelivery-cancelamento-retomada-e-idempotenci.yaml,NOT_APPLICABLE,PASS,,NOT_APPLICABLE,PASS,,NOT_APPLICABLE,PASS,,NOT_APPLICABLE,PASS,,NOT_APPLICABLE,PASS,,PASS,test_epic_016_resiliencia,EVIDENCE_ONLY,PASS,,evidence/operations/epic-016/story-0086/ | commit candidato e relatório de testes,PASS,4,AC-ISSUE-0196-01/AC-ISSUE-0196-02/AC-ISSUE-0196-03/AC-ISSUE-0196-04,PASS,QA/Reviewer,PASS
SPRINT-003,ISSUE-0197,Implementable story,STORY-0087,TASK-0087,EPIC-016,QA,BC-010,PASS,4,STORY-0083/STORY-0084/STORY-0085/STORY-0086,PASS,tests/job/retries-redelivery-cancelamento-retomada-e-idempotenci/** | tools/quality/contexts/job_orchestration/retries-redelivery-cancelamento-retomada-e-idempotenci/** | .github/workflows/retries-redelivery-cancelamento-retomada-e-idempotenci.yaml,NOT_APPLICABLE,PASS,,NOT_APPLICABLE,PASS,,NOT_APPLICABLE,PASS,,NOT_APPLICABLE,PASS,,NOT_APPLICABLE,PASS,,PASS,test_epic_016_validacao_happy_path/test_epic_016_validacao_negative_paths,EVIDENCE_ONLY,PASS,,evidence/qa/epic-016/story-0087/ | commit candidato e relatório de testes,PASS,4,AC-ISSUE-0197-01/AC-ISSUE-0197-02/AC-ISSUE-0197-03/AC-ISSUE-0197-04,PASS,QA/Reviewer,PASS
SPRINT-003,ISSUE-0198,Implementable story,STORY-0088,TASK-0088,EPIC-016,Reviewer,BC-010,PASS,1,STORY-0087,PASS,evidence/reviews/retries-redelivery-cancelamento-retomada-e-idempotenci/**,NOT_APPLICABLE,PASS,,NOT_APPLICABLE,PASS,,NOT_APPLICABLE,PASS,,NOT_APPLICABLE,PASS,,NOT_APPLICABLE,PASS,,PASS,test_epic_016_aceite_happy_path/test_epic_016_aceite_negative_paths,EVIDENCE_ONLY,PASS,Audit,evidence/reviews/epic-016/story-0088/ | commit candidato e relatório de testes,PASS,4,AC-ISSUE-0198-01/AC-ISSUE-0198-02/AC-ISSUE-0198-03/AC-ISSUE-0198-04,PASS,Reviewer,PASS
SPRINT-003,ISSUE-0199,Implementable story,STORY-0089,TASK-0089,EPIC-017,Arquiteto,BC-010,PASS,1,STORY-0074,PASS,contracts/contexts/job_orchestration/job/rest-sse-e-polling-de-reconciliacao-com-contratos-vers/** | docs/02-architecture/design-reviews/rest-sse-e-polling-de-reconciliacao-com-contratos-vers/**,APPLICABLE,PASS,get_jobs_jobid/post_jobs_jobid_cancel/get_jobs_jobid_events,NOT_APPLICABLE,PASS,,NOT_APPLICABLE,PASS,ADR-010/ADR-011,NOT_APPLICABLE,PASS,,NOT_APPLICABLE,PASS,,PASS,test_epic_017_contrato,EVIDENCE_ONLY,PASS,,evidence/implementation/epic-017/story-0089/ | commit candidato e relatório de testes,PASS,4,AC-ISSUE-0199-01/AC-ISSUE-0199-02/AC-ISSUE-0199-03/AC-ISSUE-0199-04,PASS,Arquiteto/Reviewer,PASS
SPRINT-003,ISSUE-0200,Implementable story,STORY-0090,TASK-0090,EPIC-017,Backend,BC-010,PASS,1,STORY-0089,PASS,src/backend/dsgeorref/contexts/job_orchestration/application/rest-sse-e-polling-de-reconciliacao-com-contratos-vers/** | src/backend/dsgeorref/contexts/job_orchestration/adapters/rest-sse-e-polling-de-reconciliacao-com-contratos-vers/**,APPLICABLE,PASS,get_jobs_jobid/post_jobs_jobid_cancel/get_jobs_jobid_events,APPLICABLE,PASS,ADR-018/ADR-019,NOT_APPLICABLE,PASS,ADR-010/ADR-011,NOT_APPLICABLE,PASS,,NOT_APPLICABLE,PASS,,PASS,test_epic_017_dominio,EVIDENCE_ONLY,PASS,,evidence/implementation/epic-017/story-0090/ | commit candidato e relatório de testes,PASS,4,AC-ISSUE-0200-01/AC-ISSUE-0200-02/AC-ISSUE-0200-03/AC-ISSUE-0200-04,PASS,Arquiteto/QA/Reviewer,PASS
SPRINT-003,ISSUE-0201,Implementable story,STORY-0091,TASK-0091,EPIC-017,Backend,BC-010,PASS,1,STORY-0089,PASS,src/backend/dsgeorref/contexts/job_orchestration/application/rest-sse-e-polling-de-reconciliacao-com-contratos-vers/** | src/backend/dsgeorref/contexts/job_orchestration/adapters/rest-sse-e-polling-de-reconciliacao-com-contratos-vers/**,APPLICABLE,PASS,get_jobs_jobid/post_jobs_jobid_cancel/get_jobs_jobid_events,APPLICABLE,PASS,ADR-018/ADR-019,NOT_APPLICABLE,PASS,ADR-010/ADR-011,NOT_APPLICABLE,PASS,,NOT_APPLICABLE,PASS,,PASS,test_epic_017_execucao,EVIDENCE_ONLY,PASS,,evidence/implementation/epic-017/story-0091/ | commit candidato e relatório de testes,PASS,4,AC-ISSUE-0201-01/AC-ISSUE-0201-02/AC-ISSUE-0201-03/AC-ISSUE-0201-04,PASS,Arquiteto/QA/Reviewer,PASS
SPRINT-003,ISSUE-0202,Implementable story,STORY-0092,TASK-0092,EPIC-017,Backend,BC-010,PASS,1,STORY-0089,PASS,src/backend/dsgeorref/contexts/job_orchestration/application/rest-sse-e-polling-de-reconciliacao-com-contratos-vers/** | src/backend/dsgeorref/contexts/job_orchestration/adapters/rest-sse-e-polling-de-reconciliacao-com-contratos-vers/**,APPLICABLE,PASS,get_jobs_jobid/post_jobs_jobid_cancel/get_jobs_jobid_events,APPLICABLE,PASS,ADR-018/ADR-019,NOT_APPLICABLE,PASS,ADR-010/ADR-011,NOT_APPLICABLE,PASS,,NOT_APPLICABLE,PASS,,PASS,test_epic_017_superficie,EVIDENCE_ONLY,PASS,,evidence/implementation/epic-017/story-0092/ | commit candidato e relatório de testes,PASS,4,AC-ISSUE-0202-01/AC-ISSUE-0202-02/AC-ISSUE-0202-03/AC-ISSUE-0202-04,PASS,Arquiteto/QA/Reviewer,PASS
SPRINT-003,ISSUE-0203,Implementable story,STORY-0093,TASK-0093,EPIC-017,DevOps,BC-010,PASS,1,STORY-0089,PASS,tests/job/rest-sse-e-polling-de-reconciliacao-com-contratos-vers/** | tools/quality/contexts/job_orchestration/rest-sse-e-polling-de-reconciliacao-com-contratos-vers/** | .github/workflows/rest-sse-e-polling-de-reconciliacao-com-contratos-vers.yaml,APPLICABLE,PASS,get_jobs_jobid/post_jobs_jobid_cancel/get_jobs_jobid_events,NOT_APPLICABLE,PASS,,NOT_APPLICABLE,PASS,ADR-010/ADR-011,NOT_APPLICABLE,PASS,,NOT_APPLICABLE,PASS,,PASS,test_epic_017_resiliencia,EVIDENCE_ONLY,PASS,,evidence/operations/epic-017/story-0093/ | commit candidato e relatório de testes,PASS,4,AC-ISSUE-0203-01/AC-ISSUE-0203-02/AC-ISSUE-0203-03/AC-ISSUE-0203-04,PASS,Arquiteto/QA/Reviewer,PASS
SPRINT-003,ISSUE-0204,Implementable story,STORY-0094,TASK-0094,EPIC-017,QA,BC-010,PASS,4,STORY-0090/STORY-0091/STORY-0092/STORY-0093,PASS,tests/job/rest-sse-e-polling-de-reconciliacao-com-contratos-vers/** | tools/quality/contexts/job_orchestration/rest-sse-e-polling-de-reconciliacao-com-contratos-vers/** | .github/workflows/rest-sse-e-polling-de-reconciliacao-com-contratos-vers.yaml,APPLICABLE,PASS,get_jobs_jobid/post_jobs_jobid_cancel/get_jobs_jobid_events,NOT_APPLICABLE,PASS,,NOT_APPLICABLE,PASS,ADR-010/ADR-011,NOT_APPLICABLE,PASS,,NOT_APPLICABLE,PASS,,PASS,test_epic_017_validacao_happy_path/test_epic_017_validacao_negative_paths,EVIDENCE_ONLY,PASS,,evidence/qa/epic-017/story-0094/ | commit candidato e relatório de testes,PASS,4,AC-ISSUE-0204-01/AC-ISSUE-0204-02/AC-ISSUE-0204-03/AC-ISSUE-0204-04,PASS,QA/Reviewer,PASS
SPRINT-003,ISSUE-0205,Implementable story,STORY-0095,TASK-0095,EPIC-017,Reviewer,BC-010,PASS,1,STORY-0094,PASS,evidence/reviews/rest-sse-e-polling-de-reconciliacao-com-contratos-vers/**,APPLICABLE,PASS,get_jobs_jobid/post_jobs_jobid_cancel/get_jobs_jobid_events,NOT_APPLICABLE,PASS,,NOT_APPLICABLE,PASS,ADR-010/ADR-011,NOT_APPLICABLE,PASS,,NOT_APPLICABLE,PASS,,PASS,test_epic_017_aceite_happy_path/test_epic_017_aceite_negative_paths,EVIDENCE_ONLY,PASS,Audit,evidence/reviews/epic-017/story-0095/ | commit candidato e relatório de testes,PASS,4,AC-ISSUE-0205-01/AC-ISSUE-0205-02/AC-ISSUE-0205-03/AC-ISSUE-0205-04,PASS,Reviewer,PASS
SPRINT-003,ISSUE-0206,Implementable story,STORY-0096,TASK-0096,EPIC-018,Arquiteto,BC-010,PASS,3,STORY-0081/STORY-0088/STORY-0061,PASS,contracts/contexts/job_orchestration/job/batch-hierarquico-chunking-backpressure-checkpoints-e/** | docs/02-architecture/design-reviews/batch-hierarquico-chunking-backpressure-checkpoints-e/**,APPLICABLE,PASS,get_jobs_jobid/post_jobs_jobid_cancel/get_jobs_jobid_events,NOT_APPLICABLE,PASS,,NOT_APPLICABLE,PASS,ADR-010/ADR-011/ADR-012,NOT_APPLICABLE,PASS,ADR-046,NOT_APPLICABLE,PASS,,PASS,test_batch_execution_decision_03/test_batch_execution_decision_05/test_checkpoint_compatibility_invalidation_lineage/test_epic_018_contrato,EVIDENCE_ONLY,PASS,,evidence/implementation/epic-018/story-0096/ | commit candidato e relatório de testes,PASS,4,AC-ISSUE-0206-01/AC-ISSUE-0206-02/AC-ISSUE-0206-03/AC-ISSUE-0206-04,PASS,Arquiteto/Reviewer,PASS
SPRINT-003,ISSUE-0207,Implementable story,STORY-0097,TASK-0097,EPIC-018,Backend,BC-010,PASS,1,STORY-0096,PASS,src/backend/dsgeorref/contexts/job_orchestration/application/batch-hierarquico-chunking-backpressure-checkpoints-e/** | src/backend/dsgeorref/contexts/job_orchestration/adapters/batch-hierarquico-chunking-backpressure-checkpoints-e/**,NOT_APPLICABLE,PASS,,APPLICABLE,PASS,ADR-018/ADR-019,NOT_APPLICABLE,PASS,ADR-012,NOT_APPLICABLE,PASS,ADR-049,NOT_APPLICABLE,PASS,,PASS,test_batch_execution_decision_02/test_batch_execution_decision_04/test_batch_execution_decision_06/test_batch_execution_decision_10/test_epic_018_dominio,EVIDENCE_ONLY,PASS,,evidence/implementation/epic-018/story-0097/ | commit candidato e relatório de testes,PASS,4,AC-ISSUE-0207-01/AC-ISSUE-0207-02/AC-ISSUE-0207-03/AC-ISSUE-0207-04,PASS,Arquiteto/QA/Reviewer,PASS
SPRINT-003,ISSUE-0208,Implementable story,STORY-0098,TASK-0098,EPIC-018,Backend,BC-010,PASS,1,STORY-0096,PASS,src/backend/dsgeorref/contexts/job_orchestration/application/batch-hierarquico-chunking-backpressure-checkpoints-e/** | src/backend/dsgeorref/contexts/job_orchestration/adapters/batch-hierarquico-chunking-backpressure-checkpoints-e/**,NOT_APPLICABLE,PASS,,APPLICABLE,PASS,ADR-018/ADR-019,NOT_APPLICABLE,PASS,,NOT_APPLICABLE,PASS,,NOT_APPLICABLE,PASS,,PASS,test_batch_execution_decision_07/test_batch_execution_decision_08/test_batch_execution_decision_09/test_cooperative_cancel_containment_no_partial_publish/test_epic_018_execucao,EVIDENCE_ONLY,PASS,,evidence/implementation/epic-018/story-0098/ | commit candidato e relatório de testes,PASS,4,AC-ISSUE-0208-01/AC-ISSUE-0208-02/AC-ISSUE-0208-03/AC-ISSUE-0208-04,PASS,Arquiteto/QA/Reviewer,PASS
SPRINT-003,ISSUE-0209,Implementable story,STORY-0099,TASK-0099,EPIC-018,Backend,BC-010,PASS,1,STORY-0096,PASS,src/backend/dsgeorref/contexts/job_orchestration/application/batch-hierarquico-chunking-backpressure-checkpoints-e/** | src/backend/dsgeorref/contexts/job_orchestration/adapters/batch-hierarquico-chunking-backpressure-checkpoints-e/**,APPLICABLE,PASS,get_jobs_jobid/post_jobs_jobid_cancel/get_jobs_jobid_events,APPLICABLE,PASS,ADR-018/ADR-019,NOT_APPLICABLE,PASS,ADR-010/ADR-011/ADR-012,NOT_APPLICABLE,PASS,,APPLICABLE,PASS,ADR-053,PASS,test_batch_execution_decision_01/test_batch_auto_completion_nonblocking_review_queue/test_hierarchical_dag_chunk_limits_backpressure_leases_and_safe_boundaries/test_batches_40_100_300_memory_checkpoint_backpressure/test_epic_018_superficie,EVIDENCE_ONLY,PASS,,evidence/implementation/epic-018/story-0099/ | commit candidato e relatório de testes,PASS,4,AC-ISSUE-0209-01/AC-ISSUE-0209-02/AC-ISSUE-0209-03/AC-ISSUE-0209-04,PASS,Arquiteto/QA/Reviewer,PASS
SPRINT-003,ISSUE-0210,Implementable story,STORY-0100,TASK-0100,EPIC-018,DevOps,BC-010,PASS,1,STORY-0096,PASS,tests/job/batch-hierarquico-chunking-backpressure-checkpoints-e/** | tools/quality/contexts/job_orchestration/batch-hierarquico-chunking-backpressure-checkpoints-e/** | .github/workflows/batch-hierarquico-chunking-backpressure-checkpoints-e.yaml,NOT_APPLICABLE,PASS,,NOT_APPLICABLE,PASS,,NOT_APPLICABLE,PASS,,NOT_APPLICABLE,PASS,,NOT_APPLICABLE,PASS,,PASS,test_epic_018_resiliencia,EVIDENCE_ONLY,PASS,,evidence/operations/epic-018/story-0100/ | commit candidato e relatório de testes,PASS,4,AC-ISSUE-0210-01/AC-ISSUE-0210-02/AC-ISSUE-0210-03/AC-ISSUE-0210-04,PASS,QA/Reviewer,PASS
SPRINT-003,ISSUE-0211,Implementable story,STORY-0101,TASK-0101,EPIC-018,QA,BC-010,PASS,4,STORY-0097/STORY-0098/STORY-0099/STORY-0100,PASS,tests/job/batch-hierarquico-chunking-backpressure-checkpoints-e/** | tools/quality/contexts/job_orchestration/batch-hierarquico-chunking-backpressure-checkpoints-e/** | .github/workflows/batch-hierarquico-chunking-backpressure-checkpoints-e.yaml,NOT_APPLICABLE,PASS,,NOT_APPLICABLE,PASS,,NOT_APPLICABLE,PASS,,NOT_APPLICABLE,PASS,,NOT_APPLICABLE,PASS,,PASS,test_epic_018_validacao_happy_path/test_epic_018_validacao_negative_paths,EVIDENCE_ONLY,PASS,,evidence/qa/epic-018/story-0101/ | commit candidato e relatório de testes,PASS,4,AC-ISSUE-0211-01/AC-ISSUE-0211-02/AC-ISSUE-0211-03/AC-ISSUE-0211-04,PASS,QA/Reviewer,PASS
SPRINT-003,ISSUE-0212,Implementable story,STORY-0102,TASK-0102,EPIC-018,Reviewer,BC-010,PASS,1,STORY-0101,PASS,evidence/reviews/batch-hierarquico-chunking-backpressure-checkpoints-e/**,NOT_APPLICABLE,PASS,,NOT_APPLICABLE,PASS,,NOT_APPLICABLE,PASS,,NOT_APPLICABLE,PASS,,NOT_APPLICABLE,PASS,,PASS,test_epic_018_aceite_happy_path/test_epic_018_aceite_negative_paths,EVIDENCE_ONLY,PASS,Audit,evidence/reviews/epic-018/story-0102/ | commit candidato e relatório de testes,PASS,4,AC-ISSUE-0212-01/AC-ISSUE-0212-02/AC-ISSUE-0212-03/AC-ISSUE-0212-04,PASS,Reviewer,PASS
SPRINT-003,ISSUE-0213,Implementable story,STORY-0103,TASK-0103,EPIC-019,Arquiteto,BC-010,PASS,1,STORY-0102,PASS,contracts/contexts/job_orchestration/job/resource-governor-admission-control-e-orcamento-adapta/** | docs/02-architecture/design-reviews/resource-governor-admission-control-e-orcamento-adapta/**,APPLICABLE,PASS,get_jobs_jobid/post_jobs_jobid_cancel/get_jobs_jobid_events,NOT_APPLICABLE,PASS,,NOT_APPLICABLE,PASS,ADR-010/ADR-011/ADR-012,NOT_APPLICABLE,PASS,ADR-046,NOT_APPLICABLE,PASS,,PASS,test_batch_execution_decision_03/test_batch_execution_decision_05/test_epic_019_contrato,EVIDENCE_ONLY,PASS,,evidence/implementation/epic-019/story-0103/ | commit candidato e relatório de testes,PASS,4,AC-ISSUE-0213-01/AC-ISSUE-0213-02/AC-ISSUE-0213-03/AC-ISSUE-0213-04,PASS,Arquiteto/Reviewer,PASS
SPRINT-003,ISSUE-0214,Implementable story,STORY-0104,TASK-0104,EPIC-019,Backend,BC-010,PASS,1,STORY-0103,PASS,src/backend/dsgeorref/contexts/job_orchestration/application/resource-governor-admission-control-e-orcamento-adapta/** | src/backend/dsgeorref/contexts/job_orchestration/adapters/resource-governor-admission-control-e-orcamento-adapta/**,NOT_APPLICABLE,PASS,,APPLICABLE,PASS,ADR-018/ADR-019,NOT_APPLICABLE,PASS,ADR-012,NOT_APPLICABLE,PASS,ADR-044,NOT_APPLICABLE,PASS,,PASS,test_batch_execution_decision_02/test_batch_execution_decision_04/test_batch_execution_decision_06/test_batch_execution_decision_10/test_epic_019_dominio,EVIDENCE_ONLY,PASS,,evidence/implementation/epic-019/story-0104/ | commit candidato e relatório de testes,PASS,4,AC-ISSUE-0214-01/AC-ISSUE-0214-02/AC-ISSUE-0214-03/AC-ISSUE-0214-04,PASS,Arquiteto/QA/Reviewer,PASS
SPRINT-003,ISSUE-0215,Implementable story,STORY-0105,TASK-0105,EPIC-019,Backend,BC-010,PASS,1,STORY-0103,PASS,src/backend/dsgeorref/contexts/job_orchestration/application/resource-governor-admission-control-e-orcamento-adapta/** | src/backend/dsgeorref/contexts/job_orchestration/adapters/resource-governor-admission-control-e-orcamento-adapta/**,NOT_APPLICABLE,PASS,,APPLICABLE,PASS,ADR-018/ADR-019,NOT_APPLICABLE,PASS,ADR-012,NOT_APPLICABLE,PASS,ADR-047,NOT_APPLICABLE,PASS,,PASS,test_batch_execution_decision_07/test_batch_execution_decision_08/test_batch_execution_decision_09/test_budgeted_neighbor_retrieval_recall_and_unexamined_state/test_epic_019_execucao,EVIDENCE_ONLY,PASS,,evidence/implementation/epic-019/story-0105/ | commit candidato e relatório de testes,PASS,4,AC-ISSUE-0215-01/AC-ISSUE-0215-02/AC-ISSUE-0215-03/AC-ISSUE-0215-04,PASS,Arquiteto/QA/Reviewer,PASS
SPRINT-003,ISSUE-0216,Implementable story,STORY-0106,TASK-0106,EPIC-019,Backend,BC-010,PASS,1,STORY-0103,PASS,src/backend/dsgeorref/contexts/job_orchestration/application/resource-governor-admission-control-e-orcamento-adapta/** | src/backend/dsgeorref/contexts/job_orchestration/adapters/resource-governor-admission-control-e-orcamento-adapta/**,APPLICABLE,PASS,get_jobs_jobid/post_jobs_jobid_cancel/get_jobs_jobid_events,APPLICABLE,PASS,ADR-018/ADR-019,NOT_APPLICABLE,PASS,ADR-010/ADR-011/ADR-012,NOT_APPLICABLE,PASS,,APPLICABLE,PASS,ADR-053,PASS,test_batch_execution_decision_01/test_batches_40_100_300_memory_checkpoint_backpressure/test_epic_019_superficie,EVIDENCE_ONLY,PASS,,evidence/implementation/epic-019/story-0106/ | commit candidato e relatório de testes,PASS,4,AC-ISSUE-0216-01/AC-ISSUE-0216-02/AC-ISSUE-0216-03/AC-ISSUE-0216-04,PASS,Arquiteto/QA/Reviewer,PASS
SPRINT-003,ISSUE-0217,Implementable story,STORY-0107,TASK-0107,EPIC-019,DevOps,BC-010,PASS,1,STORY-0103,PASS,tests/job/resource-governor-admission-control-e-orcamento-adapta/** | tools/quality/contexts/job_orchestration/resource-governor-admission-control-e-orcamento-adapta/** | .github/workflows/resource-governor-admission-control-e-orcamento-adapta.yaml,NOT_APPLICABLE,PASS,,NOT_APPLICABLE,PASS,,NOT_APPLICABLE,PASS,,NOT_APPLICABLE,PASS,,NOT_APPLICABLE,PASS,,PASS,test_epic_019_resiliencia,EVIDENCE_ONLY,PASS,,evidence/operations/epic-019/story-0107/ | commit candidato e relatório de testes,PASS,4,AC-ISSUE-0217-01/AC-ISSUE-0217-02/AC-ISSUE-0217-03/AC-ISSUE-0217-04,PASS,QA/Reviewer,PASS
SPRINT-003,ISSUE-0218,Implementable story,STORY-0108,TASK-0108,EPIC-019,QA,BC-010,PASS,4,STORY-0104/STORY-0105/STORY-0106/STORY-0107,PASS,tests/job/resource-governor-admission-control-e-orcamento-adapta/** | tools/quality/contexts/job_orchestration/resource-governor-admission-control-e-orcamento-adapta/** | .github/workflows/resource-governor-admission-control-e-orcamento-adapta.yaml,NOT_APPLICABLE,PASS,,NOT_APPLICABLE,PASS,,NOT_APPLICABLE,PASS,,NOT_APPLICABLE,PASS,,NOT_APPLICABLE,PASS,,PASS,test_epic_019_validacao_happy_path/test_epic_019_validacao_negative_paths,EVIDENCE_ONLY,PASS,,evidence/qa/epic-019/story-0108/ | commit candidato e relatório de testes,PASS,4,AC-ISSUE-0218-01/AC-ISSUE-0218-02/AC-ISSUE-0218-03/AC-ISSUE-0218-04,PASS,QA/Reviewer,PASS
SPRINT-003,ISSUE-0219,Implementable story,STORY-0109,TASK-0109,EPIC-019,Reviewer,BC-010,PASS,1,STORY-0108,PASS,evidence/reviews/resource-governor-admission-control-e-orcamento-adapta/**,NOT_APPLICABLE,PASS,,NOT_APPLICABLE,PASS,,NOT_APPLICABLE,PASS,,NOT_APPLICABLE,PASS,,NOT_APPLICABLE,PASS,,PASS,test_epic_019_aceite_happy_path/test_epic_019_aceite_negative_paths,EVIDENCE_ONLY,PASS,Audit,evidence/reviews/epic-019/story-0109/ | commit candidato e relatório de testes,PASS,4,AC-ISSUE-0219-01/AC-ISSUE-0219-02/AC-ISSUE-0219-03/AC-ISSUE-0219-04,PASS,Reviewer,PASS
SPRINT-003,ISSUE-0220,Implementable story,STORY-0110,TASK-0110,EPIC-020,Arquiteto,BC-016,PASS,2,STORY-0081/STORY-0061,PASS,contracts/contexts/operator_experience/cli/cli-estavel-para-projetos-ingestao-jobs-e-resultados/** | docs/02-architecture/design-reviews/cli-estavel-para-projetos-ingestao-jobs-e-resultados/**,APPLICABLE,PASS,,NOT_APPLICABLE,PASS,,APPLICABLE,PASS,ADR-010/ADR-011,NOT_APPLICABLE,PASS,ADR-044,NOT_APPLICABLE,PASS,,PASS,test_first_functional_slice_decision_01/test_first_functional_slice_decision_04/test_epic_020_contrato,EVIDENCE_ONLY,PASS,,evidence/implementation/epic-020/story-0110/ | commit candidato e relatório de testes,PASS,4,AC-ISSUE-0220-01/AC-ISSUE-0220-02/AC-ISSUE-0220-03/AC-ISSUE-0220-04,PASS,Arquiteto/Reviewer,PASS
SPRINT-003,ISSUE-0221,Implementable story,STORY-0111,TASK-0111,EPIC-020,Backend,BC-016,PASS,1,STORY-0110,PASS,src/backend/dsgeorref/contexts/operator_experience/application/cli-estavel-para-projetos-ingestao-jobs-e-resultados/** | src/backend/dsgeorref/contexts/operator_experience/adapters/cli-estavel-para-projetos-ingestao-jobs-e-resultados/**,APPLICABLE,PASS,,APPLICABLE,PASS,ADR-023,APPLICABLE,PASS,ADR-010/ADR-011,NOT_APPLICABLE,PASS,ADR-044/ADR-045,NOT_APPLICABLE,PASS,,PASS,test_first_functional_slice_decision_02/test_first_functional_slice_decision_03/test_first_functional_slice_decision_06/test_first_functional_slice_decision_08/test_epic_020_adapter,PRODUCT_AND_EVIDENCE,PASS,,evidence/implementation/epic-020/story-0111/ | commit candidato e relatório de testes,PASS,4,AC-ISSUE-0221-01/AC-ISSUE-0221-02/AC-ISSUE-0221-03/AC-ISSUE-0221-04,PASS,Arquiteto/QA/Reviewer,PASS
SPRINT-003,ISSUE-0222,Implementable story,STORY-0112,TASK-0112,EPIC-020,Backend,BC-016,PASS,1,STORY-0110,PASS,src/backend/dsgeorref/contexts/operator_experience/application/cli-estavel-para-projetos-ingestao-jobs-e-resultados/** | src/backend/dsgeorref/contexts/operator_experience/adapters/cli-estavel-para-projetos-ingestao-jobs-e-resultados/**,NOT_APPLICABLE,PASS,,APPLICABLE,PASS,ADR-023,APPLICABLE,PASS,ADR-010/ADR-011,NOT_APPLICABLE,PASS,,NOT_APPLICABLE,PASS,,PASS,test_epic_020_experiencia,EVIDENCE_ONLY,PASS,,evidence/implementation/epic-020/story-0112/ | commit candidato e relatório de testes,PASS,4,AC-ISSUE-0222-01/AC-ISSUE-0222-02/AC-ISSUE-0222-03/AC-ISSUE-0222-04,PASS,Arquiteto/QA/Reviewer,PASS
SPRINT-003,ISSUE-0223,Implementable story,STORY-0113,TASK-0113,EPIC-020,QA,BC-016,PASS,2,STORY-0111/STORY-0112,PASS,tests/cli/cli-estavel-para-projetos-ingestao-jobs-e-resultados/** | tools/quality/contexts/operator_experience/cli-estavel-para-projetos-ingestao-jobs-e-resultados/** | .github/workflows/cli-estavel-para-projetos-ingestao-jobs-e-resultados.yaml,NOT_APPLICABLE,PASS,,NOT_APPLICABLE,PASS,,APPLICABLE,PASS,ADR-010/ADR-011,NOT_APPLICABLE,PASS,ADR-046,NOT_APPLICABLE,PASS,,PASS,test_first_functional_slice_decision_05/test_first_functional_slice_decision_07/test_epic_020_validacao_happy_path/test_epic_020_validacao_negative_paths,EVIDENCE_ONLY,PASS,,evidence/qa/epic-020/story-0113/ | commit candidato e relatório de testes,PASS,4,AC-ISSUE-0223-01/AC-ISSUE-0223-02/AC-ISSUE-0223-03/AC-ISSUE-0223-04,PASS,QA/Reviewer,PASS
SPRINT-003,ISSUE-0224,Implementable story,STORY-0114,TASK-0114,EPIC-020,Reviewer,BC-016,PASS,1,STORY-0113,PASS,evidence/reviews/cli-estavel-para-projetos-ingestao-jobs-e-resultados/**,NOT_APPLICABLE,PASS,,NOT_APPLICABLE,PASS,,APPLICABLE,PASS,ADR-010/ADR-011,NOT_APPLICABLE,PASS,,NOT_APPLICABLE,PASS,,PASS,test_epic_020_aceite_happy_path/test_epic_020_aceite_negative_paths,EVIDENCE_ONLY,PASS,Audit,evidence/reviews/epic-020/story-0114/ | commit candidato e relatório de testes,PASS,4,AC-ISSUE-0224-01/AC-ISSUE-0224-02/AC-ISSUE-0224-03/AC-ISSUE-0224-04,PASS,Reviewer,PASS
SPRINT-003,ISSUE-0831,Implementable story,STORY-0721,TASK-0721,EPIC-014,Backend,BC-010,PASS,1,STORY-0068,PASS,src/backend/dsgeorref/contexts/job_orchestration/application/modelo-de-job-e-maquina-de-estados-no-postgresql/aie-dbschema-fs1-parte-1/** | src/backend/dsgeorref/contexts/job_orchestration/adapters/modelo-de-job-e-maquina-de-estados-no-postgresql/aie-dbschema-fs1-parte-1/**,NOT_APPLICABLE,PASS,,APPLICABLE,PASS,ADR-018/ADR-019/ADR-020/ADR-023,NOT_APPLICABLE,PASS,,NOT_APPLICABLE,PASS,ADR-044/ADR-045,APPLICABLE,PASS,ADR-051/ADR-052/ADR-053,PASS,test_ai_escalation_decision_02/test_ai_escalation_decision_04/test_ai_escalation_decision_06/test_ai_escalation_decision_08/test_ai_escalation_decision_09/test_ai_escalation_decision_10/test_req_dbschema_009/test_first_functional_slice_decision_02/test_first_functional_slice_decision_03/test_first_functional_slice_decision_06,EVIDENCE_ONLY,PASS,,evidence/implementation/modelo-de-job-e-maquina-de-estados-no-postgresql/aie-dbschema-fs1-parte-1/ | commit candidato e relatório de testes,PASS,4,AC-ISSUE-0831-01/AC-ISSUE-0831-02/AC-ISSUE-0831-03/AC-ISSUE-0831-04,PASS,Arquiteto/QA/Reviewer,PASS
SPRINT-003,ISSUE-0832,Implementable story,STORY-0722,TASK-0722,EPIC-014,Backend,BC-010,PASS,1,STORY-0068,PASS,src/backend/dsgeorref/contexts/job_orchestration/application/modelo-de-job-e-maquina-de-estados-no-postgresql/fs1-runtime-worker-parte-2/** | src/backend/dsgeorref/contexts/job_orchestration/adapters/modelo-de-job-e-maquina-de-estados-no-postgresql/fs1-runtime-worker-parte-2/**,NOT_APPLICABLE,PASS,,APPLICABLE,PASS,ADR-018/ADR-019/ADR-020/ADR-023,NOT_APPLICABLE,PASS,,NOT_APPLICABLE,PASS,ADR-044,NOT_APPLICABLE,PASS,,PASS,test_first_functional_slice_decision_08/test_first_functional_slice_decision_09/test_first_functional_slice_decision_10/test_runtime_decision_2/test_req_worker_003,PRODUCT_AND_EVIDENCE,PASS,,evidence/implementation/modelo-de-job-e-maquina-de-estados-no-postgresql/fs1-runtime-worker-parte-2/ | commit candidato e relatório de testes,PASS,4,AC-ISSUE-0832-01/AC-ISSUE-0832-02/AC-ISSUE-0832-03/AC-ISSUE-0832-04,PASS,Arquiteto/QA/Reviewer,PASS
SPRINT-004,ISSUE-0065,Epic delivery envelope,,,EPIC-065,Backend,BC-010,PASS,1,,PASS,7 TaskEnvelopes filhos,APPLICABLE,PASS,6,APPLICABLE,PASS,,NOT_APPLICABLE,PASS,,NOT_APPLICABLE,PASS,,NOT_APPLICABLE,PASS,,PASS,19 testes declarados,EVIDENCE_ONLY,PASS,,7 evidence scopes,PASS,28,AC-ISSUE-0065-01/AC-ISSUE-0065-02/AC-ISSUE-0065-03/AC-ISSUE-0065-04/AC-ISSUE-0065-05/AC-ISSUE-0065-06,PASS,Arquiteto/QA/Reviewer,PASS
SPRINT-004,ISSUE-0066,Epic delivery envelope,,,EPIC-066,Backend,BC-010,PASS,1,,PASS,7 TaskEnvelopes filhos,APPLICABLE,PASS,6,APPLICABLE,PASS,,NOT_APPLICABLE,PASS,,NOT_APPLICABLE,PASS,,NOT_APPLICABLE,PASS,,PASS,20 testes declarados,PRODUCT_AND_EVIDENCE,PASS,,7 evidence scopes,PASS,28,AC-ISSUE-0066-01/AC-ISSUE-0066-02/AC-ISSUE-0066-03/AC-ISSUE-0066-04/AC-ISSUE-0066-05/AC-ISSUE-0066-06,PASS,Arquiteto/QA/Reviewer,PASS
SPRINT-004,ISSUE-0067,Epic delivery envelope,,,EPIC-067,Backend,BC-010,PASS,1,,PASS,7 TaskEnvelopes filhos,APPLICABLE,PASS,6,APPLICABLE,PASS,,NOT_APPLICABLE,PASS,,NOT_APPLICABLE,PASS,,NOT_APPLICABLE,PASS,,PASS,19 testes declarados,EVIDENCE_ONLY,PASS,,7 evidence scopes,PASS,28,AC-ISSUE-0067-01/AC-ISSUE-0067-02/AC-ISSUE-0067-03/AC-ISSUE-0067-04/AC-ISSUE-0067-05/AC-ISSUE-0067-06,PASS,Arquiteto/QA/Reviewer,PASS
SPRINT-004,ISSUE-0068,Epic delivery envelope,,,EPIC-068,Backend,BC-010,PASS,1,,PASS,7 TaskEnvelopes filhos,APPLICABLE,PASS,6,APPLICABLE,PASS,,NOT_APPLICABLE,PASS,,NOT_APPLICABLE,PASS,,NOT_APPLICABLE,PASS,,PASS,22 testes declarados,EVIDENCE_ONLY,PASS,,7 evidence scopes,PASS,28,AC-ISSUE-0068-01/AC-ISSUE-0068-02/AC-ISSUE-0068-03/AC-ISSUE-0068-04/AC-ISSUE-0068-05/AC-ISSUE-0068-06,PASS,Arquiteto/QA/Reviewer,PASS
SPRINT-004,ISSUE-0069,Epic delivery envelope,,,EPIC-069,Backend,BC-010,PASS,1,,PASS,7 TaskEnvelopes filhos,APPLICABLE,PASS,6,APPLICABLE,PASS,,NOT_APPLICABLE,PASS,,NOT_APPLICABLE,PASS,,NOT_APPLICABLE,PASS,,PASS,20 testes declarados,EVIDENCE_ONLY,PASS,,7 evidence scopes,PASS,28,AC-ISSUE-0069-01/AC-ISSUE-0069-02/AC-ISSUE-0069-03/AC-ISSUE-0069-04/AC-ISSUE-0069-05/AC-ISSUE-0069-06,PASS,Arquiteto/QA/Reviewer,PASS
SPRINT-004,ISSUE-0104,Epic delivery envelope,,,EPIC-104,Backend,BC-010,PASS,0,,PASS,7 TaskEnvelopes filhos,APPLICABLE,PASS,6,APPLICABLE,PASS,,NOT_APPLICABLE,PASS,,NOT_APPLICABLE,PASS,,APPLICABLE,PASS,,PASS,13 testes declarados,EVIDENCE_ONLY,PASS,,7 evidence scopes,PASS,28,AC-ISSUE-0104-01/AC-ISSUE-0104-02/AC-ISSUE-0104-03/AC-ISSUE-0104-04/AC-ISSUE-0104-05/AC-ISSUE-0104-06,PASS,Arquiteto/QA/Reviewer,PASS
SPRINT-004,ISSUE-0514,Implementable story,STORY-0404,TASK-0404,EPIC-065,Arquiteto,BC-010,PASS,2,STORY-0074/STORY-0081,PASS,contracts/contexts/job_orchestration/job/taxonomia-de-retry-tecnico-orcamento-backoff-idempoten/** | docs/02-architecture/design-reviews/taxonomia-de-retry-tecnico-orcamento-backoff-idempoten/**,APPLICABLE,PASS,get_jobs_jobid/post_jobs_jobid_cancel/get_jobs_jobid_events,NOT_APPLICABLE,PASS,,NOT_APPLICABLE,PASS,ADR-010/ADR-011/ADR-012,NOT_APPLICABLE,PASS,ADR-046,NOT_APPLICABLE,PASS,,PASS,test_batch_execution_decision_03/test_batch_execution_decision_05/test_epic_065_contrato,EVIDENCE_ONLY,PASS,,evidence/implementation/epic-065/story-0404/ | commit candidato e relatório de testes,PASS,4,AC-ISSUE-0514-01/AC-ISSUE-0514-02/AC-ISSUE-0514-03/AC-ISSUE-0514-04,PASS,Arquiteto/Reviewer,PASS
SPRINT-004,ISSUE-0515,Implementable story,STORY-0405,TASK-0405,EPIC-065,Backend,BC-010,PASS,1,STORY-0404,PASS,src/backend/dsgeorref/contexts/job_orchestration/application/taxonomia-de-retry-tecnico-orcamento-backoff-idempoten/** | src/backend/dsgeorref/contexts/job_orchestration/adapters/taxonomia-de-retry-tecnico-orcamento-backoff-idempoten/**,NOT_APPLICABLE,PASS,,APPLICABLE,PASS,ADR-018/ADR-019,NOT_APPLICABLE,PASS,ADR-012,NOT_APPLICABLE,PASS,,NOT_APPLICABLE,PASS,,PASS,test_batch_execution_decision_02/test_batch_execution_decision_04/test_batch_execution_decision_06/test_batch_execution_decision_10/test_epic_065_dominio,EVIDENCE_ONLY,PASS,,evidence/implementation/epic-065/story-0405/ | commit candidato e relatório de testes,PASS,4,AC-ISSUE-0515-01/AC-ISSUE-0515-02/AC-ISSUE-0515-03/AC-ISSUE-0515-04,PASS,Arquiteto/QA/Reviewer,PASS
SPRINT-004,ISSUE-0516,Implementable story,STORY-0406,TASK-0406,EPIC-065,Backend,BC-010,PASS,1,STORY-0404,PASS,src/backend/dsgeorref/contexts/job_orchestration/application/taxonomia-de-retry-tecnico-orcamento-backoff-idempoten/** | src/backend/dsgeorref/contexts/job_orchestration/adapters/taxonomia-de-retry-tecnico-orcamento-backoff-idempoten/**,NOT_APPLICABLE,PASS,,APPLICABLE,PASS,ADR-018/ADR-019,NOT_APPLICABLE,PASS,,NOT_APPLICABLE,PASS,,NOT_APPLICABLE,PASS,,PASS,test_batch_execution_decision_07/test_batch_execution_decision_08/test_batch_execution_decision_09/test_epic_065_execucao,EVIDENCE_ONLY,PASS,,evidence/implementation/epic-065/story-0406/ | commit candidato e relatório de testes,PASS,4,AC-ISSUE-0516-01/AC-ISSUE-0516-02/AC-ISSUE-0516-03/AC-ISSUE-0516-04,PASS,Arquiteto/QA/Reviewer,PASS
SPRINT-004,ISSUE-0517,Implementable story,STORY-0407,TASK-0407,EPIC-065,Backend,BC-010,PASS,1,STORY-0404,PASS,src/backend/dsgeorref/contexts/job_orchestration/application/taxonomia-de-retry-tecnico-orcamento-backoff-idempoten/** | src/backend/dsgeorref/contexts/job_orchestration/adapters/taxonomia-de-retry-tecnico-orcamento-backoff-idempoten/**,APPLICABLE,PASS,get_jobs_jobid/post_jobs_jobid_cancel/get_jobs_jobid_events,APPLICABLE,PASS,ADR-018/ADR-019,NOT_APPLICABLE,PASS,ADR-010/ADR-011/ADR-012,NOT_APPLICABLE,PASS,,NOT_APPLICABLE,PASS,,PASS,test_batch_execution_decision_01/test_epic_065_superficie,EVIDENCE_ONLY,PASS,,evidence/implementation/epic-065/story-0407/ | commit candidato e relatório de testes,PASS,4,AC-ISSUE-0517-01/AC-ISSUE-0517-02/AC-ISSUE-0517-03/AC-ISSUE-0517-04,PASS,Arquiteto/QA/Reviewer,PASS
SPRINT-004,ISSUE-0518,Implementable story,STORY-0408,TASK-0408,EPIC-065,DevOps,BC-010,PASS,1,STORY-0404,PASS,tests/job/taxonomia-de-retry-tecnico-orcamento-backoff-idempoten/** | tools/quality/contexts/job_orchestration/taxonomia-de-retry-tecnico-orcamento-backoff-idempoten/** | .github/workflows/taxonomia-de-retry-tecnico-orcamento-backoff-idempoten.yaml,NOT_APPLICABLE,PASS,,NOT_APPLICABLE,PASS,,NOT_APPLICABLE,PASS,,NOT_APPLICABLE,PASS,,NOT_APPLICABLE,PASS,,PASS,test_epic_065_resiliencia,EVIDENCE_ONLY,PASS,,evidence/operations/epic-065/story-0408/ | commit candidato e relatório de testes,PASS,4,AC-ISSUE-0518-01/AC-ISSUE-0518-02/AC-ISSUE-0518-03/AC-ISSUE-0518-04,PASS,QA/Reviewer,PASS
SPRINT-004,ISSUE-0519,Implementable story,STORY-0409,TASK-0409,EPIC-065,QA,BC-010,PASS,4,STORY-0405/STORY-0406/STORY-0407/STORY-0408,PASS,tests/job/taxonomia-de-retry-tecnico-orcamento-backoff-idempoten/** | tools/quality/contexts/job_orchestration/taxonomia-de-retry-tecnico-orcamento-backoff-idempoten/** | .github/workflows/taxonomia-de-retry-tecnico-orcamento-backoff-idempoten.yaml,NOT_APPLICABLE,PASS,,NOT_APPLICABLE,PASS,,NOT_APPLICABLE,PASS,,NOT_APPLICABLE,PASS,,NOT_APPLICABLE,PASS,,PASS,test_epic_065_validacao_happy_path/test_epic_065_validacao_negative_paths,EVIDENCE_ONLY,PASS,,evidence/qa/epic-065/story-0409/ | commit candidato e relatório de testes,PASS,4,AC-ISSUE-0519-01/AC-ISSUE-0519-02/AC-ISSUE-0519-03/AC-ISSUE-0519-04,PASS,QA/Reviewer,PASS
SPRINT-004,ISSUE-0520,Implementable story,STORY-0410,TASK-0410,EPIC-065,Reviewer,BC-010,PASS,1,STORY-0409,PASS,evidence/reviews/taxonomia-de-retry-tecnico-orcamento-backoff-idempoten/**,NOT_APPLICABLE,PASS,,NOT_APPLICABLE,PASS,,NOT_APPLICABLE,PASS,,NOT_APPLICABLE,PASS,,NOT_APPLICABLE,PASS,,PASS,test_epic_065_aceite_happy_path/test_epic_065_aceite_negative_paths,EVIDENCE_ONLY,PASS,Audit,evidence/reviews/epic-065/story-0410/ | commit candidato e relatório de testes,PASS,4,AC-ISSUE-0520-01/AC-ISSUE-0520-02/AC-ISSUE-0520-03/AC-ISSUE-0520-04,PASS,Reviewer,PASS
SPRINT-004,ISSUE-0521,Implementable story,STORY-0411,TASK-0411,EPIC-066,Arquiteto,BC-010,PASS,1,STORY-0102,PASS,contracts/contexts/job_orchestration/job/checkpoints-canonicos-manifests-de-compatibilidade-ret/** | docs/02-architecture/design-reviews/checkpoints-canonicos-manifests-de-compatibilidade-ret/**,APPLICABLE,PASS,get_jobs_jobid/post_jobs_jobid_cancel/get_jobs_jobid_events,NOT_APPLICABLE,PASS,,NOT_APPLICABLE,PASS,ADR-010/ADR-011/ADR-012,NOT_APPLICABLE,PASS,ADR-046/ADR-048,NOT_APPLICABLE,PASS,,PASS,test_immutable_anchorset_impact_preview_scoped_reoptimization_and_history/test_batch_execution_decision_03/test_batch_execution_decision_05/test_epic_066_contrato,PRODUCT_AND_EVIDENCE,PASS,Manifest,evidence/implementation/epic-066/story-0411/ | commit candidato e relatório de testes,PASS,4,AC-ISSUE-0521-01/AC-ISSUE-0521-02/AC-ISSUE-0521-03/AC-ISSUE-0521-04,PASS,Arquiteto/Reviewer,PASS
SPRINT-004,ISSUE-0522,Implementable story,STORY-0412,TASK-0412,EPIC-066,Backend,BC-010,PASS,1,STORY-0411,PASS,src/backend/dsgeorref/contexts/job_orchestration/application/checkpoints-canonicos-manifests-de-compatibilidade-ret/** | src/backend/dsgeorref/contexts/job_orchestration/adapters/checkpoints-canonicos-manifests-de-compatibilidade-ret/**,NOT_APPLICABLE,PASS,,APPLICABLE,PASS,ADR-018/ADR-019,NOT_APPLICABLE,PASS,ADR-012,NOT_APPLICABLE,PASS,,NOT_APPLICABLE,PASS,,PASS,test_batch_execution_decision_02/test_batch_execution_decision_04/test_batch_execution_decision_06/test_batch_execution_decision_10/test_epic_066_dominio,PRODUCT_AND_EVIDENCE,PASS,Manifest,evidence/implementation/epic-066/story-0412/ | commit candidato e relatório de testes,PASS,4,AC-ISSUE-0522-01/AC-ISSUE-0522-02/AC-ISSUE-0522-03/AC-ISSUE-0522-04,PASS,Arquiteto/QA/Reviewer,PASS
SPRINT-004,ISSUE-0523,Implementable story,STORY-0413,TASK-0413,EPIC-066,Backend,BC-010,PASS,1,STORY-0411,PASS,src/backend/dsgeorref/contexts/job_orchestration/application/checkpoints-canonicos-manifests-de-compatibilidade-ret/** | src/backend/dsgeorref/contexts/job_orchestration/adapters/checkpoints-canonicos-manifests-de-compatibilidade-ret/**,NOT_APPLICABLE,PASS,,APPLICABLE,PASS,ADR-018/ADR-019,NOT_APPLICABLE,PASS,,NOT_APPLICABLE,PASS,,NOT_APPLICABLE,PASS,,PASS,test_batch_execution_decision_07/test_batch_execution_decision_08/test_batch_execution_decision_09/test_epic_066_execucao,PRODUCT_AND_EVIDENCE,PASS,Manifest,evidence/implementation/epic-066/story-0413/ | commit candidato e relatório de testes,PASS,4,AC-ISSUE-0523-01/AC-ISSUE-0523-02/AC-ISSUE-0523-03/AC-ISSUE-0523-04,PASS,Arquiteto/QA/Reviewer,PASS
SPRINT-004,ISSUE-0524,Implementable story,STORY-0414,TASK-0414,EPIC-066,Backend,BC-010,PASS,1,STORY-0411,PASS,src/backend/dsgeorref/contexts/job_orchestration/application/checkpoints-canonicos-manifests-de-compatibilidade-ret/** | src/backend/dsgeorref/contexts/job_orchestration/adapters/checkpoints-canonicos-manifests-de-compatibilidade-ret/**,APPLICABLE,PASS,get_jobs_jobid/post_jobs_jobid_cancel/get_jobs_jobid_events,APPLICABLE,PASS,ADR-018/ADR-019,NOT_APPLICABLE,PASS,ADR-010/ADR-011/ADR-012,NOT_APPLICABLE,PASS,,NOT_APPLICABLE,PASS,,PASS,test_batch_execution_decision_01/test_epic_066_superficie,PRODUCT_AND_EVIDENCE,PASS,Manifest,evidence/implementation/epic-066/story-0414/ | commit candidato e relatório de testes,PASS,4,AC-ISSUE-0524-01/AC-ISSUE-0524-02/AC-ISSUE-0524-03/AC-ISSUE-0524-04,PASS,Arquiteto/QA/Reviewer,PASS
SPRINT-004,ISSUE-0525,Implementable story,STORY-0415,TASK-0415,EPIC-066,DevOps,BC-010,PASS,1,STORY-0411,PASS,tests/job/checkpoints-canonicos-manifests-de-compatibilidade-ret/** | tools/quality/contexts/job_orchestration/checkpoints-canonicos-manifests-de-compatibilidade-ret/** | .github/workflows/checkpoints-canonicos-manifests-de-compatibilidade-ret.yaml,NOT_APPLICABLE,PASS,,NOT_APPLICABLE,PASS,,NOT_APPLICABLE,PASS,,NOT_APPLICABLE,PASS,,NOT_APPLICABLE,PASS,,PASS,test_epic_066_resiliencia,PRODUCT_AND_EVIDENCE,PASS,Manifest,evidence/operations/epic-066/story-0415/ | commit candidato e relatório de testes,PASS,4,AC-ISSUE-0525-01/AC-ISSUE-0525-02/AC-ISSUE-0525-03/AC-ISSUE-0525-04,PASS,QA/Reviewer,PASS
SPRINT-004,ISSUE-0526,Implementable story,STORY-0416,TASK-0416,EPIC-066,QA,BC-010,PASS,4,STORY-0412/STORY-0413/STORY-0414/STORY-0415,PASS,tests/job/checkpoints-canonicos-manifests-de-compatibilidade-ret/** | tools/quality/contexts/job_orchestration/checkpoints-canonicos-manifests-de-compatibilidade-ret/** | .github/workflows/checkpoints-canonicos-manifests-de-compatibilidade-ret.yaml,NOT_APPLICABLE,PASS,,NOT_APPLICABLE,PASS,,NOT_APPLICABLE,PASS,,NOT_APPLICABLE,PASS,,NOT_APPLICABLE,PASS,,PASS,test_epic_066_validacao_happy_path/test_epic_066_validacao_negative_paths,PRODUCT_AND_EVIDENCE,PASS,Manifest,evidence/qa/epic-066/story-0416/ | commit candidato e relatório de testes,PASS,4,AC-ISSUE-0526-01/AC-ISSUE-0526-02/AC-ISSUE-0526-03/AC-ISSUE-0526-04,PASS,QA/Reviewer,PASS
SPRINT-004,ISSUE-0527,Implementable story,STORY-0417,TASK-0417,EPIC-066,Reviewer,BC-010,PASS,1,STORY-0416,PASS,evidence/reviews/checkpoints-canonicos-manifests-de-compatibilidade-ret/**,NOT_APPLICABLE,PASS,,NOT_APPLICABLE,PASS,,NOT_APPLICABLE,PASS,,NOT_APPLICABLE,PASS,,NOT_APPLICABLE,PASS,,PASS,test_epic_066_aceite_happy_path/test_epic_066_aceite_negative_paths,PRODUCT_AND_EVIDENCE,PASS,Audit/Manifest,evidence/reviews/epic-066/story-0417/ | commit candidato e relatório de testes,PASS,4,AC-ISSUE-0527-01/AC-ISSUE-0527-02/AC-ISSUE-0527-03/AC-ISSUE-0527-04,PASS,Reviewer,PASS
SPRINT-004,ISSUE-0528,Implementable story,STORY-0418,TASK-0418,EPIC-067,Arquiteto,BC-010,PASS,2,STORY-0088/STORY-0109,PASS,contracts/contexts/job_orchestration/job/cancelamento-cooperativo-supervisao-de-subprocessos-co/** | docs/02-architecture/design-reviews/cancelamento-cooperativo-supervisao-de-subprocessos-co/**,APPLICABLE,PASS,get_jobs_jobid/post_jobs_jobid_cancel/get_jobs_jobid_events,NOT_APPLICABLE,PASS,,NOT_APPLICABLE,PASS,ADR-010/ADR-011/ADR-012,NOT_APPLICABLE,PASS,ADR-046,NOT_APPLICABLE,PASS,,PASS,test_batch_execution_decision_03/test_batch_execution_decision_05/test_epic_067_contrato,EVIDENCE_ONLY,PASS,,evidence/implementation/epic-067/story-0418/ | commit candidato e relatório de testes,PASS,4,AC-ISSUE-0528-01/AC-ISSUE-0528-02/AC-ISSUE-0528-03/AC-ISSUE-0528-04,PASS,Arquiteto/Reviewer,PASS
SPRINT-004,ISSUE-0529,Implementable story,STORY-0419,TASK-0419,EPIC-067,Backend,BC-010,PASS,1,STORY-0418,PASS,src/backend/dsgeorref/contexts/job_orchestration/application/cancelamento-cooperativo-supervisao-de-subprocessos-co/** | src/backend/dsgeorref/contexts/job_orchestration/adapters/cancelamento-cooperativo-supervisao-de-subprocessos-co/**,NOT_APPLICABLE,PASS,,APPLICABLE,PASS,ADR-018/ADR-019,NOT_APPLICABLE,PASS,ADR-012,NOT_APPLICABLE,PASS,,NOT_APPLICABLE,PASS,,PASS,test_batch_execution_decision_02/test_batch_execution_decision_04/test_batch_execution_decision_06/test_batch_execution_decision_10/test_epic_067_dominio,EVIDENCE_ONLY,PASS,,evidence/implementation/epic-067/story-0419/ | commit candidato e relatório de testes,PASS,4,AC-ISSUE-0529-01/AC-ISSUE-0529-02/AC-ISSUE-0529-03/AC-ISSUE-0529-04,PASS,Arquiteto/QA/Reviewer,PASS
SPRINT-004,ISSUE-0530,Implementable story,STORY-0420,TASK-0420,EPIC-067,Backend,BC-010,PASS,1,STORY-0418,PASS,src/backend/dsgeorref/contexts/job_orchestration/application/cancelamento-cooperativo-supervisao-de-subprocessos-co/** | src/backend/dsgeorref/contexts/job_orchestration/adapters/cancelamento-cooperativo-supervisao-de-subprocessos-co/**,NOT_APPLICABLE,PASS,,APPLICABLE,PASS,ADR-018/ADR-019,NOT_APPLICABLE,PASS,,NOT_APPLICABLE,PASS,,NOT_APPLICABLE,PASS,,PASS,test_batch_execution_decision_07/test_batch_execution_decision_08/test_batch_execution_decision_09/test_epic_067_execucao,EVIDENCE_ONLY,PASS,,evidence/implementation/epic-067/story-0420/ | commit candidato e relatório de testes,PASS,4,AC-ISSUE-0530-01/AC-ISSUE-0530-02/AC-ISSUE-0530-03/AC-ISSUE-0530-04,PASS,Arquiteto/QA/Reviewer,PASS
SPRINT-004,ISSUE-0531,Implementable story,STORY-0421,TASK-0421,EPIC-067,Backend,BC-010,PASS,1,STORY-0418,PASS,src/backend/dsgeorref/contexts/job_orchestration/application/cancelamento-cooperativo-supervisao-de-subprocessos-co/** | src/backend/dsgeorref/contexts/job_orchestration/adapters/cancelamento-cooperativo-supervisao-de-subprocessos-co/**,APPLICABLE,PASS,get_jobs_jobid/post_jobs_jobid_cancel/get_jobs_jobid_events,APPLICABLE,PASS,ADR-018/ADR-019,NOT_APPLICABLE,PASS,ADR-010/ADR-011/ADR-012,NOT_APPLICABLE,PASS,,NOT_APPLICABLE,PASS,,PASS,test_batch_execution_decision_01/test_epic_067_superficie,EVIDENCE_ONLY,PASS,,evidence/implementation/epic-067/story-0421/ | commit candidato e relatório de testes,PASS,4,AC-ISSUE-0531-01/AC-ISSUE-0531-02/AC-ISSUE-0531-03/AC-ISSUE-0531-04,PASS,Arquiteto/QA/Reviewer,PASS
SPRINT-004,ISSUE-0532,Implementable story,STORY-0422,TASK-0422,EPIC-067,DevOps,BC-010,PASS,1,STORY-0418,PASS,tests/job/cancelamento-cooperativo-supervisao-de-subprocessos-co/** | tools/quality/contexts/job_orchestration/cancelamento-cooperativo-supervisao-de-subprocessos-co/** | .github/workflows/cancelamento-cooperativo-supervisao-de-subprocessos-co.yaml,NOT_APPLICABLE,PASS,,NOT_APPLICABLE,PASS,,NOT_APPLICABLE,PASS,,NOT_APPLICABLE,PASS,,NOT_APPLICABLE,PASS,,PASS,test_epic_067_resiliencia,EVIDENCE_ONLY,PASS,,evidence/operations/epic-067/story-0422/ | commit candidato e relatório de testes,PASS,4,AC-ISSUE-0532-01/AC-ISSUE-0532-02/AC-ISSUE-0532-03/AC-ISSUE-0532-04,PASS,QA/Reviewer,PASS
SPRINT-004,ISSUE-0533,Implementable story,STORY-0423,TASK-0423,EPIC-067,QA,BC-010,PASS,4,STORY-0419/STORY-0420/STORY-0421/STORY-0422,PASS,tests/job/cancelamento-cooperativo-supervisao-de-subprocessos-co/** | tools/quality/contexts/job_orchestration/cancelamento-cooperativo-supervisao-de-subprocessos-co/** | .github/workflows/cancelamento-cooperativo-supervisao-de-subprocessos-co.yaml,NOT_APPLICABLE,PASS,,NOT_APPLICABLE,PASS,,NOT_APPLICABLE,PASS,,NOT_APPLICABLE,PASS,,NOT_APPLICABLE,PASS,,PASS,test_epic_067_validacao_happy_path/test_epic_067_validacao_negative_paths,EVIDENCE_ONLY,PASS,,evidence/qa/epic-067/story-0423/ | commit candidato e relatório de testes,PASS,4,AC-ISSUE-0533-01/AC-ISSUE-0533-02/AC-ISSUE-0533-03/AC-ISSUE-0533-04,PASS,QA/Reviewer,PASS
SPRINT-004,ISSUE-0534,Implementable story,STORY-0424,TASK-0424,EPIC-067,Reviewer,BC-010,PASS,1,STORY-0423,PASS,evidence/reviews/cancelamento-cooperativo-supervisao-de-subprocessos-co/**,NOT_APPLICABLE,PASS,,NOT_APPLICABLE,PASS,,NOT_APPLICABLE,PASS,,NOT_APPLICABLE,PASS,,NOT_APPLICABLE,PASS,,PASS,test_epic_067_aceite_happy_path/test_epic_067_aceite_negative_paths,EVIDENCE_ONLY,PASS,Audit,evidence/reviews/epic-067/story-0424/ | commit candidato e relatório de testes,PASS,4,AC-ISSUE-0534-01/AC-ISSUE-0534-02/AC-ISSUE-0534-03/AC-ISSUE-0534-04,PASS,Reviewer,PASS
SPRINT-004,ISSUE-0535,Implementable story,STORY-0425,TASK-0425,EPIC-068,Arquiteto,BC-010,PASS,3,STORY-0102/STORY-0109/STORY-0515,PASS,contracts/contexts/job_orchestration/job/concorrencia-escalonamento-e-isolamento/** | docs/02-architecture/design-reviews/concorrencia-escalonamento-e-isolamento/**,APPLICABLE,PASS,get_jobs_jobid/post_jobs_jobid_cancel/get_jobs_jobid_events,NOT_APPLICABLE,PASS,,NOT_APPLICABLE,PASS,ADR-010/ADR-011/ADR-012,NOT_APPLICABLE,PASS,ADR-046,NOT_APPLICABLE,PASS,,PASS,test_batch_execution_decision_03/test_batch_execution_decision_05/test_policy_quotas_reservations_circuit_breakers_containment_and_effective_priority_audit/test_epic_068_contrato,EVIDENCE_ONLY,PASS,,evidence/implementation/epic-068/story-0425/ | commit candidato e relatório de testes,PASS,4,AC-ISSUE-0535-01/AC-ISSUE-0535-02/AC-ISSUE-0535-03/AC-ISSUE-0535-04,PASS,Arquiteto/Reviewer,PASS
SPRINT-004,ISSUE-0536,Implementable story,STORY-0426,TASK-0426,EPIC-068,Backend,BC-010,PASS,1,STORY-0425,PASS,src/backend/dsgeorref/contexts/job_orchestration/application/concorrencia-escalonamento-e-isolamento/** | src/backend/dsgeorref/contexts/job_orchestration/adapters/concorrencia-escalonamento-e-isolamento/**,NOT_APPLICABLE,PASS,,APPLICABLE,PASS,ADR-018/ADR-019,NOT_APPLICABLE,PASS,ADR-012,NOT_APPLICABLE,PASS,,NOT_APPLICABLE,PASS,,PASS,test_batch_execution_decision_02/test_batch_execution_decision_04/test_batch_execution_decision_06/test_batch_execution_decision_10/test_epic_068_dominio,EVIDENCE_ONLY,PASS,,evidence/implementation/epic-068/story-0426/ | commit candidato e relatório de testes,PASS,4,AC-ISSUE-0536-01/AC-ISSUE-0536-02/AC-ISSUE-0536-03/AC-ISSUE-0536-04,PASS,Arquiteto/QA/Reviewer,PASS
SPRINT-004,ISSUE-0537,Implementable story,STORY-0427,TASK-0427,EPIC-068,Backend,BC-010,PASS,1,STORY-0425,PASS,src/backend/dsgeorref/contexts/job_orchestration/application/concorrencia-escalonamento-e-isolamento/** | src/backend/dsgeorref/contexts/job_orchestration/adapters/concorrencia-escalonamento-e-isolamento/**,NOT_APPLICABLE,PASS,,APPLICABLE,PASS,ADR-018/ADR-019,NOT_APPLICABLE,PASS,ADR-012,NOT_APPLICABLE,PASS,,NOT_APPLICABLE,PASS,,PASS,test_batch_execution_decision_07/test_batch_execution_decision_08/test_batch_execution_decision_09/test_class_aware_weighted_fair_scheduler_aging_and_no_starvation/test_epic_068_execucao,EVIDENCE_ONLY,PASS,,evidence/implementation/epic-068/story-0427/ | commit candidato e relatório de testes,PASS,4,AC-ISSUE-0537-01/AC-ISSUE-0537-02/AC-ISSUE-0537-03/AC-ISSUE-0537-04,PASS,Arquiteto/QA/Reviewer,PASS
SPRINT-004,ISSUE-0538,Implementable story,STORY-0428,TASK-0428,EPIC-068,Backend,BC-010,PASS,1,STORY-0425,PASS,src/backend/dsgeorref/contexts/job_orchestration/application/concorrencia-escalonamento-e-isolamento/** | src/backend/dsgeorref/contexts/job_orchestration/adapters/concorrencia-escalonamento-e-isolamento/**,APPLICABLE,PASS,get_jobs_jobid/post_jobs_jobid_cancel/get_jobs_jobid_events,APPLICABLE,PASS,ADR-018/ADR-019,NOT_APPLICABLE,PASS,ADR-010/ADR-011/ADR-012,NOT_APPLICABLE,PASS,,NOT_APPLICABLE,PASS,,PASS,test_batch_execution_decision_01/test_hierarchical_dag_chunk_limits_backpressure_leases_and_safe_boundaries/test_epic_068_superficie,EVIDENCE_ONLY,PASS,,evidence/implementation/epic-068/story-0428/ | commit candidato e relatório de testes,PASS,4,AC-ISSUE-0538-01/AC-ISSUE-0538-02/AC-ISSUE-0538-03/AC-ISSUE-0538-04,PASS,Arquiteto/QA/Reviewer,PASS
SPRINT-004,ISSUE-0539,Implementable story,STORY-0429,TASK-0429,EPIC-068,DevOps,BC-010,PASS,1,STORY-0425,PASS,tests/job/concorrencia-escalonamento-e-isolamento/** | tools/quality/contexts/job_orchestration/concorrencia-escalonamento-e-isolamento/** | .github/workflows/concorrencia-escalonamento-e-isolamento.yaml,NOT_APPLICABLE,PASS,,NOT_APPLICABLE,PASS,,NOT_APPLICABLE,PASS,,NOT_APPLICABLE,PASS,,NOT_APPLICABLE,PASS,,PASS,test_epic_068_resiliencia,EVIDENCE_ONLY,PASS,,evidence/operations/epic-068/story-0429/ | commit candidato e relatório de testes,PASS,4,AC-ISSUE-0539-01/AC-ISSUE-0539-02/AC-ISSUE-0539-03/AC-ISSUE-0539-04,PASS,QA/Reviewer,PASS
SPRINT-004,ISSUE-0540,Implementable story,STORY-0430,TASK-0430,EPIC-068,QA,BC-010,PASS,4,STORY-0426/STORY-0427/STORY-0428/STORY-0429,PASS,tests/job/concorrencia-escalonamento-e-isolamento/** | tools/quality/contexts/job_orchestration/concorrencia-escalonamento-e-isolamento/** | .github/workflows/concorrencia-escalonamento-e-isolamento.yaml,NOT_APPLICABLE,PASS,,NOT_APPLICABLE,PASS,,NOT_APPLICABLE,PASS,,NOT_APPLICABLE,PASS,,NOT_APPLICABLE,PASS,,PASS,test_epic_068_validacao_happy_path/test_epic_068_validacao_negative_paths,EVIDENCE_ONLY,PASS,,evidence/qa/epic-068/story-0430/ | commit candidato e relatório de testes,PASS,4,AC-ISSUE-0540-01/AC-ISSUE-0540-02/AC-ISSUE-0540-03/AC-ISSUE-0540-04,PASS,QA/Reviewer,PASS
SPRINT-004,ISSUE-0541,Implementable story,STORY-0431,TASK-0431,EPIC-068,Reviewer,BC-010,PASS,1,STORY-0430,PASS,evidence/reviews/concorrencia-escalonamento-e-isolamento/**,NOT_APPLICABLE,PASS,,NOT_APPLICABLE,PASS,,NOT_APPLICABLE,PASS,,NOT_APPLICABLE,PASS,,NOT_APPLICABLE,PASS,,PASS,test_epic_068_aceite_happy_path/test_epic_068_aceite_negative_paths,EVIDENCE_ONLY,PASS,Audit,evidence/reviews/epic-068/story-0431/ | commit candidato e relatório de testes,PASS,4,AC-ISSUE-0541-01/AC-ISSUE-0541-02/AC-ISSUE-0541-03/AC-ISSUE-0541-04,PASS,Reviewer,PASS
SPRINT-004,ISSUE-0542,Implementable story,STORY-0432,TASK-0432,EPIC-069,Arquiteto,BC-010,PASS,1,STORY-0431,PASS,contracts/contexts/job_orchestration/job/observabilidade-slos-e-diagnostico-do-scheduler/** | docs/02-architecture/design-reviews/observabilidade-slos-e-diagnostico-do-scheduler/**,APPLICABLE,PASS,get_jobs_jobid/post_jobs_jobid_cancel/get_jobs_jobid_events,NOT_APPLICABLE,PASS,,NOT_APPLICABLE,PASS,ADR-010/ADR-011/ADR-012,NOT_APPLICABLE,PASS,ADR-046,NOT_APPLICABLE,PASS,,PASS,test_batch_execution_decision_03/test_batch_execution_decision_05/test_epic_069_contrato,EVIDENCE_ONLY,PASS,,evidence/implementation/epic-069/story-0432/ | commit candidato e relatório de testes,PASS,4,AC-ISSUE-0542-01/AC-ISSUE-0542-02/AC-ISSUE-0542-03/AC-ISSUE-0542-04,PASS,Arquiteto/Reviewer,PASS
SPRINT-004,ISSUE-0543,Implementable story,STORY-0433,TASK-0433,EPIC-069,Backend,BC-010,PASS,1,STORY-0432,PASS,src/backend/dsgeorref/contexts/job_orchestration/application/observabilidade-slos-e-diagnostico-do-scheduler/** | src/backend/dsgeorref/contexts/job_orchestration/adapters/observabilidade-slos-e-diagnostico-do-scheduler/**,NOT_APPLICABLE,PASS,,APPLICABLE,PASS,ADR-018/ADR-019,NOT_APPLICABLE,PASS,ADR-012,NOT_APPLICABLE,PASS,,NOT_APPLICABLE,PASS,,PASS,test_batch_execution_decision_02/test_batch_execution_decision_04/test_batch_execution_decision_06/test_batch_execution_decision_10/test_epic_069_dominio,EVIDENCE_ONLY,PASS,,evidence/implementation/epic-069/story-0433/ | commit candidato e relatório de testes,PASS,4,AC-ISSUE-0543-01/AC-ISSUE-0543-02/AC-ISSUE-0543-03/AC-ISSUE-0543-04,PASS,Arquiteto/QA/Reviewer,PASS
SPRINT-004,ISSUE-0544,Implementable story,STORY-0434,TASK-0434,EPIC-069,Backend,BC-010,PASS,1,STORY-0432,PASS,src/backend/dsgeorref/contexts/job_orchestration/application/observabilidade-slos-e-diagnostico-do-scheduler/** | src/backend/dsgeorref/contexts/job_orchestration/adapters/observabilidade-slos-e-diagnostico-do-scheduler/**,NOT_APPLICABLE,PASS,,APPLICABLE,PASS,ADR-018/ADR-019,NOT_APPLICABLE,PASS,ADR-012,NOT_APPLICABLE,PASS,,NOT_APPLICABLE,PASS,,PASS,test_batch_execution_decision_07/test_batch_execution_decision_08/test_batch_execution_decision_09/test_scheduler_low_cardinality_metrics_correlated_event_ledger_and_timeline/test_epic_069_execucao,EVIDENCE_ONLY,PASS,,evidence/implementation/epic-069/story-0434/ | commit candidato e relatório de testes,PASS,4,AC-ISSUE-0544-01/AC-ISSUE-0544-02/AC-ISSUE-0544-03/AC-ISSUE-0544-04,PASS,Arquiteto/QA/Reviewer,PASS
SPRINT-004,ISSUE-0545,Implementable story,STORY-0435,TASK-0435,EPIC-069,Backend,BC-010,PASS,1,STORY-0432,PASS,src/backend/dsgeorref/contexts/job_orchestration/application/observabilidade-slos-e-diagnostico-do-scheduler/** | src/backend/dsgeorref/contexts/job_orchestration/adapters/observabilidade-slos-e-diagnostico-do-scheduler/**,APPLICABLE,PASS,get_jobs_jobid/post_jobs_jobid_cancel/get_jobs_jobid_events,APPLICABLE,PASS,ADR-018/ADR-019,NOT_APPLICABLE,PASS,ADR-010/ADR-011/ADR-012,NOT_APPLICABLE,PASS,,NOT_APPLICABLE,PASS,,PASS,test_batch_execution_decision_01/test_epic_069_superficie,EVIDENCE_ONLY,PASS,,evidence/implementation/epic-069/story-0435/ | commit candidato e relatório de testes,PASS,4,AC-ISSUE-0545-01/AC-ISSUE-0545-02/AC-ISSUE-0545-03/AC-ISSUE-0545-04,PASS,Arquiteto/QA/Reviewer,PASS
SPRINT-004,ISSUE-0546,Implementable story,STORY-0436,TASK-0436,EPIC-069,DevOps,BC-010,PASS,1,STORY-0432,PASS,tests/job/observabilidade-slos-e-diagnostico-do-scheduler/** | tools/quality/contexts/job_orchestration/observabilidade-slos-e-diagnostico-do-scheduler/** | .github/workflows/observabilidade-slos-e-diagnostico-do-scheduler.yaml,NOT_APPLICABLE,PASS,,NOT_APPLICABLE,PASS,,NOT_APPLICABLE,PASS,,NOT_APPLICABLE,PASS,,NOT_APPLICABLE,PASS,,PASS,test_epic_069_resiliencia,EVIDENCE_ONLY,PASS,,evidence/operations/epic-069/story-0436/ | commit candidato e relatório de testes,PASS,4,AC-ISSUE-0546-01/AC-ISSUE-0546-02/AC-ISSUE-0546-03/AC-ISSUE-0546-04,PASS,QA/Reviewer,PASS
SPRINT-004,ISSUE-0547,Implementable story,STORY-0437,TASK-0437,EPIC-069,QA,BC-010,PASS,4,STORY-0433/STORY-0434/STORY-0435/STORY-0436,PASS,tests/job/observabilidade-slos-e-diagnostico-do-scheduler/** | tools/quality/contexts/job_orchestration/observabilidade-slos-e-diagnostico-do-scheduler/** | .github/workflows/observabilidade-slos-e-diagnostico-do-scheduler.yaml,NOT_APPLICABLE,PASS,,NOT_APPLICABLE,PASS,,NOT_APPLICABLE,PASS,,NOT_APPLICABLE,PASS,,NOT_APPLICABLE,PASS,,PASS,test_epic_069_validacao_happy_path/test_epic_069_validacao_negative_paths,EVIDENCE_ONLY,PASS,,evidence/qa/epic-069/story-0437/ | commit candidato e relatório de testes,PASS,4,AC-ISSUE-0547-01/AC-ISSUE-0547-02/AC-ISSUE-0547-03/AC-ISSUE-0547-04,PASS,QA/Reviewer,PASS
SPRINT-004,ISSUE-0548,Implementable story,STORY-0438,TASK-0438,EPIC-069,Reviewer,BC-010,PASS,1,STORY-0437,PASS,evidence/reviews/observabilidade-slos-e-diagnostico-do-scheduler/**,NOT_APPLICABLE,PASS,,NOT_APPLICABLE,PASS,,NOT_APPLICABLE,PASS,,NOT_APPLICABLE,PASS,,NOT_APPLICABLE,PASS,,PASS,test_epic_069_aceite_happy_path/test_epic_069_aceite_negative_paths,EVIDENCE_ONLY,PASS,Audit,evidence/reviews/epic-069/story-0438/ | commit candidato e relatório de testes,PASS,4,AC-ISSUE-0548-01/AC-ISSUE-0548-02/AC-ISSUE-0548-03/AC-ISSUE-0548-04,PASS,Reviewer,PASS
SPRINT-004,ISSUE-0757,Implementable story,STORY-0647,TASK-0647,EPIC-104,Arquiteto,BC-010,PASS,0,,PASS,contracts/contexts/job_orchestration/job/snapshots-replay-e-bundles-do-scheduler/** | docs/02-architecture/design-reviews/snapshots-replay-e-bundles-do-scheduler/**,APPLICABLE,PASS,get_jobs_jobid/post_jobs_jobid_cancel/get_jobs_jobid_events,NOT_APPLICABLE,PASS,,NOT_APPLICABLE,PASS,ADR-010/ADR-011,NOT_APPLICABLE,PASS,,NOT_APPLICABLE,PASS,,PASS,test_epic_104_contrato,EVIDENCE_ONLY,PASS,ResultSnapshot,evidence/implementation/epic-104/story-0647/ | commit candidato e relatório de testes,PASS,4,AC-ISSUE-0757-01/AC-ISSUE-0757-02/AC-ISSUE-0757-03/AC-ISSUE-0757-04,PASS,Arquiteto/Reviewer,PASS
SPRINT-004,ISSUE-0758,Implementable story,STORY-0648,TASK-0648,EPIC-104,Backend,BC-010,PASS,1,STORY-0647,PASS,src/backend/dsgeorref/contexts/job_orchestration/application/snapshots-replay-e-bundles-do-scheduler/** | src/backend/dsgeorref/contexts/job_orchestration/adapters/snapshots-replay-e-bundles-do-scheduler/**,NOT_APPLICABLE,PASS,,APPLICABLE,PASS,ADR-018/ADR-019,NOT_APPLICABLE,PASS,,NOT_APPLICABLE,PASS,,APPLICABLE,PASS,ADR-053,PASS,test_invariant_equivalence_divergence_classification_and_first_causal_event/test_signed_redacted_retained_scheduler_reproduction_bundle_limits/test_epic_104_dominio,EVIDENCE_ONLY,PASS,ResultSnapshot,evidence/implementation/epic-104/story-0648/ | commit candidato e relatório de testes,PASS,4,AC-ISSUE-0758-01/AC-ISSUE-0758-02/AC-ISSUE-0758-03/AC-ISSUE-0758-04,PASS,Arquiteto/QA/Reviewer,PASS
SPRINT-004,ISSUE-0759,Implementable story,STORY-0649,TASK-0649,EPIC-104,Backend,BC-010,PASS,1,STORY-0647,PASS,src/backend/dsgeorref/contexts/job_orchestration/application/snapshots-replay-e-bundles-do-scheduler/** | src/backend/dsgeorref/contexts/job_orchestration/adapters/snapshots-replay-e-bundles-do-scheduler/**,NOT_APPLICABLE,PASS,,APPLICABLE,PASS,ADR-018/ADR-019,NOT_APPLICABLE,PASS,,NOT_APPLICABLE,PASS,,NOT_APPLICABLE,PASS,,PASS,test_offline_scheduler_decision_replay_without_scientific_workload_or_providers/test_epic_104_execucao,EVIDENCE_ONLY,PASS,ResultSnapshot,evidence/implementation/epic-104/story-0649/ | commit candidato e relatório de testes,PASS,4,AC-ISSUE-0759-01/AC-ISSUE-0759-02/AC-ISSUE-0759-03/AC-ISSUE-0759-04,PASS,Arquiteto/QA/Reviewer,PASS
SPRINT-004,ISSUE-0760,Implementable story,STORY-0650,TASK-0650,EPIC-104,Backend,BC-010,PASS,1,STORY-0647,PASS,src/backend/dsgeorref/contexts/job_orchestration/application/snapshots-replay-e-bundles-do-scheduler/** | src/backend/dsgeorref/contexts/job_orchestration/adapters/snapshots-replay-e-bundles-do-scheduler/**,APPLICABLE,PASS,get_jobs_jobid/post_jobs_jobid_cancel/get_jobs_jobid_events,APPLICABLE,PASS,ADR-018/ADR-019,NOT_APPLICABLE,PASS,ADR-010/ADR-011,NOT_APPLICABLE,PASS,,NOT_APPLICABLE,PASS,,PASS,test_epic_104_superficie,EVIDENCE_ONLY,PASS,ResultSnapshot,evidence/implementation/epic-104/story-0650/ | commit candidato e relatório de testes,PASS,4,AC-ISSUE-0760-01/AC-ISSUE-0760-02/AC-ISSUE-0760-03/AC-ISSUE-0760-04,PASS,Arquiteto/QA/Reviewer,PASS
SPRINT-004,ISSUE-0761,Implementable story,STORY-0651,TASK-0651,EPIC-104,DevOps,BC-010,PASS,1,STORY-0647,PASS,tests/job/snapshots-replay-e-bundles-do-scheduler/** | tools/quality/contexts/job_orchestration/snapshots-replay-e-bundles-do-scheduler/** | .github/workflows/snapshots-replay-e-bundles-do-scheduler.yaml,NOT_APPLICABLE,PASS,,NOT_APPLICABLE,PASS,,NOT_APPLICABLE,PASS,,NOT_APPLICABLE,PASS,,NOT_APPLICABLE,PASS,,PASS,test_epic_104_resiliencia,EVIDENCE_ONLY,PASS,ResultSnapshot,evidence/operations/epic-104/story-0651/ | commit candidato e relatório de testes,PASS,4,AC-ISSUE-0761-01/AC-ISSUE-0761-02/AC-ISSUE-0761-03/AC-ISSUE-0761-04,PASS,QA/Reviewer,PASS
SPRINT-004,ISSUE-0762,Implementable story,STORY-0652,TASK-0652,EPIC-104,QA,BC-010,PASS,4,STORY-0648/STORY-0649/STORY-0650/STORY-0651,PASS,tests/job/snapshots-replay-e-bundles-do-scheduler/** | tools/quality/contexts/job_orchestration/snapshots-replay-e-bundles-do-scheduler/** | .github/workflows/snapshots-replay-e-bundles-do-scheduler.yaml,NOT_APPLICABLE,PASS,,NOT_APPLICABLE,PASS,,NOT_APPLICABLE,PASS,,NOT_APPLICABLE,PASS,,APPLICABLE,PASS,ADR-053,PASS,test_scheduler_execution_snapshot_selective_immutable_redacted_and_versioned/test_epic_104_validacao_happy_path/test_epic_104_validacao_negative_paths,EVIDENCE_ONLY,PASS,ResultSnapshot,evidence/qa/epic-104/story-0652/ | commit candidato e relatório de testes,PASS,4,AC-ISSUE-0762-01/AC-ISSUE-0762-02/AC-ISSUE-0762-03/AC-ISSUE-0762-04,PASS,QA/Reviewer,PASS
SPRINT-004,ISSUE-0763,Implementable story,STORY-0653,TASK-0653,EPIC-104,Reviewer,BC-010,PASS,1,STORY-0652,PASS,evidence/reviews/snapshots-replay-e-bundles-do-scheduler/**,NOT_APPLICABLE,PASS,,NOT_APPLICABLE,PASS,,NOT_APPLICABLE,PASS,,NOT_APPLICABLE,PASS,,NOT_APPLICABLE,PASS,,PASS,test_epic_104_aceite_happy_path/test_epic_104_aceite_negative_paths,EVIDENCE_ONLY,PASS,Audit/ResultSnapshot,evidence/reviews/epic-104/story-0653/ | commit candidato e relatório de testes,PASS,4,AC-ISSUE-0763-01/AC-ISSUE-0763-02/AC-ISSUE-0763-03/AC-ISSUE-0763-04,PASS,Reviewer,PASS
SPRINT-005,ISSUE-0021,Epic delivery envelope,,,EPIC-021,Geoprocessamento,BC-007,PASS,1,,PASS,9 TaskEnvelopes filhos,APPLICABLE,PASS,3,NOT_APPLICABLE,PASS,,NOT_APPLICABLE,PASS,,APPLICABLE,PASS,,APPLICABLE,PASS,,PASS,32 testes declarados,PRODUCT_AND_EVIDENCE,PASS,,9 evidence scopes,PASS,36,AC-ISSUE-0021-01/AC-ISSUE-0021-02/AC-ISSUE-0021-03/AC-ISSUE-0021-04/AC-ISSUE-0021-05/AC-ISSUE-0021-06,PASS,Arquiteto/QA/Reviewer,PASS
SPRINT-005,ISSUE-0022,Epic delivery envelope,,,EPIC-022,Geoprocessamento,BC-005,PASS,1,,PASS,11 TaskEnvelopes filhos,APPLICABLE,PASS,5,NOT_APPLICABLE,PASS,,NOT_APPLICABLE,PASS,,APPLICABLE,PASS,,APPLICABLE,PASS,,PASS,52 testes declarados,PRODUCT_AND_EVIDENCE,PASS,,11 evidence scopes,PASS,44,AC-ISSUE-0022-01/AC-ISSUE-0022-02/AC-ISSUE-0022-03/AC-ISSUE-0022-04/AC-ISSUE-0022-05/AC-ISSUE-0022-06,PASS,Arquiteto/QA/Reviewer,PASS
SPRINT-005,ISSUE-0023,Epic delivery envelope,,,EPIC-023,Geoprocessamento,BC-006,PASS,1,,PASS,7 TaskEnvelopes filhos,APPLICABLE,PASS,0,NOT_APPLICABLE,PASS,,NOT_APPLICABLE,PASS,,APPLICABLE,PASS,,APPLICABLE,PASS,,PASS,20 testes declarados,PRODUCT_AND_EVIDENCE,PASS,,7 evidence scopes,PASS,28,AC-ISSUE-0023-01/AC-ISSUE-0023-02/AC-ISSUE-0023-03/AC-ISSUE-0023-04/AC-ISSUE-0023-05/AC-ISSUE-0023-06,PASS,Arquiteto/QA/Reviewer,PASS
SPRINT-005,ISSUE-0024,Epic delivery envelope,,,EPIC-024,Geoprocessamento,BC-007,PASS,1,,PASS,10 TaskEnvelopes filhos,APPLICABLE,PASS,3,NOT_APPLICABLE,PASS,,NOT_APPLICABLE,PASS,,APPLICABLE,PASS,,APPLICABLE,PASS,,PASS,42 testes declarados,PRODUCT_AND_EVIDENCE,PASS,,10 evidence scopes,PASS,40,AC-ISSUE-0024-01/AC-ISSUE-0024-02/AC-ISSUE-0024-03/AC-ISSUE-0024-04/AC-ISSUE-0024-05/AC-ISSUE-0024-06,PASS,Arquiteto/QA/Reviewer,PASS
SPRINT-005,ISSUE-0025,Epic delivery envelope,,,EPIC-025,Geoprocessamento,BC-007,PASS,1,,PASS,7 TaskEnvelopes filhos,APPLICABLE,PASS,3,NOT_APPLICABLE,PASS,,NOT_APPLICABLE,PASS,,APPLICABLE,PASS,,NOT_APPLICABLE,PASS,,PASS,10 testes declarados,PRODUCT_AND_EVIDENCE,PASS,,7 evidence scopes,PASS,28,AC-ISSUE-0025-01/AC-ISSUE-0025-02/AC-ISSUE-0025-03/AC-ISSUE-0025-04/AC-ISSUE-0025-05/AC-ISSUE-0025-06,PASS,Arquiteto/QA/Reviewer,PASS
SPRINT-005,ISSUE-0026,Epic delivery envelope,,,EPIC-026,Geoprocessamento,BC-013,PASS,1,,PASS,10 TaskEnvelopes filhos,APPLICABLE,PASS,5,NOT_APPLICABLE,PASS,,NOT_APPLICABLE,PASS,,APPLICABLE,PASS,,APPLICABLE,PASS,,PASS,42 testes declarados,PRODUCT_AND_EVIDENCE,PASS,,10 evidence scopes,PASS,40,AC-ISSUE-0026-01/AC-ISSUE-0026-02/AC-ISSUE-0026-03/AC-ISSUE-0026-04/AC-ISSUE-0026-05/AC-ISSUE-0026-06,PASS,Arquiteto/QA/Reviewer,PASS
SPRINT-005,ISSUE-0027,Epic delivery envelope,,,EPIC-027,Geoprocessamento,BC-005,PASS,1,,PASS,7 TaskEnvelopes filhos,APPLICABLE,PASS,5,NOT_APPLICABLE,PASS,,NOT_APPLICABLE,PASS,,APPLICABLE,PASS,,NOT_APPLICABLE,PASS,,PASS,11 testes declarados,PRODUCT_AND_EVIDENCE,PASS,,7 evidence scopes,PASS,28,AC-ISSUE-0027-01/AC-ISSUE-0027-02/AC-ISSUE-0027-03/AC-ISSUE-0027-04/AC-ISSUE-0027-05/AC-ISSUE-0027-06,PASS,Arquiteto/QA/Reviewer,PASS
SPRINT-005,ISSUE-0028,Epic delivery envelope,,,EPIC-028,Geoprocessamento,BC-007,PASS,1,,PASS,10 TaskEnvelopes filhos,APPLICABLE,PASS,3,NOT_APPLICABLE,PASS,,NOT_APPLICABLE,PASS,,APPLICABLE,PASS,,APPLICABLE,PASS,,PASS,47 testes declarados,PRODUCT_AND_EVIDENCE,PASS,,10 evidence scopes,PASS,40,AC-ISSUE-0028-01/AC-ISSUE-0028-02/AC-ISSUE-0028-03/AC-ISSUE-0028-04/AC-ISSUE-0028-05/AC-ISSUE-0028-06,PASS,Arquiteto/QA/Reviewer,PASS
SPRINT-005,ISSUE-0029,Epic delivery envelope,,,EPIC-029,Geoprocessamento,BC-004,PASS,1,,PASS,7 TaskEnvelopes filhos,APPLICABLE,PASS,3,NOT_APPLICABLE,PASS,,NOT_APPLICABLE,PASS,,APPLICABLE,PASS,,APPLICABLE,PASS,,PASS,15 testes declarados,PRODUCT_AND_EVIDENCE,PASS,,7 evidence scopes,PASS,28,AC-ISSUE-0029-01/AC-ISSUE-0029-02/AC-ISSUE-0029-03/AC-ISSUE-0029-04/AC-ISSUE-0029-05/AC-ISSUE-0029-06,PASS,Arquiteto/QA/Reviewer,PASS
SPRINT-005,ISSUE-0030,Epic delivery envelope,,,EPIC-030,Geoprocessamento,BC-012,PASS,1,,PASS,7 TaskEnvelopes filhos,APPLICABLE,PASS,6,NOT_APPLICABLE,PASS,,NOT_APPLICABLE,PASS,,APPLICABLE,PASS,,NOT_APPLICABLE,PASS,,PASS,12 testes declarados,PRODUCT_AND_EVIDENCE,PASS,,7 evidence scopes,PASS,28,AC-ISSUE-0030-01/AC-ISSUE-0030-02/AC-ISSUE-0030-03/AC-ISSUE-0030-04/AC-ISSUE-0030-05/AC-ISSUE-0030-06,PASS,Arquiteto/QA/Reviewer,PASS
SPRINT-005,ISSUE-0044,Epic delivery envelope,,,EPIC-044,Geoprocessamento,BC-006,PASS,1,,PASS,7 TaskEnvelopes filhos,APPLICABLE,PASS,0,NOT_APPLICABLE,PASS,,NOT_APPLICABLE,PASS,,APPLICABLE,PASS,,NOT_APPLICABLE,PASS,,PASS,14 testes declarados,PRODUCT_AND_EVIDENCE,PASS,,7 evidence scopes,PASS,28,AC-ISSUE-0044-01/AC-ISSUE-0044-02/AC-ISSUE-0044-03/AC-ISSUE-0044-04/AC-ISSUE-0044-05/AC-ISSUE-0044-06,PASS,Arquiteto/QA/Reviewer,PASS
SPRINT-005,ISSUE-0045,Epic delivery envelope,,,EPIC-045,Geoprocessamento,BC-006,PASS,1,,PASS,7 TaskEnvelopes filhos,APPLICABLE,PASS,0,NOT_APPLICABLE,PASS,,NOT_APPLICABLE,PASS,,APPLICABLE,PASS,,NOT_APPLICABLE,PASS,,PASS,13 testes declarados,PRODUCT_AND_EVIDENCE,PASS,,7 evidence scopes,PASS,28,AC-ISSUE-0045-01/AC-ISSUE-0045-02/AC-ISSUE-0045-03/AC-ISSUE-0045-04/AC-ISSUE-0045-05/AC-ISSUE-0045-06,PASS,Arquiteto/QA/Reviewer,PASS
SPRINT-005,ISSUE-0046,Epic delivery envelope,,,EPIC-046,Geoprocessamento,BC-013,PASS,1,,PASS,7 TaskEnvelopes filhos,APPLICABLE,PASS,5,NOT_APPLICABLE,PASS,,NOT_APPLICABLE,PASS,,APPLICABLE,PASS,,NOT_APPLICABLE,PASS,,PASS,14 testes declarados,PRODUCT_AND_EVIDENCE,PASS,,7 evidence scopes,PASS,28,AC-ISSUE-0046-01/AC-ISSUE-0046-02/AC-ISSUE-0046-03/AC-ISSUE-0046-04/AC-ISSUE-0046-05/AC-ISSUE-0046-06,PASS,Arquiteto/QA/Reviewer,PASS
SPRINT-005,ISSUE-0047,Epic delivery envelope,,,EPIC-047,Geoprocessamento,BC-006,PASS,1,,PASS,7 TaskEnvelopes filhos,APPLICABLE,PASS,0,NOT_APPLICABLE,PASS,,NOT_APPLICABLE,PASS,,APPLICABLE,PASS,,NOT_APPLICABLE,PASS,,PASS,10 testes declarados,PRODUCT_AND_EVIDENCE,PASS,,7 evidence scopes,PASS,28,AC-ISSUE-0047-01/AC-ISSUE-0047-02/AC-ISSUE-0047-03/AC-ISSUE-0047-04/AC-ISSUE-0047-05/AC-ISSUE-0047-06,PASS,Arquiteto/QA/Reviewer,PASS
SPRINT-005,ISSUE-0048,Epic delivery envelope,,,EPIC-048,Geoprocessamento,BC-006,PASS,1,,PASS,7 TaskEnvelopes filhos,APPLICABLE,PASS,0,NOT_APPLICABLE,PASS,,NOT_APPLICABLE,PASS,,APPLICABLE,PASS,,NOT_APPLICABLE,PASS,,PASS,10 testes declarados,PRODUCT_AND_EVIDENCE,PASS,,7 evidence scopes,PASS,28,AC-ISSUE-0048-01/AC-ISSUE-0048-02/AC-ISSUE-0048-03/AC-ISSUE-0048-04/AC-ISSUE-0048-05/AC-ISSUE-0048-06,PASS,Arquiteto/QA/Reviewer,PASS
SPRINT-005,ISSUE-0225,Implementable story,STORY-0115,TASK-0115,EPIC-021,Arquiteto,BC-007,PASS,1,STORY-0030,PASS,contracts/contexts/geometric_quality/geo/corpus-versionado-com-decadas-e-condicoes-distintas/** | docs/02-architecture/design-reviews/corpus-versionado-com-decadas-e-condicoes-distintas/**,APPLICABLE,PASS,get_attempts_attemptid_quality/get_attempts_attemptid_sgv/get_attempts_attemptid_deformation,NOT_APPLICABLE,PASS,,NOT_APPLICABLE,PASS,ADR-010/ADR-011,APPLICABLE,PASS,ADR-041/ADR-042/ADR-043/ADR-044/ADR-045/ADR-046,NOT_APPLICABLE,PASS,,PASS,test_req_dbschema_005/test_first_functional_slice_decision_01/test_first_functional_slice_decision_04/test_req_native_002/test_epic_021_contrato,EVIDENCE_ONLY,PASS,,evidence/implementation/epic-021/story-0115/ | commit candidato e relatório de testes,PASS,4,AC-ISSUE-0225-01/AC-ISSUE-0225-02/AC-ISSUE-0225-03/AC-ISSUE-0225-04,PASS,Arquiteto/Reviewer,PASS
SPRINT-005,ISSUE-0226,Implementable story,STORY-0116,TASK-0116,EPIC-021,Geoprocessamento,BC-007,PASS,2,STORY-0723/STORY-0724,PASS,src/geo/dsgeorref_geo/contexts/geometric_quality/corpus-versionado-com-decadas-e-condicoes-distintas/consolidacao/**,NOT_APPLICABLE,PASS,,NOT_APPLICABLE,PASS,ADR-023,NOT_APPLICABLE,PASS,,APPLICABLE,PASS,ADR-041/ADR-042/ADR-043/ADR-044/ADR-045/ADR-046,NOT_APPLICABLE,PASS,,PASS,test_story_0116_slice_consolidation,PRODUCT_AND_EVIDENCE,PASS,,evidence/implementation/epic-021/story-0116/ | commit candidato e relatório de testes,PASS,4,AC-ISSUE-0226-01/AC-ISSUE-0226-02/AC-ISSUE-0226-03/AC-ISSUE-0226-04,PASS,QA/Reviewer,PASS
SPRINT-005,ISSUE-0227,Implementable story,STORY-0117,TASK-0117,EPIC-021,Geoprocessamento,BC-007,PASS,1,STORY-0115,PASS,src/geo/dsgeorref_geo/contexts/geometric_quality/corpus-versionado-com-decadas-e-condicoes-distintas/**,NOT_APPLICABLE,PASS,,NOT_APPLICABLE,PASS,ADR-023,NOT_APPLICABLE,PASS,,APPLICABLE,PASS,ADR-041/ADR-042/ADR-043/ADR-044/ADR-045/ADR-046,NOT_APPLICABLE,PASS,,PASS,test_first_functional_slice_decision_06/test_req_native_001/test_req_native_004/test_epic_021_algoritmo,PRODUCT_AND_EVIDENCE,PASS,,evidence/implementation/epic-021/story-0117/ | commit candidato e relatório de testes,PASS,4,AC-ISSUE-0227-01/AC-ISSUE-0227-02/AC-ISSUE-0227-03/AC-ISSUE-0227-04,PASS,QA/Reviewer,PASS
SPRINT-005,ISSUE-0228,Implementable story,STORY-0118,TASK-0118,EPIC-021,Geoprocessamento,BC-007,PASS,1,STORY-0115,PASS,src/geo/dsgeorref_geo/contexts/geometric_quality/corpus-versionado-com-decadas-e-condicoes-distintas/**,NOT_APPLICABLE,PASS,,NOT_APPLICABLE,PASS,ADR-023,NOT_APPLICABLE,PASS,,APPLICABLE,PASS,ADR-041/ADR-042/ADR-043/ADR-044/ADR-045/ADR-046,NOT_APPLICABLE,PASS,,PASS,test_epic_021_integracao,PRODUCT_AND_EVIDENCE,PASS,,evidence/implementation/epic-021/story-0118/ | commit candidato e relatório de testes,PASS,4,AC-ISSUE-0228-01/AC-ISSUE-0228-02/AC-ISSUE-0228-03/AC-ISSUE-0228-04,PASS,Arquiteto/QA/Reviewer,PASS
SPRINT-005,ISSUE-0229,Implementable story,STORY-0119,TASK-0119,EPIC-021,Geoprocessamento,BC-007,PASS,1,STORY-0115,PASS,src/geo/dsgeorref_geo/contexts/geometric_quality/corpus-versionado-com-decadas-e-condicoes-distintas/**,NOT_APPLICABLE,PASS,,NOT_APPLICABLE,PASS,ADR-023,NOT_APPLICABLE,PASS,,APPLICABLE,PASS,ADR-041/ADR-042/ADR-043/ADR-044/ADR-045/ADR-046,NOT_APPLICABLE,PASS,,PASS,test_epic_021_diagnostico,PRODUCT_AND_EVIDENCE,PASS,Lineage,evidence/implementation/epic-021/story-0119/ | commit candidato e relatório de testes,PASS,4,AC-ISSUE-0229-01/AC-ISSUE-0229-02/AC-ISSUE-0229-03/AC-ISSUE-0229-04,PASS,QA/Reviewer,PASS
SPRINT-005,ISSUE-0230,Implementable story,STORY-0120,TASK-0120,EPIC-021,QA,BC-007,PASS,4,STORY-0116/STORY-0117/STORY-0118/STORY-0119,PASS,tests/geo/corpus-versionado-com-decadas-e-condicoes-distintas/** | tools/quality/contexts/geometric_quality/corpus-versionado-com-decadas-e-condicoes-distintas/** | .github/workflows/corpus-versionado-com-decadas-e-condicoes-distintas.yaml,NOT_APPLICABLE,PASS,,NOT_APPLICABLE,PASS,,NOT_APPLICABLE,PASS,,APPLICABLE,PASS,ADR-041/ADR-042/ADR-043/ADR-044/ADR-045/ADR-046,NOT_APPLICABLE,PASS,,PASS,test_first_functional_slice_decision_05/test_first_functional_slice_decision_07/test_epic_021_benchmark_happy_path/test_epic_021_benchmark_negative_paths,EVIDENCE_ONLY,PASS,,evidence/qa/epic-021/story-0120/ | commit candidato e relatório de testes,PASS,4,AC-ISSUE-0230-01/AC-ISSUE-0230-02/AC-ISSUE-0230-03/AC-ISSUE-0230-04,PASS,QA/Reviewer,PASS
SPRINT-005,ISSUE-0231,Implementable story,STORY-0121,TASK-0121,EPIC-021,Reviewer,BC-007,PASS,1,STORY-0120,PASS,evidence/reviews/corpus-versionado-com-decadas-e-condicoes-distintas/**,NOT_APPLICABLE,PASS,,NOT_APPLICABLE,PASS,,NOT_APPLICABLE,PASS,,APPLICABLE,PASS,ADR-041/ADR-042/ADR-043/ADR-044/ADR-045/ADR-046,NOT_APPLICABLE,PASS,,PASS,test_epic_021_aceite_happy_path/test_epic_021_aceite_negative_paths,EVIDENCE_ONLY,PASS,Audit,evidence/reviews/epic-021/story-0121/ | commit candidato e relatório de testes,PASS,4,AC-ISSUE-0231-01/AC-ISSUE-0231-02/AC-ISSUE-0231-03/AC-ISSUE-0231-04,PASS,Reviewer,PASS
SPRINT-005,ISSUE-0232,Implementable story,STORY-0122,TASK-0122,EPIC-022,Arquiteto,BC-005,PASS,1,STORY-0121,PASS,contracts/contexts/reference_discovery/geo/busca-provavel-greenfield-validada/** | docs/02-architecture/design-reviews/busca-provavel-greenfield-validada/**,APPLICABLE,PASS,get_providers/post_provider_searches/get_provider_searches_id/post_acquisitions/get_acquisitions_id,NOT_APPLICABLE,PASS,,NOT_APPLICABLE,PASS,ADR-010/ADR-011,APPLICABLE,PASS,ADR-041/ADR-042/ADR-043/ADR-044/ADR-045/ADR-046,APPLICABLE,PASS,ADR-051/ADR-052/ADR-053,PASS,test_ai_escalation_decision_01/test_ai_escalation_decision_05/test_req_classicprofile_004/test_first_functional_slice_decision_01/test_epic_022_contrato,EVIDENCE_ONLY,PASS,,evidence/implementation/epic-022/story-0122/ | commit candidato e relatório de testes,PASS,4,AC-ISSUE-0232-01/AC-ISSUE-0232-02/AC-ISSUE-0232-03/AC-ISSUE-0232-04,PASS,Arquiteto/Reviewer,PASS
SPRINT-005,ISSUE-0233,Implementable story,STORY-0123,TASK-0123,EPIC-022,Geoprocessamento,BC-005,PASS,4,STORY-0725/STORY-0726/STORY-0727/STORY-0728,PASS,src/geo/dsgeorref_geo/contexts/reference_discovery/busca-provavel-greenfield-validada/consolidacao/**,NOT_APPLICABLE,PASS,,NOT_APPLICABLE,PASS,ADR-023/ADR-025,NOT_APPLICABLE,PASS,,APPLICABLE,PASS,ADR-041/ADR-042/ADR-043/ADR-044/ADR-045/ADR-046,NOT_APPLICABLE,PASS,,PASS,test_story_0123_slice_consolidation,PRODUCT_AND_EVIDENCE,PASS,,evidence/implementation/epic-022/story-0123/ | commit candidato e relatório de testes,PASS,4,AC-ISSUE-0233-01/AC-ISSUE-0233-02/AC-ISSUE-0233-03/AC-ISSUE-0233-04,PASS,QA/Reviewer,PASS
SPRINT-005,ISSUE-0234,Implementable story,STORY-0124,TASK-0124,EPIC-022,Geoprocessamento,BC-005,PASS,1,STORY-0122,PASS,src/geo/dsgeorref_geo/contexts/reference_discovery/busca-provavel-greenfield-validada/**,NOT_APPLICABLE,PASS,,NOT_APPLICABLE,PASS,ADR-023/ADR-025,NOT_APPLICABLE,PASS,,APPLICABLE,PASS,ADR-041/ADR-042/ADR-043/ADR-044/ADR-045/ADR-046,NOT_APPLICABLE,PASS,,PASS,test_retrieval_never_generates_gcp_homography_or_acceptance/test_req_classicprofile_006/test_req_classicprofile_0010/test_first_functional_slice_decision_06/test_epic_022_algoritmo,PRODUCT_AND_EVIDENCE,PASS,,evidence/implementation/epic-022/story-0124/ | commit candidato e relatório de testes,PASS,4,AC-ISSUE-0234-01/AC-ISSUE-0234-02/AC-ISSUE-0234-03/AC-ISSUE-0234-04,PASS,QA/Reviewer,PASS
SPRINT-005,ISSUE-0235,Implementable story,STORY-0125,TASK-0125,EPIC-022,Geoprocessamento,BC-005,PASS,1,STORY-0122,PASS,src/geo/dsgeorref_geo/contexts/reference_discovery/busca-provavel-greenfield-validada/**,NOT_APPLICABLE,PASS,,NOT_APPLICABLE,PASS,ADR-023/ADR-025,NOT_APPLICABLE,PASS,,APPLICABLE,PASS,ADR-041/ADR-042/ADR-043/ADR-044/ADR-045/ADR-046,NOT_APPLICABLE,PASS,,PASS,test_epic_022_integracao,PRODUCT_AND_EVIDENCE,PASS,,evidence/implementation/epic-022/story-0125/ | commit candidato e relatório de testes,PASS,4,AC-ISSUE-0235-01/AC-ISSUE-0235-02/AC-ISSUE-0235-03/AC-ISSUE-0235-04,PASS,Arquiteto/QA/Reviewer,PASS
SPRINT-005,ISSUE-0236,Implementable story,STORY-0126,TASK-0126,EPIC-022,Geoprocessamento,BC-005,PASS,1,STORY-0122,PASS,src/geo/dsgeorref_geo/contexts/reference_discovery/busca-provavel-greenfield-validada/**,NOT_APPLICABLE,PASS,,NOT_APPLICABLE,PASS,ADR-023/ADR-025,NOT_APPLICABLE,PASS,,APPLICABLE,PASS,ADR-041/ADR-042/ADR-043/ADR-044/ADR-045/ADR-046,NOT_APPLICABLE,PASS,,PASS,test_epic_022_diagnostico,PRODUCT_AND_EVIDENCE,PASS,Lineage,evidence/implementation/epic-022/story-0126/ | commit candidato e relatório de testes,PASS,4,AC-ISSUE-0236-01/AC-ISSUE-0236-02/AC-ISSUE-0236-03/AC-ISSUE-0236-04,PASS,QA/Reviewer,PASS
SPRINT-005,ISSUE-0237,Implementable story,STORY-0127,TASK-0127,EPIC-022,QA,BC-005,PASS,4,STORY-0123/STORY-0124/STORY-0125/STORY-0126,PASS,tests/geo/busca-provavel-greenfield-validada/** | tools/quality/contexts/reference_discovery/busca-provavel-greenfield-validada/** | .github/workflows/busca-provavel-greenfield-validada.yaml,NOT_APPLICABLE,PASS,,NOT_APPLICABLE,PASS,,NOT_APPLICABLE,PASS,,APPLICABLE,PASS,ADR-041/ADR-042/ADR-043/ADR-044/ADR-045/ADR-046,NOT_APPLICABLE,PASS,,PASS,test_ai_escalation_decision_03/test_ai_escalation_decision_07/test_req_classicprofile_008/test_first_functional_slice_decision_05/test_epic_022_benchmark_happy_path/test_epic_022_benchmark_negative_paths,EVIDENCE_ONLY,PASS,,evidence/qa/epic-022/story-0127/ | commit candidato e relatório de testes,PASS,4,AC-ISSUE-0237-01/AC-ISSUE-0237-02/AC-ISSUE-0237-03/AC-ISSUE-0237-04,PASS,QA/Reviewer,PASS
SPRINT-005,ISSUE-0238,Implementable story,STORY-0128,TASK-0128,EPIC-022,Reviewer,BC-005,PASS,1,STORY-0127,PASS,evidence/reviews/busca-provavel-greenfield-validada/**,NOT_APPLICABLE,PASS,,NOT_APPLICABLE,PASS,,NOT_APPLICABLE,PASS,,APPLICABLE,PASS,ADR-041/ADR-042/ADR-043/ADR-044/ADR-045/ADR-046,NOT_APPLICABLE,PASS,,PASS,test_epic_022_aceite_happy_path/test_epic_022_aceite_negative_paths,EVIDENCE_ONLY,PASS,Audit,evidence/reviews/epic-022/story-0128/ | commit candidato e relatório de testes,PASS,4,AC-ISSUE-0238-01/AC-ISSUE-0238-02/AC-ISSUE-0238-03/AC-ISSUE-0238-04,PASS,Reviewer,PASS
SPRINT-005,ISSUE-0239,Implementable story,STORY-0129,TASK-0129,EPIC-023,Arquiteto,BC-006,PASS,1,STORY-0121,PASS,contracts/contexts/georeferencing/geo/correspondencias-e-estimacao-robusta-da-homografia-pro/** | docs/02-architecture/design-reviews/correspondencias-e-estimacao-robusta-da-homografia-pro/**,APPLICABLE,PASS,,NOT_APPLICABLE,PASS,,NOT_APPLICABLE,PASS,ADR-010/ADR-011,APPLICABLE,PASS,ADR-041/ADR-042/ADR-043/ADR-044/ADR-045/ADR-046,NOT_APPLICABLE,PASS,,PASS,test_first_functional_slice_decision_01/test_first_functional_slice_decision_04/test_epic_023_contrato,EVIDENCE_ONLY,PASS,,evidence/implementation/epic-023/story-0129/ | commit candidato e relatório de testes,PASS,4,AC-ISSUE-0239-01/AC-ISSUE-0239-02/AC-ISSUE-0239-03/AC-ISSUE-0239-04,PASS,Arquiteto/Reviewer,PASS
SPRINT-005,ISSUE-0240,Implementable story,STORY-0130,TASK-0130,EPIC-023,Geoprocessamento,BC-006,PASS,1,STORY-0129,PASS,src/geo/dsgeorref_geo/contexts/georeferencing/correspondencias-e-estimacao-robusta-da-homografia-pro/**,NOT_APPLICABLE,PASS,,NOT_APPLICABLE,PASS,ADR-023,NOT_APPLICABLE,PASS,,APPLICABLE,PASS,ADR-041/ADR-042/ADR-043/ADR-044/ADR-045/ADR-046,APPLICABLE,PASS,ADR-053,PASS,test_first_functional_slice_decision_02/test_first_functional_slice_decision_03/test_first_functional_slice_decision_08/test_first_functional_slice_decision_09/test_epic_023_dados,PRODUCT_AND_EVIDENCE,PASS,,evidence/implementation/epic-023/story-0130/ | commit candidato e relatório de testes,PASS,4,AC-ISSUE-0240-01/AC-ISSUE-0240-02/AC-ISSUE-0240-03/AC-ISSUE-0240-04,PASS,QA/Reviewer,PASS
SPRINT-005,ISSUE-0241,Implementable story,STORY-0131,TASK-0131,EPIC-023,Geoprocessamento,BC-006,PASS,1,STORY-0129,PASS,src/geo/dsgeorref_geo/contexts/georeferencing/correspondencias-e-estimacao-robusta-da-homografia-pro/**,NOT_APPLICABLE,PASS,,NOT_APPLICABLE,PASS,ADR-023,NOT_APPLICABLE,PASS,,APPLICABLE,PASS,ADR-041/ADR-042/ADR-043/ADR-044/ADR-045/ADR-046,NOT_APPLICABLE,PASS,,PASS,test_first_functional_slice_decision_06/test_epic_023_algoritmo,PRODUCT_AND_EVIDENCE,PASS,,evidence/implementation/epic-023/story-0131/ | commit candidato e relatório de testes,PASS,4,AC-ISSUE-0241-01/AC-ISSUE-0241-02/AC-ISSUE-0241-03/AC-ISSUE-0241-04,PASS,QA/Reviewer,PASS
SPRINT-005,ISSUE-0242,Implementable story,STORY-0132,TASK-0132,EPIC-023,Geoprocessamento,BC-006,PASS,1,STORY-0129,PASS,src/geo/dsgeorref_geo/contexts/georeferencing/correspondencias-e-estimacao-robusta-da-homografia-pro/**,NOT_APPLICABLE,PASS,,NOT_APPLICABLE,PASS,ADR-023,NOT_APPLICABLE,PASS,,APPLICABLE,PASS,ADR-041/ADR-042/ADR-043/ADR-044/ADR-045/ADR-046,NOT_APPLICABLE,PASS,,PASS,test_epic_023_integracao,PRODUCT_AND_EVIDENCE,PASS,,evidence/implementation/epic-023/story-0132/ | commit candidato e relatório de testes,PASS,4,AC-ISSUE-0242-01/AC-ISSUE-0242-02/AC-ISSUE-0242-03/AC-ISSUE-0242-04,PASS,Arquiteto/QA/Reviewer,PASS
SPRINT-005,ISSUE-0243,Implementable story,STORY-0133,TASK-0133,EPIC-023,Geoprocessamento,BC-006,PASS,1,STORY-0129,PASS,src/geo/dsgeorref_geo/contexts/georeferencing/correspondencias-e-estimacao-robusta-da-homografia-pro/**,NOT_APPLICABLE,PASS,,NOT_APPLICABLE,PASS,ADR-023,NOT_APPLICABLE,PASS,,APPLICABLE,PASS,ADR-041/ADR-042/ADR-043/ADR-044/ADR-045/ADR-046,NOT_APPLICABLE,PASS,,PASS,test_epic_023_diagnostico,PRODUCT_AND_EVIDENCE,PASS,Lineage,evidence/implementation/epic-023/story-0133/ | commit candidato e relatório de testes,PASS,4,AC-ISSUE-0243-01/AC-ISSUE-0243-02/AC-ISSUE-0243-03/AC-ISSUE-0243-04,PASS,QA/Reviewer,PASS
SPRINT-005,ISSUE-0244,Implementable story,STORY-0134,TASK-0134,EPIC-023,QA,BC-006,PASS,4,STORY-0130/STORY-0131/STORY-0132/STORY-0133,PASS,tests/geo/correspondencias-e-estimacao-robusta-da-homografia-pro/** | tools/quality/contexts/georeferencing/correspondencias-e-estimacao-robusta-da-homografia-pro/** | .github/workflows/correspondencias-e-estimacao-robusta-da-homografia-pro.yaml,NOT_APPLICABLE,PASS,,NOT_APPLICABLE,PASS,ADR-023,NOT_APPLICABLE,PASS,,APPLICABLE,PASS,ADR-041/ADR-042/ADR-043/ADR-044/ADR-045/ADR-046,NOT_APPLICABLE,PASS,,PASS,test_first_functional_slice_decision_05/test_first_functional_slice_decision_07/test_projective_homography_only_no_hidden_fallback/test_hybrid_matcher_escalation_provenance_no_ai_installation/test_epic_023_benchmark_happy_path/test_epic_023_benchmark_negative_paths,PRODUCT_AND_EVIDENCE,PASS,,evidence/qa/epic-023/story-0134/ | commit candidato e relatório de testes,PASS,4,AC-ISSUE-0244-01/AC-ISSUE-0244-02/AC-ISSUE-0244-03/AC-ISSUE-0244-04,PASS,QA/Reviewer,PASS
SPRINT-005,ISSUE-0245,Implementable story,STORY-0135,TASK-0135,EPIC-023,Reviewer,BC-006,PASS,1,STORY-0134,PASS,evidence/reviews/correspondencias-e-estimacao-robusta-da-homografia-pro/**,NOT_APPLICABLE,PASS,,NOT_APPLICABLE,PASS,,NOT_APPLICABLE,PASS,,APPLICABLE,PASS,ADR-041/ADR-042/ADR-043/ADR-044/ADR-045/ADR-046,NOT_APPLICABLE,PASS,,PASS,test_epic_023_aceite_happy_path/test_epic_023_aceite_negative_paths,EVIDENCE_ONLY,PASS,Audit,evidence/reviews/epic-023/story-0135/ | commit candidato e relatório de testes,PASS,4,AC-ISSUE-0245-01/AC-ISSUE-0245-02/AC-ISSUE-0245-03/AC-ISSUE-0245-04,PASS,Reviewer,PASS
SPRINT-005,ISSUE-0246,Implementable story,STORY-0136,TASK-0136,EPIC-024,Arquiteto,BC-007,PASS,2,STORY-0128/STORY-0135,PASS,contracts/contexts/geometric_quality/geo/strong-geometric-verifier-fail-closed-para-homografia/** | docs/02-architecture/design-reviews/strong-geometric-verifier-fail-closed-para-homografia/**,APPLICABLE,PASS,get_attempts_attemptid_quality/get_attempts_attemptid_sgv/get_attempts_attemptid_deformation,NOT_APPLICABLE,PASS,,NOT_APPLICABLE,PASS,ADR-010/ADR-011,APPLICABLE,PASS,ADR-041/ADR-042/ADR-043/ADR-044/ADR-045/ADR-046/ADR-048/ADR-049/ADR-050,APPLICABLE,PASS,ADR-051/ADR-052/ADR-053,PASS,test_ai_escalation_decision_01/test_ai_escalation_decision_05/test_first_functional_slice_decision_01/test_first_functional_slice_decision_04/test_epic_024_contrato,EVIDENCE_ONLY,PASS,,evidence/implementation/epic-024/story-0136/ | commit candidato e relatório de testes,PASS,4,AC-ISSUE-0246-01/AC-ISSUE-0246-02/AC-ISSUE-0246-03/AC-ISSUE-0246-04,PASS,Arquiteto/Reviewer,PASS
SPRINT-005,ISSUE-0247,Implementable story,STORY-0137,TASK-0137,EPIC-024,Geoprocessamento,BC-007,PASS,3,STORY-0729/STORY-0730/STORY-0731,PASS,src/geo/dsgeorref_geo/contexts/geometric_quality/strong-geometric-verifier-fail-closed-para-homografia/consolidacao/**,NOT_APPLICABLE,PASS,,NOT_APPLICABLE,PASS,ADR-023,NOT_APPLICABLE,PASS,,APPLICABLE,PASS,ADR-041/ADR-042/ADR-043/ADR-044/ADR-045/ADR-046/ADR-048/ADR-049/ADR-050,NOT_APPLICABLE,PASS,,PASS,test_story_0137_slice_consolidation,PRODUCT_AND_EVIDENCE,PASS,,evidence/implementation/epic-024/story-0137/ | commit candidato e relatório de testes,PASS,4,AC-ISSUE-0247-01/AC-ISSUE-0247-02/AC-ISSUE-0247-03/AC-ISSUE-0247-04,PASS,QA/Reviewer,PASS
SPRINT-005,ISSUE-0248,Implementable story,STORY-0138,TASK-0138,EPIC-024,Geoprocessamento,BC-007,PASS,1,STORY-0136,PASS,src/geo/dsgeorref_geo/contexts/geometric_quality/strong-geometric-verifier-fail-closed-para-homografia/**,NOT_APPLICABLE,PASS,,NOT_APPLICABLE,PASS,ADR-023,NOT_APPLICABLE,PASS,,APPLICABLE,PASS,ADR-041/ADR-042/ADR-043/ADR-044/ADR-045/ADR-046/ADR-048/ADR-049/ADR-050,NOT_APPLICABLE,PASS,,PASS,test_joint_anchored_per_image_homography_optimization_and_component_split/test_first_functional_slice_decision_06/test_global_relative_alignment_cycle_drift_foldover_and_weak_bridge_split/test_fail_closed_missing_metric_and_critical_gate_rejection/test_epic_024_algoritmo,PRODUCT_AND_EVIDENCE,PASS,,evidence/implementation/epic-024/story-0138/ | commit candidato e relatório de testes,PASS,4,AC-ISSUE-0248-01/AC-ISSUE-0248-02/AC-ISSUE-0248-03/AC-ISSUE-0248-04,PASS,QA/Reviewer,PASS
SPRINT-005,ISSUE-0249,Implementable story,STORY-0139,TASK-0139,EPIC-024,Geoprocessamento,BC-007,PASS,1,STORY-0136,PASS,src/geo/dsgeorref_geo/contexts/geometric_quality/strong-geometric-verifier-fail-closed-para-homografia/**,NOT_APPLICABLE,PASS,,NOT_APPLICABLE,PASS,ADR-023,NOT_APPLICABLE,PASS,,APPLICABLE,PASS,ADR-041/ADR-042/ADR-043/ADR-044/ADR-045/ADR-046/ADR-048/ADR-049/ADR-050,NOT_APPLICABLE,PASS,,PASS,test_epic_024_integracao,PRODUCT_AND_EVIDENCE,PASS,,evidence/implementation/epic-024/story-0139/ | commit candidato e relatório de testes,PASS,4,AC-ISSUE-0249-01/AC-ISSUE-0249-02/AC-ISSUE-0249-03/AC-ISSUE-0249-04,PASS,Arquiteto/QA/Reviewer,PASS
SPRINT-005,ISSUE-0250,Implementable story,STORY-0140,TASK-0140,EPIC-024,Geoprocessamento,BC-007,PASS,1,STORY-0136,PASS,src/geo/dsgeorref_geo/contexts/geometric_quality/strong-geometric-verifier-fail-closed-para-homografia/**,NOT_APPLICABLE,PASS,,NOT_APPLICABLE,PASS,ADR-023,NOT_APPLICABLE,PASS,,APPLICABLE,PASS,ADR-041/ADR-042/ADR-043/ADR-044/ADR-045/ADR-046/ADR-048/ADR-049/ADR-050,NOT_APPLICABLE,PASS,,PASS,test_epic_024_diagnostico,PRODUCT_AND_EVIDENCE,PASS,Lineage,evidence/implementation/epic-024/story-0140/ | commit candidato e relatório de testes,PASS,4,AC-ISSUE-0250-01/AC-ISSUE-0250-02/AC-ISSUE-0250-03/AC-ISSUE-0250-04,PASS,QA/Reviewer,PASS
SPRINT-005,ISSUE-0251,Implementable story,STORY-0141,TASK-0141,EPIC-024,QA,BC-007,PASS,4,STORY-0137/STORY-0138/STORY-0139/STORY-0140,PASS,tests/geo/strong-geometric-verifier-fail-closed-para-homografia/** | tools/quality/contexts/geometric_quality/strong-geometric-verifier-fail-closed-para-homografia/** | .github/workflows/strong-geometric-verifier-fail-closed-para-homografia.yaml,NOT_APPLICABLE,PASS,,NOT_APPLICABLE,PASS,ADR-023,NOT_APPLICABLE,PASS,,APPLICABLE,PASS,ADR-041/ADR-042/ADR-043/ADR-044/ADR-045/ADR-046/ADR-048/ADR-049/ADR-050,NOT_APPLICABLE,PASS,,PASS,test_ai_escalation_decision_03/test_ai_escalation_decision_07/test_component_bootstrap_independent_gcps_homography_and_sgv/test_first_functional_slice_decision_05/test_epic_024_benchmark_happy_path/test_epic_024_benchmark_negative_paths,PRODUCT_AND_EVIDENCE,PASS,,evidence/qa/epic-024/story-0141/ | commit candidato e relatório de testes,PASS,4,AC-ISSUE-0251-01/AC-ISSUE-0251-02/AC-ISSUE-0251-03/AC-ISSUE-0251-04,PASS,QA/Reviewer,PASS
SPRINT-005,ISSUE-0252,Implementable story,STORY-0142,TASK-0142,EPIC-024,Reviewer,BC-007,PASS,1,STORY-0141,PASS,evidence/reviews/strong-geometric-verifier-fail-closed-para-homografia/**,NOT_APPLICABLE,PASS,,NOT_APPLICABLE,PASS,,NOT_APPLICABLE,PASS,,APPLICABLE,PASS,ADR-041/ADR-042/ADR-043/ADR-044/ADR-045/ADR-046/ADR-048/ADR-049/ADR-050,NOT_APPLICABLE,PASS,,PASS,test_epic_024_aceite_happy_path/test_epic_024_aceite_negative_paths,EVIDENCE_ONLY,PASS,Audit,evidence/reviews/epic-024/story-0142/ | commit candidato e relatório de testes,PASS,4,AC-ISSUE-0252-01/AC-ISSUE-0252-02/AC-ISSUE-0252-03/AC-ISSUE-0252-04,PASS,Reviewer,PASS
SPRINT-005,ISSUE-0253,Implementable story,STORY-0143,TASK-0143,EPIC-025,Arquiteto,BC-007,PASS,2,STORY-0121/STORY-0142,PASS,contracts/contexts/geometric_quality/geo/registry-calibracao-benchmark-e-lifecycle-de-qualitypr/** | docs/02-architecture/design-reviews/registry-calibracao-benchmark-e-lifecycle-de-qualitypr/**,APPLICABLE,PASS,get_attempts_attemptid_quality/get_attempts_attemptid_sgv/get_attempts_attemptid_deformation,NOT_APPLICABLE,PASS,,NOT_APPLICABLE,PASS,ADR-010/ADR-011,APPLICABLE,PASS,ADR-041/ADR-042/ADR-043/ADR-046,NOT_APPLICABLE,PASS,,PASS,test_quality_profile_immutable_version_hash_calibration_clone/test_epic_025_contrato,EVIDENCE_ONLY,PASS,,evidence/implementation/epic-025/story-0143/ | commit candidato e relatório de testes,PASS,4,AC-ISSUE-0253-01/AC-ISSUE-0253-02/AC-ISSUE-0253-03/AC-ISSUE-0253-04,PASS,Arquiteto/Reviewer,PASS
SPRINT-005,ISSUE-0254,Implementable story,STORY-0144,TASK-0144,EPIC-025,Geoprocessamento,BC-007,PASS,1,STORY-0143,PASS,src/geo/dsgeorref_geo/contexts/geometric_quality/registry-calibracao-benchmark-e-lifecycle-de-qualitypr/**,NOT_APPLICABLE,PASS,,NOT_APPLICABLE,PASS,,NOT_APPLICABLE,PASS,,APPLICABLE,PASS,ADR-041/ADR-042/ADR-043/ADR-046,NOT_APPLICABLE,PASS,,PASS,test_epic_025_dados,PRODUCT_AND_EVIDENCE,PASS,,evidence/implementation/epic-025/story-0144/ | commit candidato e relatório de testes,PASS,4,AC-ISSUE-0254-01/AC-ISSUE-0254-02/AC-ISSUE-0254-03/AC-ISSUE-0254-04,PASS,QA/Reviewer,PASS
SPRINT-005,ISSUE-0255,Implementable story,STORY-0145,TASK-0145,EPIC-025,Geoprocessamento,BC-007,PASS,1,STORY-0143,PASS,src/geo/dsgeorref_geo/contexts/geometric_quality/registry-calibracao-benchmark-e-lifecycle-de-qualitypr/**,NOT_APPLICABLE,PASS,,NOT_APPLICABLE,PASS,,NOT_APPLICABLE,PASS,,APPLICABLE,PASS,ADR-041/ADR-042/ADR-043/ADR-046,NOT_APPLICABLE,PASS,,PASS,test_epic_025_algoritmo,PRODUCT_AND_EVIDENCE,PASS,,evidence/implementation/epic-025/story-0145/ | commit candidato e relatório de testes,PASS,4,AC-ISSUE-0255-01/AC-ISSUE-0255-02/AC-ISSUE-0255-03/AC-ISSUE-0255-04,PASS,QA/Reviewer,PASS
SPRINT-005,ISSUE-0256,Implementable story,STORY-0146,TASK-0146,EPIC-025,Geoprocessamento,BC-007,PASS,1,STORY-0143,PASS,src/geo/dsgeorref_geo/contexts/geometric_quality/registry-calibracao-benchmark-e-lifecycle-de-qualitypr/**,NOT_APPLICABLE,PASS,,NOT_APPLICABLE,PASS,,NOT_APPLICABLE,PASS,,APPLICABLE,PASS,ADR-041/ADR-042/ADR-043/ADR-046,NOT_APPLICABLE,PASS,,PASS,test_epic_025_integracao,PRODUCT_AND_EVIDENCE,PASS,,evidence/implementation/epic-025/story-0146/ | commit candidato e relatório de testes,PASS,4,AC-ISSUE-0256-01/AC-ISSUE-0256-02/AC-ISSUE-0256-03/AC-ISSUE-0256-04,PASS,Arquiteto/QA/Reviewer,PASS
SPRINT-005,ISSUE-0257,Implementable story,STORY-0147,TASK-0147,EPIC-025,Geoprocessamento,BC-007,PASS,1,STORY-0143,PASS,src/geo/dsgeorref_geo/contexts/geometric_quality/registry-calibracao-benchmark-e-lifecycle-de-qualitypr/**,NOT_APPLICABLE,PASS,,NOT_APPLICABLE,PASS,,NOT_APPLICABLE,PASS,,APPLICABLE,PASS,ADR-041/ADR-042/ADR-043/ADR-046,NOT_APPLICABLE,PASS,,PASS,test_epic_025_diagnostico,PRODUCT_AND_EVIDENCE,PASS,Lineage,evidence/implementation/epic-025/story-0147/ | commit candidato e relatório de testes,PASS,4,AC-ISSUE-0257-01/AC-ISSUE-0257-02/AC-ISSUE-0257-03/AC-ISSUE-0257-04,PASS,QA/Reviewer,PASS
SPRINT-005,ISSUE-0258,Implementable story,STORY-0148,TASK-0148,EPIC-025,QA,BC-007,PASS,4,STORY-0144/STORY-0145/STORY-0146/STORY-0147,PASS,tests/geo/registry-calibracao-benchmark-e-lifecycle-de-qualitypr/** | tools/quality/contexts/geometric_quality/registry-calibracao-benchmark-e-lifecycle-de-qualitypr/** | .github/workflows/registry-calibracao-benchmark-e-lifecycle-de-qualitypr.yaml,NOT_APPLICABLE,PASS,,NOT_APPLICABLE,PASS,,NOT_APPLICABLE,PASS,,APPLICABLE,PASS,ADR-041/ADR-042/ADR-043/ADR-046,NOT_APPLICABLE,PASS,,PASS,test_epic_025_benchmark_happy_path/test_epic_025_benchmark_negative_paths,EVIDENCE_ONLY,PASS,,evidence/qa/epic-025/story-0148/ | commit candidato e relatório de testes,PASS,4,AC-ISSUE-0258-01/AC-ISSUE-0258-02/AC-ISSUE-0258-03/AC-ISSUE-0258-04,PASS,QA/Reviewer,PASS
SPRINT-005,ISSUE-0259,Implementable story,STORY-0149,TASK-0149,EPIC-025,Reviewer,BC-007,PASS,1,STORY-0148,PASS,evidence/reviews/registry-calibracao-benchmark-e-lifecycle-de-qualitypr/**,NOT_APPLICABLE,PASS,,NOT_APPLICABLE,PASS,,NOT_APPLICABLE,PASS,,APPLICABLE,PASS,ADR-041/ADR-042/ADR-043/ADR-046,NOT_APPLICABLE,PASS,,PASS,test_epic_025_aceite_happy_path/test_epic_025_aceite_negative_paths,EVIDENCE_ONLY,PASS,Audit,evidence/reviews/epic-025/story-0149/ | commit candidato e relatório de testes,PASS,4,AC-ISSUE-0259-01/AC-ISSUE-0259-02/AC-ISSUE-0259-03/AC-ISSUE-0259-04,PASS,Reviewer,PASS
SPRINT-005,ISSUE-0260,Implementable story,STORY-0150,TASK-0150,EPIC-026,Arquiteto,BC-013,PASS,2,STORY-0142/STORY-0061,PASS,contracts/contexts/artifact_provenance/geo/artefatos-e-lineage/** | docs/02-architecture/design-reviews/artefatos-e-lineage/**,APPLICABLE,PASS,get_artifact_sets_artifactsetid_manifest/post_admin_backups/post_admin_restores_validate/get_admin_retention_policies/patch_admin_retention_policies,NOT_APPLICABLE,PASS,ADR-023/ADR-024/ADR-025,NOT_APPLICABLE,PASS,ADR-010/ADR-011/ADR-012,NOT_APPLICABLE,PASS,ADR-041/ADR-044,APPLICABLE,PASS,ADR-052,PASS,test_modelrunner_manifest_equivalence_device_precision/test_first_functional_slice_decision_01/test_first_functional_slice_decision_04/test_req_native_002/test_epic_026_contrato,PRODUCT_AND_EVIDENCE,PASS,Lineage,evidence/implementation/epic-026/story-0150/ | commit candidato e relatório de testes,PASS,4,AC-ISSUE-0260-01/AC-ISSUE-0260-02/AC-ISSUE-0260-03/AC-ISSUE-0260-04,PASS,Arquiteto/Reviewer,PASS
SPRINT-005,ISSUE-0261,Implementable story,STORY-0151,TASK-0151,EPIC-026,Geoprocessamento,BC-013,PASS,3,STORY-0732/STORY-0733/STORY-0734,PASS,src/geo/dsgeorref_geo/contexts/artifact_provenance/artefatos-e-lineage/consolidacao/**,NOT_APPLICABLE,PASS,,NOT_APPLICABLE,PASS,ADR-023/ADR-024/ADR-025,NOT_APPLICABLE,PASS,,APPLICABLE,PASS,ADR-041/ADR-042/ADR-043/ADR-044/ADR-045/ADR-046,NOT_APPLICABLE,PASS,,PASS,test_story_0151_slice_consolidation,PRODUCT_AND_EVIDENCE,PASS,Lineage,evidence/implementation/epic-026/story-0151/ | commit candidato e relatório de testes,PASS,4,AC-ISSUE-0261-01/AC-ISSUE-0261-02/AC-ISSUE-0261-03/AC-ISSUE-0261-04,PASS,QA/Reviewer,PASS
SPRINT-005,ISSUE-0262,Implementable story,STORY-0152,TASK-0152,EPIC-026,Geoprocessamento,BC-013,PASS,1,STORY-0150,PASS,src/geo/dsgeorref_geo/contexts/artifact_provenance/artefatos-e-lineage/**,NOT_APPLICABLE,PASS,,NOT_APPLICABLE,PASS,ADR-023/ADR-024/ADR-025,NOT_APPLICABLE,PASS,,APPLICABLE,PASS,ADR-041/ADR-042/ADR-043/ADR-044/ADR-045/ADR-046,NOT_APPLICABLE,PASS,,PASS,test_first_functional_slice_decision_06/test_req_native_001/test_req_native_004/test_epic_026_algoritmo,PRODUCT_AND_EVIDENCE,PASS,Lineage,evidence/implementation/epic-026/story-0152/ | commit candidato e relatório de testes,PASS,4,AC-ISSUE-0262-01/AC-ISSUE-0262-02/AC-ISSUE-0262-03/AC-ISSUE-0262-04,PASS,QA/Reviewer,PASS
SPRINT-005,ISSUE-0263,Implementable story,STORY-0153,TASK-0153,EPIC-026,Geoprocessamento,BC-013,PASS,1,STORY-0150,PASS,src/geo/dsgeorref_geo/contexts/artifact_provenance/artefatos-e-lineage/**,NOT_APPLICABLE,PASS,,NOT_APPLICABLE,PASS,ADR-023/ADR-024/ADR-025,NOT_APPLICABLE,PASS,,APPLICABLE,PASS,ADR-041/ADR-042/ADR-043/ADR-044/ADR-045/ADR-046,NOT_APPLICABLE,PASS,,PASS,test_epic_026_integracao,PRODUCT_AND_EVIDENCE,PASS,Lineage,evidence/implementation/epic-026/story-0153/ | commit candidato e relatório de testes,PASS,4,AC-ISSUE-0263-01/AC-ISSUE-0263-02/AC-ISSUE-0263-03/AC-ISSUE-0263-04,PASS,Arquiteto/QA/Reviewer,PASS
SPRINT-005,ISSUE-0264,Implementable story,STORY-0154,TASK-0154,EPIC-026,Geoprocessamento,BC-013,PASS,1,STORY-0150,PASS,src/geo/dsgeorref_geo/contexts/artifact_provenance/artefatos-e-lineage/**,NOT_APPLICABLE,PASS,,NOT_APPLICABLE,PASS,ADR-023/ADR-024/ADR-025,NOT_APPLICABLE,PASS,,APPLICABLE,PASS,ADR-041/ADR-042/ADR-043/ADR-044/ADR-045/ADR-046,NOT_APPLICABLE,PASS,,PASS,test_epic_026_diagnostico,PRODUCT_AND_EVIDENCE,PASS,Lineage,evidence/implementation/epic-026/story-0154/ | commit candidato e relatório de testes,PASS,4,AC-ISSUE-0264-01/AC-ISSUE-0264-02/AC-ISSUE-0264-03/AC-ISSUE-0264-04,PASS,QA/Reviewer,PASS
SPRINT-005,ISSUE-0265,Implementable story,STORY-0155,TASK-0155,EPIC-026,QA,BC-013,PASS,4,STORY-0151/STORY-0152/STORY-0153/STORY-0154,PASS,tests/geo/artefatos-e-lineage/** | tools/quality/contexts/artifact_provenance/artefatos-e-lineage/** | .github/workflows/artefatos-e-lineage.yaml,NOT_APPLICABLE,PASS,,NOT_APPLICABLE,PASS,ADR-023/ADR-024/ADR-025,NOT_APPLICABLE,PASS,,APPLICABLE,PASS,ADR-041/ADR-042/ADR-043/ADR-044/ADR-045/ADR-046,NOT_APPLICABLE,PASS,,PASS,test_first_functional_slice_decision_05/test_first_functional_slice_decision_07/test_epic_026_benchmark_happy_path/test_epic_026_benchmark_negative_paths,PRODUCT_AND_EVIDENCE,PASS,Lineage,evidence/qa/epic-026/story-0155/ | commit candidato e relatório de testes,PASS,4,AC-ISSUE-0265-01/AC-ISSUE-0265-02/AC-ISSUE-0265-03/AC-ISSUE-0265-04,PASS,QA/Reviewer,PASS
SPRINT-005,ISSUE-0266,Implementable story,STORY-0156,TASK-0156,EPIC-026,Reviewer,BC-013,PASS,1,STORY-0155,PASS,evidence/reviews/artefatos-e-lineage/**,NOT_APPLICABLE,PASS,,NOT_APPLICABLE,PASS,ADR-023/ADR-024/ADR-025,NOT_APPLICABLE,PASS,,NOT_APPLICABLE,PASS,,NOT_APPLICABLE,PASS,,PASS,test_epic_026_aceite_happy_path/test_epic_026_aceite_negative_paths,PRODUCT_AND_EVIDENCE,PASS,Audit/Lineage,evidence/reviews/epic-026/story-0156/ | commit candidato e relatório de testes,PASS,4,AC-ISSUE-0266-01/AC-ISSUE-0266-02/AC-ISSUE-0266-03/AC-ISSUE-0266-04,PASS,Reviewer,PASS
SPRINT-005,ISSUE-0267,Implementable story,STORY-0157,TASK-0157,EPIC-027,Arquiteto,BC-005,PASS,2,STORY-0025/STORY-0249,PASS,contracts/contexts/reference_discovery/geo/gateway-de-fontes-protecao-ssrf-estados-de-disponibili/** | docs/02-architecture/design-reviews/gateway-de-fontes-protecao-ssrf-estados-de-disponibili/**,APPLICABLE,PASS,get_providers/post_provider_searches/get_provider_searches_id/post_acquisitions/get_acquisitions_id,NOT_APPLICABLE,PASS,,NOT_APPLICABLE,PASS,ADR-010/ADR-011,APPLICABLE,PASS,ADR-041/ADR-042/ADR-043/ADR-047,NOT_APPLICABLE,PASS,,PASS,test_epic_027_contrato,EVIDENCE_ONLY,PASS,,evidence/implementation/epic-027/story-0157/ | commit candidato e relatório de testes,PASS,4,AC-ISSUE-0267-01/AC-ISSUE-0267-02/AC-ISSUE-0267-03/AC-ISSUE-0267-04,PASS,Arquiteto/Reviewer,PASS
SPRINT-005,ISSUE-0268,Implementable story,STORY-0158,TASK-0158,EPIC-027,Geoprocessamento,BC-005,PASS,1,STORY-0157,PASS,src/geo/dsgeorref_geo/contexts/reference_discovery/gateway-de-fontes-protecao-ssrf-estados-de-disponibili/**,NOT_APPLICABLE,PASS,,NOT_APPLICABLE,PASS,,NOT_APPLICABLE,PASS,,APPLICABLE,PASS,ADR-041/ADR-042/ADR-043/ADR-047,NOT_APPLICABLE,PASS,,PASS,ssrf_provider_gateway/test_free_download_only_and_purchase_blocked/test_epic_027_dados,PRODUCT_AND_EVIDENCE,PASS,,evidence/implementation/epic-027/story-0158/ | commit candidato e relatório de testes,PASS,4,AC-ISSUE-0268-01/AC-ISSUE-0268-02/AC-ISSUE-0268-03/AC-ISSUE-0268-04,PASS,QA/Reviewer,PASS
SPRINT-005,ISSUE-0269,Implementable story,STORY-0159,TASK-0159,EPIC-027,Geoprocessamento,BC-005,PASS,1,STORY-0157,PASS,src/geo/dsgeorref_geo/contexts/reference_discovery/gateway-de-fontes-protecao-ssrf-estados-de-disponibili/**,NOT_APPLICABLE,PASS,,NOT_APPLICABLE,PASS,,NOT_APPLICABLE,PASS,,APPLICABLE,PASS,ADR-041/ADR-042/ADR-043/ADR-047,NOT_APPLICABLE,PASS,,PASS,test_epic_027_algoritmo,PRODUCT_AND_EVIDENCE,PASS,,evidence/implementation/epic-027/story-0159/ | commit candidato e relatório de testes,PASS,4,AC-ISSUE-0269-01/AC-ISSUE-0269-02/AC-ISSUE-0269-03/AC-ISSUE-0269-04,PASS,QA/Reviewer,PASS
SPRINT-005,ISSUE-0270,Implementable story,STORY-0160,TASK-0160,EPIC-027,Geoprocessamento,BC-005,PASS,1,STORY-0157,PASS,src/geo/dsgeorref_geo/contexts/reference_discovery/gateway-de-fontes-protecao-ssrf-estados-de-disponibili/**,NOT_APPLICABLE,PASS,,NOT_APPLICABLE,PASS,,NOT_APPLICABLE,PASS,,APPLICABLE,PASS,ADR-041/ADR-042/ADR-043/ADR-047,NOT_APPLICABLE,PASS,,PASS,test_epic_027_integracao,PRODUCT_AND_EVIDENCE,PASS,,evidence/implementation/epic-027/story-0160/ | commit candidato e relatório de testes,PASS,4,AC-ISSUE-0270-01/AC-ISSUE-0270-02/AC-ISSUE-0270-03/AC-ISSUE-0270-04,PASS,Arquiteto/QA/Reviewer,PASS
SPRINT-005,ISSUE-0271,Implementable story,STORY-0161,TASK-0161,EPIC-027,Geoprocessamento,BC-005,PASS,1,STORY-0157,PASS,src/geo/dsgeorref_geo/contexts/reference_discovery/gateway-de-fontes-protecao-ssrf-estados-de-disponibili/**,NOT_APPLICABLE,PASS,,NOT_APPLICABLE,PASS,,NOT_APPLICABLE,PASS,,APPLICABLE,PASS,ADR-041/ADR-042/ADR-043/ADR-047,NOT_APPLICABLE,PASS,,PASS,test_epic_027_diagnostico,PRODUCT_AND_EVIDENCE,PASS,Lineage,evidence/implementation/epic-027/story-0161/ | commit candidato e relatório de testes,PASS,4,AC-ISSUE-0271-01/AC-ISSUE-0271-02/AC-ISSUE-0271-03/AC-ISSUE-0271-04,PASS,QA/Reviewer,PASS
SPRINT-005,ISSUE-0272,Implementable story,STORY-0162,TASK-0162,EPIC-027,QA,BC-005,PASS,4,STORY-0158/STORY-0159/STORY-0160/STORY-0161,PASS,tests/geo/gateway-de-fontes-protecao-ssrf-estados-de-disponibili/** | tools/quality/contexts/reference_discovery/gateway-de-fontes-protecao-ssrf-estados-de-disponibili/** | .github/workflows/gateway-de-fontes-protecao-ssrf-estados-de-disponibili.yaml,NOT_APPLICABLE,PASS,,NOT_APPLICABLE,PASS,,NOT_APPLICABLE,PASS,,APPLICABLE,PASS,ADR-041/ADR-042/ADR-043/ADR-047,NOT_APPLICABLE,PASS,,PASS,test_epic_027_benchmark_happy_path/test_epic_027_benchmark_negative_paths,EVIDENCE_ONLY,PASS,,evidence/qa/epic-027/story-0162/ | commit candidato e relatório de testes,PASS,4,AC-ISSUE-0272-01/AC-ISSUE-0272-02/AC-ISSUE-0272-03/AC-ISSUE-0272-04,PASS,QA/Reviewer,PASS
SPRINT-005,ISSUE-0273,Implementable story,STORY-0163,TASK-0163,EPIC-027,Reviewer,BC-005,PASS,1,STORY-0162,PASS,evidence/reviews/gateway-de-fontes-protecao-ssrf-estados-de-disponibili/**,NOT_APPLICABLE,PASS,,NOT_APPLICABLE,PASS,,NOT_APPLICABLE,PASS,,APPLICABLE,PASS,ADR-041/ADR-042/ADR-043/ADR-047,NOT_APPLICABLE,PASS,,PASS,test_epic_027_aceite_happy_path/test_epic_027_aceite_negative_paths,EVIDENCE_ONLY,PASS,Audit,evidence/reviews/epic-027/story-0163/ | commit candidato e relatório de testes,PASS,4,AC-ISSUE-0273-01/AC-ISSUE-0273-02/AC-ISSUE-0273-03/AC-ISSUE-0273-04,PASS,Reviewer,PASS
SPRINT-005,ISSUE-0274,Implementable story,STORY-0164,TASK-0164,EPIC-028,Arquiteto,BC-007,PASS,1,STORY-0142,PASS,contracts/contexts/geometric_quality/geo/benchmarks-por-periodo-sensor-e-perfil-de-qualidade/** | docs/02-architecture/design-reviews/benchmarks-por-periodo-sensor-e-perfil-de-qualidade/**,APPLICABLE,PASS,get_attempts_attemptid_quality/get_attempts_attemptid_sgv/get_attempts_attemptid_deformation,NOT_APPLICABLE,PASS,,NOT_APPLICABLE,PASS,ADR-010/ADR-011,APPLICABLE,PASS,ADR-041/ADR-042/ADR-043/ADR-044/ADR-045/ADR-046,APPLICABLE,PASS,ADR-051/ADR-052/ADR-053,PASS,test_ai_escalation_decision_01/test_ai_escalation_decision_05/test_req_classicprofile_004/test_tiered_cpu_gpu_runner_numerical_decision_and_artifact_equivalence/test_epic_028_contrato,EVIDENCE_ONLY,PASS,,evidence/implementation/epic-028/story-0164/ | commit candidato e relatório de testes,PASS,4,AC-ISSUE-0274-01/AC-ISSUE-0274-02/AC-ISSUE-0274-03/AC-ISSUE-0274-04,PASS,Arquiteto/Reviewer,PASS
SPRINT-005,ISSUE-0275,Implementable story,STORY-0165,TASK-0165,EPIC-028,Geoprocessamento,BC-007,PASS,3,STORY-0735/STORY-0736/STORY-0737,PASS,src/geo/dsgeorref_geo/contexts/geometric_quality/benchmarks-por-periodo-sensor-e-perfil-de-qualidade/consolidacao/**,NOT_APPLICABLE,PASS,,NOT_APPLICABLE,PASS,ADR-025,NOT_APPLICABLE,PASS,,APPLICABLE,PASS,ADR-041/ADR-042/ADR-043/ADR-044/ADR-045/ADR-046,NOT_APPLICABLE,PASS,,PASS,test_story_0165_slice_consolidation,PRODUCT_AND_EVIDENCE,PASS,,evidence/implementation/epic-028/story-0165/ | commit candidato e relatório de testes,PASS,4,AC-ISSUE-0275-01/AC-ISSUE-0275-02/AC-ISSUE-0275-03/AC-ISSUE-0275-04,PASS,QA/Reviewer,PASS
SPRINT-005,ISSUE-0276,Implementable story,STORY-0166,TASK-0166,EPIC-028,Geoprocessamento,BC-007,PASS,1,STORY-0164,PASS,src/geo/dsgeorref_geo/contexts/geometric_quality/benchmarks-por-periodo-sensor-e-perfil-de-qualidade/**,NOT_APPLICABLE,PASS,,NOT_APPLICABLE,PASS,ADR-025,NOT_APPLICABLE,PASS,,APPLICABLE,PASS,ADR-041/ADR-042/ADR-043/ADR-044/ADR-045/ADR-046,NOT_APPLICABLE,PASS,,PASS,test_req_classicprofile_006/test_req_classicprofile_0010/test_epic_028_algoritmo,PRODUCT_AND_EVIDENCE,PASS,,evidence/implementation/epic-028/story-0166/ | commit candidato e relatório de testes,PASS,4,AC-ISSUE-0276-01/AC-ISSUE-0276-02/AC-ISSUE-0276-03/AC-ISSUE-0276-04,PASS,QA/Reviewer,PASS
SPRINT-005,ISSUE-0277,Implementable story,STORY-0167,TASK-0167,EPIC-028,Geoprocessamento,BC-007,PASS,1,STORY-0164,PASS,src/geo/dsgeorref_geo/contexts/geometric_quality/benchmarks-por-periodo-sensor-e-perfil-de-qualidade/**,NOT_APPLICABLE,PASS,,NOT_APPLICABLE,PASS,ADR-025,NOT_APPLICABLE,PASS,,APPLICABLE,PASS,ADR-041/ADR-042/ADR-043/ADR-044/ADR-045/ADR-046,NOT_APPLICABLE,PASS,,PASS,test_epic_028_integracao,PRODUCT_AND_EVIDENCE,PASS,,evidence/implementation/epic-028/story-0167/ | commit candidato e relatório de testes,PASS,4,AC-ISSUE-0277-01/AC-ISSUE-0277-02/AC-ISSUE-0277-03/AC-ISSUE-0277-04,PASS,Arquiteto/QA/Reviewer,PASS
SPRINT-005,ISSUE-0278,Implementable story,STORY-0168,TASK-0168,EPIC-028,Geoprocessamento,BC-007,PASS,1,STORY-0164,PASS,src/geo/dsgeorref_geo/contexts/geometric_quality/benchmarks-por-periodo-sensor-e-perfil-de-qualidade/**,NOT_APPLICABLE,PASS,,NOT_APPLICABLE,PASS,ADR-025,NOT_APPLICABLE,PASS,,APPLICABLE,PASS,ADR-041/ADR-042/ADR-043/ADR-044/ADR-045/ADR-046,NOT_APPLICABLE,PASS,,PASS,test_epic_028_diagnostico,PRODUCT_AND_EVIDENCE,PASS,Lineage,evidence/implementation/epic-028/story-0168/ | commit candidato e relatório de testes,PASS,4,AC-ISSUE-0278-01/AC-ISSUE-0278-02/AC-ISSUE-0278-03/AC-ISSUE-0278-04,PASS,QA/Reviewer,PASS
SPRINT-005,ISSUE-0279,Implementable story,STORY-0169,TASK-0169,EPIC-028,QA,BC-007,PASS,4,STORY-0165/STORY-0166/STORY-0167/STORY-0168,PASS,tests/geo/benchmarks-por-periodo-sensor-e-perfil-de-qualidade/** | tools/quality/contexts/geometric_quality/benchmarks-por-periodo-sensor-e-perfil-de-qualidade/** | .github/workflows/benchmarks-por-periodo-sensor-e-perfil-de-qualidade.yaml,NOT_APPLICABLE,PASS,,NOT_APPLICABLE,PASS,,NOT_APPLICABLE,PASS,,APPLICABLE,PASS,ADR-041/ADR-042/ADR-043/ADR-044/ADR-045/ADR-046,APPLICABLE,PASS,ADR-051/ADR-052/ADR-053,PASS,test_ai_escalation_decision_03/test_ai_escalation_decision_07/test_req_classicprofile_008/test_nondeterministic_capability_declaration_repeatability_probes_and_bounded_consensus/test_epic_028_benchmark_happy_path/test_epic_028_benchmark_negative_paths,EVIDENCE_ONLY,PASS,,evidence/qa/epic-028/story-0169/ | commit candidato e relatório de testes,PASS,4,AC-ISSUE-0279-01/AC-ISSUE-0279-02/AC-ISSUE-0279-03/AC-ISSUE-0279-04,PASS,QA/Reviewer,PASS
SPRINT-005,ISSUE-0280,Implementable story,STORY-0170,TASK-0170,EPIC-028,Reviewer,BC-007,PASS,1,STORY-0169,PASS,evidence/reviews/benchmarks-por-periodo-sensor-e-perfil-de-qualidade/**,NOT_APPLICABLE,PASS,,NOT_APPLICABLE,PASS,,NOT_APPLICABLE,PASS,,APPLICABLE,PASS,ADR-041/ADR-042/ADR-043/ADR-044/ADR-045/ADR-046,NOT_APPLICABLE,PASS,,PASS,test_epic_028_aceite_happy_path/test_epic_028_aceite_negative_paths,EVIDENCE_ONLY,PASS,Audit,evidence/reviews/epic-028/story-0170/ | commit candidato e relatório de testes,PASS,4,AC-ISSUE-0280-01/AC-ISSUE-0280-02/AC-ISSUE-0280-03/AC-ISSUE-0280-04,PASS,Reviewer,PASS
SPRINT-005,ISSUE-0281,Implementable story,STORY-0171,TASK-0171,EPIC-029,Arquiteto,BC-004,PASS,3,STORY-0020/STORY-0030/STORY-0121,PASS,contracts/contexts/processing_plan/geo/etapas-capacidades-canonicas-e-processingplan-reproduz/** | docs/02-architecture/design-reviews/etapas-capacidades-canonicas-e-processingplan-reproduz/**,APPLICABLE,PASS,get_processing_plans_planid/get_capabilities/post_processing_plans_planid_preview,NOT_APPLICABLE,PASS,,NOT_APPLICABLE,PASS,ADR-010/ADR-011/ADR-014,NOT_APPLICABLE,PASS,ADR-047,NOT_APPLICABLE,PASS,,PASS,test_free_acquisition_policy_states_fail_closed_paid_ambiguous/test_no_duplicate_modes_processing_plan_roundtrip/test_epic_029_contrato,EVIDENCE_ONLY,PASS,,evidence/implementation/epic-029/story-0171/ | commit candidato e relatório de testes,PASS,4,AC-ISSUE-0281-01/AC-ISSUE-0281-02/AC-ISSUE-0281-03/AC-ISSUE-0281-04,PASS,Arquiteto/Reviewer,PASS
SPRINT-005,ISSUE-0282,Implementable story,STORY-0172,TASK-0172,EPIC-029,Geoprocessamento,BC-004,PASS,1,STORY-0171,PASS,src/geo/dsgeorref_geo/contexts/processing_plan/etapas-capacidades-canonicas-e-processingplan-reproduz/**,NOT_APPLICABLE,PASS,,NOT_APPLICABLE,PASS,,NOT_APPLICABLE,PASS,,APPLICABLE,PASS,ADR-041/ADR-042/ADR-043/ADR-047,APPLICABLE,PASS,ADR-051,PASS,test_stage_capability_contract_preconditions_budget_reason/test_guided_ai_plan_no_raw_seven_mode_confusion/test_stage_precondition_budget_evidence_planner/test_epic_029_dados,PRODUCT_AND_EVIDENCE,PASS,,evidence/implementation/epic-029/story-0172/ | commit candidato e relatório de testes,PASS,4,AC-ISSUE-0282-01/AC-ISSUE-0282-02/AC-ISSUE-0282-03/AC-ISSUE-0282-04,PASS,QA/Reviewer,PASS
SPRINT-005,ISSUE-0283,Implementable story,STORY-0173,TASK-0173,EPIC-029,Geoprocessamento,BC-004,PASS,1,STORY-0171,PASS,src/geo/dsgeorref_geo/contexts/processing_plan/etapas-capacidades-canonicas-e-processingplan-reproduz/**,NOT_APPLICABLE,PASS,,NOT_APPLICABLE,PASS,,NOT_APPLICABLE,PASS,,APPLICABLE,PASS,ADR-041/ADR-042/ADR-043/ADR-047,NOT_APPLICABLE,PASS,,PASS,test_retrieval_never_generates_gcp_homography_or_acceptance/test_epic_029_algoritmo,PRODUCT_AND_EVIDENCE,PASS,,evidence/implementation/epic-029/story-0173/ | commit candidato e relatório de testes,PASS,4,AC-ISSUE-0283-01/AC-ISSUE-0283-02/AC-ISSUE-0283-03/AC-ISSUE-0283-04,PASS,QA/Reviewer,PASS
SPRINT-005,ISSUE-0284,Implementable story,STORY-0174,TASK-0174,EPIC-029,Geoprocessamento,BC-004,PASS,1,STORY-0171,PASS,src/geo/dsgeorref_geo/contexts/processing_plan/etapas-capacidades-canonicas-e-processingplan-reproduz/**,NOT_APPLICABLE,PASS,,NOT_APPLICABLE,PASS,,NOT_APPLICABLE,PASS,,APPLICABLE,PASS,ADR-041/ADR-042/ADR-043/ADR-047,NOT_APPLICABLE,PASS,,PASS,test_epic_029_integracao,PRODUCT_AND_EVIDENCE,PASS,,evidence/implementation/epic-029/story-0174/ | commit candidato e relatório de testes,PASS,4,AC-ISSUE-0284-01/AC-ISSUE-0284-02/AC-ISSUE-0284-03/AC-ISSUE-0284-04,PASS,Arquiteto/QA/Reviewer,PASS
SPRINT-005,ISSUE-0285,Implementable story,STORY-0175,TASK-0175,EPIC-029,Geoprocessamento,BC-004,PASS,1,STORY-0171,PASS,src/geo/dsgeorref_geo/contexts/processing_plan/etapas-capacidades-canonicas-e-processingplan-reproduz/**,NOT_APPLICABLE,PASS,,NOT_APPLICABLE,PASS,,NOT_APPLICABLE,PASS,,APPLICABLE,PASS,ADR-041/ADR-042/ADR-043/ADR-047,NOT_APPLICABLE,PASS,,PASS,test_epic_029_diagnostico,PRODUCT_AND_EVIDENCE,PASS,Lineage,evidence/implementation/epic-029/story-0175/ | commit candidato e relatório de testes,PASS,4,AC-ISSUE-0285-01/AC-ISSUE-0285-02/AC-ISSUE-0285-03/AC-ISSUE-0285-04,PASS,QA/Reviewer,PASS
SPRINT-005,ISSUE-0286,Implementable story,STORY-0176,TASK-0176,EPIC-029,QA,BC-004,PASS,4,STORY-0172/STORY-0173/STORY-0174/STORY-0175,PASS,tests/geo/etapas-capacidades-canonicas-e-processingplan-reproduz/** | tools/quality/contexts/processing_plan/etapas-capacidades-canonicas-e-processingplan-reproduz/** | .github/workflows/etapas-capacidades-canonicas-e-processingplan-reproduz.yaml,NOT_APPLICABLE,PASS,,NOT_APPLICABLE,PASS,,NOT_APPLICABLE,PASS,,APPLICABLE,PASS,ADR-041/ADR-042/ADR-043/ADR-047,NOT_APPLICABLE,PASS,,PASS,test_epic_029_benchmark_happy_path/test_epic_029_benchmark_negative_paths,EVIDENCE_ONLY,PASS,,evidence/qa/epic-029/story-0176/ | commit candidato e relatório de testes,PASS,4,AC-ISSUE-0286-01/AC-ISSUE-0286-02/AC-ISSUE-0286-03/AC-ISSUE-0286-04,PASS,QA/Reviewer,PASS
SPRINT-005,ISSUE-0287,Implementable story,STORY-0177,TASK-0177,EPIC-029,Reviewer,BC-004,PASS,1,STORY-0176,PASS,evidence/reviews/etapas-capacidades-canonicas-e-processingplan-reproduz/**,NOT_APPLICABLE,PASS,,NOT_APPLICABLE,PASS,,NOT_APPLICABLE,PASS,,NOT_APPLICABLE,PASS,,NOT_APPLICABLE,PASS,,PASS,test_epic_029_aceite_happy_path/test_epic_029_aceite_negative_paths,EVIDENCE_ONLY,PASS,Audit,evidence/reviews/epic-029/story-0177/ | commit candidato e relatório de testes,PASS,4,AC-ISSUE-0287-01/AC-ISSUE-0287-02/AC-ISSUE-0287-03/AC-ISSUE-0287-04,PASS,Reviewer,PASS
SPRINT-005,ISSUE-0288,Implementable story,STORY-0178,TASK-0178,EPIC-030,Arquiteto,BC-012,PASS,2,STORY-0142/STORY-0020,PASS,contracts/contexts/results_reporting/geo/taxonomia-versionada-de-falhas-evidencias-remediacoes/** | docs/02-architecture/design-reviews/taxonomia-versionada-de-falhas-evidencias-remediacoes/**,APPLICABLE,PASS,get_jobs_jobid_results/get_attempts_attemptid_diagnostics/get_results_resultid/post_results_resultid_exports/get_exports_exportid/get_results_id_comparisons,NOT_APPLICABLE,PASS,,NOT_APPLICABLE,PASS,ADR-010/ADR-011,NOT_APPLICABLE,PASS,,NOT_APPLICABLE,PASS,,PASS,test_retry_classification_budget_idempotency_no_quality_relaxation/test_failure_taxonomy_evidence_remediation_versioning/test_epic_030_contrato,PRODUCT_AND_EVIDENCE,PASS,,evidence/implementation/epic-030/story-0178/ | commit candidato e relatório de testes,PASS,4,AC-ISSUE-0288-01/AC-ISSUE-0288-02/AC-ISSUE-0288-03/AC-ISSUE-0288-04,PASS,Arquiteto/Reviewer,PASS
SPRINT-005,ISSUE-0289,Implementable story,STORY-0179,TASK-0179,EPIC-030,Geoprocessamento,BC-012,PASS,1,STORY-0178,PASS,src/geo/dsgeorref_geo/contexts/results_reporting/taxonomia-versionada-de-falhas-evidencias-remediacoes/**,NOT_APPLICABLE,PASS,,NOT_APPLICABLE,PASS,,NOT_APPLICABLE,PASS,,APPLICABLE,PASS,ADR-041/ADR-042/ADR-043,NOT_APPLICABLE,PASS,,PASS,test_epic_030_dados,PRODUCT_AND_EVIDENCE,PASS,,evidence/implementation/epic-030/story-0179/ | commit candidato e relatório de testes,PASS,4,AC-ISSUE-0289-01/AC-ISSUE-0289-02/AC-ISSUE-0289-03/AC-ISSUE-0289-04,PASS,Arquiteto/QA/Reviewer,PASS
SPRINT-005,ISSUE-0290,Implementable story,STORY-0180,TASK-0180,EPIC-030,Geoprocessamento,BC-012,PASS,1,STORY-0178,PASS,src/geo/dsgeorref_geo/contexts/results_reporting/taxonomia-versionada-de-falhas-evidencias-remediacoes/**,NOT_APPLICABLE,PASS,,NOT_APPLICABLE,PASS,,NOT_APPLICABLE,PASS,,APPLICABLE,PASS,ADR-041/ADR-042/ADR-043,NOT_APPLICABLE,PASS,,PASS,test_success_failure_name_relative_path_exports/test_epic_030_algoritmo,PRODUCT_AND_EVIDENCE,PASS,,evidence/implementation/epic-030/story-0180/ | commit candidato e relatório de testes,PASS,4,AC-ISSUE-0290-01/AC-ISSUE-0290-02/AC-ISSUE-0290-03/AC-ISSUE-0290-04,PASS,Arquiteto/QA/Reviewer,PASS
SPRINT-005,ISSUE-0291,Implementable story,STORY-0181,TASK-0181,EPIC-030,Geoprocessamento,BC-012,PASS,1,STORY-0178,PASS,src/geo/dsgeorref_geo/contexts/results_reporting/taxonomia-versionada-de-falhas-evidencias-remediacoes/**,NOT_APPLICABLE,PASS,,NOT_APPLICABLE,PASS,,NOT_APPLICABLE,PASS,,APPLICABLE,PASS,ADR-041/ADR-042/ADR-043,NOT_APPLICABLE,PASS,,PASS,test_epic_030_integracao,PRODUCT_AND_EVIDENCE,PASS,,evidence/implementation/epic-030/story-0181/ | commit candidato e relatório de testes,PASS,4,AC-ISSUE-0291-01/AC-ISSUE-0291-02/AC-ISSUE-0291-03/AC-ISSUE-0291-04,PASS,Arquiteto/QA/Reviewer,PASS
SPRINT-005,ISSUE-0292,Implementable story,STORY-0182,TASK-0182,EPIC-030,Geoprocessamento,BC-012,PASS,1,STORY-0178,PASS,src/geo/dsgeorref_geo/contexts/results_reporting/taxonomia-versionada-de-falhas-evidencias-remediacoes/**,NOT_APPLICABLE,PASS,,NOT_APPLICABLE,PASS,,NOT_APPLICABLE,PASS,,APPLICABLE,PASS,ADR-041/ADR-042/ADR-043,NOT_APPLICABLE,PASS,,PASS,test_epic_030_diagnostico,PRODUCT_AND_EVIDENCE,PASS,Lineage,evidence/implementation/epic-030/story-0182/ | commit candidato e relatório de testes,PASS,4,AC-ISSUE-0292-01/AC-ISSUE-0292-02/AC-ISSUE-0292-03/AC-ISSUE-0292-04,PASS,Arquiteto/QA/Reviewer,PASS
SPRINT-005,ISSUE-0293,Implementable story,STORY-0183,TASK-0183,EPIC-030,QA,BC-012,PASS,4,STORY-0179/STORY-0180/STORY-0181/STORY-0182,PASS,tests/geo/taxonomia-versionada-de-falhas-evidencias-remediacoes/** | tools/quality/contexts/results_reporting/taxonomia-versionada-de-falhas-evidencias-remediacoes/** | .github/workflows/taxonomia-versionada-de-falhas-evidencias-remediacoes.yaml,NOT_APPLICABLE,PASS,,NOT_APPLICABLE,PASS,,NOT_APPLICABLE,PASS,,APPLICABLE,PASS,ADR-041/ADR-042/ADR-043,NOT_APPLICABLE,PASS,,PASS,test_epic_030_benchmark_happy_path/test_epic_030_benchmark_negative_paths,PRODUCT_AND_EVIDENCE,PASS,,evidence/qa/epic-030/story-0183/ | commit candidato e relatório de testes,PASS,4,AC-ISSUE-0293-01/AC-ISSUE-0293-02/AC-ISSUE-0293-03/AC-ISSUE-0293-04,PASS,QA/Reviewer,PASS
SPRINT-005,ISSUE-0294,Implementable story,STORY-0184,TASK-0184,EPIC-030,Reviewer,BC-012,PASS,1,STORY-0183,PASS,evidence/reviews/taxonomia-versionada-de-falhas-evidencias-remediacoes/**,NOT_APPLICABLE,PASS,,NOT_APPLICABLE,PASS,,NOT_APPLICABLE,PASS,,NOT_APPLICABLE,PASS,,NOT_APPLICABLE,PASS,,PASS,test_epic_030_aceite_happy_path/test_epic_030_aceite_negative_paths,PRODUCT_AND_EVIDENCE,PASS,Audit,evidence/reviews/epic-030/story-0184/ | commit candidato e relatório de testes,PASS,4,AC-ISSUE-0294-01/AC-ISSUE-0294-02/AC-ISSUE-0294-03/AC-ISSUE-0294-04,PASS,Reviewer,PASS
SPRINT-005,ISSUE-0371,Implementable story,STORY-0261,TASK-0261,EPIC-044,Arquiteto,BC-006,PASS,2,STORY-0142/STORY-0061,PASS,contracts/contexts/georeferencing/geo/outputprofile-cog-canonico-preservacao-de-resolucao-e/** | docs/02-architecture/design-reviews/outputprofile-cog-canonico-preservacao-de-resolucao-e/**,APPLICABLE,PASS,,NOT_APPLICABLE,PASS,ADR-025,NOT_APPLICABLE,PASS,ADR-010/ADR-011,APPLICABLE,PASS,ADR-041/ADR-042/ADR-043/ADR-049,NOT_APPLICABLE,PASS,,PASS,test_original_immutable_cog_validation/test_technical_canonical_output_and_optional_web_derivative_lineage/test_native_resolution_policy_resampling_ratio/test_epic_044_contrato,PRODUCT_AND_EVIDENCE,PASS,COG,evidence/implementation/epic-044/story-0261/ | commit candidato e relatório de testes,PASS,4,AC-ISSUE-0371-01/AC-ISSUE-0371-02/AC-ISSUE-0371-03/AC-ISSUE-0371-04,PASS,Arquiteto/Reviewer,PASS
SPRINT-005,ISSUE-0372,Implementable story,STORY-0262,TASK-0262,EPIC-044,Geoprocessamento,BC-006,PASS,1,STORY-0261,PASS,src/geo/dsgeorref_geo/contexts/georeferencing/outputprofile-cog-canonico-preservacao-de-resolucao-e/**,NOT_APPLICABLE,PASS,,NOT_APPLICABLE,PASS,ADR-025,NOT_APPLICABLE,PASS,,APPLICABLE,PASS,ADR-041/ADR-042/ADR-043/ADR-049,NOT_APPLICABLE,PASS,,PASS,test_nodata_alpha_coverage_analysis_mask_separation/test_output_grid_extent_alignment_pixel_anchor_and_no_half_pixel_shift/test_epic_044_dados,PRODUCT_AND_EVIDENCE,PASS,COG,evidence/implementation/epic-044/story-0262/ | commit candidato e relatório de testes,PASS,4,AC-ISSUE-0372-01/AC-ISSUE-0372-02/AC-ISSUE-0372-03/AC-ISSUE-0372-04,PASS,QA/Reviewer,PASS
SPRINT-005,ISSUE-0373,Implementable story,STORY-0263,TASK-0263,EPIC-044,Geoprocessamento,BC-006,PASS,1,STORY-0261,PASS,src/geo/dsgeorref_geo/contexts/georeferencing/outputprofile-cog-canonico-preservacao-de-resolucao-e/**,NOT_APPLICABLE,PASS,,NOT_APPLICABLE,PASS,ADR-025,NOT_APPLICABLE,PASS,,APPLICABLE,PASS,ADR-041/ADR-042/ADR-043/ADR-049,NOT_APPLICABLE,PASS,,PASS,test_epic_044_algoritmo,PRODUCT_AND_EVIDENCE,PASS,COG,evidence/implementation/epic-044/story-0263/ | commit candidato e relatório de testes,PASS,4,AC-ISSUE-0373-01/AC-ISSUE-0373-02/AC-ISSUE-0373-03/AC-ISSUE-0373-04,PASS,QA/Reviewer,PASS
SPRINT-005,ISSUE-0374,Implementable story,STORY-0264,TASK-0264,EPIC-044,Geoprocessamento,BC-006,PASS,1,STORY-0261,PASS,src/geo/dsgeorref_geo/contexts/georeferencing/outputprofile-cog-canonico-preservacao-de-resolucao-e/**,NOT_APPLICABLE,PASS,,NOT_APPLICABLE,PASS,ADR-025,NOT_APPLICABLE,PASS,,APPLICABLE,PASS,ADR-041/ADR-042/ADR-043/ADR-049,NOT_APPLICABLE,PASS,,PASS,test_epic_044_integracao,PRODUCT_AND_EVIDENCE,PASS,COG,evidence/implementation/epic-044/story-0264/ | commit candidato e relatório de testes,PASS,4,AC-ISSUE-0374-01/AC-ISSUE-0374-02/AC-ISSUE-0374-03/AC-ISSUE-0374-04,PASS,Arquiteto/QA/Reviewer,PASS
SPRINT-005,ISSUE-0375,Implementable story,STORY-0265,TASK-0265,EPIC-044,Geoprocessamento,BC-006,PASS,1,STORY-0261,PASS,src/geo/dsgeorref_geo/contexts/georeferencing/outputprofile-cog-canonico-preservacao-de-resolucao-e/**,NOT_APPLICABLE,PASS,,NOT_APPLICABLE,PASS,ADR-025,NOT_APPLICABLE,PASS,,APPLICABLE,PASS,ADR-041/ADR-042/ADR-043/ADR-049,NOT_APPLICABLE,PASS,,PASS,test_epic_044_diagnostico,PRODUCT_AND_EVIDENCE,PASS,COG/Lineage,evidence/implementation/epic-044/story-0265/ | commit candidato e relatório de testes,PASS,4,AC-ISSUE-0375-01/AC-ISSUE-0375-02/AC-ISSUE-0375-03/AC-ISSUE-0375-04,PASS,QA/Reviewer,PASS
SPRINT-005,ISSUE-0376,Implementable story,STORY-0266,TASK-0266,EPIC-044,QA,BC-006,PASS,4,STORY-0262/STORY-0263/STORY-0264/STORY-0265,PASS,tests/geo/outputprofile-cog-canonico-preservacao-de-resolucao-e/** | tools/quality/contexts/georeferencing/outputprofile-cog-canonico-preservacao-de-resolucao-e/** | .github/workflows/outputprofile-cog-canonico-preservacao-de-resolucao-e.yaml,NOT_APPLICABLE,PASS,,NOT_APPLICABLE,PASS,ADR-025,NOT_APPLICABLE,PASS,,APPLICABLE,PASS,ADR-041/ADR-042/ADR-043/ADR-049,NOT_APPLICABLE,PASS,,PASS,test_epic_044_benchmark_happy_path/test_epic_044_benchmark_negative_paths,PRODUCT_AND_EVIDENCE,PASS,COG,evidence/qa/epic-044/story-0266/ | commit candidato e relatório de testes,PASS,4,AC-ISSUE-0376-01/AC-ISSUE-0376-02/AC-ISSUE-0376-03/AC-ISSUE-0376-04,PASS,QA/Reviewer,PASS
SPRINT-005,ISSUE-0377,Implementable story,STORY-0267,TASK-0267,EPIC-044,Reviewer,BC-006,PASS,1,STORY-0266,PASS,evidence/reviews/outputprofile-cog-canonico-preservacao-de-resolucao-e/**,NOT_APPLICABLE,PASS,,NOT_APPLICABLE,PASS,ADR-025,NOT_APPLICABLE,PASS,,APPLICABLE,PASS,ADR-041/ADR-042/ADR-043/ADR-049,NOT_APPLICABLE,PASS,,PASS,test_epic_044_aceite_happy_path/test_epic_044_aceite_negative_paths,PRODUCT_AND_EVIDENCE,PASS,COG/Audit,evidence/reviews/epic-044/story-0267/ | commit candidato e relatório de testes,PASS,4,AC-ISSUE-0377-01/AC-ISSUE-0377-02/AC-ISSUE-0377-03/AC-ISSUE-0377-04,PASS,Reviewer,PASS
SPRINT-005,ISSUE-0378,Implementable story,STORY-0268,TASK-0268,EPIC-045,Arquiteto,BC-006,PASS,3,STORY-0121/STORY-0135/STORY-0267,PASS,contracts/contexts/georeferencing/geo/mascara-analitica-adaptativa-preview-correcao-area-uti/** | docs/02-architecture/design-reviews/mascara-analitica-adaptativa-preview-correcao-area-uti/**,APPLICABLE,PASS,,NOT_APPLICABLE,PASS,,NOT_APPLICABLE,PASS,ADR-010/ADR-011,APPLICABLE,PASS,ADR-041/ADR-042/ADR-043,NOT_APPLICABLE,PASS,,PASS,test_adaptive_mask_preview_correction_versioning/test_epic_045_contrato,PRODUCT_AND_EVIDENCE,PASS,Mask/Preview,evidence/implementation/epic-045/story-0268/ | commit candidato e relatório de testes,PASS,4,AC-ISSUE-0378-01/AC-ISSUE-0378-02/AC-ISSUE-0378-03/AC-ISSUE-0378-04,PASS,Arquiteto/Reviewer,PASS
SPRINT-005,ISSUE-0379,Implementable story,STORY-0269,TASK-0269,EPIC-045,Geoprocessamento,BC-006,PASS,1,STORY-0268,PASS,src/geo/dsgeorref_geo/contexts/georeferencing/mascara-analitica-adaptativa-preview-correcao-area-uti/**,NOT_APPLICABLE,PASS,,NOT_APPLICABLE,PASS,,NOT_APPLICABLE,PASS,,APPLICABLE,PASS,ADR-041/ADR-042/ADR-043,NOT_APPLICABLE,PASS,,PASS,test_near_black_white_border_excluded_without_crop/test_marginal_metadata_pixels_preserved_and_classified/test_nodata_alpha_coverage_analysis_mask_separation/test_epic_045_dados,PRODUCT_AND_EVIDENCE,PASS,Mask/Preview,evidence/implementation/epic-045/story-0269/ | commit candidato e relatório de testes,PASS,4,AC-ISSUE-0379-01/AC-ISSUE-0379-02/AC-ISSUE-0379-03/AC-ISSUE-0379-04,PASS,QA/Reviewer,PASS
SPRINT-005,ISSUE-0380,Implementable story,STORY-0270,TASK-0270,EPIC-045,Geoprocessamento,BC-006,PASS,1,STORY-0268,PASS,src/geo/dsgeorref_geo/contexts/georeferencing/mascara-analitica-adaptativa-preview-correcao-area-uti/**,NOT_APPLICABLE,PASS,,NOT_APPLICABLE,PASS,,NOT_APPLICABLE,PASS,,APPLICABLE,PASS,ADR-041/ADR-042/ADR-043,NOT_APPLICABLE,PASS,,PASS,test_epic_045_algoritmo,PRODUCT_AND_EVIDENCE,PASS,Mask/Preview,evidence/implementation/epic-045/story-0270/ | commit candidato e relatório de testes,PASS,4,AC-ISSUE-0380-01/AC-ISSUE-0380-02/AC-ISSUE-0380-03/AC-ISSUE-0380-04,PASS,QA/Reviewer,PASS
SPRINT-005,ISSUE-0381,Implementable story,STORY-0271,TASK-0271,EPIC-045,Geoprocessamento,BC-006,PASS,1,STORY-0268,PASS,src/geo/dsgeorref_geo/contexts/georeferencing/mascara-analitica-adaptativa-preview-correcao-area-uti/**,NOT_APPLICABLE,PASS,,NOT_APPLICABLE,PASS,,NOT_APPLICABLE,PASS,,APPLICABLE,PASS,ADR-041/ADR-042/ADR-043,NOT_APPLICABLE,PASS,,PASS,test_epic_045_integracao,PRODUCT_AND_EVIDENCE,PASS,Mask/Preview,evidence/implementation/epic-045/story-0271/ | commit candidato e relatório de testes,PASS,4,AC-ISSUE-0381-01/AC-ISSUE-0381-02/AC-ISSUE-0381-03/AC-ISSUE-0381-04,PASS,Arquiteto/QA/Reviewer,PASS
SPRINT-005,ISSUE-0382,Implementable story,STORY-0272,TASK-0272,EPIC-045,Geoprocessamento,BC-006,PASS,1,STORY-0268,PASS,src/geo/dsgeorref_geo/contexts/georeferencing/mascara-analitica-adaptativa-preview-correcao-area-uti/**,NOT_APPLICABLE,PASS,,NOT_APPLICABLE,PASS,,NOT_APPLICABLE,PASS,,APPLICABLE,PASS,ADR-041/ADR-042/ADR-043,NOT_APPLICABLE,PASS,,PASS,test_epic_045_diagnostico,PRODUCT_AND_EVIDENCE,PASS,Mask/Preview/Lineage,evidence/implementation/epic-045/story-0272/ | commit candidato e relatório de testes,PASS,4,AC-ISSUE-0382-01/AC-ISSUE-0382-02/AC-ISSUE-0382-03/AC-ISSUE-0382-04,PASS,QA/Reviewer,PASS
SPRINT-005,ISSUE-0383,Implementable story,STORY-0273,TASK-0273,EPIC-045,QA,BC-006,PASS,4,STORY-0269/STORY-0270/STORY-0271/STORY-0272,PASS,tests/geo/mascara-analitica-adaptativa-preview-correcao-area-uti/** | tools/quality/contexts/georeferencing/mascara-analitica-adaptativa-preview-correcao-area-uti/** | .github/workflows/mascara-analitica-adaptativa-preview-correcao-area-uti.yaml,NOT_APPLICABLE,PASS,,NOT_APPLICABLE,PASS,,NOT_APPLICABLE,PASS,,APPLICABLE,PASS,ADR-041/ADR-042/ADR-043,NOT_APPLICABLE,PASS,,PASS,test_epic_045_benchmark_happy_path/test_epic_045_benchmark_negative_paths,PRODUCT_AND_EVIDENCE,PASS,Mask/Preview,evidence/qa/epic-045/story-0273/ | commit candidato e relatório de testes,PASS,4,AC-ISSUE-0383-01/AC-ISSUE-0383-02/AC-ISSUE-0383-03/AC-ISSUE-0383-04,PASS,QA/Reviewer,PASS
SPRINT-005,ISSUE-0384,Implementable story,STORY-0274,TASK-0274,EPIC-045,Reviewer,BC-006,PASS,1,STORY-0273,PASS,evidence/reviews/mascara-analitica-adaptativa-preview-correcao-area-uti/**,NOT_APPLICABLE,PASS,,NOT_APPLICABLE,PASS,,NOT_APPLICABLE,PASS,,APPLICABLE,PASS,ADR-041/ADR-042/ADR-043,NOT_APPLICABLE,PASS,,PASS,test_epic_045_aceite_happy_path/test_epic_045_aceite_negative_paths,PRODUCT_AND_EVIDENCE,PASS,Mask/Preview/Audit,evidence/reviews/epic-045/story-0274/ | commit candidato e relatório de testes,PASS,4,AC-ISSUE-0384-01/AC-ISSUE-0384-02/AC-ISSUE-0384-03/AC-ISSUE-0384-04,PASS,Reviewer,PASS
SPRINT-005,ISSUE-0385,Implementable story,STORY-0275,TASK-0275,EPIC-046,Arquiteto,BC-013,PASS,3,STORY-0156/STORY-0267/STORY-0061,PASS,contracts/contexts/artifact_provenance/geo/artifactset-imutavel-staging-e-publicacao-atomica/** | docs/02-architecture/design-reviews/artifactset-imutavel-staging-e-publicacao-atomica/**,APPLICABLE,PASS,get_artifact_sets_artifactsetid_manifest/post_admin_backups/post_admin_restores_validate/get_admin_retention_policies/patch_admin_retention_policies,NOT_APPLICABLE,PASS,ADR-023,NOT_APPLICABLE,PASS,ADR-010/ADR-011,NOT_APPLICABLE,PASS,ADR-042,NOT_APPLICABLE,PASS,,PASS,test_original_immutable_cog_validation/test_epic_046_contrato,PRODUCT_AND_EVIDENCE,PASS,,evidence/implementation/epic-046/story-0275/ | commit candidato e relatório de testes,PASS,4,AC-ISSUE-0385-01/AC-ISSUE-0385-02/AC-ISSUE-0385-03/AC-ISSUE-0385-04,PASS,Arquiteto/Reviewer,PASS
SPRINT-005,ISSUE-0386,Implementable story,STORY-0276,TASK-0276,EPIC-046,Geoprocessamento,BC-013,PASS,1,STORY-0275,PASS,src/geo/dsgeorref_geo/contexts/artifact_provenance/artifactset-imutavel-staging-e-publicacao-atomica/**,NOT_APPLICABLE,PASS,,NOT_APPLICABLE,PASS,ADR-023,NOT_APPLICABLE,PASS,,APPLICABLE,PASS,ADR-041/ADR-042/ADR-043/ADR-049,NOT_APPLICABLE,PASS,,PASS,test_experimental_capability_cannot_publish_accepted_artifactset/test_partial_anchor_states_subcomponents_and_immutable_artifacts/test_cog_grid_metadata_overviews_validity_roundtrip_and_atomic_publication/test_epic_046_dados,PRODUCT_AND_EVIDENCE,PASS,,evidence/implementation/epic-046/story-0276/ | commit candidato e relatório de testes,PASS,4,AC-ISSUE-0386-01/AC-ISSUE-0386-02/AC-ISSUE-0386-03/AC-ISSUE-0386-04,PASS,QA/Reviewer,PASS
SPRINT-005,ISSUE-0387,Implementable story,STORY-0277,TASK-0277,EPIC-046,Geoprocessamento,BC-013,PASS,1,STORY-0275,PASS,src/geo/dsgeorref_geo/contexts/artifact_provenance/artifactset-imutavel-staging-e-publicacao-atomica/**,NOT_APPLICABLE,PASS,,NOT_APPLICABLE,PASS,ADR-023,NOT_APPLICABLE,PASS,,APPLICABLE,PASS,ADR-041/ADR-042/ADR-043/ADR-049,NOT_APPLICABLE,PASS,,PASS,test_epic_046_algoritmo,PRODUCT_AND_EVIDENCE,PASS,,evidence/implementation/epic-046/story-0277/ | commit candidato e relatório de testes,PASS,4,AC-ISSUE-0387-01/AC-ISSUE-0387-02/AC-ISSUE-0387-03/AC-ISSUE-0387-04,PASS,QA/Reviewer,PASS
SPRINT-005,ISSUE-0388,Implementable story,STORY-0278,TASK-0278,EPIC-046,Geoprocessamento,BC-013,PASS,1,STORY-0275,PASS,src/geo/dsgeorref_geo/contexts/artifact_provenance/artifactset-imutavel-staging-e-publicacao-atomica/**,NOT_APPLICABLE,PASS,,NOT_APPLICABLE,PASS,ADR-023,NOT_APPLICABLE,PASS,,APPLICABLE,PASS,ADR-041/ADR-042/ADR-043/ADR-049,NOT_APPLICABLE,PASS,,PASS,test_epic_046_integracao,PRODUCT_AND_EVIDENCE,PASS,,evidence/implementation/epic-046/story-0278/ | commit candidato e relatório de testes,PASS,4,AC-ISSUE-0388-01/AC-ISSUE-0388-02/AC-ISSUE-0388-03/AC-ISSUE-0388-04,PASS,Arquiteto/QA/Reviewer,PASS
SPRINT-005,ISSUE-0389,Implementable story,STORY-0279,TASK-0279,EPIC-046,Geoprocessamento,BC-013,PASS,1,STORY-0275,PASS,src/geo/dsgeorref_geo/contexts/artifact_provenance/artifactset-imutavel-staging-e-publicacao-atomica/**,NOT_APPLICABLE,PASS,,NOT_APPLICABLE,PASS,ADR-023,NOT_APPLICABLE,PASS,,APPLICABLE,PASS,ADR-041/ADR-042/ADR-043/ADR-049,NOT_APPLICABLE,PASS,,PASS,test_epic_046_diagnostico,PRODUCT_AND_EVIDENCE,PASS,Lineage,evidence/implementation/epic-046/story-0279/ | commit candidato e relatório de testes,PASS,4,AC-ISSUE-0389-01/AC-ISSUE-0389-02/AC-ISSUE-0389-03/AC-ISSUE-0389-04,PASS,QA/Reviewer,PASS
SPRINT-005,ISSUE-0390,Implementable story,STORY-0280,TASK-0280,EPIC-046,QA,BC-013,PASS,4,STORY-0276/STORY-0277/STORY-0278/STORY-0279,PASS,tests/geo/artifactset-imutavel-staging-e-publicacao-atomica/** | tools/quality/contexts/artifact_provenance/artifactset-imutavel-staging-e-publicacao-atomica/** | .github/workflows/artifactset-imutavel-staging-e-publicacao-atomica.yaml,NOT_APPLICABLE,PASS,,NOT_APPLICABLE,PASS,ADR-023,NOT_APPLICABLE,PASS,,APPLICABLE,PASS,ADR-041/ADR-042/ADR-043/ADR-049,NOT_APPLICABLE,PASS,,PASS,test_atomic_artifactset_publication_failure_recovery/test_epic_046_benchmark_happy_path/test_epic_046_benchmark_negative_paths,PRODUCT_AND_EVIDENCE,PASS,,evidence/qa/epic-046/story-0280/ | commit candidato e relatório de testes,PASS,4,AC-ISSUE-0390-01/AC-ISSUE-0390-02/AC-ISSUE-0390-03/AC-ISSUE-0390-04,PASS,QA/Reviewer,PASS
SPRINT-005,ISSUE-0391,Implementable story,STORY-0281,TASK-0281,EPIC-046,Reviewer,BC-013,PASS,1,STORY-0280,PASS,evidence/reviews/artifactset-imutavel-staging-e-publicacao-atomica/**,NOT_APPLICABLE,PASS,,NOT_APPLICABLE,PASS,ADR-023,NOT_APPLICABLE,PASS,,NOT_APPLICABLE,PASS,,NOT_APPLICABLE,PASS,,PASS,test_epic_046_aceite_happy_path/test_epic_046_aceite_negative_paths,PRODUCT_AND_EVIDENCE,PASS,Audit,evidence/reviews/epic-046/story-0281/ | commit candidato e relatório de testes,PASS,4,AC-ISSUE-0391-01/AC-ISSUE-0391-02/AC-ISSUE-0391-03/AC-ISSUE-0391-04,PASS,Reviewer,PASS
SPRINT-005,ISSUE-0392,Implementable story,STORY-0282,TASK-0282,EPIC-047,Arquiteto,BC-006,PASS,3,STORY-0121/STORY-0135/STORY-0109,PASS,contracts/contexts/georeferencing/geo/matching-coarse-to-fine-tiles-reconciliacao-de-coorden/** | docs/02-architecture/design-reviews/matching-coarse-to-fine-tiles-reconciliacao-de-coorden/**,APPLICABLE,PASS,,NOT_APPLICABLE,PASS,,NOT_APPLICABLE,PASS,ADR-010/ADR-011,APPLICABLE,PASS,ADR-041/ADR-042/ADR-043/ADR-044,NOT_APPLICABLE,PASS,,PASS,test_epic_047_contrato,EVIDENCE_ONLY,PASS,,evidence/implementation/epic-047/story-0282/ | commit candidato e relatório de testes,PASS,4,AC-ISSUE-0392-01/AC-ISSUE-0392-02/AC-ISSUE-0392-03/AC-ISSUE-0392-04,PASS,Arquiteto/Reviewer,PASS
SPRINT-005,ISSUE-0393,Implementable story,STORY-0283,TASK-0283,EPIC-047,Geoprocessamento,BC-006,PASS,1,STORY-0282,PASS,src/geo/dsgeorref_geo/contexts/georeferencing/matching-coarse-to-fine-tiles-reconciliacao-de-coorden/**,NOT_APPLICABLE,PASS,,NOT_APPLICABLE,PASS,,NOT_APPLICABLE,PASS,,APPLICABLE,PASS,ADR-041/ADR-042/ADR-043/ADR-044,NOT_APPLICABLE,PASS,,PASS,test_epic_047_dados,PRODUCT_AND_EVIDENCE,PASS,,evidence/implementation/epic-047/story-0283/ | commit candidato e relatório de testes,PASS,4,AC-ISSUE-0393-01/AC-ISSUE-0393-02/AC-ISSUE-0393-03/AC-ISSUE-0393-04,PASS,QA/Reviewer,PASS
SPRINT-005,ISSUE-0394,Implementable story,STORY-0284,TASK-0284,EPIC-047,Geoprocessamento,BC-006,PASS,1,STORY-0282,PASS,src/geo/dsgeorref_geo/contexts/georeferencing/matching-coarse-to-fine-tiles-reconciliacao-de-coorden/**,NOT_APPLICABLE,PASS,,NOT_APPLICABLE,PASS,,NOT_APPLICABLE,PASS,,APPLICABLE,PASS,ADR-041/ADR-042/ADR-043/ADR-044,NOT_APPLICABLE,PASS,,PASS,test_pyramid_tile_coordinate_roundtrip_refinement/test_epic_047_algoritmo,PRODUCT_AND_EVIDENCE,PASS,,evidence/implementation/epic-047/story-0284/ | commit candidato e relatório de testes,PASS,4,AC-ISSUE-0394-01/AC-ISSUE-0394-02/AC-ISSUE-0394-03/AC-ISSUE-0394-04,PASS,QA/Reviewer,PASS
SPRINT-005,ISSUE-0395,Implementable story,STORY-0285,TASK-0285,EPIC-047,Geoprocessamento,BC-006,PASS,1,STORY-0282,PASS,src/geo/dsgeorref_geo/contexts/georeferencing/matching-coarse-to-fine-tiles-reconciliacao-de-coorden/**,NOT_APPLICABLE,PASS,,NOT_APPLICABLE,PASS,,NOT_APPLICABLE,PASS,,APPLICABLE,PASS,ADR-041/ADR-042/ADR-043/ADR-044,NOT_APPLICABLE,PASS,,PASS,test_epic_047_integracao,PRODUCT_AND_EVIDENCE,PASS,,evidence/implementation/epic-047/story-0285/ | commit candidato e relatório de testes,PASS,4,AC-ISSUE-0395-01/AC-ISSUE-0395-02/AC-ISSUE-0395-03/AC-ISSUE-0395-04,PASS,Arquiteto/QA/Reviewer,PASS
SPRINT-005,ISSUE-0396,Implementable story,STORY-0286,TASK-0286,EPIC-047,Geoprocessamento,BC-006,PASS,1,STORY-0282,PASS,src/geo/dsgeorref_geo/contexts/georeferencing/matching-coarse-to-fine-tiles-reconciliacao-de-coorden/**,NOT_APPLICABLE,PASS,,NOT_APPLICABLE,PASS,,NOT_APPLICABLE,PASS,,APPLICABLE,PASS,ADR-041/ADR-042/ADR-043/ADR-044,NOT_APPLICABLE,PASS,,PASS,test_epic_047_diagnostico,PRODUCT_AND_EVIDENCE,PASS,Lineage,evidence/implementation/epic-047/story-0286/ | commit candidato e relatório de testes,PASS,4,AC-ISSUE-0396-01/AC-ISSUE-0396-02/AC-ISSUE-0396-03/AC-ISSUE-0396-04,PASS,QA/Reviewer,PASS
SPRINT-005,ISSUE-0397,Implementable story,STORY-0287,TASK-0287,EPIC-047,QA,BC-006,PASS,4,STORY-0283/STORY-0284/STORY-0285/STORY-0286,PASS,tests/geo/matching-coarse-to-fine-tiles-reconciliacao-de-coorden/** | tools/quality/contexts/georeferencing/matching-coarse-to-fine-tiles-reconciliacao-de-coorden/** | .github/workflows/matching-coarse-to-fine-tiles-reconciliacao-de-coorden.yaml,NOT_APPLICABLE,PASS,,NOT_APPLICABLE,PASS,,NOT_APPLICABLE,PASS,,APPLICABLE,PASS,ADR-041/ADR-042/ADR-043/ADR-044,NOT_APPLICABLE,PASS,,PASS,test_epic_047_benchmark_happy_path/test_epic_047_benchmark_negative_paths,EVIDENCE_ONLY,PASS,,evidence/qa/epic-047/story-0287/ | commit candidato e relatório de testes,PASS,4,AC-ISSUE-0397-01/AC-ISSUE-0397-02/AC-ISSUE-0397-03/AC-ISSUE-0397-04,PASS,QA/Reviewer,PASS
SPRINT-005,ISSUE-0398,Implementable story,STORY-0288,TASK-0288,EPIC-047,Reviewer,BC-006,PASS,1,STORY-0287,PASS,evidence/reviews/matching-coarse-to-fine-tiles-reconciliacao-de-coorden/**,NOT_APPLICABLE,PASS,,NOT_APPLICABLE,PASS,,NOT_APPLICABLE,PASS,,APPLICABLE,PASS,ADR-041/ADR-042/ADR-043/ADR-044,NOT_APPLICABLE,PASS,,PASS,test_epic_047_aceite_happy_path/test_epic_047_aceite_negative_paths,EVIDENCE_ONLY,PASS,Audit,evidence/reviews/epic-047/story-0288/ | commit candidato e relatório de testes,PASS,4,AC-ISSUE-0398-01/AC-ISSUE-0398-02/AC-ISSUE-0398-03/AC-ISSUE-0398-04,PASS,Reviewer,PASS
SPRINT-005,ISSUE-0399,Implementable story,STORY-0289,TASK-0289,EPIC-048,Arquiteto,BC-006,PASS,2,STORY-0274/STORY-0061,PASS,contracts/contexts/georeferencing/geo/extracao-opcional-de-metadados-marginais-com-confianca/** | docs/02-architecture/design-reviews/extracao-opcional-de-metadados-marginais-com-confianca/**,APPLICABLE,PASS,,NOT_APPLICABLE,PASS,,NOT_APPLICABLE,PASS,ADR-010/ADR-011,APPLICABLE,PASS,ADR-041/ADR-042/ADR-043,NOT_APPLICABLE,PASS,,PASS,test_epic_048_contrato,PRODUCT_AND_EVIDENCE,PASS,Lineage,evidence/implementation/epic-048/story-0289/ | commit candidato e relatório de testes,PASS,4,AC-ISSUE-0399-01/AC-ISSUE-0399-02/AC-ISSUE-0399-03/AC-ISSUE-0399-04,PASS,Arquiteto/Reviewer,PASS
SPRINT-005,ISSUE-0400,Implementable story,STORY-0290,TASK-0290,EPIC-048,Geoprocessamento,BC-006,PASS,1,STORY-0289,PASS,src/geo/dsgeorref_geo/contexts/georeferencing/extracao-opcional-de-metadados-marginais-com-confianca/**,NOT_APPLICABLE,PASS,,NOT_APPLICABLE,PASS,,NOT_APPLICABLE,PASS,,APPLICABLE,PASS,ADR-041/ADR-042/ADR-043,NOT_APPLICABLE,PASS,,PASS,test_optional_metadata_extraction_no_geometry_side_effect/test_epic_048_dados,PRODUCT_AND_EVIDENCE,PASS,Lineage,evidence/implementation/epic-048/story-0290/ | commit candidato e relatório de testes,PASS,4,AC-ISSUE-0400-01/AC-ISSUE-0400-02/AC-ISSUE-0400-03/AC-ISSUE-0400-04,PASS,QA/Reviewer,PASS
SPRINT-005,ISSUE-0401,Implementable story,STORY-0291,TASK-0291,EPIC-048,Geoprocessamento,BC-006,PASS,1,STORY-0289,PASS,src/geo/dsgeorref_geo/contexts/georeferencing/extracao-opcional-de-metadados-marginais-com-confianca/**,NOT_APPLICABLE,PASS,,NOT_APPLICABLE,PASS,,NOT_APPLICABLE,PASS,,APPLICABLE,PASS,ADR-041/ADR-042/ADR-043,NOT_APPLICABLE,PASS,,PASS,test_epic_048_algoritmo,PRODUCT_AND_EVIDENCE,PASS,Lineage,evidence/implementation/epic-048/story-0291/ | commit candidato e relatório de testes,PASS,4,AC-ISSUE-0401-01/AC-ISSUE-0401-02/AC-ISSUE-0401-03/AC-ISSUE-0401-04,PASS,QA/Reviewer,PASS
SPRINT-005,ISSUE-0402,Implementable story,STORY-0292,TASK-0292,EPIC-048,Geoprocessamento,BC-006,PASS,1,STORY-0289,PASS,src/geo/dsgeorref_geo/contexts/georeferencing/extracao-opcional-de-metadados-marginais-com-confianca/**,NOT_APPLICABLE,PASS,,NOT_APPLICABLE,PASS,,NOT_APPLICABLE,PASS,,APPLICABLE,PASS,ADR-041/ADR-042/ADR-043,NOT_APPLICABLE,PASS,,PASS,test_epic_048_integracao,PRODUCT_AND_EVIDENCE,PASS,Lineage,evidence/implementation/epic-048/story-0292/ | commit candidato e relatório de testes,PASS,4,AC-ISSUE-0402-01/AC-ISSUE-0402-02/AC-ISSUE-0402-03/AC-ISSUE-0402-04,PASS,Arquiteto/QA/Reviewer,PASS
SPRINT-005,ISSUE-0403,Implementable story,STORY-0293,TASK-0293,EPIC-048,Geoprocessamento,BC-006,PASS,1,STORY-0289,PASS,src/geo/dsgeorref_geo/contexts/georeferencing/extracao-opcional-de-metadados-marginais-com-confianca/**,NOT_APPLICABLE,PASS,,NOT_APPLICABLE,PASS,,NOT_APPLICABLE,PASS,,APPLICABLE,PASS,ADR-041/ADR-042/ADR-043,NOT_APPLICABLE,PASS,,PASS,test_epic_048_diagnostico,PRODUCT_AND_EVIDENCE,PASS,Lineage,evidence/implementation/epic-048/story-0293/ | commit candidato e relatório de testes,PASS,4,AC-ISSUE-0403-01/AC-ISSUE-0403-02/AC-ISSUE-0403-03/AC-ISSUE-0403-04,PASS,QA/Reviewer,PASS
SPRINT-005,ISSUE-0404,Implementable story,STORY-0294,TASK-0294,EPIC-048,QA,BC-006,PASS,4,STORY-0290/STORY-0291/STORY-0292/STORY-0293,PASS,tests/geo/extracao-opcional-de-metadados-marginais-com-confianca/** | tools/quality/contexts/georeferencing/extracao-opcional-de-metadados-marginais-com-confianca/** | .github/workflows/extracao-opcional-de-metadados-marginais-com-confianca.yaml,NOT_APPLICABLE,PASS,,NOT_APPLICABLE,PASS,,NOT_APPLICABLE,PASS,,APPLICABLE,PASS,ADR-041/ADR-042/ADR-043,NOT_APPLICABLE,PASS,,PASS,test_epic_048_benchmark_happy_path/test_epic_048_benchmark_negative_paths,PRODUCT_AND_EVIDENCE,PASS,Lineage,evidence/qa/epic-048/story-0294/ | commit candidato e relatório de testes,PASS,4,AC-ISSUE-0404-01/AC-ISSUE-0404-02/AC-ISSUE-0404-03/AC-ISSUE-0404-04,PASS,QA/Reviewer,PASS
SPRINT-005,ISSUE-0405,Implementable story,STORY-0295,TASK-0295,EPIC-048,Reviewer,BC-006,PASS,1,STORY-0294,PASS,evidence/reviews/extracao-opcional-de-metadados-marginais-com-confianca/**,NOT_APPLICABLE,PASS,,NOT_APPLICABLE,PASS,,NOT_APPLICABLE,PASS,,APPLICABLE,PASS,ADR-041/ADR-042/ADR-043,NOT_APPLICABLE,PASS,,PASS,test_epic_048_aceite_happy_path/test_epic_048_aceite_negative_paths,PRODUCT_AND_EVIDENCE,PASS,Audit/Lineage,evidence/reviews/epic-048/story-0295/ | commit candidato e relatório de testes,PASS,4,AC-ISSUE-0405-01/AC-ISSUE-0405-02/AC-ISSUE-0405-03/AC-ISSUE-0405-04,PASS,Reviewer,PASS
SPRINT-005,ISSUE-0833,Implementable story,STORY-0723,TASK-0723,EPIC-021,Geoprocessamento,BC-007,PASS,1,STORY-0115,PASS,src/geo/dsgeorref_geo/contexts/geometric_quality/corpus-versionado-com-decadas-e-condicoes-distintas/requirements-epic-fs1-native-parte-1/**,NOT_APPLICABLE,PASS,,NOT_APPLICABLE,PASS,ADR-023,NOT_APPLICABLE,PASS,,APPLICABLE,PASS,ADR-041/ADR-042/ADR-043/ADR-044/ADR-045/ADR-046,NOT_APPLICABLE,PASS,,PASS,geo_regression_corpus_and_strong_geometric_verifier/test_first_functional_slice_decision_02/test_first_functional_slice_decision_03/test_first_functional_slice_decision_08/test_first_functional_slice_decision_09/test_first_functional_slice_decision_10/test_req_native_003/test_req_native_005/test_req_native_006/test_req_native_007,PRODUCT_AND_EVIDENCE,PASS,,evidence/implementation/corpus-versionado-com-decadas-e-condicoes-distinta/requirements-epic-fs1-native-parte-1/ | commit candidato e relatório de testes,PASS,4,AC-ISSUE-0833-01/AC-ISSUE-0833-02/AC-ISSUE-0833-03/AC-ISSUE-0833-04,PASS,QA/Reviewer,PASS
SPRINT-005,ISSUE-0834,Implementable story,STORY-0724,TASK-0724,EPIC-021,Geoprocessamento,BC-007,PASS,1,STORY-0115,PASS,src/geo/dsgeorref_geo/contexts/geometric_quality/corpus-versionado-com-decadas-e-condicoes-distintas/native-scp-parte-2/**,NOT_APPLICABLE,PASS,,NOT_APPLICABLE,PASS,ADR-023,NOT_APPLICABLE,PASS,,APPLICABLE,PASS,ADR-041/ADR-042/ADR-043/ADR-044/ADR-045/ADR-046,APPLICABLE,PASS,ADR-053,PASS,test_req_native_008/test_req_native_009/test_req_native_0010/test_cross_decade_corpus_and_no_temporal_hardcode,PRODUCT_AND_EVIDENCE,PASS,,evidence/implementation/corpus-versionado-com-decadas-e-condicoes-distinta/native-scp-parte-2/ | commit candidato e relatório de testes,PASS,4,AC-ISSUE-0834-01/AC-ISSUE-0834-02/AC-ISSUE-0834-03/AC-ISSUE-0834-04,PASS,QA/Reviewer,PASS
SPRINT-005,ISSUE-0835,Implementable story,STORY-0725,TASK-0725,EPIC-022,Geoprocessamento,BC-005,PASS,1,STORY-0122,PASS,src/geo/dsgeorref_geo/contexts/reference_discovery/busca-provavel-greenfield-validada/aie-classicprofile-parte-1/**,NOT_APPLICABLE,PASS,,NOT_APPLICABLE,PASS,ADR-023/ADR-025,NOT_APPLICABLE,PASS,,APPLICABLE,PASS,ADR-041/ADR-042/ADR-043/ADR-044/ADR-045/ADR-046,APPLICABLE,PASS,ADR-051/ADR-052/ADR-053,PASS,test_ai_escalation_decision_02/test_ai_escalation_decision_04/test_ai_escalation_decision_06/test_ai_escalation_decision_08/test_ai_escalation_decision_09/test_ai_escalation_decision_10/test_req_classicprofile_001/test_req_classicprofile_002/test_req_classicprofile_003/test_req_classicprofile_005,PRODUCT_AND_EVIDENCE,PASS,,evidence/implementation/busca-provavel-greenfield-validada/aie-classicprofile-parte-1/ | commit candidato e relatório de testes,PASS,4,AC-ISSUE-0835-01/AC-ISSUE-0835-02/AC-ISSUE-0835-03/AC-ISSUE-0835-04,PASS,QA/Reviewer,PASS
SPRINT-005,ISSUE-0836,Implementable story,STORY-0726,TASK-0726,EPIC-022,Geoprocessamento,BC-005,PASS,1,STORY-0122,PASS,src/geo/dsgeorref_geo/contexts/reference_discovery/busca-provavel-greenfield-validada/classicprofile-fs1-native-parte-2/**,NOT_APPLICABLE,PASS,,NOT_APPLICABLE,PASS,ADR-023/ADR-025,NOT_APPLICABLE,PASS,,APPLICABLE,PASS,ADR-041/ADR-042/ADR-043/ADR-044/ADR-045/ADR-046,NOT_APPLICABLE,PASS,,PASS,test_req_classicprofile_007/test_req_classicprofile_009/test_first_functional_slice_decision_02/test_first_functional_slice_decision_03/test_first_functional_slice_decision_08/test_first_functional_slice_decision_09/test_first_functional_slice_decision_10/test_req_native_003/test_req_native_005/test_req_native_006,PRODUCT_AND_EVIDENCE,PASS,,evidence/implementation/busca-provavel-greenfield-validada/classicprofile-fs1-native-parte-2/ | commit candidato e relatório de testes,PASS,4,AC-ISSUE-0836-01/AC-ISSUE-0836-02/AC-ISSUE-0836-03/AC-ISSUE-0836-04,PASS,QA/Reviewer,PASS
SPRINT-005,ISSUE-0837,Implementable story,STORY-0727,TASK-0727,EPIC-022,Geoprocessamento,BC-005,PASS,1,STORY-0122,PASS,src/geo/dsgeorref_geo/contexts/reference_discovery/busca-provavel-greenfield-validada/native-sgvcal-parte-3/**,NOT_APPLICABLE,PASS,,NOT_APPLICABLE,PASS,ADR-023/ADR-025,NOT_APPLICABLE,PASS,,APPLICABLE,PASS,ADR-041/ADR-042/ADR-043/ADR-044/ADR-045/ADR-046,NOT_APPLICABLE,PASS,,PASS,test_req_native_007/test_req_native_008/test_req_native_009/test_req_native_0010/test_req_sgvcal_002/test_req_sgvcal_003/test_req_sgvcal_004/test_req_sgvcal_005/test_req_sgvcal_006/test_req_sgvcal_009,PRODUCT_AND_EVIDENCE,PASS,,evidence/implementation/busca-provavel-greenfield-validada/native-sgvcal-parte-3/ | commit candidato e relatório de testes,PASS,4,AC-ISSUE-0837-01/AC-ISSUE-0837-02/AC-ISSUE-0837-03/AC-ISSUE-0837-04,PASS,QA/Reviewer,PASS
SPRINT-005,ISSUE-0838,Implementable story,STORY-0728,TASK-0728,EPIC-022,Geoprocessamento,BC-005,PASS,1,STORY-0122,PASS,src/geo/dsgeorref_geo/contexts/reference_discovery/busca-provavel-greenfield-validada/sgvcal-parte-4/**,NOT_APPLICABLE,PASS,,NOT_APPLICABLE,PASS,ADR-023/ADR-025,NOT_APPLICABLE,PASS,,APPLICABLE,PASS,ADR-041/ADR-042/ADR-043/ADR-044/ADR-045/ADR-046,NOT_APPLICABLE,PASS,,PASS,test_req_sgvcal_0010,PRODUCT_AND_EVIDENCE,PASS,,evidence/implementation/busca-provavel-greenfield-validada/sgvcal-parte-4/ | commit candidato e relatório de testes,PASS,4,AC-ISSUE-0838-01/AC-ISSUE-0838-02/AC-ISSUE-0838-03/AC-ISSUE-0838-04,PASS,QA/Reviewer,PASS
SPRINT-005,ISSUE-0839,Implementable story,STORY-0729,TASK-0729,EPIC-024,Geoprocessamento,BC-007,PASS,1,STORY-0136,PASS,src/geo/dsgeorref_geo/contexts/geometric_quality/strong-geometric-verifier-fail-closed-para-homografia/aie-anc-crs-parte-1/**,NOT_APPLICABLE,PASS,,NOT_APPLICABLE,PASS,ADR-023,NOT_APPLICABLE,PASS,,APPLICABLE,PASS,ADR-041/ADR-042/ADR-043/ADR-044/ADR-045/ADR-046/ADR-048/ADR-049/ADR-050,APPLICABLE,PASS,ADR-051/ADR-052/ADR-053,PASS,test_ai_escalation_decision_02/test_ai_escalation_decision_04/test_ai_escalation_decision_06/test_ai_escalation_decision_08/test_ai_escalation_decision_09/test_ai_escalation_decision_10/test_anchor_coverage_conditioning_diversity_marginal_gain_and_stop_rule/test_anchor_uncertainty_robust_weighting_conflict_quarantine_and_split/test_units_precision_tolerance_and_no_premature_rounding/geo_regression_corpus_and_strong_geometric_verifier,PRODUCT_AND_EVIDENCE,PASS,,evidence/implementation/strong-geometric-verifier-fail-closed-para-homogra/aie-anc-crs-parte-1/ | commit candidato e relatório de testes,PASS,4,AC-ISSUE-0839-01/AC-ISSUE-0839-02/AC-ISSUE-0839-03/AC-ISSUE-0839-04,PASS,QA/Reviewer,PASS
SPRINT-005,ISSUE-0840,Implementable story,STORY-0730,TASK-0730,EPIC-024,Geoprocessamento,BC-007,PASS,1,STORY-0136,PASS,src/geo/dsgeorref_geo/contexts/geometric_quality/strong-geometric-verifier-fail-closed-para-homografia/est-fs1-msk-parte-2/**,NOT_APPLICABLE,PASS,,NOT_APPLICABLE,PASS,ADR-023,NOT_APPLICABLE,PASS,,APPLICABLE,PASS,ADR-041/ADR-042/ADR-043/ADR-044/ADR-045/ADR-046/ADR-048/ADR-049/ADR-050,NOT_APPLICABLE,PASS,,PASS,test_usac_magsac_default_explicit_ransac_no_silent_switch/test_first_functional_slice_decision_02/test_first_functional_slice_decision_03/test_first_functional_slice_decision_08/test_first_functional_slice_decision_09/test_first_functional_slice_decision_10/test_near_black_white_border_excluded_without_crop/test_input_output_deformation_profile_and_heatmap/test_resolution_native_information_jacobian_limits_and_no_false_superresolution/test_disjoint_components_no_forced_edge_per_image_sgv,PRODUCT_AND_EVIDENCE,PASS,,evidence/implementation/strong-geometric-verifier-fail-closed-para-homogra/est-fs1-msk-parte-2/ | commit candidato e relatório de testes,PASS,4,AC-ISSUE-0840-01/AC-ISSUE-0840-02/AC-ISSUE-0840-03/AC-ISSUE-0840-04,PASS,QA/Reviewer,PASS
SPRINT-005,ISSUE-0841,Implementable story,STORY-0731,TASK-0731,EPIC-024,Geoprocessamento,BC-007,PASS,1,STORY-0136,PASS,src/geo/dsgeorref_geo/contexts/geometric_quality/strong-geometric-verifier-fail-closed-para-homografia/rmv-parte-3/**,NOT_APPLICABLE,PASS,,NOT_APPLICABLE,PASS,ADR-023,NOT_APPLICABLE,PASS,,APPLICABLE,PASS,ADR-041/ADR-042/ADR-043/ADR-044/ADR-045/ADR-046/ADR-048/ADR-049/ADR-050,NOT_APPLICABLE,PASS,,PASS,test_cycle_basis_budgeted_long_cycle_sampling_drift_percentiles_and_localization,PRODUCT_AND_EVIDENCE,PASS,,evidence/implementation/strong-geometric-verifier-fail-closed-para-homogra/rmv-parte-3/ | commit candidato e relatório de testes,PASS,4,AC-ISSUE-0841-01/AC-ISSUE-0841-02/AC-ISSUE-0841-03/AC-ISSUE-0841-04,PASS,QA/Reviewer,PASS
SPRINT-005,ISSUE-0842,Implementable story,STORY-0732,TASK-0732,EPIC-026,Geoprocessamento,BC-013,PASS,1,STORY-0150,PASS,src/geo/dsgeorref_geo/contexts/artifact_provenance/artefatos-e-lineage/art-artlayout-parte-1/**,NOT_APPLICABLE,PASS,,NOT_APPLICABLE,PASS,ADR-023/ADR-024/ADR-025,NOT_APPLICABLE,PASS,ADR-012,APPLICABLE,PASS,ADR-041/ADR-042/ADR-043/ADR-044/ADR-045/ADR-046,NOT_APPLICABLE,PASS,,PASS,artifact_lineage_consistency/test_req_artlayout_001/test_req_artlayout_002/test_req_artlayout_003/test_req_artlayout_004/test_req_artlayout_005/test_req_artlayout_006/test_req_artlayout_007/test_req_artlayout_008/test_req_artlayout_009,PRODUCT_AND_EVIDENCE,PASS,Lineage,evidence/implementation/artefatos-e-lineage/art-artlayout-parte-1/ | commit candidato e relatório de testes,PASS,4,AC-ISSUE-0842-01/AC-ISSUE-0842-02/AC-ISSUE-0842-03/AC-ISSUE-0842-04,PASS,QA/Reviewer,PASS
SPRINT-005,ISSUE-0843,Implementable story,STORY-0733,TASK-0733,EPIC-026,Geoprocessamento,BC-013,PASS,1,STORY-0150,PASS,src/geo/dsgeorref_geo/contexts/artifact_provenance/artefatos-e-lineage/artlayout-dbschema-fs1-parte-2/**,NOT_APPLICABLE,PASS,,NOT_APPLICABLE,PASS,ADR-019/ADR-023/ADR-024/ADR-025,NOT_APPLICABLE,PASS,,APPLICABLE,PASS,ADR-041/ADR-042/ADR-043/ADR-044/ADR-045/ADR-046,NOT_APPLICABLE,PASS,,PASS,test_req_artlayout_0010/test_req_dbschema_006/test_first_functional_slice_decision_02/test_first_functional_slice_decision_03/test_first_functional_slice_decision_08/test_first_functional_slice_decision_09/test_first_functional_slice_decision_10/test_req_native_003/test_req_native_005/test_req_native_006,PRODUCT_AND_EVIDENCE,PASS,Lineage,evidence/implementation/artefatos-e-lineage/artlayout-dbschema-fs1-parte-2/ | commit candidato e relatório de testes,PASS,4,AC-ISSUE-0843-01/AC-ISSUE-0843-02/AC-ISSUE-0843-03/AC-ISSUE-0843-04,PASS,QA/Reviewer,PASS
SPRINT-005,ISSUE-0844,Implementable story,STORY-0734,TASK-0734,EPIC-026,Geoprocessamento,BC-013,PASS,1,STORY-0150,PASS,src/geo/dsgeorref_geo/contexts/artifact_provenance/artefatos-e-lineage/native-parte-3/**,NOT_APPLICABLE,PASS,,NOT_APPLICABLE,PASS,ADR-023/ADR-024/ADR-025,NOT_APPLICABLE,PASS,,APPLICABLE,PASS,ADR-041/ADR-042/ADR-043/ADR-044/ADR-045/ADR-046,NOT_APPLICABLE,PASS,,PASS,test_req_native_007/test_req_native_008/test_req_native_009/test_req_native_0010,PRODUCT_AND_EVIDENCE,PASS,Lineage,evidence/implementation/artefatos-e-lineage/native-parte-3/ | commit candidato e relatório de testes,PASS,4,AC-ISSUE-0844-01/AC-ISSUE-0844-02/AC-ISSUE-0844-03/AC-ISSUE-0844-04,PASS,QA/Reviewer,PASS
SPRINT-005,ISSUE-0845,Implementable story,STORY-0735,TASK-0735,EPIC-028,Geoprocessamento,BC-007,PASS,1,STORY-0164,PASS,src/geo/dsgeorref_geo/contexts/geometric_quality/benchmarks-por-periodo-sensor-e-perfil-de-qualidade/ai-aie-classicprofile-parte-1/**,NOT_APPLICABLE,PASS,,NOT_APPLICABLE,PASS,ADR-025,NOT_APPLICABLE,PASS,,APPLICABLE,PASS,ADR-041/ADR-042/ADR-043/ADR-044/ADR-045/ADR-046,APPLICABLE,PASS,ADR-051/ADR-052/ADR-053,PASS,test_modelpack_stratified_promotion_and_reproducibility_gate/test_ai_escalation_decision_02/test_ai_escalation_decision_04/test_ai_escalation_decision_06/test_ai_escalation_decision_08/test_ai_escalation_decision_09/test_ai_escalation_decision_10/test_req_classicprofile_001/test_req_classicprofile_002/test_req_classicprofile_003,PRODUCT_AND_EVIDENCE,PASS,,evidence/implementation/benchmarks-por-periodo-sensor-e-perfil-de-qualidad/ai-aie-classicprofile-parte-1/ | commit candidato e relatório de testes,PASS,4,AC-ISSUE-0845-01/AC-ISSUE-0845-02/AC-ISSUE-0845-03/AC-ISSUE-0845-04,PASS,QA/Reviewer,PASS
SPRINT-005,ISSUE-0846,Implementable story,STORY-0736,TASK-0736,EPIC-028,Geoprocessamento,BC-007,PASS,1,STORY-0164,PASS,src/geo/dsgeorref_geo/contexts/geometric_quality/benchmarks-por-periodo-sensor-e-perfil-de-qualidade/classicprofile-scp-sdr-parte-2/**,NOT_APPLICABLE,PASS,,NOT_APPLICABLE,PASS,ADR-025,NOT_APPLICABLE,PASS,,APPLICABLE,PASS,ADR-041/ADR-042/ADR-043/ADR-044/ADR-045/ADR-046,APPLICABLE,PASS,ADR-051/ADR-052/ADR-053,PASS,test_req_classicprofile_005/test_req_classicprofile_007/test_req_classicprofile_009/test_cross_decade_corpus_and_no_temporal_hardcode/test_hierarchical_seeds_rng_inventory_stable_ordering_and_checkpoint_compatibility/test_scientific_reproducibility_record_replay_levels_promotion_matrix_and_retention/test_req_sgvcal_002/test_req_sgvcal_003/test_req_sgvcal_004/test_req_sgvcal_005,PRODUCT_AND_EVIDENCE,PASS,,evidence/implementation/benchmarks-por-periodo-sensor-e-perfil-de-qualidad/classicprofile-scp-sdr-parte-2/ | commit candidato e relatório de testes,PASS,4,AC-ISSUE-0846-01/AC-ISSUE-0846-02/AC-ISSUE-0846-03/AC-ISSUE-0846-04,PASS,QA/Reviewer,PASS
SPRINT-005,ISSUE-0847,Implementable story,STORY-0737,TASK-0737,EPIC-028,Geoprocessamento,BC-007,PASS,1,STORY-0164,PASS,src/geo/dsgeorref_geo/contexts/geometric_quality/benchmarks-por-periodo-sensor-e-perfil-de-qualidade/sgvcal-srg-tool-parte-3/**,NOT_APPLICABLE,PASS,,NOT_APPLICABLE,PASS,ADR-018/ADR-025,NOT_APPLICABLE,PASS,,APPLICABLE,PASS,ADR-041/ADR-042/ADR-043/ADR-044/ADR-045/ADR-046,APPLICABLE,PASS,ADR-051/ADR-052/ADR-053,PASS,test_req_sgvcal_006/test_req_sgvcal_009/test_req_sgvcal_0010/test_change_impact_graph_mandatory_tiers_and_full_promotion_matrix/test_multidimensional_promotion_gate_stratified_budgets_uncertainty_and_no_hard_gate_compensation/test_versioned_scientific_pipeline_bundle_dual_run_pinning_atomic_promotion_and_rollback/test_pytest_real_services/test_corpus_license_hash_split_and_access_integrity,PRODUCT_AND_EVIDENCE,PASS,,evidence/implementation/benchmarks-por-periodo-sensor-e-perfil-de-qualidad/sgvcal-srg-tool-parte-3/ | commit candidato e relatório de testes,PASS,4,AC-ISSUE-0847-01/AC-ISSUE-0847-02/AC-ISSUE-0847-03/AC-ISSUE-0847-04,PASS,QA/Reviewer,PASS
SPRINT-006,ISSUE-0050,Epic delivery envelope,,,EPIC-050,Geoprocessamento,BC-009,PASS,1,,PASS,9 TaskEnvelopes filhos,APPLICABLE,PASS,0,NOT_APPLICABLE,PASS,,NOT_APPLICABLE,PASS,,APPLICABLE,PASS,,APPLICABLE,PASS,,PASS,32 testes declarados,PRODUCT_AND_EVIDENCE,PASS,,9 evidence scopes,PASS,36,AC-ISSUE-0050-01/AC-ISSUE-0050-02/AC-ISSUE-0050-03/AC-ISSUE-0050-04/AC-ISSUE-0050-05/AC-ISSUE-0050-06,PASS,Arquiteto/QA/Reviewer,PASS
SPRINT-006,ISSUE-0051,Epic delivery envelope,,,EPIC-051,Geoprocessamento,BC-006,PASS,1,,PASS,7 TaskEnvelopes filhos,APPLICABLE,PASS,0,NOT_APPLICABLE,PASS,,NOT_APPLICABLE,PASS,,APPLICABLE,PASS,,NOT_APPLICABLE,PASS,,PASS,10 testes declarados,PRODUCT_AND_EVIDENCE,PASS,,7 evidence scopes,PASS,28,AC-ISSUE-0051-01/AC-ISSUE-0051-02/AC-ISSUE-0051-03/AC-ISSUE-0051-04/AC-ISSUE-0051-05/AC-ISSUE-0051-06,PASS,Arquiteto/QA/Reviewer,PASS
SPRINT-006,ISSUE-0052,Epic delivery envelope,,,EPIC-052,Geoprocessamento,BC-006,PASS,1,,PASS,7 TaskEnvelopes filhos,APPLICABLE,PASS,0,NOT_APPLICABLE,PASS,,NOT_APPLICABLE,PASS,,APPLICABLE,PASS,,NOT_APPLICABLE,PASS,,PASS,10 testes declarados,PRODUCT_AND_EVIDENCE,PASS,,7 evidence scopes,PASS,28,AC-ISSUE-0052-01/AC-ISSUE-0052-02/AC-ISSUE-0052-03/AC-ISSUE-0052-04/AC-ISSUE-0052-05/AC-ISSUE-0052-06,PASS,Arquiteto/QA/Reviewer,PASS
SPRINT-006,ISSUE-0053,Epic delivery envelope,,,EPIC-053,Geoprocessamento,BC-005,PASS,1,,PASS,7 TaskEnvelopes filhos,APPLICABLE,PASS,5,NOT_APPLICABLE,PASS,,NOT_APPLICABLE,PASS,,APPLICABLE,PASS,,NOT_APPLICABLE,PASS,,PASS,10 testes declarados,PRODUCT_AND_EVIDENCE,PASS,,7 evidence scopes,PASS,28,AC-ISSUE-0053-01/AC-ISSUE-0053-02/AC-ISSUE-0053-03/AC-ISSUE-0053-04/AC-ISSUE-0053-05/AC-ISSUE-0053-06,PASS,Arquiteto/QA/Reviewer,PASS
SPRINT-006,ISSUE-0054,Epic delivery envelope,,,EPIC-054,Geoprocessamento,BC-005,PASS,1,,PASS,7 TaskEnvelopes filhos,APPLICABLE,PASS,5,NOT_APPLICABLE,PASS,,NOT_APPLICABLE,PASS,,APPLICABLE,PASS,,NOT_APPLICABLE,PASS,,PASS,10 testes declarados,PRODUCT_AND_EVIDENCE,PASS,,7 evidence scopes,PASS,28,AC-ISSUE-0054-01/AC-ISSUE-0054-02/AC-ISSUE-0054-03/AC-ISSUE-0054-04/AC-ISSUE-0054-05/AC-ISSUE-0054-06,PASS,Arquiteto/QA/Reviewer,PASS
SPRINT-006,ISSUE-0055,Epic delivery envelope,,,EPIC-055,Geoprocessamento,BC-005,PASS,1,,PASS,7 TaskEnvelopes filhos,APPLICABLE,PASS,5,NOT_APPLICABLE,PASS,,NOT_APPLICABLE,PASS,,APPLICABLE,PASS,,NOT_APPLICABLE,PASS,,PASS,11 testes declarados,PRODUCT_AND_EVIDENCE,PASS,,7 evidence scopes,PASS,28,AC-ISSUE-0055-01/AC-ISSUE-0055-02/AC-ISSUE-0055-03/AC-ISSUE-0055-04/AC-ISSUE-0055-05/AC-ISSUE-0055-06,PASS,Arquiteto/QA/Reviewer,PASS
SPRINT-006,ISSUE-0056,Epic delivery envelope,,,EPIC-056,Geoprocessamento,BC-005,PASS,1,,PASS,7 TaskEnvelopes filhos,APPLICABLE,PASS,35,NOT_APPLICABLE,PASS,,NOT_APPLICABLE,PASS,,APPLICABLE,PASS,,NOT_APPLICABLE,PASS,,PASS,11 testes declarados,PRODUCT_AND_EVIDENCE,PASS,,7 evidence scopes,PASS,28,AC-ISSUE-0056-01/AC-ISSUE-0056-02/AC-ISSUE-0056-03/AC-ISSUE-0056-04/AC-ISSUE-0056-05/AC-ISSUE-0056-06,PASS,Arquiteto/QA/Reviewer,PASS
SPRINT-006,ISSUE-0057,Epic delivery envelope,,,EPIC-057,Geoprocessamento,BC-012,PASS,1,,PASS,7 TaskEnvelopes filhos,APPLICABLE,PASS,6,NOT_APPLICABLE,PASS,,APPLICABLE,PASS,,APPLICABLE,PASS,,NOT_APPLICABLE,PASS,,PASS,10 testes declarados,PRODUCT_AND_EVIDENCE,PASS,,7 evidence scopes,PASS,28,AC-ISSUE-0057-01/AC-ISSUE-0057-02/AC-ISSUE-0057-03/AC-ISSUE-0057-04/AC-ISSUE-0057-05/AC-ISSUE-0057-06,PASS,Arquiteto/QA/Reviewer,PASS
SPRINT-006,ISSUE-0058,Epic delivery envelope,,,EPIC-058,Geoprocessamento,BC-005,PASS,1,,PASS,7 TaskEnvelopes filhos,APPLICABLE,PASS,35,NOT_APPLICABLE,PASS,,NOT_APPLICABLE,PASS,,APPLICABLE,PASS,,APPLICABLE,PASS,,PASS,15 testes declarados,PRODUCT_AND_EVIDENCE,PASS,,7 evidence scopes,PASS,28,AC-ISSUE-0058-01/AC-ISSUE-0058-02/AC-ISSUE-0058-03/AC-ISSUE-0058-04/AC-ISSUE-0058-05/AC-ISSUE-0058-06,PASS,Arquiteto/QA/Reviewer,PASS
SPRINT-006,ISSUE-0059,Epic delivery envelope,,,EPIC-059,Geoprocessamento,BC-005,PASS,1,,PASS,7 TaskEnvelopes filhos,APPLICABLE,PASS,5,NOT_APPLICABLE,PASS,,NOT_APPLICABLE,PASS,,APPLICABLE,PASS,,NOT_APPLICABLE,PASS,,PASS,10 testes declarados,PRODUCT_AND_EVIDENCE,PASS,,7 evidence scopes,PASS,28,AC-ISSUE-0059-01/AC-ISSUE-0059-02/AC-ISSUE-0059-03/AC-ISSUE-0059-04/AC-ISSUE-0059-05/AC-ISSUE-0059-06,PASS,Arquiteto/QA/Reviewer,PASS
SPRINT-006,ISSUE-0060,Epic delivery envelope,,,EPIC-060,Geoprocessamento,BC-005,PASS,1,,PASS,7 TaskEnvelopes filhos,APPLICABLE,PASS,5,NOT_APPLICABLE,PASS,,NOT_APPLICABLE,PASS,,APPLICABLE,PASS,,NOT_APPLICABLE,PASS,,PASS,11 testes declarados,PRODUCT_AND_EVIDENCE,PASS,,7 evidence scopes,PASS,28,AC-ISSUE-0060-01/AC-ISSUE-0060-02/AC-ISSUE-0060-03/AC-ISSUE-0060-04/AC-ISSUE-0060-05/AC-ISSUE-0060-06,PASS,Arquiteto/QA/Reviewer,PASS
SPRINT-006,ISSUE-0063,Epic delivery envelope,,,EPIC-063,Geoprocessamento,BC-011,PASS,1,,PASS,7 TaskEnvelopes filhos,APPLICABLE,PASS,4,NOT_APPLICABLE,PASS,,NOT_APPLICABLE,PASS,,APPLICABLE,PASS,,NOT_APPLICABLE,PASS,,PASS,11 testes declarados,PRODUCT_AND_EVIDENCE,PASS,,7 evidence scopes,PASS,28,AC-ISSUE-0063-01/AC-ISSUE-0063-02/AC-ISSUE-0063-03/AC-ISSUE-0063-04/AC-ISSUE-0063-05/AC-ISSUE-0063-06,PASS,Arquiteto/QA/Reviewer,PASS
SPRINT-006,ISSUE-0412,Implementable story,STORY-0302,TASK-0302,EPIC-050,Arquiteto,BC-009,PASS,3,STORY-0121/STORY-0288/STORY-0020,PASS,contracts/contexts/ai_recovery/geo/registry-de-matchers-classicos-ia-escalonamento-explic/** | docs/02-architecture/design-reviews/registry-de-matchers-classicos-ia-escalonamento-explic/**,APPLICABLE,PASS,,NOT_APPLICABLE,PASS,,NOT_APPLICABLE,PASS,ADR-010/ADR-011,NOT_APPLICABLE,PASS,,APPLICABLE,PASS,ADR-017/ADR-051/ADR-052/ADR-053,PASS,test_modelrunner_manifest_equivalence_device_precision/test_ai_escalation_decision_01/test_ai_escalation_decision_05/test_tiered_cpu_gpu_runner_numerical_decision_and_artifact_equivalence/test_epic_050_contrato,PRODUCT_AND_EVIDENCE,PASS,Manifest,evidence/implementation/epic-050/story-0302/ | commit candidato e relatório de testes,PASS,4,AC-ISSUE-0412-01/AC-ISSUE-0412-02/AC-ISSUE-0412-03/AC-ISSUE-0412-04,PASS,Arquiteto/Reviewer,PASS
SPRINT-006,ISSUE-0413,Implementable story,STORY-0303,TASK-0303,EPIC-050,Geoprocessamento,BC-009,PASS,2,STORY-0750/STORY-0751,PASS,src/geo/dsgeorref_geo/contexts/ai_recovery/registry-de-matchers-classicos-ia-escalonamento-explic/consolidacao/**,NOT_APPLICABLE,PASS,,NOT_APPLICABLE,PASS,,NOT_APPLICABLE,PASS,,APPLICABLE,PASS,ADR-041/ADR-042/ADR-043/ADR-046,APPLICABLE,PASS,ADR-017/ADR-051/ADR-052/ADR-053,PASS,test_story_0303_slice_consolidation,PRODUCT_AND_EVIDENCE,PASS,Manifest,evidence/implementation/epic-050/story-0303/ | commit candidato e relatório de testes,PASS,4,AC-ISSUE-0413-01/AC-ISSUE-0413-02/AC-ISSUE-0413-03/AC-ISSUE-0413-04,PASS,QA/Reviewer,PASS
SPRINT-006,ISSUE-0414,Implementable story,STORY-0304,TASK-0304,EPIC-050,Geoprocessamento,BC-009,PASS,1,STORY-0302,PASS,src/geo/dsgeorref_geo/contexts/ai_recovery/registry-de-matchers-classicos-ia-escalonamento-explic/**,NOT_APPLICABLE,PASS,,NOT_APPLICABLE,PASS,,NOT_APPLICABLE,PASS,,APPLICABLE,PASS,ADR-041/ADR-042/ADR-043/ADR-046,APPLICABLE,PASS,ADR-017/ADR-051/ADR-052/ADR-053,PASS,test_epic_050_algoritmo,PRODUCT_AND_EVIDENCE,PASS,Manifest,evidence/implementation/epic-050/story-0304/ | commit candidato e relatório de testes,PASS,4,AC-ISSUE-0414-01/AC-ISSUE-0414-02/AC-ISSUE-0414-03/AC-ISSUE-0414-04,PASS,QA/Reviewer,PASS
SPRINT-006,ISSUE-0415,Implementable story,STORY-0305,TASK-0305,EPIC-050,Geoprocessamento,BC-009,PASS,1,STORY-0302,PASS,src/geo/dsgeorref_geo/contexts/ai_recovery/registry-de-matchers-classicos-ia-escalonamento-explic/**,NOT_APPLICABLE,PASS,,NOT_APPLICABLE,PASS,,NOT_APPLICABLE,PASS,,APPLICABLE,PASS,ADR-041/ADR-042/ADR-043/ADR-046,APPLICABLE,PASS,ADR-017/ADR-051/ADR-052/ADR-053,PASS,test_epic_050_integracao,PRODUCT_AND_EVIDENCE,PASS,Manifest,evidence/implementation/epic-050/story-0305/ | commit candidato e relatório de testes,PASS,4,AC-ISSUE-0415-01/AC-ISSUE-0415-02/AC-ISSUE-0415-03/AC-ISSUE-0415-04,PASS,Arquiteto/QA/Reviewer,PASS
SPRINT-006,ISSUE-0416,Implementable story,STORY-0306,TASK-0306,EPIC-050,Geoprocessamento,BC-009,PASS,1,STORY-0302,PASS,src/geo/dsgeorref_geo/contexts/ai_recovery/registry-de-matchers-classicos-ia-escalonamento-explic/**,NOT_APPLICABLE,PASS,,NOT_APPLICABLE,PASS,,NOT_APPLICABLE,PASS,,APPLICABLE,PASS,ADR-041/ADR-042/ADR-043/ADR-046,APPLICABLE,PASS,ADR-017/ADR-051/ADR-052/ADR-053,PASS,test_epic_050_diagnostico,PRODUCT_AND_EVIDENCE,PASS,Manifest/Lineage,evidence/implementation/epic-050/story-0306/ | commit candidato e relatório de testes,PASS,4,AC-ISSUE-0416-01/AC-ISSUE-0416-02/AC-ISSUE-0416-03/AC-ISSUE-0416-04,PASS,QA/Reviewer,PASS
SPRINT-006,ISSUE-0417,Implementable story,STORY-0307,TASK-0307,EPIC-050,QA,BC-009,PASS,4,STORY-0303/STORY-0304/STORY-0305/STORY-0306,PASS,tests/geo/registry-de-matchers-classicos-ia-escalonamento-explic/** | tools/quality/contexts/ai_recovery/registry-de-matchers-classicos-ia-escalonamento-explic/** | .github/workflows/registry-de-matchers-classicos-ia-escalonamento-explic.yaml,NOT_APPLICABLE,PASS,,NOT_APPLICABLE,PASS,,NOT_APPLICABLE,PASS,,APPLICABLE,PASS,ADR-041/ADR-042/ADR-043/ADR-046,APPLICABLE,PASS,ADR-017/ADR-051/ADR-052/ADR-053,PASS,test_req_ai_001/test_ai_escalation_decision_03/test_ai_escalation_decision_07/test_hybrid_matcher_escalation_provenance_no_ai_installation/test_epic_050_benchmark_happy_path/test_epic_050_benchmark_negative_paths,PRODUCT_AND_EVIDENCE,PASS,Manifest,evidence/qa/epic-050/story-0307/ | commit candidato e relatório de testes,PASS,4,AC-ISSUE-0417-01/AC-ISSUE-0417-02/AC-ISSUE-0417-03/AC-ISSUE-0417-04,PASS,QA/Reviewer,PASS
SPRINT-006,ISSUE-0418,Implementable story,STORY-0308,TASK-0308,EPIC-050,Reviewer,BC-009,PASS,1,STORY-0307,PASS,evidence/reviews/registry-de-matchers-classicos-ia-escalonamento-explic/**,NOT_APPLICABLE,PASS,,NOT_APPLICABLE,PASS,,NOT_APPLICABLE,PASS,,NOT_APPLICABLE,PASS,,APPLICABLE,PASS,ADR-017/ADR-051/ADR-052/ADR-053,PASS,test_epic_050_aceite_happy_path/test_epic_050_aceite_negative_paths,PRODUCT_AND_EVIDENCE,PASS,Audit/Manifest,evidence/reviews/epic-050/story-0308/ | commit candidato e relatório de testes,PASS,4,AC-ISSUE-0418-01/AC-ISSUE-0418-02/AC-ISSUE-0418-03/AC-ISSUE-0418-04,PASS,Reviewer,PASS
SPRINT-006,ISSUE-0419,Implementable story,STORY-0309,TASK-0309,EPIC-051,Arquiteto,BC-006,PASS,3,STORY-0121/STORY-0135/STORY-0149,PASS,contracts/contexts/georeferencing/geo/estimadores-usac-magsac-ransac-explicitos-calibracao-p/** | docs/02-architecture/design-reviews/estimadores-usac-magsac-ransac-explicitos-calibracao-p/**,APPLICABLE,PASS,,NOT_APPLICABLE,PASS,,NOT_APPLICABLE,PASS,ADR-010/ADR-011,APPLICABLE,PASS,ADR-041/ADR-042/ADR-043/ADR-045,NOT_APPLICABLE,PASS,,PASS,test_epic_051_contrato,PRODUCT_AND_EVIDENCE,PASS,,evidence/implementation/epic-051/story-0309/ | commit candidato e relatório de testes,PASS,4,AC-ISSUE-0419-01/AC-ISSUE-0419-02/AC-ISSUE-0419-03/AC-ISSUE-0419-04,PASS,Arquiteto/Reviewer,PASS
SPRINT-006,ISSUE-0420,Implementable story,STORY-0310,TASK-0310,EPIC-051,Geoprocessamento,BC-006,PASS,1,STORY-0309,PASS,src/geo/dsgeorref_geo/contexts/georeferencing/estimadores-usac-magsac-ransac-explicitos-calibracao-p/**,NOT_APPLICABLE,PASS,,NOT_APPLICABLE,PASS,,NOT_APPLICABLE,PASS,,APPLICABLE,PASS,ADR-041/ADR-042/ADR-043/ADR-045,NOT_APPLICABLE,PASS,,PASS,test_usac_magsac_default_explicit_ransac_no_silent_switch/test_epic_051_dados,PRODUCT_AND_EVIDENCE,PASS,,evidence/implementation/epic-051/story-0310/ | commit candidato e relatório de testes,PASS,4,AC-ISSUE-0420-01/AC-ISSUE-0420-02/AC-ISSUE-0420-03/AC-ISSUE-0420-04,PASS,QA/Reviewer,PASS
SPRINT-006,ISSUE-0421,Implementable story,STORY-0311,TASK-0311,EPIC-051,Geoprocessamento,BC-006,PASS,1,STORY-0309,PASS,src/geo/dsgeorref_geo/contexts/georeferencing/estimadores-usac-magsac-ransac-explicitos-calibracao-p/**,NOT_APPLICABLE,PASS,,NOT_APPLICABLE,PASS,,NOT_APPLICABLE,PASS,,APPLICABLE,PASS,ADR-041/ADR-042/ADR-043/ADR-045,NOT_APPLICABLE,PASS,,PASS,test_epic_051_algoritmo,PRODUCT_AND_EVIDENCE,PASS,,evidence/implementation/epic-051/story-0311/ | commit candidato e relatório de testes,PASS,4,AC-ISSUE-0421-01/AC-ISSUE-0421-02/AC-ISSUE-0421-03/AC-ISSUE-0421-04,PASS,QA/Reviewer,PASS
SPRINT-006,ISSUE-0422,Implementable story,STORY-0312,TASK-0312,EPIC-051,Geoprocessamento,BC-006,PASS,1,STORY-0309,PASS,src/geo/dsgeorref_geo/contexts/georeferencing/estimadores-usac-magsac-ransac-explicitos-calibracao-p/**,NOT_APPLICABLE,PASS,,NOT_APPLICABLE,PASS,,NOT_APPLICABLE,PASS,,APPLICABLE,PASS,ADR-041/ADR-042/ADR-043/ADR-045,NOT_APPLICABLE,PASS,,PASS,test_epic_051_integracao,PRODUCT_AND_EVIDENCE,PASS,,evidence/implementation/epic-051/story-0312/ | commit candidato e relatório de testes,PASS,4,AC-ISSUE-0422-01/AC-ISSUE-0422-02/AC-ISSUE-0422-03/AC-ISSUE-0422-04,PASS,Arquiteto/QA/Reviewer,PASS
SPRINT-006,ISSUE-0423,Implementable story,STORY-0313,TASK-0313,EPIC-051,Geoprocessamento,BC-006,PASS,1,STORY-0309,PASS,src/geo/dsgeorref_geo/contexts/georeferencing/estimadores-usac-magsac-ransac-explicitos-calibracao-p/**,NOT_APPLICABLE,PASS,,NOT_APPLICABLE,PASS,,NOT_APPLICABLE,PASS,,APPLICABLE,PASS,ADR-041/ADR-042/ADR-043/ADR-045,NOT_APPLICABLE,PASS,,PASS,test_epic_051_diagnostico,PRODUCT_AND_EVIDENCE,PASS,Lineage,evidence/implementation/epic-051/story-0313/ | commit candidato e relatório de testes,PASS,4,AC-ISSUE-0423-01/AC-ISSUE-0423-02/AC-ISSUE-0423-03/AC-ISSUE-0423-04,PASS,QA/Reviewer,PASS
SPRINT-006,ISSUE-0424,Implementable story,STORY-0314,TASK-0314,EPIC-051,QA,BC-006,PASS,4,STORY-0310/STORY-0311/STORY-0312/STORY-0313,PASS,tests/geo/estimadores-usac-magsac-ransac-explicitos-calibracao-p/** | tools/quality/contexts/georeferencing/estimadores-usac-magsac-ransac-explicitos-calibracao-p/** | .github/workflows/estimadores-usac-magsac-ransac-explicitos-calibracao-p.yaml,NOT_APPLICABLE,PASS,,NOT_APPLICABLE,PASS,,NOT_APPLICABLE,PASS,,APPLICABLE,PASS,ADR-041/ADR-042/ADR-043/ADR-045,NOT_APPLICABLE,PASS,,PASS,test_epic_051_benchmark_happy_path/test_epic_051_benchmark_negative_paths,PRODUCT_AND_EVIDENCE,PASS,,evidence/qa/epic-051/story-0314/ | commit candidato e relatório de testes,PASS,4,AC-ISSUE-0424-01/AC-ISSUE-0424-02/AC-ISSUE-0424-03/AC-ISSUE-0424-04,PASS,QA/Reviewer,PASS
SPRINT-006,ISSUE-0425,Implementable story,STORY-0315,TASK-0315,EPIC-051,Reviewer,BC-006,PASS,1,STORY-0314,PASS,evidence/reviews/estimadores-usac-magsac-ransac-explicitos-calibracao-p/**,NOT_APPLICABLE,PASS,,NOT_APPLICABLE,PASS,,NOT_APPLICABLE,PASS,,APPLICABLE,PASS,ADR-041/ADR-042/ADR-043/ADR-045,NOT_APPLICABLE,PASS,,PASS,test_epic_051_aceite_happy_path/test_epic_051_aceite_negative_paths,PRODUCT_AND_EVIDENCE,PASS,Audit,evidence/reviews/epic-051/story-0315/ | commit candidato e relatório de testes,PASS,4,AC-ISSUE-0425-01/AC-ISSUE-0425-02/AC-ISSUE-0425-03/AC-ISSUE-0425-04,PASS,Reviewer,PASS
SPRINT-006,ISSUE-0426,Implementable story,STORY-0316,TASK-0316,EPIC-052,Arquiteto,BC-006,PASS,3,STORY-0135/STORY-0274/STORY-0315,PASS,contracts/contexts/georeferencing/geo/selecao-de-gcps-por-cobertura-qualidade-diversidade-ex/** | docs/02-architecture/design-reviews/selecao-de-gcps-por-cobertura-qualidade-diversidade-ex/**,APPLICABLE,PASS,,NOT_APPLICABLE,PASS,,NOT_APPLICABLE,PASS,ADR-010/ADR-011,APPLICABLE,PASS,ADR-041/ADR-042/ADR-043/ADR-048,NOT_APPLICABLE,PASS,,PASS,test_epic_052_contrato,EVIDENCE_ONLY,PASS,,evidence/implementation/epic-052/story-0316/ | commit candidato e relatório de testes,PASS,4,AC-ISSUE-0426-01/AC-ISSUE-0426-02/AC-ISSUE-0426-03/AC-ISSUE-0426-04,PASS,Arquiteto/Reviewer,PASS
SPRINT-006,ISSUE-0427,Implementable story,STORY-0317,TASK-0317,EPIC-052,Geoprocessamento,BC-006,PASS,1,STORY-0316,PASS,src/geo/dsgeorref_geo/contexts/georeferencing/selecao-de-gcps-por-cobertura-qualidade-diversidade-ex/**,NOT_APPLICABLE,PASS,,NOT_APPLICABLE,PASS,,NOT_APPLICABLE,PASS,,APPLICABLE,PASS,ADR-041/ADR-042/ADR-043/ADR-048,NOT_APPLICABLE,PASS,,PASS,test_epic_052_dados,PRODUCT_AND_EVIDENCE,PASS,,evidence/implementation/epic-052/story-0317/ | commit candidato e relatório de testes,PASS,4,AC-ISSUE-0427-01/AC-ISSUE-0427-02/AC-ISSUE-0427-03/AC-ISSUE-0427-04,PASS,QA/Reviewer,PASS
SPRINT-006,ISSUE-0428,Implementable story,STORY-0318,TASK-0318,EPIC-052,Geoprocessamento,BC-006,PASS,1,STORY-0316,PASS,src/geo/dsgeorref_geo/contexts/georeferencing/selecao-de-gcps-por-cobertura-qualidade-diversidade-ex/**,NOT_APPLICABLE,PASS,,NOT_APPLICABLE,PASS,,NOT_APPLICABLE,PASS,,APPLICABLE,PASS,ADR-041/ADR-042/ADR-043/ADR-048,NOT_APPLICABLE,PASS,,PASS,test_epic_052_algoritmo,PRODUCT_AND_EVIDENCE,PASS,,evidence/implementation/epic-052/story-0318/ | commit candidato e relatório de testes,PASS,4,AC-ISSUE-0428-01/AC-ISSUE-0428-02/AC-ISSUE-0428-03/AC-ISSUE-0428-04,PASS,QA/Reviewer,PASS
SPRINT-006,ISSUE-0429,Implementable story,STORY-0319,TASK-0319,EPIC-052,Geoprocessamento,BC-006,PASS,1,STORY-0316,PASS,src/geo/dsgeorref_geo/contexts/georeferencing/selecao-de-gcps-por-cobertura-qualidade-diversidade-ex/**,NOT_APPLICABLE,PASS,,NOT_APPLICABLE,PASS,,NOT_APPLICABLE,PASS,,APPLICABLE,PASS,ADR-041/ADR-042/ADR-043/ADR-048,NOT_APPLICABLE,PASS,,PASS,test_epic_052_integracao,PRODUCT_AND_EVIDENCE,PASS,,evidence/implementation/epic-052/story-0319/ | commit candidato e relatório de testes,PASS,4,AC-ISSUE-0429-01/AC-ISSUE-0429-02/AC-ISSUE-0429-03/AC-ISSUE-0429-04,PASS,Arquiteto/QA/Reviewer,PASS
SPRINT-006,ISSUE-0430,Implementable story,STORY-0320,TASK-0320,EPIC-052,Geoprocessamento,BC-006,PASS,1,STORY-0316,PASS,src/geo/dsgeorref_geo/contexts/georeferencing/selecao-de-gcps-por-cobertura-qualidade-diversidade-ex/**,NOT_APPLICABLE,PASS,,NOT_APPLICABLE,PASS,,NOT_APPLICABLE,PASS,,APPLICABLE,PASS,ADR-041/ADR-042/ADR-043/ADR-048,NOT_APPLICABLE,PASS,,PASS,test_epic_052_diagnostico,PRODUCT_AND_EVIDENCE,PASS,Lineage,evidence/implementation/epic-052/story-0320/ | commit candidato e relatório de testes,PASS,4,AC-ISSUE-0430-01/AC-ISSUE-0430-02/AC-ISSUE-0430-03/AC-ISSUE-0430-04,PASS,QA/Reviewer,PASS
SPRINT-006,ISSUE-0431,Implementable story,STORY-0321,TASK-0321,EPIC-052,QA,BC-006,PASS,4,STORY-0317/STORY-0318/STORY-0319/STORY-0320,PASS,tests/geo/selecao-de-gcps-por-cobertura-qualidade-diversidade-ex/** | tools/quality/contexts/georeferencing/selecao-de-gcps-por-cobertura-qualidade-diversidade-ex/** | .github/workflows/selecao-de-gcps-por-cobertura-qualidade-diversidade-ex.yaml,NOT_APPLICABLE,PASS,,NOT_APPLICABLE,PASS,,NOT_APPLICABLE,PASS,,APPLICABLE,PASS,ADR-041/ADR-042/ADR-043/ADR-048,NOT_APPLICABLE,PASS,,PASS,test_spatial_gcp_balance_discard_reasons_conditioning/test_epic_052_benchmark_happy_path/test_epic_052_benchmark_negative_paths,EVIDENCE_ONLY,PASS,,evidence/qa/epic-052/story-0321/ | commit candidato e relatório de testes,PASS,4,AC-ISSUE-0431-01/AC-ISSUE-0431-02/AC-ISSUE-0431-03/AC-ISSUE-0431-04,PASS,QA/Reviewer,PASS
SPRINT-006,ISSUE-0432,Implementable story,STORY-0322,TASK-0322,EPIC-052,Reviewer,BC-006,PASS,1,STORY-0321,PASS,evidence/reviews/selecao-de-gcps-por-cobertura-qualidade-diversidade-ex/**,NOT_APPLICABLE,PASS,,NOT_APPLICABLE,PASS,,NOT_APPLICABLE,PASS,,APPLICABLE,PASS,ADR-041/ADR-042/ADR-043/ADR-048,NOT_APPLICABLE,PASS,,PASS,test_epic_052_aceite_happy_path/test_epic_052_aceite_negative_paths,EVIDENCE_ONLY,PASS,Audit,evidence/reviews/epic-052/story-0322/ | commit candidato e relatório de testes,PASS,4,AC-ISSUE-0432-01/AC-ISSUE-0432-02/AC-ISSUE-0432-03/AC-ISSUE-0432-04,PASS,Reviewer,PASS
SPRINT-006,ISSUE-0433,Implementable story,STORY-0323,TASK-0323,EPIC-053,Arquiteto,BC-005,PASS,4,STORY-0128/STORY-0135/STORY-0142/STORY-0322,PASS,contracts/contexts/reference_discovery/geo/grafo-de-referencias-verificadas-componentes-desconect/** | docs/02-architecture/design-reviews/grafo-de-referencias-verificadas-componentes-desconect/**,APPLICABLE,PASS,get_providers/post_provider_searches/get_provider_searches_id/post_acquisitions/get_acquisitions_id,NOT_APPLICABLE,PASS,,NOT_APPLICABLE,PASS,ADR-010/ADR-011,APPLICABLE,PASS,ADR-041/ADR-042/ADR-043,NOT_APPLICABLE,PASS,,PASS,test_epic_053_contrato,EVIDENCE_ONLY,PASS,,evidence/implementation/epic-053/story-0323/ | commit candidato e relatório de testes,PASS,4,AC-ISSUE-0433-01/AC-ISSUE-0433-02/AC-ISSUE-0433-03/AC-ISSUE-0433-04,PASS,Arquiteto/Reviewer,PASS
SPRINT-006,ISSUE-0434,Implementable story,STORY-0324,TASK-0324,EPIC-053,Geoprocessamento,BC-005,PASS,1,STORY-0323,PASS,src/geo/dsgeorref_geo/contexts/reference_discovery/grafo-de-referencias-verificadas-componentes-desconect/**,NOT_APPLICABLE,PASS,,NOT_APPLICABLE,PASS,,NOT_APPLICABLE,PASS,,APPLICABLE,PASS,ADR-041/ADR-042/ADR-043,NOT_APPLICABLE,PASS,,PASS,test_disjoint_components_no_forced_edge_per_image_sgv/test_epic_053_dados,PRODUCT_AND_EVIDENCE,PASS,,evidence/implementation/epic-053/story-0324/ | commit candidato e relatório de testes,PASS,4,AC-ISSUE-0434-01/AC-ISSUE-0434-02/AC-ISSUE-0434-03/AC-ISSUE-0434-04,PASS,QA/Reviewer,PASS
SPRINT-006,ISSUE-0435,Implementable story,STORY-0325,TASK-0325,EPIC-053,Geoprocessamento,BC-005,PASS,1,STORY-0323,PASS,src/geo/dsgeorref_geo/contexts/reference_discovery/grafo-de-referencias-verificadas-componentes-desconect/**,NOT_APPLICABLE,PASS,,NOT_APPLICABLE,PASS,,NOT_APPLICABLE,PASS,,APPLICABLE,PASS,ADR-041/ADR-042/ADR-043,NOT_APPLICABLE,PASS,,PASS,test_epic_053_algoritmo,PRODUCT_AND_EVIDENCE,PASS,,evidence/implementation/epic-053/story-0325/ | commit candidato e relatório de testes,PASS,4,AC-ISSUE-0435-01/AC-ISSUE-0435-02/AC-ISSUE-0435-03/AC-ISSUE-0435-04,PASS,QA/Reviewer,PASS
SPRINT-006,ISSUE-0436,Implementable story,STORY-0326,TASK-0326,EPIC-053,Geoprocessamento,BC-005,PASS,1,STORY-0323,PASS,src/geo/dsgeorref_geo/contexts/reference_discovery/grafo-de-referencias-verificadas-componentes-desconect/**,NOT_APPLICABLE,PASS,,NOT_APPLICABLE,PASS,,NOT_APPLICABLE,PASS,,APPLICABLE,PASS,ADR-041/ADR-042/ADR-043,NOT_APPLICABLE,PASS,,PASS,test_epic_053_integracao,PRODUCT_AND_EVIDENCE,PASS,,evidence/implementation/epic-053/story-0326/ | commit candidato e relatório de testes,PASS,4,AC-ISSUE-0436-01/AC-ISSUE-0436-02/AC-ISSUE-0436-03/AC-ISSUE-0436-04,PASS,Arquiteto/QA/Reviewer,PASS
SPRINT-006,ISSUE-0437,Implementable story,STORY-0327,TASK-0327,EPIC-053,Geoprocessamento,BC-005,PASS,1,STORY-0323,PASS,src/geo/dsgeorref_geo/contexts/reference_discovery/grafo-de-referencias-verificadas-componentes-desconect/**,NOT_APPLICABLE,PASS,,NOT_APPLICABLE,PASS,,NOT_APPLICABLE,PASS,,APPLICABLE,PASS,ADR-041/ADR-042/ADR-043,NOT_APPLICABLE,PASS,,PASS,test_epic_053_diagnostico,PRODUCT_AND_EVIDENCE,PASS,Lineage,evidence/implementation/epic-053/story-0327/ | commit candidato e relatório de testes,PASS,4,AC-ISSUE-0437-01/AC-ISSUE-0437-02/AC-ISSUE-0437-03/AC-ISSUE-0437-04,PASS,QA/Reviewer,PASS
SPRINT-006,ISSUE-0438,Implementable story,STORY-0328,TASK-0328,EPIC-053,QA,BC-005,PASS,4,STORY-0324/STORY-0325/STORY-0326/STORY-0327,PASS,tests/geo/grafo-de-referencias-verificadas-componentes-desconect/** | tools/quality/contexts/reference_discovery/grafo-de-referencias-verificadas-componentes-desconect/** | .github/workflows/grafo-de-referencias-verificadas-componentes-desconect.yaml,NOT_APPLICABLE,PASS,,NOT_APPLICABLE,PASS,,NOT_APPLICABLE,PASS,,APPLICABLE,PASS,ADR-041/ADR-042/ADR-043,NOT_APPLICABLE,PASS,,PASS,test_epic_053_benchmark_happy_path/test_epic_053_benchmark_negative_paths,EVIDENCE_ONLY,PASS,,evidence/qa/epic-053/story-0328/ | commit candidato e relatório de testes,PASS,4,AC-ISSUE-0438-01/AC-ISSUE-0438-02/AC-ISSUE-0438-03/AC-ISSUE-0438-04,PASS,QA/Reviewer,PASS
SPRINT-006,ISSUE-0439,Implementable story,STORY-0329,TASK-0329,EPIC-053,Reviewer,BC-005,PASS,1,STORY-0328,PASS,evidence/reviews/grafo-de-referencias-verificadas-componentes-desconect/**,NOT_APPLICABLE,PASS,,NOT_APPLICABLE,PASS,,NOT_APPLICABLE,PASS,,APPLICABLE,PASS,ADR-041/ADR-042/ADR-043,NOT_APPLICABLE,PASS,,PASS,test_epic_053_aceite_happy_path/test_epic_053_aceite_negative_paths,EVIDENCE_ONLY,PASS,Audit,evidence/reviews/epic-053/story-0329/ | commit candidato e relatório de testes,PASS,4,AC-ISSUE-0439-01/AC-ISSUE-0439-02/AC-ISSUE-0439-03/AC-ISSUE-0439-04,PASS,Reviewer,PASS
SPRINT-006,ISSUE-0440,Implementable story,STORY-0330,TASK-0330,EPIC-054,Arquiteto,BC-005,PASS,3,STORY-0121/STORY-0061/STORY-0329,PASS,contracts/contexts/reference_discovery/geo/componentes-provisorios-multimodais-scores-versionados/** | docs/02-architecture/design-reviews/componentes-provisorios-multimodais-scores-versionados/**,APPLICABLE,PASS,get_providers/post_provider_searches/get_provider_searches_id/post_acquisitions/get_acquisitions_id,NOT_APPLICABLE,PASS,,NOT_APPLICABLE,PASS,ADR-010/ADR-011,APPLICABLE,PASS,ADR-041/ADR-042/ADR-043/ADR-047,NOT_APPLICABLE,PASS,,PASS,test_provisional_components_never_create_operational_edge/test_epic_054_contrato,PRODUCT_AND_EVIDENCE,PASS,Preview,evidence/implementation/epic-054/story-0330/ | commit candidato e relatório de testes,PASS,4,AC-ISSUE-0440-01/AC-ISSUE-0440-02/AC-ISSUE-0440-03/AC-ISSUE-0440-04,PASS,Arquiteto/Reviewer,PASS
SPRINT-006,ISSUE-0441,Implementable story,STORY-0331,TASK-0331,EPIC-054,Geoprocessamento,BC-005,PASS,1,STORY-0330,PASS,src/geo/dsgeorref_geo/contexts/reference_discovery/componentes-provisorios-multimodais-scores-versionados/**,NOT_APPLICABLE,PASS,,NOT_APPLICABLE,PASS,,NOT_APPLICABLE,PASS,,APPLICABLE,PASS,ADR-041/ADR-042/ADR-043/ADR-047,NOT_APPLICABLE,PASS,,PASS,test_epic_054_dados,PRODUCT_AND_EVIDENCE,PASS,Preview,evidence/implementation/epic-054/story-0331/ | commit candidato e relatório de testes,PASS,4,AC-ISSUE-0441-01/AC-ISSUE-0441-02/AC-ISSUE-0441-03/AC-ISSUE-0441-04,PASS,QA/Reviewer,PASS
SPRINT-006,ISSUE-0442,Implementable story,STORY-0332,TASK-0332,EPIC-054,Geoprocessamento,BC-005,PASS,1,STORY-0330,PASS,src/geo/dsgeorref_geo/contexts/reference_discovery/componentes-provisorios-multimodais-scores-versionados/**,NOT_APPLICABLE,PASS,,NOT_APPLICABLE,PASS,,NOT_APPLICABLE,PASS,,APPLICABLE,PASS,ADR-041/ADR-042/ADR-043/ADR-047,NOT_APPLICABLE,PASS,,PASS,test_epic_054_algoritmo,PRODUCT_AND_EVIDENCE,PASS,Preview,evidence/implementation/epic-054/story-0332/ | commit candidato e relatório de testes,PASS,4,AC-ISSUE-0442-01/AC-ISSUE-0442-02/AC-ISSUE-0442-03/AC-ISSUE-0442-04,PASS,QA/Reviewer,PASS
SPRINT-006,ISSUE-0443,Implementable story,STORY-0333,TASK-0333,EPIC-054,Geoprocessamento,BC-005,PASS,1,STORY-0330,PASS,src/geo/dsgeorref_geo/contexts/reference_discovery/componentes-provisorios-multimodais-scores-versionados/**,NOT_APPLICABLE,PASS,,NOT_APPLICABLE,PASS,,NOT_APPLICABLE,PASS,,APPLICABLE,PASS,ADR-041/ADR-042/ADR-043/ADR-047,NOT_APPLICABLE,PASS,,PASS,test_epic_054_integracao,PRODUCT_AND_EVIDENCE,PASS,Preview,evidence/implementation/epic-054/story-0333/ | commit candidato e relatório de testes,PASS,4,AC-ISSUE-0443-01/AC-ISSUE-0443-02/AC-ISSUE-0443-03/AC-ISSUE-0443-04,PASS,Arquiteto/QA/Reviewer,PASS
SPRINT-006,ISSUE-0444,Implementable story,STORY-0334,TASK-0334,EPIC-054,Geoprocessamento,BC-005,PASS,1,STORY-0330,PASS,src/geo/dsgeorref_geo/contexts/reference_discovery/componentes-provisorios-multimodais-scores-versionados/**,NOT_APPLICABLE,PASS,,NOT_APPLICABLE,PASS,,NOT_APPLICABLE,PASS,,APPLICABLE,PASS,ADR-041/ADR-042/ADR-043/ADR-047,NOT_APPLICABLE,PASS,,PASS,test_epic_054_diagnostico,PRODUCT_AND_EVIDENCE,PASS,Preview/Lineage,evidence/implementation/epic-054/story-0334/ | commit candidato e relatório de testes,PASS,4,AC-ISSUE-0444-01/AC-ISSUE-0444-02/AC-ISSUE-0444-03/AC-ISSUE-0444-04,PASS,QA/Reviewer,PASS
SPRINT-006,ISSUE-0445,Implementable story,STORY-0335,TASK-0335,EPIC-054,QA,BC-005,PASS,4,STORY-0331/STORY-0332/STORY-0333/STORY-0334,PASS,tests/geo/componentes-provisorios-multimodais-scores-versionados/** | tools/quality/contexts/reference_discovery/componentes-provisorios-multimodais-scores-versionados/** | .github/workflows/componentes-provisorios-multimodais-scores-versionados.yaml,NOT_APPLICABLE,PASS,,NOT_APPLICABLE,PASS,,NOT_APPLICABLE,PASS,,APPLICABLE,PASS,ADR-041/ADR-042/ADR-043/ADR-047,NOT_APPLICABLE,PASS,,PASS,test_epic_054_benchmark_happy_path/test_epic_054_benchmark_negative_paths,PRODUCT_AND_EVIDENCE,PASS,Preview,evidence/qa/epic-054/story-0335/ | commit candidato e relatório de testes,PASS,4,AC-ISSUE-0445-01/AC-ISSUE-0445-02/AC-ISSUE-0445-03/AC-ISSUE-0445-04,PASS,QA/Reviewer,PASS
SPRINT-006,ISSUE-0446,Implementable story,STORY-0336,TASK-0336,EPIC-054,Reviewer,BC-005,PASS,1,STORY-0335,PASS,evidence/reviews/componentes-provisorios-multimodais-scores-versionados/**,NOT_APPLICABLE,PASS,,NOT_APPLICABLE,PASS,,NOT_APPLICABLE,PASS,,APPLICABLE,PASS,ADR-041/ADR-042/ADR-043/ADR-047,NOT_APPLICABLE,PASS,,PASS,test_epic_054_aceite_happy_path/test_epic_054_aceite_negative_paths,PRODUCT_AND_EVIDENCE,PASS,Preview/Audit,evidence/reviews/epic-054/story-0336/ | commit candidato e relatório de testes,PASS,4,AC-ISSUE-0446-01/AC-ISSUE-0446-02/AC-ISSUE-0446-03/AC-ISSUE-0446-04,PASS,Reviewer,PASS
SPRINT-006,ISSUE-0447,Implementable story,STORY-0337,TASK-0337,EPIC-055,Arquiteto,BC-005,PASS,4,STORY-0288/STORY-0308/STORY-0336/STORY-0109,PASS,contracts/contexts/reference_discovery/geo/recuperacao-progressiva-de-vizinhos-com-candidate-budg/** | docs/02-architecture/design-reviews/recuperacao-progressiva-de-vizinhos-com-candidate-budg/**,APPLICABLE,PASS,get_providers/post_provider_searches/get_provider_searches_id/post_acquisitions/get_acquisitions_id,NOT_APPLICABLE,PASS,,NOT_APPLICABLE,PASS,ADR-010/ADR-011,APPLICABLE,PASS,ADR-041/ADR-042/ADR-043/ADR-047,NOT_APPLICABLE,PASS,,PASS,test_epic_055_contrato,EVIDENCE_ONLY,PASS,,evidence/implementation/epic-055/story-0337/ | commit candidato e relatório de testes,PASS,4,AC-ISSUE-0447-01/AC-ISSUE-0447-02/AC-ISSUE-0447-03/AC-ISSUE-0447-04,PASS,Arquiteto/Reviewer,PASS
SPRINT-006,ISSUE-0448,Implementable story,STORY-0338,TASK-0338,EPIC-055,Geoprocessamento,BC-005,PASS,1,STORY-0337,PASS,src/geo/dsgeorref_geo/contexts/reference_discovery/recuperacao-progressiva-de-vizinhos-com-candidate-budg/**,NOT_APPLICABLE,PASS,,NOT_APPLICABLE,PASS,,NOT_APPLICABLE,PASS,,APPLICABLE,PASS,ADR-041/ADR-042/ADR-043/ADR-047,NOT_APPLICABLE,PASS,,PASS,test_budgeted_neighbor_retrieval_recall_and_unexamined_state/test_budgeted_neighbor_graph_disconnected_components_and_singletons/test_epic_055_dados,PRODUCT_AND_EVIDENCE,PASS,,evidence/implementation/epic-055/story-0338/ | commit candidato e relatório de testes,PASS,4,AC-ISSUE-0448-01/AC-ISSUE-0448-02/AC-ISSUE-0448-03/AC-ISSUE-0448-04,PASS,QA/Reviewer,PASS
SPRINT-006,ISSUE-0449,Implementable story,STORY-0339,TASK-0339,EPIC-055,Geoprocessamento,BC-005,PASS,1,STORY-0337,PASS,src/geo/dsgeorref_geo/contexts/reference_discovery/recuperacao-progressiva-de-vizinhos-com-candidate-budg/**,NOT_APPLICABLE,PASS,,NOT_APPLICABLE,PASS,,NOT_APPLICABLE,PASS,,APPLICABLE,PASS,ADR-041/ADR-042/ADR-043/ADR-047,NOT_APPLICABLE,PASS,,PASS,test_epic_055_algoritmo,PRODUCT_AND_EVIDENCE,PASS,,evidence/implementation/epic-055/story-0339/ | commit candidato e relatório de testes,PASS,4,AC-ISSUE-0449-01/AC-ISSUE-0449-02/AC-ISSUE-0449-03/AC-ISSUE-0449-04,PASS,QA/Reviewer,PASS
SPRINT-006,ISSUE-0450,Implementable story,STORY-0340,TASK-0340,EPIC-055,Geoprocessamento,BC-005,PASS,1,STORY-0337,PASS,src/geo/dsgeorref_geo/contexts/reference_discovery/recuperacao-progressiva-de-vizinhos-com-candidate-budg/**,NOT_APPLICABLE,PASS,,NOT_APPLICABLE,PASS,,NOT_APPLICABLE,PASS,,APPLICABLE,PASS,ADR-041/ADR-042/ADR-043/ADR-047,NOT_APPLICABLE,PASS,,PASS,test_epic_055_integracao,PRODUCT_AND_EVIDENCE,PASS,,evidence/implementation/epic-055/story-0340/ | commit candidato e relatório de testes,PASS,4,AC-ISSUE-0450-01/AC-ISSUE-0450-02/AC-ISSUE-0450-03/AC-ISSUE-0450-04,PASS,Arquiteto/QA/Reviewer,PASS
SPRINT-006,ISSUE-0451,Implementable story,STORY-0341,TASK-0341,EPIC-055,Geoprocessamento,BC-005,PASS,1,STORY-0337,PASS,src/geo/dsgeorref_geo/contexts/reference_discovery/recuperacao-progressiva-de-vizinhos-com-candidate-budg/**,NOT_APPLICABLE,PASS,,NOT_APPLICABLE,PASS,,NOT_APPLICABLE,PASS,,APPLICABLE,PASS,ADR-041/ADR-042/ADR-043/ADR-047,NOT_APPLICABLE,PASS,,PASS,test_epic_055_diagnostico,PRODUCT_AND_EVIDENCE,PASS,Lineage,evidence/implementation/epic-055/story-0341/ | commit candidato e relatório de testes,PASS,4,AC-ISSUE-0451-01/AC-ISSUE-0451-02/AC-ISSUE-0451-03/AC-ISSUE-0451-04,PASS,QA/Reviewer,PASS
SPRINT-006,ISSUE-0452,Implementable story,STORY-0342,TASK-0342,EPIC-055,QA,BC-005,PASS,4,STORY-0338/STORY-0339/STORY-0340/STORY-0341,PASS,tests/geo/recuperacao-progressiva-de-vizinhos-com-candidate-budg/** | tools/quality/contexts/reference_discovery/recuperacao-progressiva-de-vizinhos-com-candidate-budg/** | .github/workflows/recuperacao-progressiva-de-vizinhos-com-candidate-budg.yaml,NOT_APPLICABLE,PASS,,NOT_APPLICABLE,PASS,,NOT_APPLICABLE,PASS,,APPLICABLE,PASS,ADR-041/ADR-042/ADR-043/ADR-047,NOT_APPLICABLE,PASS,,PASS,test_epic_055_benchmark_happy_path/test_epic_055_benchmark_negative_paths,EVIDENCE_ONLY,PASS,,evidence/qa/epic-055/story-0342/ | commit candidato e relatório de testes,PASS,4,AC-ISSUE-0452-01/AC-ISSUE-0452-02/AC-ISSUE-0452-03/AC-ISSUE-0452-04,PASS,QA/Reviewer,PASS
SPRINT-006,ISSUE-0453,Implementable story,STORY-0343,TASK-0343,EPIC-055,Reviewer,BC-005,PASS,1,STORY-0342,PASS,evidence/reviews/recuperacao-progressiva-de-vizinhos-com-candidate-budg/**,NOT_APPLICABLE,PASS,,NOT_APPLICABLE,PASS,,NOT_APPLICABLE,PASS,,APPLICABLE,PASS,ADR-041/ADR-042/ADR-043/ADR-047,NOT_APPLICABLE,PASS,,PASS,test_epic_055_aceite_happy_path/test_epic_055_aceite_negative_paths,EVIDENCE_ONLY,PASS,Audit,evidence/reviews/epic-055/story-0343/ | commit candidato e relatório de testes,PASS,4,AC-ISSUE-0453-01/AC-ISSUE-0453-02/AC-ISSUE-0453-03/AC-ISSUE-0453-04,PASS,Reviewer,PASS
SPRINT-006,ISSUE-0454,Implementable story,STORY-0344,TASK-0344,EPIC-056,Arquiteto,BC-005,PASS,4,STORY-0135/STORY-0142/STORY-0322/STORY-0329,PASS,contracts/contexts/reference_discovery/geo/maquina-de-estados-de-arestas-evidencia-direta-lineage/** | docs/02-architecture/design-reviews/maquina-de-estados-de-arestas-evidencia-direta-lineage/**,APPLICABLE,PASS,get_providers/post_provider_searches/get_provider_searches_id/post_acquisitions/get_acquisitions_id,NOT_APPLICABLE,PASS,,NOT_APPLICABLE,PASS,ADR-010/ADR-011,APPLICABLE,PASS,ADR-041/ADR-042/ADR-043/ADR-050,NOT_APPLICABLE,PASS,,PASS,test_epic_056_contrato,PRODUCT_AND_EVIDENCE,PASS,Lineage,evidence/implementation/epic-056/story-0344/ | commit candidato e relatório de testes,PASS,4,AC-ISSUE-0454-01/AC-ISSUE-0454-02/AC-ISSUE-0454-03/AC-ISSUE-0454-04,PASS,Arquiteto/Reviewer,PASS
SPRINT-006,ISSUE-0455,Implementable story,STORY-0345,TASK-0345,EPIC-056,Geoprocessamento,BC-005,PASS,1,STORY-0344,PASS,src/geo/dsgeorref_geo/contexts/reference_discovery/maquina-de-estados-de-arestas-evidencia-direta-lineage/**,APPLICABLE,PASS,get_providers/post_provider_searches/get_provider_searches_id/post_acquisitions/get_acquisitions_id,NOT_APPLICABLE,PASS,,NOT_APPLICABLE,PASS,ADR-010/ADR-011,APPLICABLE,PASS,ADR-041/ADR-042/ADR-043/ADR-050,NOT_APPLICABLE,PASS,,PASS,test_bridge_articulation_leverage_removal_sensitivity_and_component_split/test_epic_056_dados,PRODUCT_AND_EVIDENCE,PASS,Lineage,evidence/implementation/epic-056/story-0345/ | commit candidato e relatório de testes,PASS,4,AC-ISSUE-0455-01/AC-ISSUE-0455-02/AC-ISSUE-0455-03/AC-ISSUE-0455-04,PASS,Arquiteto/QA/Reviewer,PASS
SPRINT-006,ISSUE-0456,Implementable story,STORY-0346,TASK-0346,EPIC-056,Geoprocessamento,BC-005,PASS,1,STORY-0344,PASS,src/geo/dsgeorref_geo/contexts/reference_discovery/maquina-de-estados-de-arestas-evidencia-direta-lineage/**,APPLICABLE,PASS,get_providers/post_provider_searches/get_provider_searches_id/post_acquisitions/get_acquisitions_id,NOT_APPLICABLE,PASS,,NOT_APPLICABLE,PASS,ADR-010/ADR-011,APPLICABLE,PASS,ADR-041/ADR-042/ADR-043/ADR-050,NOT_APPLICABLE,PASS,,PASS,test_epic_056_algoritmo,PRODUCT_AND_EVIDENCE,PASS,Lineage,evidence/implementation/epic-056/story-0346/ | commit candidato e relatório de testes,PASS,4,AC-ISSUE-0456-01/AC-ISSUE-0456-02/AC-ISSUE-0456-03/AC-ISSUE-0456-04,PASS,Arquiteto/QA/Reviewer,PASS
SPRINT-006,ISSUE-0457,Implementable story,STORY-0347,TASK-0347,EPIC-056,Geoprocessamento,BC-005,PASS,1,STORY-0344,PASS,src/geo/dsgeorref_geo/contexts/reference_discovery/maquina-de-estados-de-arestas-evidencia-direta-lineage/**,APPLICABLE,PASS,get_providers/post_provider_searches/get_provider_searches_id/post_acquisitions/get_acquisitions_id,NOT_APPLICABLE,PASS,,NOT_APPLICABLE,PASS,ADR-010/ADR-011,APPLICABLE,PASS,ADR-041/ADR-042/ADR-043/ADR-050,NOT_APPLICABLE,PASS,,PASS,test_epic_056_integracao,PRODUCT_AND_EVIDENCE,PASS,Lineage,evidence/implementation/epic-056/story-0347/ | commit candidato e relatório de testes,PASS,4,AC-ISSUE-0457-01/AC-ISSUE-0457-02/AC-ISSUE-0457-03/AC-ISSUE-0457-04,PASS,Arquiteto/QA/Reviewer,PASS
SPRINT-006,ISSUE-0458,Implementable story,STORY-0348,TASK-0348,EPIC-056,Geoprocessamento,BC-005,PASS,1,STORY-0344,PASS,src/geo/dsgeorref_geo/contexts/reference_discovery/maquina-de-estados-de-arestas-evidencia-direta-lineage/**,APPLICABLE,PASS,get_providers/post_provider_searches/get_provider_searches_id/post_acquisitions/get_acquisitions_id,NOT_APPLICABLE,PASS,,NOT_APPLICABLE,PASS,ADR-010/ADR-011,APPLICABLE,PASS,ADR-041/ADR-042/ADR-043/ADR-050,NOT_APPLICABLE,PASS,,PASS,test_epic_056_diagnostico,PRODUCT_AND_EVIDENCE,PASS,Lineage,evidence/implementation/epic-056/story-0348/ | commit candidato e relatório de testes,PASS,4,AC-ISSUE-0458-01/AC-ISSUE-0458-02/AC-ISSUE-0458-03/AC-ISSUE-0458-04,PASS,Arquiteto/QA/Reviewer,PASS
SPRINT-006,ISSUE-0459,Implementable story,STORY-0349,TASK-0349,EPIC-056,QA,BC-005,PASS,4,STORY-0345/STORY-0346/STORY-0347/STORY-0348,PASS,tests/geo/maquina-de-estados-de-arestas-evidencia-direta-lineage/** | tools/quality/contexts/reference_discovery/maquina-de-estados-de-arestas-evidencia-direta-lineage/** | .github/workflows/maquina-de-estados-de-arestas-evidencia-direta-lineage.yaml,APPLICABLE,PASS,get_providers/post_provider_searches/get_provider_searches_id/post_acquisitions/get_acquisitions_id,NOT_APPLICABLE,PASS,,NOT_APPLICABLE,PASS,ADR-010/ADR-011,APPLICABLE,PASS,ADR-041/ADR-042/ADR-043/ADR-050,NOT_APPLICABLE,PASS,,PASS,test_direct_edge_evidence_and_independent_dependent_sgv/test_epic_056_benchmark_happy_path/test_epic_056_benchmark_negative_paths,PRODUCT_AND_EVIDENCE,PASS,Lineage,evidence/qa/epic-056/story-0349/ | commit candidato e relatório de testes,PASS,4,AC-ISSUE-0459-01/AC-ISSUE-0459-02/AC-ISSUE-0459-03/AC-ISSUE-0459-04,PASS,QA/Reviewer,PASS
SPRINT-006,ISSUE-0460,Implementable story,STORY-0350,TASK-0350,EPIC-056,Reviewer,BC-005,PASS,1,STORY-0349,PASS,evidence/reviews/maquina-de-estados-de-arestas-evidencia-direta-lineage/**,APPLICABLE,PASS,get_providers/post_provider_searches/get_provider_searches_id/post_acquisitions/get_acquisitions_id,NOT_APPLICABLE,PASS,,NOT_APPLICABLE,PASS,ADR-010/ADR-011,APPLICABLE,PASS,ADR-041/ADR-042/ADR-043/ADR-050,NOT_APPLICABLE,PASS,,PASS,test_epic_056_aceite_happy_path/test_epic_056_aceite_negative_paths,PRODUCT_AND_EVIDENCE,PASS,Audit/Lineage,evidence/reviews/epic-056/story-0350/ | commit candidato e relatório de testes,PASS,4,AC-ISSUE-0460-01/AC-ISSUE-0460-02/AC-ISSUE-0460-03/AC-ISSUE-0460-04,PASS,Reviewer,PASS
SPRINT-006,ISSUE-0461,Implementable story,STORY-0351,TASK-0351,EPIC-057,Arquiteto,BC-012,PASS,3,STORY-0329/STORY-0350/STORY-0184,PASS,contracts/contexts/results_reporting/geo/resultados-por-componente-sucesso-parcial-explicito-re/** | docs/02-architecture/design-reviews/resultados-por-componente-sucesso-parcial-explicito-re/**,APPLICABLE,PASS,get_jobs_jobid_results/get_attempts_attemptid_diagnostics/get_results_resultid/post_results_resultid_exports/get_exports_exportid/get_results_id_comparisons,NOT_APPLICABLE,PASS,,APPLICABLE,PASS,ADR-010/ADR-011,NOT_APPLICABLE,PASS,,NOT_APPLICABLE,PASS,,PASS,test_epic_057_contrato,PRODUCT_AND_EVIDENCE,PASS,,evidence/implementation/epic-057/story-0351/ | commit candidato e relatório de testes,PASS,4,AC-ISSUE-0461-01/AC-ISSUE-0461-02/AC-ISSUE-0461-03/AC-ISSUE-0461-04,PASS,Arquiteto/Reviewer,PASS
SPRINT-006,ISSUE-0462,Implementable story,STORY-0352,TASK-0352,EPIC-057,Geoprocessamento,BC-012,PASS,1,STORY-0351,PASS,src/geo/dsgeorref_geo/contexts/results_reporting/resultados-por-componente-sucesso-parcial-explicito-re/**,NOT_APPLICABLE,PASS,,NOT_APPLICABLE,PASS,,APPLICABLE,PASS,ADR-010/ADR-011,APPLICABLE,PASS,ADR-041/ADR-042/ADR-043,NOT_APPLICABLE,PASS,,PASS,test_independent_components_partial_success_retry_subset/test_epic_057_dados,PRODUCT_AND_EVIDENCE,PASS,,evidence/implementation/epic-057/story-0352/ | commit candidato e relatório de testes,PASS,4,AC-ISSUE-0462-01/AC-ISSUE-0462-02/AC-ISSUE-0462-03/AC-ISSUE-0462-04,PASS,QA/Reviewer,PASS
SPRINT-006,ISSUE-0463,Implementable story,STORY-0353,TASK-0353,EPIC-057,Geoprocessamento,BC-012,PASS,1,STORY-0351,PASS,src/geo/dsgeorref_geo/contexts/results_reporting/resultados-por-componente-sucesso-parcial-explicito-re/**,NOT_APPLICABLE,PASS,,NOT_APPLICABLE,PASS,,APPLICABLE,PASS,ADR-010/ADR-011,APPLICABLE,PASS,ADR-041/ADR-042/ADR-043,NOT_APPLICABLE,PASS,,PASS,test_epic_057_algoritmo,PRODUCT_AND_EVIDENCE,PASS,,evidence/implementation/epic-057/story-0353/ | commit candidato e relatório de testes,PASS,4,AC-ISSUE-0463-01/AC-ISSUE-0463-02/AC-ISSUE-0463-03/AC-ISSUE-0463-04,PASS,QA/Reviewer,PASS
SPRINT-006,ISSUE-0464,Implementable story,STORY-0354,TASK-0354,EPIC-057,Geoprocessamento,BC-012,PASS,1,STORY-0351,PASS,src/geo/dsgeorref_geo/contexts/results_reporting/resultados-por-componente-sucesso-parcial-explicito-re/**,NOT_APPLICABLE,PASS,,NOT_APPLICABLE,PASS,,APPLICABLE,PASS,ADR-010/ADR-011,APPLICABLE,PASS,ADR-041/ADR-042/ADR-043,NOT_APPLICABLE,PASS,,PASS,test_epic_057_integracao,PRODUCT_AND_EVIDENCE,PASS,,evidence/implementation/epic-057/story-0354/ | commit candidato e relatório de testes,PASS,4,AC-ISSUE-0464-01/AC-ISSUE-0464-02/AC-ISSUE-0464-03/AC-ISSUE-0464-04,PASS,Arquiteto/QA/Reviewer,PASS
SPRINT-006,ISSUE-0465,Implementable story,STORY-0355,TASK-0355,EPIC-057,Geoprocessamento,BC-012,PASS,1,STORY-0351,PASS,src/geo/dsgeorref_geo/contexts/results_reporting/resultados-por-componente-sucesso-parcial-explicito-re/**,NOT_APPLICABLE,PASS,,NOT_APPLICABLE,PASS,,APPLICABLE,PASS,ADR-010/ADR-011,APPLICABLE,PASS,ADR-041/ADR-042/ADR-043,NOT_APPLICABLE,PASS,,PASS,test_epic_057_diagnostico,PRODUCT_AND_EVIDENCE,PASS,Lineage,evidence/implementation/epic-057/story-0355/ | commit candidato e relatório de testes,PASS,4,AC-ISSUE-0465-01/AC-ISSUE-0465-02/AC-ISSUE-0465-03/AC-ISSUE-0465-04,PASS,QA/Reviewer,PASS
SPRINT-006,ISSUE-0466,Implementable story,STORY-0356,TASK-0356,EPIC-057,QA,BC-012,PASS,4,STORY-0352/STORY-0353/STORY-0354/STORY-0355,PASS,tests/geo/resultados-por-componente-sucesso-parcial-explicito-re/** | tools/quality/contexts/results_reporting/resultados-por-componente-sucesso-parcial-explicito-re/** | .github/workflows/resultados-por-componente-sucesso-parcial-explicito-re.yaml,NOT_APPLICABLE,PASS,,NOT_APPLICABLE,PASS,,APPLICABLE,PASS,ADR-010/ADR-011,APPLICABLE,PASS,ADR-041/ADR-042/ADR-043,NOT_APPLICABLE,PASS,,PASS,test_epic_057_benchmark_happy_path/test_epic_057_benchmark_negative_paths,PRODUCT_AND_EVIDENCE,PASS,,evidence/qa/epic-057/story-0356/ | commit candidato e relatório de testes,PASS,4,AC-ISSUE-0466-01/AC-ISSUE-0466-02/AC-ISSUE-0466-03/AC-ISSUE-0466-04,PASS,QA/Reviewer,PASS
SPRINT-006,ISSUE-0467,Implementable story,STORY-0357,TASK-0357,EPIC-057,Reviewer,BC-012,PASS,1,STORY-0356,PASS,evidence/reviews/resultados-por-componente-sucesso-parcial-explicito-re/**,NOT_APPLICABLE,PASS,,NOT_APPLICABLE,PASS,,APPLICABLE,PASS,ADR-010/ADR-011,NOT_APPLICABLE,PASS,,NOT_APPLICABLE,PASS,,PASS,test_epic_057_aceite_happy_path/test_epic_057_aceite_negative_paths,PRODUCT_AND_EVIDENCE,PASS,Audit,evidence/reviews/epic-057/story-0357/ | commit candidato e relatório de testes,PASS,4,AC-ISSUE-0467-01/AC-ISSUE-0467-02/AC-ISSUE-0467-03/AC-ISSUE-0467-04,PASS,Reviewer,PASS
SPRINT-006,ISSUE-0468,Implementable story,STORY-0358,TASK-0358,EPIC-058,Arquiteto,BC-005,PASS,3,STORY-0163/STORY-0020/STORY-0249,PASS,contracts/contexts/reference_discovery/geo/gateway-por-capacidades-adapters-stac-api-oficial-test/** | docs/02-architecture/design-reviews/gateway-por-capacidades-adapters-stac-api-oficial-test/**,APPLICABLE,PASS,get_providers/post_provider_searches/get_provider_searches_id/post_acquisitions/get_acquisitions_id,NOT_APPLICABLE,PASS,,NOT_APPLICABLE,PASS,ADR-010/ADR-011/ADR-012,APPLICABLE,PASS,ADR-041/ADR-042/ADR-043/ADR-047/ADR-049,NOT_APPLICABLE,PASS,,PASS,test_reference_crs_fail_closed_metadata_area_operation_roundtrip/test_web_service_capability_crs_negotiation_and_actual_response_validation/test_provider_policy_manifest_asset_license_record_expiry_attribution_and_fail_closed_acquisition/test_provider_capability_contract_allowlist_ssrf_no_purchase/test_epic_058_contrato,EVIDENCE_ONLY,PASS,,evidence/implementation/epic-058/story-0358/ | commit candidato e relatório de testes,PASS,4,AC-ISSUE-0468-01/AC-ISSUE-0468-02/AC-ISSUE-0468-03/AC-ISSUE-0468-04,PASS,Arquiteto/Reviewer,PASS
SPRINT-006,ISSUE-0469,Implementable story,STORY-0359,TASK-0359,EPIC-058,Geoprocessamento,BC-005,PASS,1,STORY-0358,PASS,src/geo/dsgeorref_geo/contexts/reference_discovery/gateway-por-capacidades-adapters-stac-api-oficial-test/**,APPLICABLE,PASS,get_providers/post_provider_searches/get_provider_searches_id/post_acquisitions/get_acquisitions_id,NOT_APPLICABLE,PASS,,NOT_APPLICABLE,PASS,ADR-010/ADR-011/ADR-012,APPLICABLE,PASS,ADR-041/ADR-042/ADR-043/ADR-047/ADR-049,APPLICABLE,PASS,ADR-052,PASS,test_offline_zero_egress_restricted_allowlist_connected_audit/test_epic_058_dados,PRODUCT_AND_EVIDENCE,PASS,,evidence/implementation/epic-058/story-0359/ | commit candidato e relatório de testes,PASS,4,AC-ISSUE-0469-01/AC-ISSUE-0469-02/AC-ISSUE-0469-03/AC-ISSUE-0469-04,PASS,Arquiteto/QA/Reviewer,PASS
SPRINT-006,ISSUE-0470,Implementable story,STORY-0360,TASK-0360,EPIC-058,Geoprocessamento,BC-005,PASS,1,STORY-0358,PASS,src/geo/dsgeorref_geo/contexts/reference_discovery/gateway-por-capacidades-adapters-stac-api-oficial-test/**,APPLICABLE,PASS,get_providers/post_provider_searches/get_provider_searches_id/post_acquisitions/get_acquisitions_id,NOT_APPLICABLE,PASS,,NOT_APPLICABLE,PASS,ADR-010/ADR-011/ADR-012,APPLICABLE,PASS,ADR-041/ADR-042/ADR-043/ADR-047/ADR-049,NOT_APPLICABLE,PASS,,PASS,test_distributed_external_anchor_sources_provenance_uncertainty_and_coverage/test_epic_058_algoritmo,PRODUCT_AND_EVIDENCE,PASS,,evidence/implementation/epic-058/story-0360/ | commit candidato e relatório de testes,PASS,4,AC-ISSUE-0470-01/AC-ISSUE-0470-02/AC-ISSUE-0470-03/AC-ISSUE-0470-04,PASS,Arquiteto/QA/Reviewer,PASS
SPRINT-006,ISSUE-0471,Implementable story,STORY-0361,TASK-0361,EPIC-058,Geoprocessamento,BC-005,PASS,1,STORY-0358,PASS,src/geo/dsgeorref_geo/contexts/reference_discovery/gateway-por-capacidades-adapters-stac-api-oficial-test/**,APPLICABLE,PASS,get_providers/post_provider_searches/get_provider_searches_id/post_acquisitions/get_acquisitions_id,NOT_APPLICABLE,PASS,,NOT_APPLICABLE,PASS,ADR-010/ADR-011/ADR-012,APPLICABLE,PASS,ADR-041/ADR-042/ADR-043/ADR-047/ADR-049,NOT_APPLICABLE,PASS,,PASS,test_epic_058_integracao,PRODUCT_AND_EVIDENCE,PASS,,evidence/implementation/epic-058/story-0361/ | commit candidato e relatório de testes,PASS,4,AC-ISSUE-0471-01/AC-ISSUE-0471-02/AC-ISSUE-0471-03/AC-ISSUE-0471-04,PASS,Arquiteto/QA/Reviewer,PASS
SPRINT-006,ISSUE-0472,Implementable story,STORY-0362,TASK-0362,EPIC-058,Geoprocessamento,BC-005,PASS,1,STORY-0358,PASS,src/geo/dsgeorref_geo/contexts/reference_discovery/gateway-por-capacidades-adapters-stac-api-oficial-test/**,APPLICABLE,PASS,get_providers/post_provider_searches/get_provider_searches_id/post_acquisitions/get_acquisitions_id,NOT_APPLICABLE,PASS,,NOT_APPLICABLE,PASS,ADR-010/ADR-011/ADR-012,APPLICABLE,PASS,ADR-041/ADR-042/ADR-043/ADR-047/ADR-049,NOT_APPLICABLE,PASS,,PASS,test_epic_058_diagnostico,PRODUCT_AND_EVIDENCE,PASS,Lineage,evidence/implementation/epic-058/story-0362/ | commit candidato e relatório de testes,PASS,4,AC-ISSUE-0472-01/AC-ISSUE-0472-02/AC-ISSUE-0472-03/AC-ISSUE-0472-04,PASS,Arquiteto/QA/Reviewer,PASS
SPRINT-006,ISSUE-0473,Implementable story,STORY-0363,TASK-0363,EPIC-058,QA,BC-005,PASS,4,STORY-0359/STORY-0360/STORY-0361/STORY-0362,PASS,tests/geo/gateway-por-capacidades-adapters-stac-api-oficial-test/** | tools/quality/contexts/reference_discovery/gateway-por-capacidades-adapters-stac-api-oficial-test/** | .github/workflows/gateway-por-capacidades-adapters-stac-api-oficial-test.yaml,APPLICABLE,PASS,get_providers/post_provider_searches/get_provider_searches_id/post_acquisitions/get_acquisitions_id,NOT_APPLICABLE,PASS,,NOT_APPLICABLE,PASS,ADR-010/ADR-011/ADR-012,APPLICABLE,PASS,ADR-041/ADR-042/ADR-043/ADR-047/ADR-049,NOT_APPLICABLE,PASS,,PASS,test_epic_058_benchmark_happy_path/test_epic_058_benchmark_negative_paths,EVIDENCE_ONLY,PASS,,evidence/qa/epic-058/story-0363/ | commit candidato e relatório de testes,PASS,4,AC-ISSUE-0473-01/AC-ISSUE-0473-02/AC-ISSUE-0473-03/AC-ISSUE-0473-04,PASS,QA/Reviewer,PASS
SPRINT-006,ISSUE-0474,Implementable story,STORY-0364,TASK-0364,EPIC-058,Reviewer,BC-005,PASS,1,STORY-0363,PASS,evidence/reviews/gateway-por-capacidades-adapters-stac-api-oficial-test/**,APPLICABLE,PASS,get_providers/post_provider_searches/get_provider_searches_id/post_acquisitions/get_acquisitions_id,NOT_APPLICABLE,PASS,,NOT_APPLICABLE,PASS,ADR-010/ADR-011/ADR-012,APPLICABLE,PASS,ADR-041/ADR-042/ADR-043/ADR-047/ADR-049,NOT_APPLICABLE,PASS,,PASS,test_epic_058_aceite_happy_path/test_epic_058_aceite_negative_paths,EVIDENCE_ONLY,PASS,Audit,evidence/reviews/epic-058/story-0364/ | commit candidato e relatório de testes,PASS,4,AC-ISSUE-0474-01/AC-ISSUE-0474-02/AC-ISSUE-0474-03/AC-ISSUE-0474-04,PASS,Reviewer,PASS
SPRINT-006,ISSUE-0475,Implementable story,STORY-0365,TASK-0365,EPIC-059,Arquiteto,BC-005,PASS,2,STORY-0364/STORY-0128,PASS,contracts/contexts/reference_discovery/geo/busca-espaciotemporal-guiada-ranking-explicavel-incert/** | docs/02-architecture/design-reviews/busca-espaciotemporal-guiada-ranking-explicavel-incert/**,APPLICABLE,PASS,get_providers/post_provider_searches/get_provider_searches_id/post_acquisitions/get_acquisitions_id,NOT_APPLICABLE,PASS,,NOT_APPLICABLE,PASS,ADR-010/ADR-011,APPLICABLE,PASS,ADR-041/ADR-042/ADR-043/ADR-047,NOT_APPLICABLE,PASS,,PASS,test_epic_059_contrato,EVIDENCE_ONLY,PASS,,evidence/implementation/epic-059/story-0365/ | commit candidato e relatório de testes,PASS,4,AC-ISSUE-0475-01/AC-ISSUE-0475-02/AC-ISSUE-0475-03/AC-ISSUE-0475-04,PASS,Arquiteto/Reviewer,PASS
SPRINT-006,ISSUE-0476,Implementable story,STORY-0366,TASK-0366,EPIC-059,Geoprocessamento,BC-005,PASS,1,STORY-0365,PASS,src/geo/dsgeorref_geo/contexts/reference_discovery/busca-espaciotemporal-guiada-ranking-explicavel-incert/**,NOT_APPLICABLE,PASS,,NOT_APPLICABLE,PASS,,NOT_APPLICABLE,PASS,,APPLICABLE,PASS,ADR-041/ADR-042/ADR-043/ADR-047,NOT_APPLICABLE,PASS,,PASS,test_guided_bounded_search_ranking_uncertainty_reproducible/test_epic_059_dados,PRODUCT_AND_EVIDENCE,PASS,,evidence/implementation/epic-059/story-0366/ | commit candidato e relatório de testes,PASS,4,AC-ISSUE-0476-01/AC-ISSUE-0476-02/AC-ISSUE-0476-03/AC-ISSUE-0476-04,PASS,QA/Reviewer,PASS
SPRINT-006,ISSUE-0477,Implementable story,STORY-0367,TASK-0367,EPIC-059,Geoprocessamento,BC-005,PASS,1,STORY-0365,PASS,src/geo/dsgeorref_geo/contexts/reference_discovery/busca-espaciotemporal-guiada-ranking-explicavel-incert/**,NOT_APPLICABLE,PASS,,NOT_APPLICABLE,PASS,,NOT_APPLICABLE,PASS,,APPLICABLE,PASS,ADR-041/ADR-042/ADR-043/ADR-047,NOT_APPLICABLE,PASS,,PASS,test_epic_059_algoritmo,PRODUCT_AND_EVIDENCE,PASS,,evidence/implementation/epic-059/story-0367/ | commit candidato e relatório de testes,PASS,4,AC-ISSUE-0477-01/AC-ISSUE-0477-02/AC-ISSUE-0477-03/AC-ISSUE-0477-04,PASS,QA/Reviewer,PASS
SPRINT-006,ISSUE-0478,Implementable story,STORY-0368,TASK-0368,EPIC-059,Geoprocessamento,BC-005,PASS,1,STORY-0365,PASS,src/geo/dsgeorref_geo/contexts/reference_discovery/busca-espaciotemporal-guiada-ranking-explicavel-incert/**,NOT_APPLICABLE,PASS,,NOT_APPLICABLE,PASS,,NOT_APPLICABLE,PASS,,APPLICABLE,PASS,ADR-041/ADR-042/ADR-043/ADR-047,NOT_APPLICABLE,PASS,,PASS,test_epic_059_integracao,PRODUCT_AND_EVIDENCE,PASS,,evidence/implementation/epic-059/story-0368/ | commit candidato e relatório de testes,PASS,4,AC-ISSUE-0478-01/AC-ISSUE-0478-02/AC-ISSUE-0478-03/AC-ISSUE-0478-04,PASS,Arquiteto/QA/Reviewer,PASS
SPRINT-006,ISSUE-0479,Implementable story,STORY-0369,TASK-0369,EPIC-059,Geoprocessamento,BC-005,PASS,1,STORY-0365,PASS,src/geo/dsgeorref_geo/contexts/reference_discovery/busca-espaciotemporal-guiada-ranking-explicavel-incert/**,NOT_APPLICABLE,PASS,,NOT_APPLICABLE,PASS,,NOT_APPLICABLE,PASS,,APPLICABLE,PASS,ADR-041/ADR-042/ADR-043/ADR-047,NOT_APPLICABLE,PASS,,PASS,test_epic_059_diagnostico,PRODUCT_AND_EVIDENCE,PASS,Lineage,evidence/implementation/epic-059/story-0369/ | commit candidato e relatório de testes,PASS,4,AC-ISSUE-0479-01/AC-ISSUE-0479-02/AC-ISSUE-0479-03/AC-ISSUE-0479-04,PASS,QA/Reviewer,PASS
SPRINT-006,ISSUE-0480,Implementable story,STORY-0370,TASK-0370,EPIC-059,QA,BC-005,PASS,4,STORY-0366/STORY-0367/STORY-0368/STORY-0369,PASS,tests/geo/busca-espaciotemporal-guiada-ranking-explicavel-incert/** | tools/quality/contexts/reference_discovery/busca-espaciotemporal-guiada-ranking-explicavel-incert/** | .github/workflows/busca-espaciotemporal-guiada-ranking-explicavel-incert.yaml,NOT_APPLICABLE,PASS,,NOT_APPLICABLE,PASS,,NOT_APPLICABLE,PASS,,APPLICABLE,PASS,ADR-041/ADR-042/ADR-043/ADR-047,NOT_APPLICABLE,PASS,,PASS,test_epic_059_benchmark_happy_path/test_epic_059_benchmark_negative_paths,EVIDENCE_ONLY,PASS,,evidence/qa/epic-059/story-0370/ | commit candidato e relatório de testes,PASS,4,AC-ISSUE-0480-01/AC-ISSUE-0480-02/AC-ISSUE-0480-03/AC-ISSUE-0480-04,PASS,QA/Reviewer,PASS
SPRINT-006,ISSUE-0481,Implementable story,STORY-0371,TASK-0371,EPIC-059,Reviewer,BC-005,PASS,1,STORY-0370,PASS,evidence/reviews/busca-espaciotemporal-guiada-ranking-explicavel-incert/**,NOT_APPLICABLE,PASS,,NOT_APPLICABLE,PASS,,NOT_APPLICABLE,PASS,,APPLICABLE,PASS,ADR-041/ADR-042/ADR-043/ADR-047,NOT_APPLICABLE,PASS,,PASS,test_epic_059_aceite_happy_path/test_epic_059_aceite_negative_paths,EVIDENCE_ONLY,PASS,Audit,evidence/reviews/epic-059/story-0371/ | commit candidato e relatório de testes,PASS,4,AC-ISSUE-0481-01/AC-ISSUE-0481-02/AC-ISSUE-0481-03/AC-ISSUE-0481-04,PASS,Reviewer,PASS
SPRINT-006,ISSUE-0482,Implementable story,STORY-0372,TASK-0372,EPIC-060,Arquiteto,BC-005,PASS,3,STORY-0364/STORY-0371/STORY-0177,PASS,contracts/contexts/reference_discovery/geo/policy-de-aquisicao-no-processingplan-preview-consenti/** | docs/02-architecture/design-reviews/policy-de-aquisicao-no-processingplan-preview-consenti/**,APPLICABLE,PASS,get_providers/post_provider_searches/get_provider_searches_id/post_acquisitions/get_acquisitions_id,NOT_APPLICABLE,PASS,,NOT_APPLICABLE,PASS,ADR-010/ADR-011/ADR-012,APPLICABLE,PASS,ADR-041/ADR-042/ADR-043/ADR-047,NOT_APPLICABLE,PASS,,PASS,test_provider_policy_manifest_asset_license_record_expiry_attribution_and_fail_closed_acquisition/test_free_acquisition_policy_states_fail_closed_paid_ambiguous/test_epic_060_contrato,PRODUCT_AND_EVIDENCE,PASS,Preview,evidence/implementation/epic-060/story-0372/ | commit candidato e relatório de testes,PASS,4,AC-ISSUE-0482-01/AC-ISSUE-0482-02/AC-ISSUE-0482-03/AC-ISSUE-0482-04,PASS,Arquiteto/Reviewer,PASS
SPRINT-006,ISSUE-0483,Implementable story,STORY-0373,TASK-0373,EPIC-060,Geoprocessamento,BC-005,PASS,1,STORY-0372,PASS,src/geo/dsgeorref_geo/contexts/reference_discovery/policy-de-aquisicao-no-processingplan-preview-consenti/**,NOT_APPLICABLE,PASS,,NOT_APPLICABLE,PASS,,NOT_APPLICABLE,PASS,,APPLICABLE,PASS,ADR-041/ADR-042/ADR-043/ADR-047,NOT_APPLICABLE,PASS,,PASS,test_epic_060_dados,PRODUCT_AND_EVIDENCE,PASS,Preview,evidence/implementation/epic-060/story-0373/ | commit candidato e relatório de testes,PASS,4,AC-ISSUE-0483-01/AC-ISSUE-0483-02/AC-ISSUE-0483-03/AC-ISSUE-0483-04,PASS,QA/Reviewer,PASS
SPRINT-006,ISSUE-0484,Implementable story,STORY-0374,TASK-0374,EPIC-060,Geoprocessamento,BC-005,PASS,1,STORY-0372,PASS,src/geo/dsgeorref_geo/contexts/reference_discovery/policy-de-aquisicao-no-processingplan-preview-consenti/**,NOT_APPLICABLE,PASS,,NOT_APPLICABLE,PASS,,NOT_APPLICABLE,PASS,,APPLICABLE,PASS,ADR-041/ADR-042/ADR-043/ADR-047,NOT_APPLICABLE,PASS,,PASS,test_epic_060_algoritmo,PRODUCT_AND_EVIDENCE,PASS,Preview,evidence/implementation/epic-060/story-0374/ | commit candidato e relatório de testes,PASS,4,AC-ISSUE-0484-01/AC-ISSUE-0484-02/AC-ISSUE-0484-03/AC-ISSUE-0484-04,PASS,QA/Reviewer,PASS
SPRINT-006,ISSUE-0485,Implementable story,STORY-0375,TASK-0375,EPIC-060,Geoprocessamento,BC-005,PASS,1,STORY-0372,PASS,src/geo/dsgeorref_geo/contexts/reference_discovery/policy-de-aquisicao-no-processingplan-preview-consenti/**,NOT_APPLICABLE,PASS,,NOT_APPLICABLE,PASS,,NOT_APPLICABLE,PASS,,APPLICABLE,PASS,ADR-041/ADR-042/ADR-043/ADR-047,NOT_APPLICABLE,PASS,,PASS,test_epic_060_integracao,PRODUCT_AND_EVIDENCE,PASS,Preview,evidence/implementation/epic-060/story-0375/ | commit candidato e relatório de testes,PASS,4,AC-ISSUE-0485-01/AC-ISSUE-0485-02/AC-ISSUE-0485-03/AC-ISSUE-0485-04,PASS,Arquiteto/QA/Reviewer,PASS
SPRINT-006,ISSUE-0486,Implementable story,STORY-0376,TASK-0376,EPIC-060,Geoprocessamento,BC-005,PASS,1,STORY-0372,PASS,src/geo/dsgeorref_geo/contexts/reference_discovery/policy-de-aquisicao-no-processingplan-preview-consenti/**,NOT_APPLICABLE,PASS,,NOT_APPLICABLE,PASS,,NOT_APPLICABLE,PASS,,APPLICABLE,PASS,ADR-041/ADR-042/ADR-043/ADR-047,NOT_APPLICABLE,PASS,,PASS,test_epic_060_diagnostico,PRODUCT_AND_EVIDENCE,PASS,Preview/Lineage,evidence/implementation/epic-060/story-0376/ | commit candidato e relatório de testes,PASS,4,AC-ISSUE-0486-01/AC-ISSUE-0486-02/AC-ISSUE-0486-03/AC-ISSUE-0486-04,PASS,QA/Reviewer,PASS
SPRINT-006,ISSUE-0487,Implementable story,STORY-0377,TASK-0377,EPIC-060,QA,BC-005,PASS,4,STORY-0373/STORY-0374/STORY-0375/STORY-0376,PASS,tests/geo/policy-de-aquisicao-no-processingplan-preview-consenti/** | tools/quality/contexts/reference_discovery/policy-de-aquisicao-no-processingplan-preview-consenti/** | .github/workflows/policy-de-aquisicao-no-processingplan-preview-consenti.yaml,NOT_APPLICABLE,PASS,,NOT_APPLICABLE,PASS,,NOT_APPLICABLE,PASS,,APPLICABLE,PASS,ADR-041/ADR-042/ADR-043/ADR-047,NOT_APPLICABLE,PASS,,PASS,test_epic_060_benchmark_happy_path/test_epic_060_benchmark_negative_paths,PRODUCT_AND_EVIDENCE,PASS,Preview,evidence/qa/epic-060/story-0377/ | commit candidato e relatório de testes,PASS,4,AC-ISSUE-0487-01/AC-ISSUE-0487-02/AC-ISSUE-0487-03/AC-ISSUE-0487-04,PASS,QA/Reviewer,PASS
SPRINT-006,ISSUE-0488,Implementable story,STORY-0378,TASK-0378,EPIC-060,Reviewer,BC-005,PASS,1,STORY-0377,PASS,evidence/reviews/policy-de-aquisicao-no-processingplan-preview-consenti/**,NOT_APPLICABLE,PASS,,NOT_APPLICABLE,PASS,,NOT_APPLICABLE,PASS,,APPLICABLE,PASS,ADR-041/ADR-042/ADR-043/ADR-047,NOT_APPLICABLE,PASS,,PASS,test_epic_060_aceite_happy_path/test_epic_060_aceite_negative_paths,PRODUCT_AND_EVIDENCE,PASS,Preview/Audit,evidence/reviews/epic-060/story-0378/ | commit candidato e relatório de testes,PASS,4,AC-ISSUE-0488-01/AC-ISSUE-0488-02/AC-ISSUE-0488-03/AC-ISSUE-0488-04,PASS,Reviewer,PASS
SPRINT-006,ISSUE-0501,Implementable story,STORY-0391,TASK-0391,EPIC-063,Arquiteto,BC-011,PASS,2,STORY-0322/STORY-0061,PASS,contracts/contexts/review_correction/geo/modelo-tipado-versionado-de-gcps-lifecycle-provenienci/** | docs/02-architecture/design-reviews/modelo-tipado-versionado-de-gcps-lifecycle-provenienci/**,APPLICABLE,PASS,get_review_queue/post_attempts_attemptid_correction_sets/post_correction_sets_id_attempts/post_admin_gc_previews,NOT_APPLICABLE,PASS,,NOT_APPLICABLE,PASS,ADR-010/ADR-011,NOT_APPLICABLE,PASS,ADR-041/ADR-048,NOT_APPLICABLE,PASS,,PASS,test_pixel_reference_target_discovery_coordinate_roundtrip/test_gcp_lifecycle_roundtrip_exports_provenance/test_epic_063_contrato,PRODUCT_AND_EVIDENCE,PASS,,evidence/implementation/epic-063/story-0391/ | commit candidato e relatório de testes,PASS,4,AC-ISSUE-0501-01/AC-ISSUE-0501-02/AC-ISSUE-0501-03/AC-ISSUE-0501-04,PASS,Arquiteto/Reviewer,PASS
SPRINT-006,ISSUE-0502,Implementable story,STORY-0392,TASK-0392,EPIC-063,Geoprocessamento,BC-011,PASS,1,STORY-0391,PASS,src/geo/dsgeorref_geo/contexts/review_correction/modelo-tipado-versionado-de-gcps-lifecycle-provenienci/**,NOT_APPLICABLE,PASS,,NOT_APPLICABLE,PASS,,NOT_APPLICABLE,PASS,,APPLICABLE,PASS,ADR-041/ADR-042/ADR-043/ADR-048,NOT_APPLICABLE,PASS,,PASS,test_epic_063_dados,PRODUCT_AND_EVIDENCE,PASS,,evidence/implementation/epic-063/story-0392/ | commit candidato e relatório de testes,PASS,4,AC-ISSUE-0502-01/AC-ISSUE-0502-02/AC-ISSUE-0502-03/AC-ISSUE-0502-04,PASS,QA/Reviewer,PASS
SPRINT-006,ISSUE-0503,Implementable story,STORY-0393,TASK-0393,EPIC-063,Geoprocessamento,BC-011,PASS,1,STORY-0391,PASS,src/geo/dsgeorref_geo/contexts/review_correction/modelo-tipado-versionado-de-gcps-lifecycle-provenienci/**,NOT_APPLICABLE,PASS,,NOT_APPLICABLE,PASS,,NOT_APPLICABLE,PASS,,APPLICABLE,PASS,ADR-041/ADR-042/ADR-043/ADR-048,NOT_APPLICABLE,PASS,,PASS,test_epic_063_algoritmo,PRODUCT_AND_EVIDENCE,PASS,,evidence/implementation/epic-063/story-0393/ | commit candidato e relatório de testes,PASS,4,AC-ISSUE-0503-01/AC-ISSUE-0503-02/AC-ISSUE-0503-03/AC-ISSUE-0503-04,PASS,QA/Reviewer,PASS
SPRINT-006,ISSUE-0504,Implementable story,STORY-0394,TASK-0394,EPIC-063,Geoprocessamento,BC-011,PASS,1,STORY-0391,PASS,src/geo/dsgeorref_geo/contexts/review_correction/modelo-tipado-versionado-de-gcps-lifecycle-provenienci/**,NOT_APPLICABLE,PASS,,NOT_APPLICABLE,PASS,,NOT_APPLICABLE,PASS,,APPLICABLE,PASS,ADR-041/ADR-042/ADR-043/ADR-048,NOT_APPLICABLE,PASS,,PASS,test_epic_063_integracao,PRODUCT_AND_EVIDENCE,PASS,,evidence/implementation/epic-063/story-0394/ | commit candidato e relatório de testes,PASS,4,AC-ISSUE-0504-01/AC-ISSUE-0504-02/AC-ISSUE-0504-03/AC-ISSUE-0504-04,PASS,Arquiteto/QA/Reviewer,PASS
SPRINT-006,ISSUE-0505,Implementable story,STORY-0395,TASK-0395,EPIC-063,Geoprocessamento,BC-011,PASS,1,STORY-0391,PASS,src/geo/dsgeorref_geo/contexts/review_correction/modelo-tipado-versionado-de-gcps-lifecycle-provenienci/**,NOT_APPLICABLE,PASS,,NOT_APPLICABLE,PASS,,NOT_APPLICABLE,PASS,,APPLICABLE,PASS,ADR-041/ADR-042/ADR-043/ADR-048,NOT_APPLICABLE,PASS,,PASS,test_epic_063_diagnostico,PRODUCT_AND_EVIDENCE,PASS,Lineage,evidence/implementation/epic-063/story-0395/ | commit candidato e relatório de testes,PASS,4,AC-ISSUE-0505-01/AC-ISSUE-0505-02/AC-ISSUE-0505-03/AC-ISSUE-0505-04,PASS,QA/Reviewer,PASS
SPRINT-006,ISSUE-0506,Implementable story,STORY-0396,TASK-0396,EPIC-063,QA,BC-011,PASS,4,STORY-0392/STORY-0393/STORY-0394/STORY-0395,PASS,tests/geo/modelo-tipado-versionado-de-gcps-lifecycle-provenienci/** | tools/quality/contexts/review_correction/modelo-tipado-versionado-de-gcps-lifecycle-provenienci/** | .github/workflows/modelo-tipado-versionado-de-gcps-lifecycle-provenienci.yaml,NOT_APPLICABLE,PASS,,NOT_APPLICABLE,PASS,,NOT_APPLICABLE,PASS,,APPLICABLE,PASS,ADR-041/ADR-042/ADR-043/ADR-048,NOT_APPLICABLE,PASS,,PASS,test_epic_063_benchmark_happy_path/test_epic_063_benchmark_negative_paths,PRODUCT_AND_EVIDENCE,PASS,,evidence/qa/epic-063/story-0396/ | commit candidato e relatório de testes,PASS,4,AC-ISSUE-0506-01/AC-ISSUE-0506-02/AC-ISSUE-0506-03/AC-ISSUE-0506-04,PASS,QA/Reviewer,PASS
SPRINT-006,ISSUE-0507,Implementable story,STORY-0397,TASK-0397,EPIC-063,Reviewer,BC-011,PASS,1,STORY-0396,PASS,evidence/reviews/modelo-tipado-versionado-de-gcps-lifecycle-provenienci/**,NOT_APPLICABLE,PASS,,NOT_APPLICABLE,PASS,,NOT_APPLICABLE,PASS,,NOT_APPLICABLE,PASS,,NOT_APPLICABLE,PASS,,PASS,test_epic_063_aceite_happy_path/test_epic_063_aceite_negative_paths,PRODUCT_AND_EVIDENCE,PASS,Audit,evidence/reviews/epic-063/story-0397/ | commit candidato e relatório de testes,PASS,4,AC-ISSUE-0507-01/AC-ISSUE-0507-02/AC-ISSUE-0507-03/AC-ISSUE-0507-04,PASS,Reviewer,PASS
SPRINT-006,ISSUE-0860,Implementable story,STORY-0750,TASK-0750,EPIC-050,Geoprocessamento,BC-009,PASS,1,STORY-0302,PASS,src/geo/dsgeorref_geo/contexts/ai_recovery/registry-de-matchers-classicos-ia-escalonamento-explic/ai-aie-parte-1/**,NOT_APPLICABLE,PASS,,NOT_APPLICABLE,PASS,,NOT_APPLICABLE,PASS,,APPLICABLE,PASS,ADR-041/ADR-042/ADR-043/ADR-046,APPLICABLE,PASS,ADR-017/ADR-051/ADR-052/ADR-053,PASS,test_stage_capability_contract_preconditions_budget_reason/test_inference_first_no_training_or_weight_mutation_in_jobs/test_modelpack_stratified_promotion_and_reproducibility_gate/test_independent_ai_capability_lifecycle_and_promotion/test_inference_only_runtime_no_training_or_weight_mutation/test_experimental_capability_cannot_publish_accepted_artifactset/test_ai_escalation_decision_02/test_ai_escalation_decision_04/test_ai_escalation_decision_06/test_ai_escalation_decision_08,PRODUCT_AND_EVIDENCE,PASS,Manifest,evidence/implementation/registry-de-matchers-classicos-ia-escalonamento-ex/ai-aie-parte-1/ | commit candidato e relatório de testes,PASS,4,AC-ISSUE-0860-01/AC-ISSUE-0860-02/AC-ISSUE-0860-03/AC-ISSUE-0860-04,PASS,QA/Reviewer,PASS
SPRINT-006,ISSUE-0861,Implementable story,STORY-0751,TASK-0751,EPIC-050,Geoprocessamento,BC-009,PASS,1,STORY-0302,PASS,src/geo/dsgeorref_geo/contexts/ai_recovery/registry-de-matchers-classicos-ia-escalonamento-explic/aie-epic-sch-parte-2/**,NOT_APPLICABLE,PASS,,NOT_APPLICABLE,PASS,,NOT_APPLICABLE,PASS,,APPLICABLE,PASS,ADR-041/ADR-042/ADR-043/ADR-046,APPLICABLE,PASS,ADR-017/ADR-051/ADR-052/ADR-053,PASS,test_ai_escalation_decision_09/test_ai_escalation_decision_10/test_experimental_lab_disabled_and_cannot_publish_accepted_artifactset/test_device_aware_gpu_leases_vram_budgets_model_residency_and_explicit_fallback/test_hierarchical_seeds_rng_inventory_stable_ordering_and_checkpoint_compatibility,PRODUCT_AND_EVIDENCE,PASS,Manifest,evidence/implementation/registry-de-matchers-classicos-ia-escalonamento-ex/aie-epic-sch-parte-2/ | commit candidato e relatório de testes,PASS,4,AC-ISSUE-0861-01/AC-ISSUE-0861-02/AC-ISSUE-0861-03/AC-ISSUE-0861-04,PASS,QA/Reviewer,PASS
SPRINT-007,ISSUE-0093,Epic delivery envelope,,,EPIC-093,Geoprocessamento,BC-006,PASS,1,,PASS,7 TaskEnvelopes filhos,APPLICABLE,PASS,0,NOT_APPLICABLE,PASS,,NOT_APPLICABLE,PASS,,APPLICABLE,PASS,,NOT_APPLICABLE,PASS,,PASS,14 testes declarados,PRODUCT_AND_EVIDENCE,PASS,,7 evidence scopes,PASS,28,AC-ISSUE-0093-01/AC-ISSUE-0093-02/AC-ISSUE-0093-03/AC-ISSUE-0093-04/AC-ISSUE-0093-05/AC-ISSUE-0093-06,PASS,Arquiteto/QA/Reviewer,PASS
SPRINT-007,ISSUE-0094,Epic delivery envelope,,,EPIC-094,Geoprocessamento,BC-006,PASS,0,,PASS,7 TaskEnvelopes filhos,APPLICABLE,PASS,0,NOT_APPLICABLE,PASS,,NOT_APPLICABLE,PASS,,APPLICABLE,PASS,,NOT_APPLICABLE,PASS,,PASS,9 testes declarados,PRODUCT_AND_EVIDENCE,PASS,,7 evidence scopes,PASS,28,AC-ISSUE-0094-01/AC-ISSUE-0094-02/AC-ISSUE-0094-03/AC-ISSUE-0094-04/AC-ISSUE-0094-05/AC-ISSUE-0094-06,PASS,Arquiteto/QA/Reviewer,PASS
SPRINT-007,ISSUE-0095,Epic delivery envelope,,,EPIC-095,Geoprocessamento,BC-006,PASS,0,,PASS,7 TaskEnvelopes filhos,APPLICABLE,PASS,0,NOT_APPLICABLE,PASS,,NOT_APPLICABLE,PASS,,APPLICABLE,PASS,,NOT_APPLICABLE,PASS,,PASS,11 testes declarados,PRODUCT_AND_EVIDENCE,PASS,,7 evidence scopes,PASS,28,AC-ISSUE-0095-01/AC-ISSUE-0095-02/AC-ISSUE-0095-03/AC-ISSUE-0095-04/AC-ISSUE-0095-05/AC-ISSUE-0095-06,PASS,Arquiteto/QA/Reviewer,PASS
SPRINT-007,ISSUE-0096,Epic delivery envelope,,,EPIC-096,Geoprocessamento,BC-006,PASS,0,,PASS,7 TaskEnvelopes filhos,APPLICABLE,PASS,0,NOT_APPLICABLE,PASS,,NOT_APPLICABLE,PASS,,APPLICABLE,PASS,,NOT_APPLICABLE,PASS,,PASS,13 testes declarados,PRODUCT_AND_EVIDENCE,PASS,,7 evidence scopes,PASS,28,AC-ISSUE-0096-01/AC-ISSUE-0096-02/AC-ISSUE-0096-03/AC-ISSUE-0096-04/AC-ISSUE-0096-05/AC-ISSUE-0096-06,PASS,Arquiteto/QA/Reviewer,PASS
SPRINT-007,ISSUE-0097,Epic delivery envelope,,,EPIC-097,Geoprocessamento,BC-006,PASS,0,,PASS,7 TaskEnvelopes filhos,APPLICABLE,PASS,0,NOT_APPLICABLE,PASS,,NOT_APPLICABLE,PASS,,APPLICABLE,PASS,,NOT_APPLICABLE,PASS,,PASS,13 testes declarados,PRODUCT_AND_EVIDENCE,PASS,,7 evidence scopes,PASS,28,AC-ISSUE-0097-01/AC-ISSUE-0097-02/AC-ISSUE-0097-03/AC-ISSUE-0097-04/AC-ISSUE-0097-05/AC-ISSUE-0097-06,PASS,Arquiteto/QA/Reviewer,PASS
SPRINT-007,ISSUE-0098,Epic delivery envelope,,,EPIC-098,Geoprocessamento,BC-008,PASS,0,,PASS,7 TaskEnvelopes filhos,APPLICABLE,PASS,0,NOT_APPLICABLE,PASS,,NOT_APPLICABLE,PASS,,APPLICABLE,PASS,,NOT_APPLICABLE,PASS,,PASS,17 testes declarados,PRODUCT_AND_EVIDENCE,PASS,,7 evidence scopes,PASS,28,AC-ISSUE-0098-01/AC-ISSUE-0098-02/AC-ISSUE-0098-03/AC-ISSUE-0098-04/AC-ISSUE-0098-05/AC-ISSUE-0098-06,PASS,Arquiteto/QA/Reviewer,PASS
SPRINT-007,ISSUE-0680,Implementable story,STORY-0570,TASK-0570,EPIC-093,Arquiteto,BC-006,PASS,4,STORY-0569/STORY-0267/STORY-0288/STORY-0397,PASS,contracts/contexts/georeferencing/geo/contratos-de-crs-espacos-de-coordenadas-ordem-de-eixos/** | docs/02-architecture/design-reviews/contratos-de-crs-espacos-de-coordenadas-ordem-de-eixos/**,APPLICABLE,PASS,,NOT_APPLICABLE,PASS,,NOT_APPLICABLE,PASS,ADR-010/ADR-011,APPLICABLE,PASS,ADR-041/ADR-042/ADR-043,NOT_APPLICABLE,PASS,,PASS,test_pixel_reference_target_discovery_coordinate_roundtrip/test_explicit_axis_order_and_adapter_normalization/test_aoi_aware_working_crs_selection_distortion_and_explanation/test_epic_093_contrato,EVIDENCE_ONLY,PASS,,evidence/implementation/epic-093/story-0570/ | commit candidato e relatório de testes,PASS,4,AC-ISSUE-0680-01/AC-ISSUE-0680-02/AC-ISSUE-0680-03/AC-ISSUE-0680-04,PASS,Arquiteto/Reviewer,PASS
SPRINT-007,ISSUE-0681,Implementable story,STORY-0571,TASK-0571,EPIC-093,Geoprocessamento,BC-006,PASS,1,STORY-0570,PASS,src/geo/dsgeorref_geo/contexts/georeferencing/contratos-de-crs-espacos-de-coordenadas-ordem-de-eixos/**,NOT_APPLICABLE,PASS,,NOT_APPLICABLE,PASS,,NOT_APPLICABLE,PASS,,APPLICABLE,PASS,ADR-041/ADR-042/ADR-043,NOT_APPLICABLE,PASS,,PASS,test_units_precision_tolerance_and_no_premature_rounding/test_nodata_alpha_coverage_analysis_mask_separation/test_epic_093_dados,PRODUCT_AND_EVIDENCE,PASS,,evidence/implementation/epic-093/story-0571/ | commit candidato e relatório de testes,PASS,4,AC-ISSUE-0681-01/AC-ISSUE-0681-02/AC-ISSUE-0681-03/AC-ISSUE-0681-04,PASS,Arquiteto/QA/Reviewer,PASS
SPRINT-007,ISSUE-0682,Implementable story,STORY-0572,TASK-0572,EPIC-093,Geoprocessamento,BC-006,PASS,1,STORY-0570,PASS,src/geo/dsgeorref_geo/contexts/georeferencing/contratos-de-crs-espacos-de-coordenadas-ordem-de-eixos/**,NOT_APPLICABLE,PASS,,NOT_APPLICABLE,PASS,,NOT_APPLICABLE,PASS,,APPLICABLE,PASS,ADR-041/ADR-042/ADR-043,NOT_APPLICABLE,PASS,,PASS,test_epic_093_algoritmo,PRODUCT_AND_EVIDENCE,PASS,,evidence/implementation/epic-093/story-0572/ | commit candidato e relatório de testes,PASS,4,AC-ISSUE-0682-01/AC-ISSUE-0682-02/AC-ISSUE-0682-03/AC-ISSUE-0682-04,PASS,Arquiteto/QA/Reviewer,PASS
SPRINT-007,ISSUE-0683,Implementable story,STORY-0573,TASK-0573,EPIC-093,Geoprocessamento,BC-006,PASS,1,STORY-0570,PASS,src/geo/dsgeorref_geo/contexts/georeferencing/contratos-de-crs-espacos-de-coordenadas-ordem-de-eixos/**,NOT_APPLICABLE,PASS,,NOT_APPLICABLE,PASS,,NOT_APPLICABLE,PASS,,APPLICABLE,PASS,ADR-041/ADR-042/ADR-043,NOT_APPLICABLE,PASS,,PASS,test_epic_093_integracao,PRODUCT_AND_EVIDENCE,PASS,,evidence/implementation/epic-093/story-0573/ | commit candidato e relatório de testes,PASS,4,AC-ISSUE-0683-01/AC-ISSUE-0683-02/AC-ISSUE-0683-03/AC-ISSUE-0683-04,PASS,Arquiteto/QA/Reviewer,PASS
SPRINT-007,ISSUE-0684,Implementable story,STORY-0574,TASK-0574,EPIC-093,Geoprocessamento,BC-006,PASS,1,STORY-0570,PASS,src/geo/dsgeorref_geo/contexts/georeferencing/contratos-de-crs-espacos-de-coordenadas-ordem-de-eixos/**,NOT_APPLICABLE,PASS,,NOT_APPLICABLE,PASS,,NOT_APPLICABLE,PASS,,APPLICABLE,PASS,ADR-041/ADR-042/ADR-043,NOT_APPLICABLE,PASS,,PASS,test_epic_093_diagnostico,PRODUCT_AND_EVIDENCE,PASS,Lineage,evidence/implementation/epic-093/story-0574/ | commit candidato e relatório de testes,PASS,4,AC-ISSUE-0684-01/AC-ISSUE-0684-02/AC-ISSUE-0684-03/AC-ISSUE-0684-04,PASS,Arquiteto/QA/Reviewer,PASS
SPRINT-007,ISSUE-0685,Implementable story,STORY-0575,TASK-0575,EPIC-093,QA,BC-006,PASS,4,STORY-0571/STORY-0572/STORY-0573/STORY-0574,PASS,tests/geo/contratos-de-crs-espacos-de-coordenadas-ordem-de-eixos/** | tools/quality/contexts/georeferencing/contratos-de-crs-espacos-de-coordenadas-ordem-de-eixos/** | .github/workflows/contratos-de-crs-espacos-de-coordenadas-ordem-de-eixos.yaml,NOT_APPLICABLE,PASS,,NOT_APPLICABLE,PASS,,NOT_APPLICABLE,PASS,,APPLICABLE,PASS,ADR-041/ADR-042/ADR-043,NOT_APPLICABLE,PASS,,PASS,test_epic_093_benchmark_happy_path/test_epic_093_benchmark_negative_paths,EVIDENCE_ONLY,PASS,,evidence/qa/epic-093/story-0575/ | commit candidato e relatório de testes,PASS,4,AC-ISSUE-0685-01/AC-ISSUE-0685-02/AC-ISSUE-0685-03/AC-ISSUE-0685-04,PASS,QA/Reviewer,PASS
SPRINT-007,ISSUE-0686,Implementable story,STORY-0576,TASK-0576,EPIC-093,Reviewer,BC-006,PASS,1,STORY-0575,PASS,evidence/reviews/contratos-de-crs-espacos-de-coordenadas-ordem-de-eixos/**,NOT_APPLICABLE,PASS,,NOT_APPLICABLE,PASS,,NOT_APPLICABLE,PASS,,APPLICABLE,PASS,ADR-041/ADR-042/ADR-043,NOT_APPLICABLE,PASS,,PASS,test_epic_093_aceite_happy_path/test_epic_093_aceite_negative_paths,EVIDENCE_ONLY,PASS,Audit,evidence/reviews/epic-093/story-0576/ | commit candidato e relatório de testes,PASS,4,AC-ISSUE-0686-01/AC-ISSUE-0686-02/AC-ISSUE-0686-03/AC-ISSUE-0686-04,PASS,Reviewer,PASS
SPRINT-007,ISSUE-0687,Implementable story,STORY-0577,TASK-0577,EPIC-094,Arquiteto,BC-006,PASS,0,,PASS,contracts/contexts/georeferencing/geo/registry-e-transformacoes-de-crs/** | docs/02-architecture/design-reviews/registry-e-transformacoes-de-crs/**,APPLICABLE,PASS,,NOT_APPLICABLE,PASS,,NOT_APPLICABLE,PASS,ADR-010/ADR-011,APPLICABLE,PASS,ADR-041/ADR-042/ADR-043,NOT_APPLICABLE,PASS,,PASS,test_epic_094_contrato,EVIDENCE_ONLY,PASS,,evidence/implementation/epic-094/story-0577/ | commit candidato e relatório de testes,PASS,4,AC-ISSUE-0687-01/AC-ISSUE-0687-02/AC-ISSUE-0687-03/AC-ISSUE-0687-04,PASS,Arquiteto/Reviewer,PASS
SPRINT-007,ISSUE-0688,Implementable story,STORY-0578,TASK-0578,EPIC-094,Geoprocessamento,BC-006,PASS,1,STORY-0577,PASS,src/geo/dsgeorref_geo/contexts/georeferencing/registry-e-transformacoes-de-crs/**,NOT_APPLICABLE,PASS,,NOT_APPLICABLE,PASS,,NOT_APPLICABLE,PASS,,APPLICABLE,PASS,ADR-041/ADR-042/ADR-043,NOT_APPLICABLE,PASS,,PASS,test_epic_094_dados,PRODUCT_AND_EVIDENCE,PASS,,evidence/implementation/epic-094/story-0578/ | commit candidato e relatório de testes,PASS,4,AC-ISSUE-0688-01/AC-ISSUE-0688-02/AC-ISSUE-0688-03/AC-ISSUE-0688-04,PASS,QA/Reviewer,PASS
SPRINT-007,ISSUE-0689,Implementable story,STORY-0579,TASK-0579,EPIC-094,Geoprocessamento,BC-006,PASS,1,STORY-0577,PASS,src/geo/dsgeorref_geo/contexts/georeferencing/registry-e-transformacoes-de-crs/**,NOT_APPLICABLE,PASS,,NOT_APPLICABLE,PASS,,NOT_APPLICABLE,PASS,,APPLICABLE,PASS,ADR-041/ADR-042/ADR-043,NOT_APPLICABLE,PASS,,PASS,test_epic_094_algoritmo,PRODUCT_AND_EVIDENCE,PASS,,evidence/implementation/epic-094/story-0579/ | commit candidato e relatório de testes,PASS,4,AC-ISSUE-0689-01/AC-ISSUE-0689-02/AC-ISSUE-0689-03/AC-ISSUE-0689-04,PASS,QA/Reviewer,PASS
SPRINT-007,ISSUE-0690,Implementable story,STORY-0580,TASK-0580,EPIC-094,Geoprocessamento,BC-006,PASS,1,STORY-0577,PASS,src/geo/dsgeorref_geo/contexts/georeferencing/registry-e-transformacoes-de-crs/**,NOT_APPLICABLE,PASS,,NOT_APPLICABLE,PASS,,NOT_APPLICABLE,PASS,,APPLICABLE,PASS,ADR-041/ADR-042/ADR-043,NOT_APPLICABLE,PASS,,PASS,test_epic_094_integracao,PRODUCT_AND_EVIDENCE,PASS,,evidence/implementation/epic-094/story-0580/ | commit candidato e relatório de testes,PASS,4,AC-ISSUE-0690-01/AC-ISSUE-0690-02/AC-ISSUE-0690-03/AC-ISSUE-0690-04,PASS,Arquiteto/QA/Reviewer,PASS
SPRINT-007,ISSUE-0691,Implementable story,STORY-0581,TASK-0581,EPIC-094,Geoprocessamento,BC-006,PASS,1,STORY-0577,PASS,src/geo/dsgeorref_geo/contexts/georeferencing/registry-e-transformacoes-de-crs/**,NOT_APPLICABLE,PASS,,NOT_APPLICABLE,PASS,,NOT_APPLICABLE,PASS,,APPLICABLE,PASS,ADR-041/ADR-042/ADR-043,NOT_APPLICABLE,PASS,,PASS,test_epic_094_diagnostico,PRODUCT_AND_EVIDENCE,PASS,Lineage,evidence/implementation/epic-094/story-0581/ | commit candidato e relatório de testes,PASS,4,AC-ISSUE-0691-01/AC-ISSUE-0691-02/AC-ISSUE-0691-03/AC-ISSUE-0691-04,PASS,QA/Reviewer,PASS
SPRINT-007,ISSUE-0692,Implementable story,STORY-0582,TASK-0582,EPIC-094,QA,BC-006,PASS,4,STORY-0578/STORY-0579/STORY-0580/STORY-0581,PASS,tests/geo/registry-e-transformacoes-de-crs/** | tools/quality/contexts/georeferencing/registry-e-transformacoes-de-crs/** | .github/workflows/registry-e-transformacoes-de-crs.yaml,NOT_APPLICABLE,PASS,,NOT_APPLICABLE,PASS,,NOT_APPLICABLE,PASS,,APPLICABLE,PASS,ADR-041/ADR-042/ADR-043,NOT_APPLICABLE,PASS,,PASS,test_epic_094_benchmark_happy_path/test_epic_094_benchmark_negative_paths,EVIDENCE_ONLY,PASS,,evidence/qa/epic-094/story-0582/ | commit candidato e relatório de testes,PASS,4,AC-ISSUE-0692-01/AC-ISSUE-0692-02/AC-ISSUE-0692-03/AC-ISSUE-0692-04,PASS,QA/Reviewer,PASS
SPRINT-007,ISSUE-0693,Implementable story,STORY-0583,TASK-0583,EPIC-094,Reviewer,BC-006,PASS,1,STORY-0582,PASS,evidence/reviews/registry-e-transformacoes-de-crs/**,NOT_APPLICABLE,PASS,,NOT_APPLICABLE,PASS,,NOT_APPLICABLE,PASS,,APPLICABLE,PASS,ADR-041/ADR-042/ADR-043,NOT_APPLICABLE,PASS,,PASS,test_epic_094_aceite_happy_path/test_epic_094_aceite_negative_paths,EVIDENCE_ONLY,PASS,Audit,evidence/reviews/epic-094/story-0583/ | commit candidato e relatório de testes,PASS,4,AC-ISSUE-0693-01/AC-ISSUE-0693-02/AC-ISSUE-0693-03/AC-ISSUE-0693-04,PASS,Reviewer,PASS
SPRINT-007,ISSUE-0694,Implementable story,STORY-0584,TASK-0584,EPIC-095,Arquiteto,BC-006,PASS,0,,PASS,contracts/contexts/georeferencing/geo/validade-raster-explicita/** | docs/02-architecture/design-reviews/validade-raster-explicita/**,APPLICABLE,PASS,,NOT_APPLICABLE,PASS,,NOT_APPLICABLE,PASS,ADR-010/ADR-011,APPLICABLE,PASS,ADR-041/ADR-042/ADR-043/ADR-049,NOT_APPLICABLE,PASS,,PASS,test_epic_095_contrato,EVIDENCE_ONLY,PASS,,evidence/implementation/epic-095/story-0584/ | commit candidato e relatório de testes,PASS,4,AC-ISSUE-0694-01/AC-ISSUE-0694-02/AC-ISSUE-0694-03/AC-ISSUE-0694-04,PASS,Arquiteto/Reviewer,PASS
SPRINT-007,ISSUE-0695,Implementable story,STORY-0585,TASK-0585,EPIC-095,Geoprocessamento,BC-006,PASS,1,STORY-0584,PASS,src/geo/dsgeorref_geo/contexts/georeferencing/validade-raster-explicita/**,NOT_APPLICABLE,PASS,,NOT_APPLICABLE,PASS,,NOT_APPLICABLE,PASS,,APPLICABLE,PASS,ADR-041/ADR-042/ADR-043/ADR-049,NOT_APPLICABLE,PASS,,PASS,test_overlap_source_stack_seamline_analytical_preview_blend_and_provenance/test_resampling_kernel_by_band_content_scale_and_mask_integrity/test_epic_095_dados,PRODUCT_AND_EVIDENCE,PASS,,evidence/implementation/epic-095/story-0585/ | commit candidato e relatório de testes,PASS,4,AC-ISSUE-0695-01/AC-ISSUE-0695-02/AC-ISSUE-0695-03/AC-ISSUE-0695-04,PASS,QA/Reviewer,PASS
SPRINT-007,ISSUE-0696,Implementable story,STORY-0586,TASK-0586,EPIC-095,Geoprocessamento,BC-006,PASS,1,STORY-0584,PASS,src/geo/dsgeorref_geo/contexts/georeferencing/validade-raster-explicita/**,NOT_APPLICABLE,PASS,,NOT_APPLICABLE,PASS,,NOT_APPLICABLE,PASS,,APPLICABLE,PASS,ADR-041/ADR-042/ADR-043/ADR-049,NOT_APPLICABLE,PASS,,PASS,test_epic_095_algoritmo,PRODUCT_AND_EVIDENCE,PASS,,evidence/implementation/epic-095/story-0586/ | commit candidato e relatório de testes,PASS,4,AC-ISSUE-0696-01/AC-ISSUE-0696-02/AC-ISSUE-0696-03/AC-ISSUE-0696-04,PASS,QA/Reviewer,PASS
SPRINT-007,ISSUE-0697,Implementable story,STORY-0587,TASK-0587,EPIC-095,Geoprocessamento,BC-006,PASS,1,STORY-0584,PASS,src/geo/dsgeorref_geo/contexts/georeferencing/validade-raster-explicita/**,NOT_APPLICABLE,PASS,,NOT_APPLICABLE,PASS,,NOT_APPLICABLE,PASS,,APPLICABLE,PASS,ADR-041/ADR-042/ADR-043/ADR-049,NOT_APPLICABLE,PASS,,PASS,test_epic_095_integracao,PRODUCT_AND_EVIDENCE,PASS,,evidence/implementation/epic-095/story-0587/ | commit candidato e relatório de testes,PASS,4,AC-ISSUE-0697-01/AC-ISSUE-0697-02/AC-ISSUE-0697-03/AC-ISSUE-0697-04,PASS,Arquiteto/QA/Reviewer,PASS
SPRINT-007,ISSUE-0698,Implementable story,STORY-0588,TASK-0588,EPIC-095,Geoprocessamento,BC-006,PASS,1,STORY-0584,PASS,src/geo/dsgeorref_geo/contexts/georeferencing/validade-raster-explicita/**,NOT_APPLICABLE,PASS,,NOT_APPLICABLE,PASS,,NOT_APPLICABLE,PASS,,APPLICABLE,PASS,ADR-041/ADR-042/ADR-043/ADR-049,NOT_APPLICABLE,PASS,,PASS,test_epic_095_diagnostico,PRODUCT_AND_EVIDENCE,PASS,Lineage,evidence/implementation/epic-095/story-0588/ | commit candidato e relatório de testes,PASS,4,AC-ISSUE-0698-01/AC-ISSUE-0698-02/AC-ISSUE-0698-03/AC-ISSUE-0698-04,PASS,QA/Reviewer,PASS
SPRINT-007,ISSUE-0699,Implementable story,STORY-0589,TASK-0589,EPIC-095,QA,BC-006,PASS,4,STORY-0585/STORY-0586/STORY-0587/STORY-0588,PASS,tests/geo/validade-raster-explicita/** | tools/quality/contexts/georeferencing/validade-raster-explicita/** | .github/workflows/validade-raster-explicita.yaml,NOT_APPLICABLE,PASS,,NOT_APPLICABLE,PASS,,NOT_APPLICABLE,PASS,,APPLICABLE,PASS,ADR-041/ADR-042/ADR-043/ADR-049,NOT_APPLICABLE,PASS,,PASS,test_epic_095_benchmark_happy_path/test_epic_095_benchmark_negative_paths,EVIDENCE_ONLY,PASS,,evidence/qa/epic-095/story-0589/ | commit candidato e relatório de testes,PASS,4,AC-ISSUE-0699-01/AC-ISSUE-0699-02/AC-ISSUE-0699-03/AC-ISSUE-0699-04,PASS,QA/Reviewer,PASS
SPRINT-007,ISSUE-0700,Implementable story,STORY-0590,TASK-0590,EPIC-095,Reviewer,BC-006,PASS,1,STORY-0589,PASS,evidence/reviews/validade-raster-explicita/**,NOT_APPLICABLE,PASS,,NOT_APPLICABLE,PASS,,NOT_APPLICABLE,PASS,,APPLICABLE,PASS,ADR-041/ADR-042/ADR-043/ADR-049,NOT_APPLICABLE,PASS,,PASS,test_epic_095_aceite_happy_path/test_epic_095_aceite_negative_paths,EVIDENCE_ONLY,PASS,Audit,evidence/reviews/epic-095/story-0590/ | commit candidato e relatório de testes,PASS,4,AC-ISSUE-0700-01/AC-ISSUE-0700-02/AC-ISSUE-0700-03/AC-ISSUE-0700-04,PASS,Reviewer,PASS
SPRINT-007,ISSUE-0701,Implementable story,STORY-0591,TASK-0591,EPIC-096,Arquiteto,BC-006,PASS,0,,PASS,contracts/contexts/georeferencing/geo/seletor-e-validador-de-crs/** | docs/02-architecture/design-reviews/seletor-e-validador-de-crs/**,APPLICABLE,PASS,,NOT_APPLICABLE,PASS,ADR-025,NOT_APPLICABLE,PASS,ADR-010/ADR-011,APPLICABLE,PASS,ADR-041/ADR-042/ADR-043,NOT_APPLICABLE,PASS,,PASS,test_aoi_aware_working_crs_selection_distortion_and_explanation/test_reference_crs_fail_closed_metadata_area_operation_roundtrip/test_technical_canonical_output_and_optional_web_derivative_lineage/test_web_service_capability_crs_negotiation_and_actual_response_validation/test_epic_096_contrato,PRODUCT_AND_EVIDENCE,PASS,,evidence/implementation/epic-096/story-0591/ | commit candidato e relatório de testes,PASS,4,AC-ISSUE-0701-01/AC-ISSUE-0701-02/AC-ISSUE-0701-03/AC-ISSUE-0701-04,PASS,Arquiteto/Reviewer,PASS
SPRINT-007,ISSUE-0702,Implementable story,STORY-0592,TASK-0592,EPIC-096,Geoprocessamento,BC-006,PASS,1,STORY-0591,PASS,src/geo/dsgeorref_geo/contexts/georeferencing/seletor-e-validador-de-crs/**,NOT_APPLICABLE,PASS,,NOT_APPLICABLE,PASS,ADR-025,NOT_APPLICABLE,PASS,,APPLICABLE,PASS,ADR-041/ADR-042/ADR-043,NOT_APPLICABLE,PASS,,PASS,test_epic_096_dados,PRODUCT_AND_EVIDENCE,PASS,,evidence/implementation/epic-096/story-0592/ | commit candidato e relatório de testes,PASS,4,AC-ISSUE-0702-01/AC-ISSUE-0702-02/AC-ISSUE-0702-03/AC-ISSUE-0702-04,PASS,QA/Reviewer,PASS
SPRINT-007,ISSUE-0703,Implementable story,STORY-0593,TASK-0593,EPIC-096,Geoprocessamento,BC-006,PASS,1,STORY-0591,PASS,src/geo/dsgeorref_geo/contexts/georeferencing/seletor-e-validador-de-crs/**,NOT_APPLICABLE,PASS,,NOT_APPLICABLE,PASS,ADR-025,NOT_APPLICABLE,PASS,,APPLICABLE,PASS,ADR-041/ADR-042/ADR-043,NOT_APPLICABLE,PASS,,PASS,test_epic_096_algoritmo,PRODUCT_AND_EVIDENCE,PASS,,evidence/implementation/epic-096/story-0593/ | commit candidato e relatório de testes,PASS,4,AC-ISSUE-0703-01/AC-ISSUE-0703-02/AC-ISSUE-0703-03/AC-ISSUE-0703-04,PASS,QA/Reviewer,PASS
SPRINT-007,ISSUE-0704,Implementable story,STORY-0594,TASK-0594,EPIC-096,Geoprocessamento,BC-006,PASS,1,STORY-0591,PASS,src/geo/dsgeorref_geo/contexts/georeferencing/seletor-e-validador-de-crs/**,NOT_APPLICABLE,PASS,,NOT_APPLICABLE,PASS,ADR-025,NOT_APPLICABLE,PASS,,APPLICABLE,PASS,ADR-041/ADR-042/ADR-043,NOT_APPLICABLE,PASS,,PASS,test_epic_096_integracao,PRODUCT_AND_EVIDENCE,PASS,,evidence/implementation/epic-096/story-0594/ | commit candidato e relatório de testes,PASS,4,AC-ISSUE-0704-01/AC-ISSUE-0704-02/AC-ISSUE-0704-03/AC-ISSUE-0704-04,PASS,Arquiteto/QA/Reviewer,PASS
SPRINT-007,ISSUE-0705,Implementable story,STORY-0595,TASK-0595,EPIC-096,Geoprocessamento,BC-006,PASS,1,STORY-0591,PASS,src/geo/dsgeorref_geo/contexts/georeferencing/seletor-e-validador-de-crs/**,NOT_APPLICABLE,PASS,,NOT_APPLICABLE,PASS,ADR-025,NOT_APPLICABLE,PASS,,APPLICABLE,PASS,ADR-041/ADR-042/ADR-043,NOT_APPLICABLE,PASS,,PASS,test_epic_096_diagnostico,PRODUCT_AND_EVIDENCE,PASS,Lineage,evidence/implementation/epic-096/story-0595/ | commit candidato e relatório de testes,PASS,4,AC-ISSUE-0705-01/AC-ISSUE-0705-02/AC-ISSUE-0705-03/AC-ISSUE-0705-04,PASS,QA/Reviewer,PASS
SPRINT-007,ISSUE-0706,Implementable story,STORY-0596,TASK-0596,EPIC-096,QA,BC-006,PASS,4,STORY-0592/STORY-0593/STORY-0594/STORY-0595,PASS,tests/geo/seletor-e-validador-de-crs/** | tools/quality/contexts/georeferencing/seletor-e-validador-de-crs/** | .github/workflows/seletor-e-validador-de-crs.yaml,NOT_APPLICABLE,PASS,,NOT_APPLICABLE,PASS,,NOT_APPLICABLE,PASS,,APPLICABLE,PASS,ADR-041/ADR-042/ADR-043,NOT_APPLICABLE,PASS,,PASS,test_epic_096_benchmark_happy_path/test_epic_096_benchmark_negative_paths,EVIDENCE_ONLY,PASS,,evidence/qa/epic-096/story-0596/ | commit candidato e relatório de testes,PASS,4,AC-ISSUE-0706-01/AC-ISSUE-0706-02/AC-ISSUE-0706-03/AC-ISSUE-0706-04,PASS,QA/Reviewer,PASS
SPRINT-007,ISSUE-0707,Implementable story,STORY-0597,TASK-0597,EPIC-096,Reviewer,BC-006,PASS,1,STORY-0596,PASS,evidence/reviews/seletor-e-validador-de-crs/**,NOT_APPLICABLE,PASS,,NOT_APPLICABLE,PASS,,NOT_APPLICABLE,PASS,,APPLICABLE,PASS,ADR-041/ADR-042/ADR-043,NOT_APPLICABLE,PASS,,PASS,test_epic_096_aceite_happy_path/test_epic_096_aceite_negative_paths,EVIDENCE_ONLY,PASS,Audit,evidence/reviews/epic-096/story-0597/ | commit candidato e relatório de testes,PASS,4,AC-ISSUE-0707-01/AC-ISSUE-0707-02/AC-ISSUE-0707-03/AC-ISSUE-0707-04,PASS,Reviewer,PASS
SPRINT-007,ISSUE-0708,Implementable story,STORY-0598,TASK-0598,EPIC-097,Arquiteto,BC-006,PASS,0,,PASS,contracts/contexts/georeferencing/geo/grade-resolucao-e-reamostragem/** | docs/02-architecture/design-reviews/grade-resolucao-e-reamostragem/**,APPLICABLE,PASS,,NOT_APPLICABLE,PASS,,NOT_APPLICABLE,PASS,ADR-010/ADR-011,APPLICABLE,PASS,ADR-041/ADR-042/ADR-043/ADR-049,NOT_APPLICABLE,PASS,,PASS,test_epic_097_contrato,EVIDENCE_ONLY,PASS,,evidence/implementation/epic-097/story-0598/ | commit candidato e relatório de testes,PASS,4,AC-ISSUE-0708-01/AC-ISSUE-0708-02/AC-ISSUE-0708-03/AC-ISSUE-0708-04,PASS,Arquiteto/Reviewer,PASS
SPRINT-007,ISSUE-0709,Implementable story,STORY-0599,TASK-0599,EPIC-097,Geoprocessamento,BC-006,PASS,1,STORY-0598,PASS,src/geo/dsgeorref_geo/contexts/georeferencing/grade-resolucao-e-reamostragem/**,NOT_APPLICABLE,PASS,,NOT_APPLICABLE,PASS,,NOT_APPLICABLE,PASS,,APPLICABLE,PASS,ADR-041/ADR-042/ADR-043/ADR-049,NOT_APPLICABLE,PASS,,PASS,test_output_grid_extent_alignment_pixel_anchor_and_no_half_pixel_shift/test_resolution_native_information_jacobian_limits_and_no_false_superresolution/test_resampling_kernel_by_band_content_scale_and_mask_integrity/test_cog_grid_metadata_overviews_validity_roundtrip_and_atomic_publication/test_epic_097_dados,PRODUCT_AND_EVIDENCE,PASS,,evidence/implementation/epic-097/story-0599/ | commit candidato e relatório de testes,PASS,4,AC-ISSUE-0709-01/AC-ISSUE-0709-02/AC-ISSUE-0709-03/AC-ISSUE-0709-04,PASS,QA/Reviewer,PASS
SPRINT-007,ISSUE-0710,Implementable story,STORY-0600,TASK-0600,EPIC-097,Geoprocessamento,BC-006,PASS,1,STORY-0598,PASS,src/geo/dsgeorref_geo/contexts/georeferencing/grade-resolucao-e-reamostragem/**,NOT_APPLICABLE,PASS,,NOT_APPLICABLE,PASS,,NOT_APPLICABLE,PASS,,APPLICABLE,PASS,ADR-041/ADR-042/ADR-043/ADR-049,NOT_APPLICABLE,PASS,,PASS,test_epic_097_algoritmo,PRODUCT_AND_EVIDENCE,PASS,,evidence/implementation/epic-097/story-0600/ | commit candidato e relatório de testes,PASS,4,AC-ISSUE-0710-01/AC-ISSUE-0710-02/AC-ISSUE-0710-03/AC-ISSUE-0710-04,PASS,QA/Reviewer,PASS
SPRINT-007,ISSUE-0711,Implementable story,STORY-0601,TASK-0601,EPIC-097,Geoprocessamento,BC-006,PASS,1,STORY-0598,PASS,src/geo/dsgeorref_geo/contexts/georeferencing/grade-resolucao-e-reamostragem/**,NOT_APPLICABLE,PASS,,NOT_APPLICABLE,PASS,,NOT_APPLICABLE,PASS,,APPLICABLE,PASS,ADR-041/ADR-042/ADR-043/ADR-049,NOT_APPLICABLE,PASS,,PASS,test_epic_097_integracao,PRODUCT_AND_EVIDENCE,PASS,,evidence/implementation/epic-097/story-0601/ | commit candidato e relatório de testes,PASS,4,AC-ISSUE-0711-01/AC-ISSUE-0711-02/AC-ISSUE-0711-03/AC-ISSUE-0711-04,PASS,Arquiteto/QA/Reviewer,PASS
SPRINT-007,ISSUE-0712,Implementable story,STORY-0602,TASK-0602,EPIC-097,Geoprocessamento,BC-006,PASS,1,STORY-0598,PASS,src/geo/dsgeorref_geo/contexts/georeferencing/grade-resolucao-e-reamostragem/**,NOT_APPLICABLE,PASS,,NOT_APPLICABLE,PASS,,NOT_APPLICABLE,PASS,,APPLICABLE,PASS,ADR-041/ADR-042/ADR-043/ADR-049,NOT_APPLICABLE,PASS,,PASS,test_epic_097_diagnostico,PRODUCT_AND_EVIDENCE,PASS,Lineage,evidence/implementation/epic-097/story-0602/ | commit candidato e relatório de testes,PASS,4,AC-ISSUE-0712-01/AC-ISSUE-0712-02/AC-ISSUE-0712-03/AC-ISSUE-0712-04,PASS,QA/Reviewer,PASS
SPRINT-007,ISSUE-0713,Implementable story,STORY-0603,TASK-0603,EPIC-097,QA,BC-006,PASS,4,STORY-0599/STORY-0600/STORY-0601/STORY-0602,PASS,tests/geo/grade-resolucao-e-reamostragem/** | tools/quality/contexts/georeferencing/grade-resolucao-e-reamostragem/** | .github/workflows/grade-resolucao-e-reamostragem.yaml,NOT_APPLICABLE,PASS,,NOT_APPLICABLE,PASS,,NOT_APPLICABLE,PASS,,APPLICABLE,PASS,ADR-041/ADR-042/ADR-043/ADR-049,NOT_APPLICABLE,PASS,,PASS,test_epic_097_benchmark_happy_path/test_epic_097_benchmark_negative_paths,EVIDENCE_ONLY,PASS,,evidence/qa/epic-097/story-0603/ | commit candidato e relatório de testes,PASS,4,AC-ISSUE-0713-01/AC-ISSUE-0713-02/AC-ISSUE-0713-03/AC-ISSUE-0713-04,PASS,QA/Reviewer,PASS
SPRINT-007,ISSUE-0714,Implementable story,STORY-0604,TASK-0604,EPIC-097,Reviewer,BC-006,PASS,1,STORY-0603,PASS,evidence/reviews/grade-resolucao-e-reamostragem/**,NOT_APPLICABLE,PASS,,NOT_APPLICABLE,PASS,,NOT_APPLICABLE,PASS,,APPLICABLE,PASS,ADR-041/ADR-042/ADR-043/ADR-049,NOT_APPLICABLE,PASS,,PASS,test_epic_097_aceite_happy_path/test_epic_097_aceite_negative_paths,EVIDENCE_ONLY,PASS,Audit,evidence/reviews/epic-097/story-0604/ | commit candidato e relatório de testes,PASS,4,AC-ISSUE-0714-01/AC-ISSUE-0714-02/AC-ISSUE-0714-03/AC-ISSUE-0714-04,PASS,Reviewer,PASS
SPRINT-007,ISSUE-0715,Implementable story,STORY-0605,TASK-0605,EPIC-098,Arquiteto,BC-008,PASS,0,,PASS,contracts/contexts/relative_mosaic/geo/mosaico-relativo-de-recuperacao/** | docs/02-architecture/design-reviews/mosaico-relativo-de-recuperacao/**,APPLICABLE,PASS,,NOT_APPLICABLE,PASS,,NOT_APPLICABLE,PASS,ADR-010/ADR-011,APPLICABLE,PASS,ADR-041/ADR-042/ADR-043/ADR-044/ADR-049/ADR-050,NOT_APPLICABLE,PASS,,PASS,test_epic_098_contrato,EVIDENCE_ONLY,PASS,,evidence/implementation/epic-098/story-0605/ | commit candidato e relatório de testes,PASS,4,AC-ISSUE-0715-01/AC-ISSUE-0715-02/AC-ISSUE-0715-03/AC-ISSUE-0715-04,PASS,Arquiteto/Reviewer,PASS
SPRINT-007,ISSUE-0716,Implementable story,STORY-0606,TASK-0606,EPIC-098,Geoprocessamento,BC-008,PASS,1,STORY-0605,PASS,src/geo/dsgeorref_geo/contexts/relative_mosaic/mosaico-relativo-de-recuperacao/**,NOT_APPLICABLE,PASS,,NOT_APPLICABLE,PASS,,NOT_APPLICABLE,PASS,,APPLICABLE,PASS,ADR-041/ADR-042/ADR-043/ADR-044/ADR-049/ADR-050,NOT_APPLICABLE,PASS,,PASS,test_budgeted_neighbor_graph_disconnected_components_and_singletons/test_out_of_core_pair_tile_rendering_ram_disk_quotas_and_resume/test_overlap_source_stack_seamline_analytical_preview_blend_and_provenance/test_hierarchical_tile_region_provenance_and_dense_on_demand_limits/test_epic_098_dados,PRODUCT_AND_EVIDENCE,PASS,,evidence/implementation/epic-098/story-0606/ | commit candidato e relatório de testes,PASS,4,AC-ISSUE-0716-01/AC-ISSUE-0716-02/AC-ISSUE-0716-03/AC-ISSUE-0716-04,PASS,QA/Reviewer,PASS
SPRINT-007,ISSUE-0717,Implementable story,STORY-0607,TASK-0607,EPIC-098,Geoprocessamento,BC-008,PASS,1,STORY-0605,PASS,src/geo/dsgeorref_geo/contexts/relative_mosaic/mosaico-relativo-de-recuperacao/**,NOT_APPLICABLE,PASS,,NOT_APPLICABLE,PASS,,NOT_APPLICABLE,PASS,,APPLICABLE,PASS,ADR-041/ADR-042/ADR-043/ADR-044/ADR-049/ADR-050,NOT_APPLICABLE,PASS,,PASS,test_relative_mosaic_is_optional_post_batch_and_non_blocking/test_global_relative_alignment_cycle_drift_foldover_and_weak_bridge_split/test_virtual_canonical_preview_and_on_demand_tiled_materialization/test_epic_098_algoritmo,PRODUCT_AND_EVIDENCE,PASS,,evidence/implementation/epic-098/story-0607/ | commit candidato e relatório de testes,PASS,4,AC-ISSUE-0717-01/AC-ISSUE-0717-02/AC-ISSUE-0717-03/AC-ISSUE-0717-04,PASS,QA/Reviewer,PASS
SPRINT-007,ISSUE-0718,Implementable story,STORY-0608,TASK-0608,EPIC-098,Geoprocessamento,BC-008,PASS,1,STORY-0605,PASS,src/geo/dsgeorref_geo/contexts/relative_mosaic/mosaico-relativo-de-recuperacao/**,NOT_APPLICABLE,PASS,,NOT_APPLICABLE,PASS,,NOT_APPLICABLE,PASS,,APPLICABLE,PASS,ADR-041/ADR-042/ADR-043/ADR-044/ADR-049/ADR-050,NOT_APPLICABLE,PASS,,PASS,test_epic_098_integracao,PRODUCT_AND_EVIDENCE,PASS,,evidence/implementation/epic-098/story-0608/ | commit candidato e relatório de testes,PASS,4,AC-ISSUE-0718-01/AC-ISSUE-0718-02/AC-ISSUE-0718-03/AC-ISSUE-0718-04,PASS,Arquiteto/QA/Reviewer,PASS
SPRINT-007,ISSUE-0719,Implementable story,STORY-0609,TASK-0609,EPIC-098,Geoprocessamento,BC-008,PASS,1,STORY-0605,PASS,src/geo/dsgeorref_geo/contexts/relative_mosaic/mosaico-relativo-de-recuperacao/**,NOT_APPLICABLE,PASS,,NOT_APPLICABLE,PASS,,NOT_APPLICABLE,PASS,,APPLICABLE,PASS,ADR-041/ADR-042/ADR-043/ADR-044/ADR-049/ADR-050,NOT_APPLICABLE,PASS,,PASS,test_epic_098_diagnostico,PRODUCT_AND_EVIDENCE,PASS,Lineage,evidence/implementation/epic-098/story-0609/ | commit candidato e relatório de testes,PASS,4,AC-ISSUE-0719-01/AC-ISSUE-0719-02/AC-ISSUE-0719-03/AC-ISSUE-0719-04,PASS,QA/Reviewer,PASS
SPRINT-007,ISSUE-0720,Implementable story,STORY-0610,TASK-0610,EPIC-098,QA,BC-008,PASS,4,STORY-0606/STORY-0607/STORY-0608/STORY-0609,PASS,tests/geo/mosaico-relativo-de-recuperacao/** | tools/quality/contexts/relative_mosaic/mosaico-relativo-de-recuperacao/** | .github/workflows/mosaico-relativo-de-recuperacao.yaml,NOT_APPLICABLE,PASS,,NOT_APPLICABLE,PASS,,NOT_APPLICABLE,PASS,,APPLICABLE,PASS,ADR-041/ADR-042/ADR-043/ADR-044/ADR-049/ADR-050,NOT_APPLICABLE,PASS,,PASS,test_leave_one_out_non_circular_reference_and_independent_sgv/test_epic_098_benchmark_happy_path/test_epic_098_benchmark_negative_paths,EVIDENCE_ONLY,PASS,,evidence/qa/epic-098/story-0610/ | commit candidato e relatório de testes,PASS,4,AC-ISSUE-0720-01/AC-ISSUE-0720-02/AC-ISSUE-0720-03/AC-ISSUE-0720-04,PASS,QA/Reviewer,PASS
SPRINT-007,ISSUE-0721,Implementable story,STORY-0611,TASK-0611,EPIC-098,Reviewer,BC-008,PASS,1,STORY-0610,PASS,evidence/reviews/mosaico-relativo-de-recuperacao/**,NOT_APPLICABLE,PASS,,NOT_APPLICABLE,PASS,,NOT_APPLICABLE,PASS,,APPLICABLE,PASS,ADR-041/ADR-042/ADR-043/ADR-044/ADR-049/ADR-050,NOT_APPLICABLE,PASS,,PASS,test_epic_098_aceite_happy_path/test_epic_098_aceite_negative_paths,EVIDENCE_ONLY,PASS,Audit,evidence/reviews/epic-098/story-0611/ | commit candidato e relatório de testes,PASS,4,AC-ISSUE-0721-01/AC-ISSUE-0721-02/AC-ISSUE-0721-03/AC-ISSUE-0721-04,PASS,Reviewer,PASS
SPRINT-008,ISSUE-0099,Epic delivery envelope,,,EPIC-099,Geoprocessamento,BC-008,PASS,0,,PASS,7 TaskEnvelopes filhos,APPLICABLE,PASS,0,NOT_APPLICABLE,PASS,,NOT_APPLICABLE,PASS,,APPLICABLE,PASS,,NOT_APPLICABLE,PASS,,PASS,14 testes declarados,PRODUCT_AND_EVIDENCE,PASS,,7 evidence scopes,PASS,28,AC-ISSUE-0099-01/AC-ISSUE-0099-02/AC-ISSUE-0099-03/AC-ISSUE-0099-04/AC-ISSUE-0099-05/AC-ISSUE-0099-06,PASS,Arquiteto/QA/Reviewer,PASS
SPRINT-008,ISSUE-0100,Epic delivery envelope,,,EPIC-100,Geoprocessamento,BC-008,PASS,0,,PASS,7 TaskEnvelopes filhos,APPLICABLE,PASS,0,NOT_APPLICABLE,PASS,,NOT_APPLICABLE,PASS,,APPLICABLE,PASS,,NOT_APPLICABLE,PASS,,PASS,13 testes declarados,PRODUCT_AND_EVIDENCE,PASS,,7 evidence scopes,PASS,28,AC-ISSUE-0100-01/AC-ISSUE-0100-02/AC-ISSUE-0100-03/AC-ISSUE-0100-04/AC-ISSUE-0100-05/AC-ISSUE-0100-06,PASS,Arquiteto/QA/Reviewer,PASS
SPRINT-008,ISSUE-0101,Epic delivery envelope,,,EPIC-101,Geoprocessamento,BC-008,PASS,0,,PASS,7 TaskEnvelopes filhos,APPLICABLE,PASS,0,NOT_APPLICABLE,PASS,,NOT_APPLICABLE,PASS,,APPLICABLE,PASS,,NOT_APPLICABLE,PASS,,PASS,13 testes declarados,PRODUCT_AND_EVIDENCE,PASS,,7 evidence scopes,PASS,28,AC-ISSUE-0101-01/AC-ISSUE-0101-02/AC-ISSUE-0101-03/AC-ISSUE-0101-04/AC-ISSUE-0101-05/AC-ISSUE-0101-06,PASS,Arquiteto/QA/Reviewer,PASS
SPRINT-008,ISSUE-0102,Epic delivery envelope,,,EPIC-102,Geoprocessamento,BC-008,PASS,0,,PASS,7 TaskEnvelopes filhos,APPLICABLE,PASS,0,NOT_APPLICABLE,PASS,,NOT_APPLICABLE,PASS,,APPLICABLE,PASS,,NOT_APPLICABLE,PASS,,PASS,13 testes declarados,PRODUCT_AND_EVIDENCE,PASS,,7 evidence scopes,PASS,28,AC-ISSUE-0102-01/AC-ISSUE-0102-02/AC-ISSUE-0102-03/AC-ISSUE-0102-04/AC-ISSUE-0102-05/AC-ISSUE-0102-06,PASS,Arquiteto/QA/Reviewer,PASS
SPRINT-008,ISSUE-0103,Epic delivery envelope,,,EPIC-103,Geoprocessamento,BC-008,PASS,0,,PASS,7 TaskEnvelopes filhos,APPLICABLE,PASS,0,APPLICABLE,PASS,,NOT_APPLICABLE,PASS,,APPLICABLE,PASS,,NOT_APPLICABLE,PASS,,PASS,13 testes declarados,PRODUCT_AND_EVIDENCE,PASS,,7 evidence scopes,PASS,28,AC-ISSUE-0103-01/AC-ISSUE-0103-02/AC-ISSUE-0103-03/AC-ISSUE-0103-04/AC-ISSUE-0103-05/AC-ISSUE-0103-06,PASS,Arquiteto/QA/Reviewer,PASS
SPRINT-008,ISSUE-0722,Implementable story,STORY-0612,TASK-0612,EPIC-099,Arquiteto,BC-008,PASS,0,,PASS,contracts/contexts/relative_mosaic/geo/ancoragem-e-recuperacao-a-partir-do-mosaico-relativo/** | docs/02-architecture/design-reviews/ancoragem-e-recuperacao-a-partir-do-mosaico-relativo/**,APPLICABLE,PASS,,NOT_APPLICABLE,PASS,,NOT_APPLICABLE,PASS,ADR-010/ADR-011,APPLICABLE,PASS,ADR-041/ADR-042/ADR-043/ADR-045/ADR-049/ADR-050,NOT_APPLICABLE,PASS,,PASS,test_epic_099_contrato,EVIDENCE_ONLY,PASS,,evidence/implementation/epic-099/story-0612/ | commit candidato e relatório de testes,PASS,4,AC-ISSUE-0722-01/AC-ISSUE-0722-02/AC-ISSUE-0722-03/AC-ISSUE-0722-04,PASS,Arquiteto/Reviewer,PASS
SPRINT-008,ISSUE-0723,Implementable story,STORY-0613,TASK-0613,EPIC-099,Geoprocessamento,BC-008,PASS,1,STORY-0612,PASS,src/geo/dsgeorref_geo/contexts/relative_mosaic/ancoragem-e-recuperacao-a-partir-do-mosaico-relativo/**,NOT_APPLICABLE,PASS,,NOT_APPLICABLE,PASS,,NOT_APPLICABLE,PASS,,APPLICABLE,PASS,ADR-041/ADR-042/ADR-043/ADR-045/ADR-049/ADR-050,NOT_APPLICABLE,PASS,,PASS,test_partial_anchor_states_subcomponents_and_immutable_artifacts/test_relative_component_promotion_lifecycle_and_no_image_acceptance_transfer/test_epic_099_dados,PRODUCT_AND_EVIDENCE,PASS,,evidence/implementation/epic-099/story-0613/ | commit candidato e relatório de testes,PASS,4,AC-ISSUE-0723-01/AC-ISSUE-0723-02/AC-ISSUE-0723-03/AC-ISSUE-0723-04,PASS,QA/Reviewer,PASS
SPRINT-008,ISSUE-0724,Implementable story,STORY-0614,TASK-0614,EPIC-099,Geoprocessamento,BC-008,PASS,1,STORY-0612,PASS,src/geo/dsgeorref_geo/contexts/relative_mosaic/ancoragem-e-recuperacao-a-partir-do-mosaico-relativo/**,NOT_APPLICABLE,PASS,,NOT_APPLICABLE,PASS,,NOT_APPLICABLE,PASS,,APPLICABLE,PASS,ADR-041/ADR-042/ADR-043/ADR-045/ADR-049/ADR-050,NOT_APPLICABLE,PASS,,PASS,test_distributed_external_anchor_sources_provenance_uncertainty_and_coverage/test_joint_anchored_per_image_homography_optimization_and_component_split/test_epic_099_algoritmo,PRODUCT_AND_EVIDENCE,PASS,,evidence/implementation/epic-099/story-0614/ | commit candidato e relatório de testes,PASS,4,AC-ISSUE-0724-01/AC-ISSUE-0724-02/AC-ISSUE-0724-03/AC-ISSUE-0724-04,PASS,QA/Reviewer,PASS
SPRINT-008,ISSUE-0725,Implementable story,STORY-0615,TASK-0615,EPIC-099,Geoprocessamento,BC-008,PASS,1,STORY-0612,PASS,src/geo/dsgeorref_geo/contexts/relative_mosaic/ancoragem-e-recuperacao-a-partir-do-mosaico-relativo/**,NOT_APPLICABLE,PASS,,NOT_APPLICABLE,PASS,,NOT_APPLICABLE,PASS,,APPLICABLE,PASS,ADR-041/ADR-042/ADR-043/ADR-045/ADR-049/ADR-050,NOT_APPLICABLE,PASS,,PASS,test_epic_099_integracao,PRODUCT_AND_EVIDENCE,PASS,,evidence/implementation/epic-099/story-0615/ | commit candidato e relatório de testes,PASS,4,AC-ISSUE-0725-01/AC-ISSUE-0725-02/AC-ISSUE-0725-03/AC-ISSUE-0725-04,PASS,Arquiteto/QA/Reviewer,PASS
SPRINT-008,ISSUE-0726,Implementable story,STORY-0616,TASK-0616,EPIC-099,Geoprocessamento,BC-008,PASS,1,STORY-0612,PASS,src/geo/dsgeorref_geo/contexts/relative_mosaic/ancoragem-e-recuperacao-a-partir-do-mosaico-relativo/**,NOT_APPLICABLE,PASS,,NOT_APPLICABLE,PASS,,NOT_APPLICABLE,PASS,,APPLICABLE,PASS,ADR-041/ADR-042/ADR-043/ADR-045/ADR-049/ADR-050,NOT_APPLICABLE,PASS,,PASS,test_epic_099_diagnostico,PRODUCT_AND_EVIDENCE,PASS,Lineage,evidence/implementation/epic-099/story-0616/ | commit candidato e relatório de testes,PASS,4,AC-ISSUE-0726-01/AC-ISSUE-0726-02/AC-ISSUE-0726-03/AC-ISSUE-0726-04,PASS,QA/Reviewer,PASS
SPRINT-008,ISSUE-0727,Implementable story,STORY-0617,TASK-0617,EPIC-099,QA,BC-008,PASS,4,STORY-0613/STORY-0614/STORY-0615/STORY-0616,PASS,tests/geo/ancoragem-e-recuperacao-a-partir-do-mosaico-relativo/** | tools/quality/contexts/relative_mosaic/ancoragem-e-recuperacao-a-partir-do-mosaico-relativo/** | .github/workflows/ancoragem-e-recuperacao-a-partir-do-mosaico-relativo.yaml,NOT_APPLICABLE,PASS,,NOT_APPLICABLE,PASS,,NOT_APPLICABLE,PASS,,APPLICABLE,PASS,ADR-041/ADR-042/ADR-043/ADR-045/ADR-049/ADR-050,NOT_APPLICABLE,PASS,,PASS,test_component_bootstrap_independent_gcps_homography_and_sgv/test_epic_099_benchmark_happy_path/test_epic_099_benchmark_negative_paths,EVIDENCE_ONLY,PASS,,evidence/qa/epic-099/story-0617/ | commit candidato e relatório de testes,PASS,4,AC-ISSUE-0727-01/AC-ISSUE-0727-02/AC-ISSUE-0727-03/AC-ISSUE-0727-04,PASS,QA/Reviewer,PASS
SPRINT-008,ISSUE-0728,Implementable story,STORY-0618,TASK-0618,EPIC-099,Reviewer,BC-008,PASS,1,STORY-0617,PASS,evidence/reviews/ancoragem-e-recuperacao-a-partir-do-mosaico-relativo/**,NOT_APPLICABLE,PASS,,NOT_APPLICABLE,PASS,,NOT_APPLICABLE,PASS,,APPLICABLE,PASS,ADR-041/ADR-042/ADR-043/ADR-045/ADR-049/ADR-050,NOT_APPLICABLE,PASS,,PASS,test_epic_099_aceite_happy_path/test_epic_099_aceite_negative_paths,EVIDENCE_ONLY,PASS,Audit,evidence/reviews/epic-099/story-0618/ | commit candidato e relatório de testes,PASS,4,AC-ISSUE-0728-01/AC-ISSUE-0728-02/AC-ISSUE-0728-03/AC-ISSUE-0728-04,PASS,Reviewer,PASS
SPRINT-008,ISSUE-0729,Implementable story,STORY-0619,TASK-0619,EPIC-100,Arquiteto,BC-008,PASS,0,,PASS,contracts/contexts/relative_mosaic/geo/workspace-e-lifecycle-de-ancoras/** | docs/02-architecture/design-reviews/workspace-e-lifecycle-de-ancoras/**,APPLICABLE,PASS,,NOT_APPLICABLE,PASS,,NOT_APPLICABLE,PASS,ADR-010/ADR-011,APPLICABLE,PASS,ADR-041/ADR-042/ADR-043/ADR-048/ADR-049,NOT_APPLICABLE,PASS,,PASS,test_immutable_anchorset_impact_preview_scoped_reoptimization_and_history/test_epic_100_contrato,EVIDENCE_ONLY,PASS,,evidence/implementation/epic-100/story-0619/ | commit candidato e relatório de testes,PASS,4,AC-ISSUE-0729-01/AC-ISSUE-0729-02/AC-ISSUE-0729-03/AC-ISSUE-0729-04,PASS,Arquiteto/Reviewer,PASS
SPRINT-008,ISSUE-0730,Implementable story,STORY-0620,TASK-0620,EPIC-100,Geoprocessamento,BC-008,PASS,1,STORY-0619,PASS,src/geo/dsgeorref_geo/contexts/relative_mosaic/workspace-e-lifecycle-de-ancoras/**,NOT_APPLICABLE,PASS,,NOT_APPLICABLE,PASS,,NOT_APPLICABLE,PASS,,APPLICABLE,PASS,ADR-041/ADR-042/ADR-043/ADR-048/ADR-049,NOT_APPLICABLE,PASS,,PASS,test_anchor_coverage_conditioning_diversity_marginal_gain_and_stop_rule/test_anchor_uncertainty_robust_weighting_conflict_quarantine_and_split/test_epic_100_dados,PRODUCT_AND_EVIDENCE,PASS,,evidence/implementation/epic-100/story-0620/ | commit candidato e relatório de testes,PASS,4,AC-ISSUE-0730-01/AC-ISSUE-0730-02/AC-ISSUE-0730-03/AC-ISSUE-0730-04,PASS,QA/Reviewer,PASS
SPRINT-008,ISSUE-0731,Implementable story,STORY-0621,TASK-0621,EPIC-100,Geoprocessamento,BC-008,PASS,1,STORY-0619,PASS,src/geo/dsgeorref_geo/contexts/relative_mosaic/workspace-e-lifecycle-de-ancoras/**,NOT_APPLICABLE,PASS,,NOT_APPLICABLE,PASS,,NOT_APPLICABLE,PASS,,APPLICABLE,PASS,ADR-041/ADR-042/ADR-043/ADR-048/ADR-049,NOT_APPLICABLE,PASS,,PASS,test_multiview_anchor_workspace_source_pixel_provenance_and_refinement/test_epic_100_algoritmo,PRODUCT_AND_EVIDENCE,PASS,,evidence/implementation/epic-100/story-0621/ | commit candidato e relatório de testes,PASS,4,AC-ISSUE-0731-01/AC-ISSUE-0731-02/AC-ISSUE-0731-03/AC-ISSUE-0731-04,PASS,QA/Reviewer,PASS
SPRINT-008,ISSUE-0732,Implementable story,STORY-0622,TASK-0622,EPIC-100,Geoprocessamento,BC-008,PASS,1,STORY-0619,PASS,src/geo/dsgeorref_geo/contexts/relative_mosaic/workspace-e-lifecycle-de-ancoras/**,NOT_APPLICABLE,PASS,,NOT_APPLICABLE,PASS,,NOT_APPLICABLE,PASS,,APPLICABLE,PASS,ADR-041/ADR-042/ADR-043/ADR-048/ADR-049,NOT_APPLICABLE,PASS,,PASS,test_epic_100_integracao,PRODUCT_AND_EVIDENCE,PASS,,evidence/implementation/epic-100/story-0622/ | commit candidato e relatório de testes,PASS,4,AC-ISSUE-0732-01/AC-ISSUE-0732-02/AC-ISSUE-0732-03/AC-ISSUE-0732-04,PASS,Arquiteto/QA/Reviewer,PASS
SPRINT-008,ISSUE-0733,Implementable story,STORY-0623,TASK-0623,EPIC-100,Geoprocessamento,BC-008,PASS,1,STORY-0619,PASS,src/geo/dsgeorref_geo/contexts/relative_mosaic/workspace-e-lifecycle-de-ancoras/**,NOT_APPLICABLE,PASS,,NOT_APPLICABLE,PASS,,NOT_APPLICABLE,PASS,,APPLICABLE,PASS,ADR-041/ADR-042/ADR-043/ADR-048/ADR-049,NOT_APPLICABLE,PASS,,PASS,test_epic_100_diagnostico,PRODUCT_AND_EVIDENCE,PASS,Lineage,evidence/implementation/epic-100/story-0623/ | commit candidato e relatório de testes,PASS,4,AC-ISSUE-0733-01/AC-ISSUE-0733-02/AC-ISSUE-0733-03/AC-ISSUE-0733-04,PASS,QA/Reviewer,PASS
SPRINT-008,ISSUE-0734,Implementable story,STORY-0624,TASK-0624,EPIC-100,QA,BC-008,PASS,4,STORY-0620/STORY-0621/STORY-0622/STORY-0623,PASS,tests/geo/workspace-e-lifecycle-de-ancoras/** | tools/quality/contexts/relative_mosaic/workspace-e-lifecycle-de-ancoras/** | .github/workflows/workspace-e-lifecycle-de-ancoras.yaml,NOT_APPLICABLE,PASS,,NOT_APPLICABLE,PASS,,NOT_APPLICABLE,PASS,,APPLICABLE,PASS,ADR-041/ADR-042/ADR-043/ADR-048/ADR-049,NOT_APPLICABLE,PASS,,PASS,test_epic_100_benchmark_happy_path/test_epic_100_benchmark_negative_paths,EVIDENCE_ONLY,PASS,,evidence/qa/epic-100/story-0624/ | commit candidato e relatório de testes,PASS,4,AC-ISSUE-0734-01/AC-ISSUE-0734-02/AC-ISSUE-0734-03/AC-ISSUE-0734-04,PASS,QA/Reviewer,PASS
SPRINT-008,ISSUE-0735,Implementable story,STORY-0625,TASK-0625,EPIC-100,Reviewer,BC-008,PASS,1,STORY-0624,PASS,evidence/reviews/workspace-e-lifecycle-de-ancoras/**,NOT_APPLICABLE,PASS,,NOT_APPLICABLE,PASS,,NOT_APPLICABLE,PASS,,APPLICABLE,PASS,ADR-041/ADR-042/ADR-043/ADR-048/ADR-049,NOT_APPLICABLE,PASS,,PASS,test_epic_100_aceite_happy_path/test_epic_100_aceite_negative_paths,EVIDENCE_ONLY,PASS,Audit,evidence/reviews/epic-100/story-0625/ | commit candidato e relatório de testes,PASS,4,AC-ISSUE-0735-01/AC-ISSUE-0735-02/AC-ISSUE-0735-03/AC-ISSUE-0735-04,PASS,Reviewer,PASS
SPRINT-008,ISSUE-0736,Implementable story,STORY-0626,TASK-0626,EPIC-101,Arquiteto,BC-008,PASS,0,,PASS,contracts/contexts/relative_mosaic/geo/relative-mosaic-verifier-e-promotion-lifecycle/** | docs/02-architecture/design-reviews/relative-mosaic-verifier-e-promotion-lifecycle/**,APPLICABLE,PASS,,NOT_APPLICABLE,PASS,,NOT_APPLICABLE,PASS,ADR-010/ADR-011,APPLICABLE,PASS,ADR-041/ADR-042/ADR-043/ADR-050,NOT_APPLICABLE,PASS,,PASS,test_relative_mosaic_quality_profile_independent_hard_and_reviewable_gates/test_epic_101_contrato,EVIDENCE_ONLY,PASS,,evidence/implementation/epic-101/story-0626/ | commit candidato e relatório de testes,PASS,4,AC-ISSUE-0736-01/AC-ISSUE-0736-02/AC-ISSUE-0736-03/AC-ISSUE-0736-04,PASS,Arquiteto/Reviewer,PASS
SPRINT-008,ISSUE-0737,Implementable story,STORY-0627,TASK-0627,EPIC-101,Geoprocessamento,BC-008,PASS,1,STORY-0626,PASS,src/geo/dsgeorref_geo/contexts/relative_mosaic/relative-mosaic-verifier-e-promotion-lifecycle/**,NOT_APPLICABLE,PASS,,NOT_APPLICABLE,PASS,,NOT_APPLICABLE,PASS,,APPLICABLE,PASS,ADR-041/ADR-042/ADR-043/ADR-050,NOT_APPLICABLE,PASS,,PASS,test_cycle_basis_budgeted_long_cycle_sampling_drift_percentiles_and_localization/test_bridge_articulation_leverage_removal_sensitivity_and_component_split/test_relative_component_promotion_lifecycle_and_no_image_acceptance_transfer/test_epic_101_dados,PRODUCT_AND_EVIDENCE,PASS,,evidence/implementation/epic-101/story-0627/ | commit candidato e relatório de testes,PASS,4,AC-ISSUE-0737-01/AC-ISSUE-0737-02/AC-ISSUE-0737-03/AC-ISSUE-0737-04,PASS,QA/Reviewer,PASS
SPRINT-008,ISSUE-0738,Implementable story,STORY-0628,TASK-0628,EPIC-101,Geoprocessamento,BC-008,PASS,1,STORY-0626,PASS,src/geo/dsgeorref_geo/contexts/relative_mosaic/relative-mosaic-verifier-e-promotion-lifecycle/**,NOT_APPLICABLE,PASS,,NOT_APPLICABLE,PASS,,NOT_APPLICABLE,PASS,,APPLICABLE,PASS,ADR-041/ADR-042/ADR-043/ADR-050,NOT_APPLICABLE,PASS,,PASS,test_epic_101_algoritmo,PRODUCT_AND_EVIDENCE,PASS,,evidence/implementation/epic-101/story-0628/ | commit candidato e relatório de testes,PASS,4,AC-ISSUE-0738-01/AC-ISSUE-0738-02/AC-ISSUE-0738-03/AC-ISSUE-0738-04,PASS,QA/Reviewer,PASS
SPRINT-008,ISSUE-0739,Implementable story,STORY-0629,TASK-0629,EPIC-101,Geoprocessamento,BC-008,PASS,1,STORY-0626,PASS,src/geo/dsgeorref_geo/contexts/relative_mosaic/relative-mosaic-verifier-e-promotion-lifecycle/**,NOT_APPLICABLE,PASS,,NOT_APPLICABLE,PASS,,NOT_APPLICABLE,PASS,,APPLICABLE,PASS,ADR-041/ADR-042/ADR-043/ADR-050,NOT_APPLICABLE,PASS,,PASS,test_epic_101_integracao,PRODUCT_AND_EVIDENCE,PASS,,evidence/implementation/epic-101/story-0629/ | commit candidato e relatório de testes,PASS,4,AC-ISSUE-0739-01/AC-ISSUE-0739-02/AC-ISSUE-0739-03/AC-ISSUE-0739-04,PASS,Arquiteto/QA/Reviewer,PASS
SPRINT-008,ISSUE-0740,Implementable story,STORY-0630,TASK-0630,EPIC-101,Geoprocessamento,BC-008,PASS,1,STORY-0626,PASS,src/geo/dsgeorref_geo/contexts/relative_mosaic/relative-mosaic-verifier-e-promotion-lifecycle/**,NOT_APPLICABLE,PASS,,NOT_APPLICABLE,PASS,,NOT_APPLICABLE,PASS,,APPLICABLE,PASS,ADR-041/ADR-042/ADR-043/ADR-050,NOT_APPLICABLE,PASS,,PASS,test_epic_101_diagnostico,PRODUCT_AND_EVIDENCE,PASS,Lineage,evidence/implementation/epic-101/story-0630/ | commit candidato e relatório de testes,PASS,4,AC-ISSUE-0740-01/AC-ISSUE-0740-02/AC-ISSUE-0740-03/AC-ISSUE-0740-04,PASS,QA/Reviewer,PASS
SPRINT-008,ISSUE-0741,Implementable story,STORY-0631,TASK-0631,EPIC-101,QA,BC-008,PASS,4,STORY-0627/STORY-0628/STORY-0629/STORY-0630,PASS,tests/geo/relative-mosaic-verifier-e-promotion-lifecycle/** | tools/quality/contexts/relative_mosaic/relative-mosaic-verifier-e-promotion-lifecycle/** | .github/workflows/relative-mosaic-verifier-e-promotion-lifecycle.yaml,NOT_APPLICABLE,PASS,,NOT_APPLICABLE,PASS,,NOT_APPLICABLE,PASS,,APPLICABLE,PASS,ADR-041/ADR-042/ADR-043/ADR-050,NOT_APPLICABLE,PASS,,PASS,test_epic_101_benchmark_happy_path/test_epic_101_benchmark_negative_paths,EVIDENCE_ONLY,PASS,,evidence/qa/epic-101/story-0631/ | commit candidato e relatório de testes,PASS,4,AC-ISSUE-0741-01/AC-ISSUE-0741-02/AC-ISSUE-0741-03/AC-ISSUE-0741-04,PASS,QA/Reviewer,PASS
SPRINT-008,ISSUE-0742,Implementable story,STORY-0632,TASK-0632,EPIC-101,Reviewer,BC-008,PASS,1,STORY-0631,PASS,evidence/reviews/relative-mosaic-verifier-e-promotion-lifecycle/**,NOT_APPLICABLE,PASS,,NOT_APPLICABLE,PASS,,NOT_APPLICABLE,PASS,,APPLICABLE,PASS,ADR-041/ADR-042/ADR-043/ADR-050,NOT_APPLICABLE,PASS,,PASS,test_epic_101_aceite_happy_path/test_epic_101_aceite_negative_paths,EVIDENCE_ONLY,PASS,Audit,evidence/reviews/epic-101/story-0632/ | commit candidato e relatório de testes,PASS,4,AC-ISSUE-0742-01/AC-ISSUE-0742-02/AC-ISSUE-0742-03/AC-ISSUE-0742-04,PASS,Reviewer,PASS
SPRINT-008,ISSUE-0743,Implementable story,STORY-0633,TASK-0633,EPIC-102,Arquiteto,BC-008,PASS,0,,PASS,contracts/contexts/relative_mosaic/geo/relatorios-visualizacao-e-exports-do-mosaico-relativo/** | docs/02-architecture/design-reviews/relatorios-visualizacao-e-exports-do-mosaico-relativo/**,APPLICABLE,PASS,,NOT_APPLICABLE,PASS,,NOT_APPLICABLE,PASS,ADR-010/ADR-011,APPLICABLE,PASS,ADR-041/ADR-042/ADR-043/ADR-050,NOT_APPLICABLE,PASS,,PASS,test_epic_102_contrato,PRODUCT_AND_EVIDENCE,PASS,Report,evidence/implementation/epic-102/story-0633/ | commit candidato e relatório de testes,PASS,4,AC-ISSUE-0743-01/AC-ISSUE-0743-02/AC-ISSUE-0743-03/AC-ISSUE-0743-04,PASS,Arquiteto/Reviewer,PASS
SPRINT-008,ISSUE-0744,Implementable story,STORY-0634,TASK-0634,EPIC-102,Geoprocessamento,BC-008,PASS,1,STORY-0633,PASS,src/geo/dsgeorref_geo/contexts/relative_mosaic/relatorios-visualizacao-e-exports-do-mosaico-relativo/**,NOT_APPLICABLE,PASS,,NOT_APPLICABLE,PASS,,NOT_APPLICABLE,PASS,,APPLICABLE,PASS,ADR-041/ADR-042/ADR-043/ADR-050,NOT_APPLICABLE,PASS,,PASS,test_relative_mosaic_report_snapshots_current_view_and_history/test_layered_summary_technical_visual_reproducibility_export_profiles/test_hierarchical_tile_region_provenance_and_dense_on_demand_limits/test_epic_102_dados,PRODUCT_AND_EVIDENCE,PASS,Report,evidence/implementation/epic-102/story-0634/ | commit candidato e relatório de testes,PASS,4,AC-ISSUE-0744-01/AC-ISSUE-0744-02/AC-ISSUE-0744-03/AC-ISSUE-0744-04,PASS,QA/Reviewer,PASS
SPRINT-008,ISSUE-0745,Implementable story,STORY-0635,TASK-0635,EPIC-102,Geoprocessamento,BC-008,PASS,1,STORY-0633,PASS,src/geo/dsgeorref_geo/contexts/relative_mosaic/relatorios-visualizacao-e-exports-do-mosaico-relativo/**,NOT_APPLICABLE,PASS,,NOT_APPLICABLE,PASS,,NOT_APPLICABLE,PASS,,APPLICABLE,PASS,ADR-041/ADR-042/ADR-043/ADR-050,NOT_APPLICABLE,PASS,,PASS,test_multiscale_graph_raster_source_heatmap_lod_and_incremental_loading/test_epic_102_algoritmo,PRODUCT_AND_EVIDENCE,PASS,Report,evidence/implementation/epic-102/story-0635/ | commit candidato e relatório de testes,PASS,4,AC-ISSUE-0745-01/AC-ISSUE-0745-02/AC-ISSUE-0745-03/AC-ISSUE-0745-04,PASS,QA/Reviewer,PASS
SPRINT-008,ISSUE-0746,Implementable story,STORY-0636,TASK-0636,EPIC-102,Geoprocessamento,BC-008,PASS,1,STORY-0633,PASS,src/geo/dsgeorref_geo/contexts/relative_mosaic/relatorios-visualizacao-e-exports-do-mosaico-relativo/**,NOT_APPLICABLE,PASS,,NOT_APPLICABLE,PASS,,NOT_APPLICABLE,PASS,,APPLICABLE,PASS,ADR-041/ADR-042/ADR-043/ADR-050,NOT_APPLICABLE,PASS,,PASS,test_epic_102_integracao,PRODUCT_AND_EVIDENCE,PASS,Report,evidence/implementation/epic-102/story-0636/ | commit candidato e relatório de testes,PASS,4,AC-ISSUE-0746-01/AC-ISSUE-0746-02/AC-ISSUE-0746-03/AC-ISSUE-0746-04,PASS,Arquiteto/QA/Reviewer,PASS
SPRINT-008,ISSUE-0747,Implementable story,STORY-0637,TASK-0637,EPIC-102,Geoprocessamento,BC-008,PASS,1,STORY-0633,PASS,src/geo/dsgeorref_geo/contexts/relative_mosaic/relatorios-visualizacao-e-exports-do-mosaico-relativo/**,NOT_APPLICABLE,PASS,,NOT_APPLICABLE,PASS,,NOT_APPLICABLE,PASS,,APPLICABLE,PASS,ADR-041/ADR-042/ADR-043/ADR-050,NOT_APPLICABLE,PASS,,PASS,test_epic_102_diagnostico,PRODUCT_AND_EVIDENCE,PASS,Report/Lineage,evidence/implementation/epic-102/story-0637/ | commit candidato e relatório de testes,PASS,4,AC-ISSUE-0747-01/AC-ISSUE-0747-02/AC-ISSUE-0747-03/AC-ISSUE-0747-04,PASS,QA/Reviewer,PASS
SPRINT-008,ISSUE-0748,Implementable story,STORY-0638,TASK-0638,EPIC-102,QA,BC-008,PASS,4,STORY-0634/STORY-0635/STORY-0636/STORY-0637,PASS,tests/geo/relatorios-visualizacao-e-exports-do-mosaico-relativo/** | tools/quality/contexts/relative_mosaic/relatorios-visualizacao-e-exports-do-mosaico-relativo/** | .github/workflows/relatorios-visualizacao-e-exports-do-mosaico-relativo.yaml,NOT_APPLICABLE,PASS,,NOT_APPLICABLE,PASS,,NOT_APPLICABLE,PASS,,APPLICABLE,PASS,ADR-041/ADR-042/ADR-043/ADR-050,NOT_APPLICABLE,PASS,,PASS,test_epic_102_benchmark_happy_path/test_epic_102_benchmark_negative_paths,PRODUCT_AND_EVIDENCE,PASS,Report,evidence/qa/epic-102/story-0638/ | commit candidato e relatório de testes,PASS,4,AC-ISSUE-0748-01/AC-ISSUE-0748-02/AC-ISSUE-0748-03/AC-ISSUE-0748-04,PASS,QA/Reviewer,PASS
SPRINT-008,ISSUE-0749,Implementable story,STORY-0639,TASK-0639,EPIC-102,Reviewer,BC-008,PASS,1,STORY-0638,PASS,evidence/reviews/relatorios-visualizacao-e-exports-do-mosaico-relativo/**,NOT_APPLICABLE,PASS,,NOT_APPLICABLE,PASS,,NOT_APPLICABLE,PASS,,APPLICABLE,PASS,ADR-041/ADR-042/ADR-043/ADR-050,NOT_APPLICABLE,PASS,,PASS,test_epic_102_aceite_happy_path/test_epic_102_aceite_negative_paths,PRODUCT_AND_EVIDENCE,PASS,Report/Audit,evidence/reviews/epic-102/story-0639/ | commit candidato e relatório de testes,PASS,4,AC-ISSUE-0749-01/AC-ISSUE-0749-02/AC-ISSUE-0749-03/AC-ISSUE-0749-04,PASS,Reviewer,PASS
SPRINT-008,ISSUE-0750,Implementable story,STORY-0640,TASK-0640,EPIC-103,Arquiteto,BC-008,PASS,0,,PASS,contracts/contexts/relative_mosaic/geo/budgets-persistencia-e-materializacao-do-mosaico-relat/** | docs/02-architecture/design-reviews/budgets-persistencia-e-materializacao-do-mosaico-relat/**,APPLICABLE,PASS,,APPLICABLE,PASS,,NOT_APPLICABLE,PASS,ADR-010/ADR-011,APPLICABLE,PASS,ADR-041/ADR-042/ADR-043,NOT_APPLICABLE,PASS,,PASS,test_epic_103_contrato,EVIDENCE_ONLY,PASS,,evidence/implementation/epic-103/story-0640/ | commit candidato e relatório de testes,PASS,4,AC-ISSUE-0750-01/AC-ISSUE-0750-02/AC-ISSUE-0750-03/AC-ISSUE-0750-04,PASS,Arquiteto/Reviewer,PASS
SPRINT-008,ISSUE-0751,Implementable story,STORY-0641,TASK-0641,EPIC-103,Geoprocessamento,BC-008,PASS,1,STORY-0640,PASS,src/geo/dsgeorref_geo/contexts/relative_mosaic/budgets-persistencia-e-materializacao-do-mosaico-relat/**,NOT_APPLICABLE,PASS,,APPLICABLE,PASS,,NOT_APPLICABLE,PASS,,APPLICABLE,PASS,ADR-041/ADR-042/ADR-043,NOT_APPLICABLE,PASS,,PASS,test_relative_mosaic_resource_preflight_budgets_admission_and_no_quality_relaxation/test_persistence_classes_recomputability_lineage_retention_and_resume/test_quota_pinning_dependency_aware_eviction_dry_run_and_recompute_plan/test_epic_103_dados,PRODUCT_AND_EVIDENCE,PASS,,evidence/implementation/epic-103/story-0641/ | commit candidato e relatório de testes,PASS,4,AC-ISSUE-0751-01/AC-ISSUE-0751-02/AC-ISSUE-0751-03/AC-ISSUE-0751-04,PASS,Arquiteto/QA/Reviewer,PASS
SPRINT-008,ISSUE-0752,Implementable story,STORY-0642,TASK-0642,EPIC-103,Geoprocessamento,BC-008,PASS,1,STORY-0640,PASS,src/geo/dsgeorref_geo/contexts/relative_mosaic/budgets-persistencia-e-materializacao-do-mosaico-relat/**,NOT_APPLICABLE,PASS,,APPLICABLE,PASS,,NOT_APPLICABLE,PASS,,APPLICABLE,PASS,ADR-041/ADR-042/ADR-043,NOT_APPLICABLE,PASS,,PASS,test_virtual_canonical_preview_and_on_demand_tiled_materialization/test_epic_103_algoritmo,PRODUCT_AND_EVIDENCE,PASS,,evidence/implementation/epic-103/story-0642/ | commit candidato e relatório de testes,PASS,4,AC-ISSUE-0752-01/AC-ISSUE-0752-02/AC-ISSUE-0752-03/AC-ISSUE-0752-04,PASS,Arquiteto/QA/Reviewer,PASS
SPRINT-008,ISSUE-0753,Implementable story,STORY-0643,TASK-0643,EPIC-103,Geoprocessamento,BC-008,PASS,1,STORY-0640,PASS,src/geo/dsgeorref_geo/contexts/relative_mosaic/budgets-persistencia-e-materializacao-do-mosaico-relat/**,NOT_APPLICABLE,PASS,,APPLICABLE,PASS,,NOT_APPLICABLE,PASS,,APPLICABLE,PASS,ADR-041/ADR-042/ADR-043,NOT_APPLICABLE,PASS,,PASS,test_epic_103_integracao,PRODUCT_AND_EVIDENCE,PASS,,evidence/implementation/epic-103/story-0643/ | commit candidato e relatório de testes,PASS,4,AC-ISSUE-0753-01/AC-ISSUE-0753-02/AC-ISSUE-0753-03/AC-ISSUE-0753-04,PASS,Arquiteto/QA/Reviewer,PASS
SPRINT-008,ISSUE-0754,Implementable story,STORY-0644,TASK-0644,EPIC-103,Geoprocessamento,BC-008,PASS,1,STORY-0640,PASS,src/geo/dsgeorref_geo/contexts/relative_mosaic/budgets-persistencia-e-materializacao-do-mosaico-relat/**,NOT_APPLICABLE,PASS,,APPLICABLE,PASS,,NOT_APPLICABLE,PASS,,APPLICABLE,PASS,ADR-041/ADR-042/ADR-043,NOT_APPLICABLE,PASS,,PASS,test_epic_103_diagnostico,PRODUCT_AND_EVIDENCE,PASS,Lineage,evidence/implementation/epic-103/story-0644/ | commit candidato e relatório de testes,PASS,4,AC-ISSUE-0754-01/AC-ISSUE-0754-02/AC-ISSUE-0754-03/AC-ISSUE-0754-04,PASS,Arquiteto/QA/Reviewer,PASS
SPRINT-008,ISSUE-0755,Implementable story,STORY-0645,TASK-0645,EPIC-103,QA,BC-008,PASS,4,STORY-0641/STORY-0642/STORY-0643/STORY-0644,PASS,tests/geo/budgets-persistencia-e-materializacao-do-mosaico-relat/** | tools/quality/contexts/relative_mosaic/budgets-persistencia-e-materializacao-do-mosaico-relat/** | .github/workflows/budgets-persistencia-e-materializacao-do-mosaico-relat.yaml,NOT_APPLICABLE,PASS,,APPLICABLE,PASS,,NOT_APPLICABLE,PASS,,APPLICABLE,PASS,ADR-041/ADR-042/ADR-043,NOT_APPLICABLE,PASS,,PASS,test_epic_103_benchmark_happy_path/test_epic_103_benchmark_negative_paths,EVIDENCE_ONLY,PASS,,evidence/qa/epic-103/story-0645/ | commit candidato e relatório de testes,PASS,4,AC-ISSUE-0755-01/AC-ISSUE-0755-02/AC-ISSUE-0755-03/AC-ISSUE-0755-04,PASS,QA/Reviewer,PASS
SPRINT-008,ISSUE-0756,Implementable story,STORY-0646,TASK-0646,EPIC-103,Reviewer,BC-008,PASS,1,STORY-0645,PASS,evidence/reviews/budgets-persistencia-e-materializacao-do-mosaico-relat/**,NOT_APPLICABLE,PASS,,APPLICABLE,PASS,,NOT_APPLICABLE,PASS,,APPLICABLE,PASS,ADR-041/ADR-042/ADR-043,NOT_APPLICABLE,PASS,,PASS,test_epic_103_aceite_happy_path/test_epic_103_aceite_negative_paths,EVIDENCE_ONLY,PASS,Audit,evidence/reviews/epic-103/story-0646/ | commit candidato e relatório de testes,PASS,4,AC-ISSUE-0756-01/AC-ISSUE-0756-02/AC-ISSUE-0756-03/AC-ISSUE-0756-04,PASS,Reviewer,PASS
SPRINT-009,ISSUE-0031,Epic delivery envelope,,,EPIC-031,Frontend,BC-016,PASS,1,,PASS,9 TaskEnvelopes filhos,APPLICABLE,PASS,0,NOT_APPLICABLE,PASS,,APPLICABLE,PASS,,NOT_APPLICABLE,PASS,,NOT_APPLICABLE,PASS,,PASS,34 testes declarados,PRODUCT_AND_EVIDENCE,PASS,,9 evidence scopes,PASS,36,AC-ISSUE-0031-01/AC-ISSUE-0031-02/AC-ISSUE-0031-03/AC-ISSUE-0031-04/AC-ISSUE-0031-05/AC-ISSUE-0031-06,PASS,Arquiteto/QA/Reviewer,PASS
SPRINT-009,ISSUE-0032,Epic delivery envelope,,,EPIC-032,Frontend,BC-016,PASS,1,,PASS,6 TaskEnvelopes filhos,APPLICABLE,PASS,0,NOT_APPLICABLE,PASS,,APPLICABLE,PASS,,NOT_APPLICABLE,PASS,,NOT_APPLICABLE,PASS,,PASS,13 testes declarados,EVIDENCE_ONLY,PASS,,6 evidence scopes,PASS,24,AC-ISSUE-0032-01/AC-ISSUE-0032-02/AC-ISSUE-0032-03/AC-ISSUE-0032-04/AC-ISSUE-0032-05/AC-ISSUE-0032-06,PASS,Arquiteto/QA/Reviewer,PASS
SPRINT-009,ISSUE-0033,Epic delivery envelope,,,EPIC-033,Frontend,BC-016,PASS,1,,PASS,6 TaskEnvelopes filhos,APPLICABLE,PASS,0,NOT_APPLICABLE,PASS,,APPLICABLE,PASS,,NOT_APPLICABLE,PASS,,APPLICABLE,PASS,,PASS,11 testes declarados,EVIDENCE_ONLY,PASS,,6 evidence scopes,PASS,24,AC-ISSUE-0033-01/AC-ISSUE-0033-02/AC-ISSUE-0033-03/AC-ISSUE-0033-04/AC-ISSUE-0033-05/AC-ISSUE-0033-06,PASS,Arquiteto/QA/Reviewer,PASS
SPRINT-009,ISSUE-0034,Epic delivery envelope,,,EPIC-034,Frontend,BC-016,PASS,1,,PASS,8 TaskEnvelopes filhos,APPLICABLE,PASS,0,NOT_APPLICABLE,PASS,,APPLICABLE,PASS,,NOT_APPLICABLE,PASS,,APPLICABLE,PASS,,PASS,28 testes declarados,PRODUCT_AND_EVIDENCE,PASS,,8 evidence scopes,PASS,32,AC-ISSUE-0034-01/AC-ISSUE-0034-02/AC-ISSUE-0034-03/AC-ISSUE-0034-04/AC-ISSUE-0034-05/AC-ISSUE-0034-06,PASS,Arquiteto/QA/Reviewer,PASS
SPRINT-009,ISSUE-0035,Epic delivery envelope,,,EPIC-035,Frontend,BC-011,PASS,1,,PASS,6 TaskEnvelopes filhos,APPLICABLE,PASS,4,APPLICABLE,PASS,,APPLICABLE,PASS,,NOT_APPLICABLE,PASS,,NOT_APPLICABLE,PASS,,PASS,9 testes declarados,EVIDENCE_ONLY,PASS,,6 evidence scopes,PASS,24,AC-ISSUE-0035-01/AC-ISSUE-0035-02/AC-ISSUE-0035-03/AC-ISSUE-0035-04/AC-ISSUE-0035-05/AC-ISSUE-0035-06,PASS,Arquiteto/QA/Reviewer,PASS
SPRINT-009,ISSUE-0036,Epic delivery envelope,,,EPIC-036,Product Owner,BC-016,PASS,1,,PASS,5 TaskEnvelopes filhos,NOT_APPLICABLE,PASS,0,NOT_APPLICABLE,PASS,,APPLICABLE,PASS,,NOT_APPLICABLE,PASS,,NOT_APPLICABLE,PASS,,PASS,10 testes declarados,EVIDENCE_ONLY,PASS,,5 evidence scopes,PASS,20,AC-ISSUE-0036-01/AC-ISSUE-0036-02/AC-ISSUE-0036-03/AC-ISSUE-0036-04/AC-ISSUE-0036-05/AC-ISSUE-0036-06,PASS,Arquiteto/QA/Reviewer,PASS
SPRINT-009,ISSUE-0062,Epic delivery envelope,,,EPIC-062,Frontend,BC-011,PASS,1,,PASS,6 TaskEnvelopes filhos,APPLICABLE,PASS,4,APPLICABLE,PASS,,APPLICABLE,PASS,,NOT_APPLICABLE,PASS,,NOT_APPLICABLE,PASS,,PASS,11 testes declarados,EVIDENCE_ONLY,PASS,,6 evidence scopes,PASS,24,AC-ISSUE-0062-01/AC-ISSUE-0062-02/AC-ISSUE-0062-03/AC-ISSUE-0062-04/AC-ISSUE-0062-05/AC-ISSUE-0062-06,PASS,Arquiteto/QA/Reviewer,PASS
SPRINT-009,ISSUE-0064,Epic delivery envelope,,,EPIC-064,Frontend,BC-011,PASS,1,,PASS,6 TaskEnvelopes filhos,APPLICABLE,PASS,12,NOT_APPLICABLE,PASS,,APPLICABLE,PASS,,NOT_APPLICABLE,PASS,,NOT_APPLICABLE,PASS,,PASS,9 testes declarados,EVIDENCE_ONLY,PASS,,6 evidence scopes,PASS,24,AC-ISSUE-0064-01/AC-ISSUE-0064-02/AC-ISSUE-0064-03/AC-ISSUE-0064-04/AC-ISSUE-0064-05/AC-ISSUE-0064-06,PASS,Arquiteto/QA/Reviewer,PASS
SPRINT-009,ISSUE-0084,Epic delivery envelope,,,EPIC-084,Frontend,BC-016,PASS,1,,PASS,6 TaskEnvelopes filhos,APPLICABLE,PASS,0,NOT_APPLICABLE,PASS,,APPLICABLE,PASS,,NOT_APPLICABLE,PASS,,NOT_APPLICABLE,PASS,,PASS,9 testes declarados,EVIDENCE_ONLY,PASS,,6 evidence scopes,PASS,24,AC-ISSUE-0084-01/AC-ISSUE-0084-02/AC-ISSUE-0084-03/AC-ISSUE-0084-04/AC-ISSUE-0084-05/AC-ISSUE-0084-06,PASS,Arquiteto/QA/Reviewer,PASS
SPRINT-009,ISSUE-0295,Implementable story,STORY-0185,TASK-0185,EPIC-031,Product Owner,BC-016,PASS,3,STORY-0020/STORY-0055/STORY-0095,PASS,docs/01-product/capabilities/react-typescript-vite-design-system-cliente-openapi-se/**,APPLICABLE,PASS,,NOT_APPLICABLE,PASS,,APPLICABLE,PASS,ADR-010/ADR-011/ADR-013/ADR-014,NOT_APPLICABLE,PASS,,NOT_APPLICABLE,PASS,,PASS,test_directory_picker_path_traversal_symlink_escape/test_node_pnpm_lock/test_frontend_strict_and_browser/test_epic_031_ux,EVIDENCE_ONLY,PASS,,evidence/implementation/epic-031/story-0185/ | commit candidato e relatório de testes,PASS,4,AC-ISSUE-0295-01/AC-ISSUE-0295-02/AC-ISSUE-0295-03/AC-ISSUE-0295-04,PASS,Product Owner/Arquiteto/Reviewer,PASS
SPRINT-009,ISSUE-0296,Implementable story,STORY-0186,TASK-0186,EPIC-031,Frontend,BC-016,PASS,3,STORY-0738/STORY-0739/STORY-0740,PASS,src/frontend/src/contexts/operator_experience/features/react-typescript-vite-design-system-cliente-openapi-se/consolidacao/**,APPLICABLE,PASS,,NOT_APPLICABLE,PASS,,APPLICABLE,PASS,ADR-010/ADR-011/ADR-013/ADR-014,NOT_APPLICABLE,PASS,,NOT_APPLICABLE,PASS,,PASS,test_story_0186_slice_consolidation,EVIDENCE_ONLY,PASS,,evidence/implementation/epic-031/story-0186/ | commit candidato e relatório de testes,PASS,4,AC-ISSUE-0296-01/AC-ISSUE-0296-02/AC-ISSUE-0296-03/AC-ISSUE-0296-04,PASS,Arquiteto/QA/Reviewer,PASS
SPRINT-009,ISSUE-0297,Implementable story,STORY-0187,TASK-0187,EPIC-031,Frontend,BC-016,PASS,1,STORY-0185,PASS,src/frontend/src/contexts/operator_experience/features/react-typescript-vite-design-system-cliente-openapi-se/**,APPLICABLE,PASS,,NOT_APPLICABLE,PASS,,APPLICABLE,PASS,ADR-010/ADR-011/ADR-013/ADR-014,NOT_APPLICABLE,PASS,,NOT_APPLICABLE,PASS,,PASS,test_epic_031_interface,EVIDENCE_ONLY,PASS,,evidence/implementation/epic-031/story-0187/ | commit candidato e relatório de testes,PASS,4,AC-ISSUE-0297-01/AC-ISSUE-0297-02/AC-ISSUE-0297-03/AC-ISSUE-0297-04,PASS,Arquiteto/QA/Reviewer,PASS
SPRINT-009,ISSUE-0298,Implementable story,STORY-0188,TASK-0188,EPIC-031,Frontend,BC-016,PASS,1,STORY-0185,PASS,src/frontend/src/contexts/operator_experience/features/react-typescript-vite-design-system-cliente-openapi-se/**,APPLICABLE,PASS,,NOT_APPLICABLE,PASS,,APPLICABLE,PASS,ADR-010/ADR-011/ADR-013/ADR-014,NOT_APPLICABLE,PASS,,NOT_APPLICABLE,PASS,,PASS,test_epic_031_workflow,EVIDENCE_ONLY,PASS,,evidence/implementation/epic-031/story-0188/ | commit candidato e relatório de testes,PASS,4,AC-ISSUE-0298-01/AC-ISSUE-0298-02/AC-ISSUE-0298-03/AC-ISSUE-0298-04,PASS,Arquiteto/QA/Reviewer,PASS
SPRINT-009,ISSUE-0299,Implementable story,STORY-0189,TASK-0189,EPIC-031,QA,BC-016,PASS,3,STORY-0186/STORY-0187/STORY-0188,PASS,tests/web/react-typescript-vite-design-system-cliente-openapi-se/** | tools/quality/contexts/operator_experience/react-typescript-vite-design-system-cliente-openapi-se/** | .github/workflows/react-typescript-vite-design-system-cliente-openapi-se.yaml,APPLICABLE,PASS,,NOT_APPLICABLE,PASS,,APPLICABLE,PASS,ADR-010/ADR-011/ADR-013/ADR-014,NOT_APPLICABLE,PASS,ADR-046,NOT_APPLICABLE,PASS,,PASS,test_first_functional_slice_decision_05/test_first_functional_slice_decision_07/test_epic_031_validacao_happy_path/test_epic_031_validacao_negative_paths,EVIDENCE_ONLY,PASS,,evidence/qa/epic-031/story-0189/ | commit candidato e relatório de testes,PASS,4,AC-ISSUE-0299-01/AC-ISSUE-0299-02/AC-ISSUE-0299-03/AC-ISSUE-0299-04,PASS,QA/Reviewer,PASS
SPRINT-009,ISSUE-0300,Implementable story,STORY-0190,TASK-0190,EPIC-031,Reviewer,BC-016,PASS,1,STORY-0189,PASS,evidence/reviews/react-typescript-vite-design-system-cliente-openapi-se/**,APPLICABLE,PASS,,NOT_APPLICABLE,PASS,,APPLICABLE,PASS,ADR-010/ADR-011/ADR-013/ADR-014,NOT_APPLICABLE,PASS,,NOT_APPLICABLE,PASS,,PASS,test_epic_031_aceite_happy_path/test_epic_031_aceite_negative_paths,EVIDENCE_ONLY,PASS,Audit,evidence/reviews/epic-031/story-0190/ | commit candidato e relatório de testes,PASS,4,AC-ISSUE-0300-01/AC-ISSUE-0300-02/AC-ISSUE-0300-03/AC-ISSUE-0300-04,PASS,Reviewer,PASS
SPRINT-009,ISSUE-0301,Implementable story,STORY-0191,TASK-0191,EPIC-032,Product Owner,BC-016,PASS,2,STORY-0190/STORY-0142,PASS,docs/01-product/capabilities/workspace-openlayers-configuracao-acompanhamento-e-rev/**,NOT_APPLICABLE,PASS,,NOT_APPLICABLE,PASS,,APPLICABLE,PASS,ADR-010/ADR-011/ADR-014,NOT_APPLICABLE,PASS,ADR-042/ADR-049,NOT_APPLICABLE,PASS,,PASS,test_multiview_anchor_workspace_source_pixel_provenance_and_refinement/test_multiscale_graph_raster_source_heatmap_lod_and_incremental_loading/test_epic_032_ux,EVIDENCE_ONLY,PASS,,evidence/implementation/epic-032/story-0191/ | commit candidato e relatório de testes,PASS,4,AC-ISSUE-0301-01/AC-ISSUE-0301-02/AC-ISSUE-0301-03/AC-ISSUE-0301-04,PASS,Product Owner/Arquiteto/Reviewer,PASS
SPRINT-009,ISSUE-0302,Implementable story,STORY-0192,TASK-0192,EPIC-032,Frontend,BC-016,PASS,1,STORY-0191,PASS,src/frontend/src/contexts/operator_experience/features/workspace-openlayers-configuracao-acompanhamento-e-rev/**,APPLICABLE,PASS,,NOT_APPLICABLE,PASS,,APPLICABLE,PASS,ADR-010/ADR-011/ADR-014,NOT_APPLICABLE,PASS,,NOT_APPLICABLE,PASS,,PASS,test_adaptive_mask_preview_correction_versioning/test_optional_metadata_extraction_no_geometry_side_effect/e2e_no_terminal_primary_workflow/test_epic_032_contrato,EVIDENCE_ONLY,PASS,,evidence/implementation/epic-032/story-0192/ | commit candidato e relatório de testes,PASS,4,AC-ISSUE-0302-01/AC-ISSUE-0302-02/AC-ISSUE-0302-03/AC-ISSUE-0302-04,PASS,Arquiteto/QA/Reviewer,PASS
SPRINT-009,ISSUE-0303,Implementable story,STORY-0193,TASK-0193,EPIC-032,Frontend,BC-016,PASS,1,STORY-0191,PASS,src/frontend/src/contexts/operator_experience/features/workspace-openlayers-configuracao-acompanhamento-e-rev/**,APPLICABLE,PASS,,NOT_APPLICABLE,PASS,,APPLICABLE,PASS,ADR-010/ADR-011/ADR-014,NOT_APPLICABLE,PASS,,NOT_APPLICABLE,PASS,,PASS,test_epic_032_interface,EVIDENCE_ONLY,PASS,,evidence/implementation/epic-032/story-0193/ | commit candidato e relatório de testes,PASS,4,AC-ISSUE-0303-01/AC-ISSUE-0303-02/AC-ISSUE-0303-03/AC-ISSUE-0303-04,PASS,Arquiteto/QA/Reviewer,PASS
SPRINT-009,ISSUE-0304,Implementable story,STORY-0194,TASK-0194,EPIC-032,Frontend,BC-016,PASS,1,STORY-0191,PASS,src/frontend/src/contexts/operator_experience/features/workspace-openlayers-configuracao-acompanhamento-e-rev/**,APPLICABLE,PASS,,NOT_APPLICABLE,PASS,,APPLICABLE,PASS,ADR-010/ADR-011/ADR-014,NOT_APPLICABLE,PASS,,NOT_APPLICABLE,PASS,,PASS,test_epic_032_workflow,EVIDENCE_ONLY,PASS,,evidence/implementation/epic-032/story-0194/ | commit candidato e relatório de testes,PASS,4,AC-ISSUE-0304-01/AC-ISSUE-0304-02/AC-ISSUE-0304-03/AC-ISSUE-0304-04,PASS,Arquiteto/QA/Reviewer,PASS
SPRINT-009,ISSUE-0305,Implementable story,STORY-0195,TASK-0195,EPIC-032,QA,BC-016,PASS,3,STORY-0192/STORY-0193/STORY-0194,PASS,tests/web/workspace-openlayers-configuracao-acompanhamento-e-rev/** | tools/quality/contexts/operator_experience/workspace-openlayers-configuracao-acompanhamento-e-rev/** | .github/workflows/workspace-openlayers-configuracao-acompanhamento-e-rev.yaml,NOT_APPLICABLE,PASS,,NOT_APPLICABLE,PASS,,APPLICABLE,PASS,ADR-010/ADR-011/ADR-014,NOT_APPLICABLE,PASS,,NOT_APPLICABLE,PASS,,PASS,test_epic_032_validacao_happy_path/test_epic_032_validacao_negative_paths,EVIDENCE_ONLY,PASS,,evidence/qa/epic-032/story-0195/ | commit candidato e relatório de testes,PASS,4,AC-ISSUE-0305-01/AC-ISSUE-0305-02/AC-ISSUE-0305-03/AC-ISSUE-0305-04,PASS,QA/Reviewer,PASS
SPRINT-009,ISSUE-0306,Implementable story,STORY-0196,TASK-0196,EPIC-032,Reviewer,BC-016,PASS,1,STORY-0195,PASS,evidence/reviews/workspace-openlayers-configuracao-acompanhamento-e-rev/**,NOT_APPLICABLE,PASS,,NOT_APPLICABLE,PASS,,APPLICABLE,PASS,ADR-010/ADR-011/ADR-014,NOT_APPLICABLE,PASS,,NOT_APPLICABLE,PASS,,PASS,test_epic_032_aceite_happy_path/test_epic_032_aceite_negative_paths,EVIDENCE_ONLY,PASS,Audit,evidence/reviews/epic-032/story-0196/ | commit candidato e relatório de testes,PASS,4,AC-ISSUE-0306-01/AC-ISSUE-0306-02/AC-ISSUE-0306-03/AC-ISSUE-0306-04,PASS,Reviewer,PASS
SPRINT-009,ISSUE-0307,Implementable story,STORY-0197,TASK-0197,EPIC-033,Product Owner,BC-016,PASS,3,STORY-0177/STORY-0190/STORY-0371,PASS,docs/01-product/capabilities/assistente-guiado-recomendacao-explicavel-consentiment/**,NOT_APPLICABLE,PASS,,NOT_APPLICABLE,PASS,,APPLICABLE,PASS,ADR-010/ADR-011/ADR-014,NOT_APPLICABLE,PASS,,APPLICABLE,PASS,ADR-051,PASS,test_guided_ai_plan_no_raw_seven_mode_confusion/test_epic_033_ux,EVIDENCE_ONLY,PASS,,evidence/implementation/epic-033/story-0197/ | commit candidato e relatório de testes,PASS,4,AC-ISSUE-0307-01/AC-ISSUE-0307-02/AC-ISSUE-0307-03/AC-ISSUE-0307-04,PASS,Product Owner/Arquiteto/Reviewer,PASS
SPRINT-009,ISSUE-0308,Implementable story,STORY-0198,TASK-0198,EPIC-033,Frontend,BC-016,PASS,1,STORY-0197,PASS,src/frontend/src/contexts/operator_experience/features/assistente-guiado-recomendacao-explicavel-consentiment/**,APPLICABLE,PASS,,NOT_APPLICABLE,PASS,,APPLICABLE,PASS,ADR-010/ADR-011/ADR-014,NOT_APPLICABLE,PASS,ADR-047,NOT_APPLICABLE,PASS,,PASS,test_guided_bounded_search_ranking_uncertainty_reproducible/test_no_duplicate_modes_processing_plan_roundtrip/test_epic_033_contrato,EVIDENCE_ONLY,PASS,,evidence/implementation/epic-033/story-0198/ | commit candidato e relatório de testes,PASS,4,AC-ISSUE-0308-01/AC-ISSUE-0308-02/AC-ISSUE-0308-03/AC-ISSUE-0308-04,PASS,Arquiteto/QA/Reviewer,PASS
SPRINT-009,ISSUE-0309,Implementable story,STORY-0199,TASK-0199,EPIC-033,Frontend,BC-016,PASS,1,STORY-0197,PASS,src/frontend/src/contexts/operator_experience/features/assistente-guiado-recomendacao-explicavel-consentiment/**,APPLICABLE,PASS,,NOT_APPLICABLE,PASS,,APPLICABLE,PASS,ADR-010/ADR-011/ADR-014,NOT_APPLICABLE,PASS,,NOT_APPLICABLE,PASS,,PASS,test_epic_033_interface,EVIDENCE_ONLY,PASS,,evidence/implementation/epic-033/story-0199/ | commit candidato e relatório de testes,PASS,4,AC-ISSUE-0309-01/AC-ISSUE-0309-02/AC-ISSUE-0309-03/AC-ISSUE-0309-04,PASS,Arquiteto/QA/Reviewer,PASS
SPRINT-009,ISSUE-0310,Implementable story,STORY-0200,TASK-0200,EPIC-033,Frontend,BC-016,PASS,1,STORY-0197,PASS,src/frontend/src/contexts/operator_experience/features/assistente-guiado-recomendacao-explicavel-consentiment/**,APPLICABLE,PASS,,NOT_APPLICABLE,PASS,,APPLICABLE,PASS,ADR-010/ADR-011/ADR-014,NOT_APPLICABLE,PASS,,NOT_APPLICABLE,PASS,,PASS,test_epic_033_workflow,EVIDENCE_ONLY,PASS,,evidence/implementation/epic-033/story-0200/ | commit candidato e relatório de testes,PASS,4,AC-ISSUE-0310-01/AC-ISSUE-0310-02/AC-ISSUE-0310-03/AC-ISSUE-0310-04,PASS,Arquiteto/QA/Reviewer,PASS
SPRINT-009,ISSUE-0311,Implementable story,STORY-0201,TASK-0201,EPIC-033,QA,BC-016,PASS,3,STORY-0198/STORY-0199/STORY-0200,PASS,tests/web/assistente-guiado-recomendacao-explicavel-consentiment/** | tools/quality/contexts/operator_experience/assistente-guiado-recomendacao-explicavel-consentiment/** | .github/workflows/assistente-guiado-recomendacao-explicavel-consentiment.yaml,NOT_APPLICABLE,PASS,,NOT_APPLICABLE,PASS,,APPLICABLE,PASS,ADR-010/ADR-011/ADR-014,NOT_APPLICABLE,PASS,,NOT_APPLICABLE,PASS,,PASS,test_epic_033_validacao_happy_path/test_epic_033_validacao_negative_paths,EVIDENCE_ONLY,PASS,,evidence/qa/epic-033/story-0201/ | commit candidato e relatório de testes,PASS,4,AC-ISSUE-0311-01/AC-ISSUE-0311-02/AC-ISSUE-0311-03/AC-ISSUE-0311-04,PASS,QA/Reviewer,PASS
SPRINT-009,ISSUE-0312,Implementable story,STORY-0202,TASK-0202,EPIC-033,Reviewer,BC-016,PASS,1,STORY-0201,PASS,evidence/reviews/assistente-guiado-recomendacao-explicavel-consentiment/**,NOT_APPLICABLE,PASS,,NOT_APPLICABLE,PASS,,APPLICABLE,PASS,ADR-010/ADR-011/ADR-014,NOT_APPLICABLE,PASS,,NOT_APPLICABLE,PASS,,PASS,test_epic_033_aceite_happy_path/test_epic_033_aceite_negative_paths,EVIDENCE_ONLY,PASS,Audit,evidence/reviews/epic-033/story-0202/ | commit candidato e relatório de testes,PASS,4,AC-ISSUE-0312-01/AC-ISSUE-0312-02/AC-ISSUE-0312-03/AC-ISSUE-0312-04,PASS,Reviewer,PASS
SPRINT-009,ISSUE-0313,Implementable story,STORY-0203,TASK-0203,EPIC-034,Product Owner,BC-016,PASS,5,STORY-0102/STORY-0184/STORY-0196/STORY-0357/STORY-0438,PASS,docs/01-product/capabilities/painel-de-qualidade-do-lote-busca-server-side-filtros/**,NOT_APPLICABLE,PASS,,NOT_APPLICABLE,PASS,ADR-025,APPLICABLE,PASS,ADR-010/ADR-011/ADR-012/ADR-014,NOT_APPLICABLE,PASS,ADR-046,NOT_APPLICABLE,PASS,,PASS,test_batch_execution_decision_01/test_catalog_190k_metadata_pagination_search/test_success_failure_name_relative_path_exports/test_batch_auto_completion_nonblocking_review_queue/test_epic_034_ux,PRODUCT_AND_EVIDENCE,PASS,,evidence/implementation/epic-034/story-0203/ | commit candidato e relatório de testes,PASS,4,AC-ISSUE-0313-01/AC-ISSUE-0313-02/AC-ISSUE-0313-03/AC-ISSUE-0313-04,PASS,Product Owner/Arquiteto/Reviewer,PASS
SPRINT-009,ISSUE-0314,Implementable story,STORY-0204,TASK-0204,EPIC-034,Frontend,BC-016,PASS,2,STORY-0741/STORY-0742,PASS,src/frontend/src/contexts/operator_experience/features/painel-de-qualidade-do-lote-busca-server-side-filtros/consolidacao/**,NOT_APPLICABLE,PASS,,NOT_APPLICABLE,PASS,,APPLICABLE,PASS,ADR-010/ADR-011/ADR-012/ADR-014,NOT_APPLICABLE,PASS,,NOT_APPLICABLE,PASS,,PASS,test_story_0204_slice_consolidation,EVIDENCE_ONLY,PASS,,evidence/implementation/epic-034/story-0204/ | commit candidato e relatório de testes,PASS,4,AC-ISSUE-0314-01/AC-ISSUE-0314-02/AC-ISSUE-0314-03/AC-ISSUE-0314-04,PASS,QA/Reviewer,PASS
SPRINT-009,ISSUE-0315,Implementable story,STORY-0205,TASK-0205,EPIC-034,Frontend,BC-016,PASS,1,STORY-0203,PASS,src/frontend/src/contexts/operator_experience/features/painel-de-qualidade-do-lote-busca-server-side-filtros/**,APPLICABLE,PASS,,NOT_APPLICABLE,PASS,,APPLICABLE,PASS,ADR-010/ADR-011/ADR-012/ADR-014,NOT_APPLICABLE,PASS,,NOT_APPLICABLE,PASS,,PASS,test_epic_034_interface,EVIDENCE_ONLY,PASS,,evidence/implementation/epic-034/story-0205/ | commit candidato e relatório de testes,PASS,4,AC-ISSUE-0315-01/AC-ISSUE-0315-02/AC-ISSUE-0315-03/AC-ISSUE-0315-04,PASS,Arquiteto/QA/Reviewer,PASS
SPRINT-009,ISSUE-0316,Implementable story,STORY-0206,TASK-0206,EPIC-034,Frontend,BC-016,PASS,1,STORY-0203,PASS,src/frontend/src/contexts/operator_experience/features/painel-de-qualidade-do-lote-busca-server-side-filtros/**,APPLICABLE,PASS,,NOT_APPLICABLE,PASS,,APPLICABLE,PASS,ADR-010/ADR-011/ADR-012/ADR-014,NOT_APPLICABLE,PASS,,NOT_APPLICABLE,PASS,,PASS,test_epic_034_workflow,EVIDENCE_ONLY,PASS,,evidence/implementation/epic-034/story-0206/ | commit candidato e relatório de testes,PASS,4,AC-ISSUE-0316-01/AC-ISSUE-0316-02/AC-ISSUE-0316-03/AC-ISSUE-0316-04,PASS,Arquiteto/QA/Reviewer,PASS
SPRINT-009,ISSUE-0317,Implementable story,STORY-0207,TASK-0207,EPIC-034,QA,BC-016,PASS,3,STORY-0204/STORY-0205/STORY-0206,PASS,tests/web/painel-de-qualidade-do-lote-busca-server-side-filtros/** | tools/quality/contexts/operator_experience/painel-de-qualidade-do-lote-busca-server-side-filtros/** | .github/workflows/painel-de-qualidade-do-lote-busca-server-side-filtros.yaml,NOT_APPLICABLE,PASS,,NOT_APPLICABLE,PASS,,APPLICABLE,PASS,ADR-010/ADR-011/ADR-012/ADR-014,NOT_APPLICABLE,PASS,,NOT_APPLICABLE,PASS,,PASS,test_epic_034_validacao_happy_path/test_epic_034_validacao_negative_paths,EVIDENCE_ONLY,PASS,,evidence/qa/epic-034/story-0207/ | commit candidato e relatório de testes,PASS,4,AC-ISSUE-0317-01/AC-ISSUE-0317-02/AC-ISSUE-0317-03/AC-ISSUE-0317-04,PASS,QA/Reviewer,PASS
SPRINT-009,ISSUE-0318,Implementable story,STORY-0208,TASK-0208,EPIC-034,Reviewer,BC-016,PASS,1,STORY-0207,PASS,evidence/reviews/painel-de-qualidade-do-lote-busca-server-side-filtros/**,NOT_APPLICABLE,PASS,,NOT_APPLICABLE,PASS,,APPLICABLE,PASS,ADR-010/ADR-011/ADR-012/ADR-014,NOT_APPLICABLE,PASS,,NOT_APPLICABLE,PASS,,PASS,test_epic_034_aceite_happy_path/test_epic_034_aceite_negative_paths,EVIDENCE_ONLY,PASS,Audit,evidence/reviews/epic-034/story-0208/ | commit candidato e relatório de testes,PASS,4,AC-ISSUE-0318-01/AC-ISSUE-0318-02/AC-ISSUE-0318-03/AC-ISSUE-0318-04,PASS,Reviewer,PASS
SPRINT-009,ISSUE-0319,Implementable story,STORY-0209,TASK-0209,EPIC-035,Product Owner,BC-011,PASS,3,STORY-0208/STORY-0149/STORY-0050,PASS,docs/01-product/capabilities/workflow-de-revisao-com-gates-revisaveis-hard-gates-im/**,NOT_APPLICABLE,PASS,,NOT_APPLICABLE,PASS,,NOT_APPLICABLE,PASS,,NOT_APPLICABLE,PASS,,NOT_APPLICABLE,PASS,,PASS,test_epic_035_ux,EVIDENCE_ONLY,PASS,Audit,evidence/implementation/epic-035/story-0209/ | commit candidato e relatório de testes,PASS,4,AC-ISSUE-0319-01/AC-ISSUE-0319-02/AC-ISSUE-0319-03/AC-ISSUE-0319-04,PASS,Product Owner/Arquiteto/Reviewer,PASS
SPRINT-009,ISSUE-0320,Implementable story,STORY-0210,TASK-0210,EPIC-035,Arquiteto,BC-011,PASS,1,STORY-0209,PASS,contracts/contexts/review_correction/rev/workflow-de-revisao-com-gates-revisaveis-hard-gates-im/** | docs/02-architecture/design-reviews/workflow-de-revisao-com-gates-revisaveis-hard-gates-im/**,APPLICABLE,PASS,get_review_queue/post_attempts_attemptid_correction_sets/post_correction_sets_id_attempts/post_admin_gc_previews,NOT_APPLICABLE,PASS,,NOT_APPLICABLE,PASS,ADR-010/ADR-011/ADR-014,NOT_APPLICABLE,PASS,ADR-046,NOT_APPLICABLE,PASS,,PASS,test_reviewable_gate_and_hard_gate_non_override/test_epic_035_contrato,EVIDENCE_ONLY,PASS,Audit,evidence/implementation/epic-035/story-0210/ | commit candidato e relatório de testes,PASS,4,AC-ISSUE-0320-01/AC-ISSUE-0320-02/AC-ISSUE-0320-03/AC-ISSUE-0320-04,PASS,Arquiteto/Reviewer,PASS
SPRINT-009,ISSUE-0321,Implementable story,STORY-0211,TASK-0211,EPIC-035,Frontend,BC-011,PASS,1,STORY-0209,PASS,src/frontend/src/contexts/review_correction/features/workflow-de-revisao-com-gates-revisaveis-hard-gates-im/**,NOT_APPLICABLE,PASS,,NOT_APPLICABLE,PASS,,APPLICABLE,PASS,ADR-010/ADR-011/ADR-014,NOT_APPLICABLE,PASS,,NOT_APPLICABLE,PASS,,PASS,test_epic_035_frontend,EVIDENCE_ONLY,PASS,Audit,evidence/implementation/epic-035/story-0211/ | commit candidato e relatório de testes,PASS,4,AC-ISSUE-0321-01/AC-ISSUE-0321-02/AC-ISSUE-0321-03/AC-ISSUE-0321-04,PASS,QA/Reviewer,PASS
SPRINT-009,ISSUE-0322,Implementable story,STORY-0212,TASK-0212,EPIC-035,Backend,BC-011,PASS,1,STORY-0209,PASS,src/backend/dsgeorref/contexts/review_correction/application/workflow-de-revisao-com-gates-revisaveis-hard-gates-im/** | src/backend/dsgeorref/contexts/review_correction/adapters/workflow-de-revisao-com-gates-revisaveis-hard-gates-im/**,NOT_APPLICABLE,PASS,,APPLICABLE,PASS,ADR-018/ADR-019,NOT_APPLICABLE,PASS,,NOT_APPLICABLE,PASS,,NOT_APPLICABLE,PASS,,PASS,test_epic_035_backend,EVIDENCE_ONLY,PASS,Audit,evidence/implementation/epic-035/story-0212/ | commit candidato e relatório de testes,PASS,4,AC-ISSUE-0322-01/AC-ISSUE-0322-02/AC-ISSUE-0322-03/AC-ISSUE-0322-04,PASS,Arquiteto/QA/Reviewer,PASS
SPRINT-009,ISSUE-0323,Implementable story,STORY-0213,TASK-0213,EPIC-035,QA,BC-011,PASS,3,STORY-0210/STORY-0211/STORY-0212,PASS,tests/rev/workflow-de-revisao-com-gates-revisaveis-hard-gates-im/** | tools/quality/contexts/review_correction/workflow-de-revisao-com-gates-revisaveis-hard-gates-im/** | .github/workflows/workflow-de-revisao-com-gates-revisaveis-hard-gates-im.yaml,NOT_APPLICABLE,PASS,,NOT_APPLICABLE,PASS,,NOT_APPLICABLE,PASS,,NOT_APPLICABLE,PASS,,NOT_APPLICABLE,PASS,,PASS,test_epic_035_validacao_happy_path/test_epic_035_validacao_negative_paths,EVIDENCE_ONLY,PASS,Audit,evidence/qa/epic-035/story-0213/ | commit candidato e relatório de testes,PASS,4,AC-ISSUE-0323-01/AC-ISSUE-0323-02/AC-ISSUE-0323-03/AC-ISSUE-0323-04,PASS,QA/Reviewer,PASS
SPRINT-009,ISSUE-0324,Implementable story,STORY-0214,TASK-0214,EPIC-035,Reviewer,BC-011,PASS,1,STORY-0213,PASS,evidence/reviews/workflow-de-revisao-com-gates-revisaveis-hard-gates-im/**,NOT_APPLICABLE,PASS,,NOT_APPLICABLE,PASS,,NOT_APPLICABLE,PASS,,NOT_APPLICABLE,PASS,,NOT_APPLICABLE,PASS,,PASS,test_epic_035_aceite_happy_path/test_epic_035_aceite_negative_paths,EVIDENCE_ONLY,PASS,Audit,evidence/reviews/epic-035/story-0214/ | commit candidato e relatório de testes,PASS,4,AC-ISSUE-0324-01/AC-ISSUE-0324-02/AC-ISSUE-0324-03/AC-ISSUE-0324-04,PASS,Reviewer,PASS
SPRINT-009,ISSUE-0325,Implementable story,STORY-0215,TASK-0215,EPIC-036,Product Owner,BC-016,PASS,3,STORY-0190/STORY-0202/STORY-0184,PASS,docs/01-product/capabilities/central-aprender-exemplos-visuais-projeto-demonstrativ/**,NOT_APPLICABLE,PASS,,NOT_APPLICABLE,PASS,,APPLICABLE,PASS,ADR-014,NOT_APPLICABLE,PASS,,NOT_APPLICABLE,PASS,,PASS,test_epic_036_conteudo,EVIDENCE_ONLY,PASS,,evidence/implementation/epic-036/story-0215/ | commit candidato e relatório de testes,PASS,4,AC-ISSUE-0325-01/AC-ISSUE-0325-02/AC-ISSUE-0325-03/AC-ISSUE-0325-04,PASS,Product Owner/Arquiteto/Reviewer,PASS
SPRINT-009,ISSUE-0326,Implementable story,STORY-0216,TASK-0216,EPIC-036,Frontend,BC-016,PASS,1,STORY-0215,PASS,src/frontend/src/contexts/operator_experience/features/central-aprender-exemplos-visuais-projeto-demonstrativ/**,NOT_APPLICABLE,PASS,,NOT_APPLICABLE,PASS,,APPLICABLE,PASS,ADR-014,NOT_APPLICABLE,PASS,,NOT_APPLICABLE,PASS,,PASS,test_guided_explainable_ai_ux_without_seven_modes/test_failure_taxonomy_evidence_remediation_versioning/visual_examples_license_accessibility_e2e/test_epic_036_estrutura,EVIDENCE_ONLY,PASS,,evidence/implementation/epic-036/story-0216/ | commit candidato e relatório de testes,PASS,4,AC-ISSUE-0326-01/AC-ISSUE-0326-02/AC-ISSUE-0326-03/AC-ISSUE-0326-04,PASS,QA/Reviewer,PASS
SPRINT-009,ISSUE-0327,Implementable story,STORY-0217,TASK-0217,EPIC-036,Frontend,BC-016,PASS,1,STORY-0215,PASS,src/frontend/src/contexts/operator_experience/features/central-aprender-exemplos-visuais-projeto-demonstrativ/**,NOT_APPLICABLE,PASS,,NOT_APPLICABLE,PASS,,APPLICABLE,PASS,ADR-014,NOT_APPLICABLE,PASS,,NOT_APPLICABLE,PASS,,PASS,test_epic_036_exemplos,EVIDENCE_ONLY,PASS,,evidence/implementation/epic-036/story-0217/ | commit candidato e relatório de testes,PASS,4,AC-ISSUE-0327-01/AC-ISSUE-0327-02/AC-ISSUE-0327-03/AC-ISSUE-0327-04,PASS,QA/Reviewer,PASS
SPRINT-009,ISSUE-0328,Implementable story,STORY-0218,TASK-0218,EPIC-036,QA,BC-016,PASS,2,STORY-0216/STORY-0217,PASS,tests/edu/central-aprender-exemplos-visuais-projeto-demonstrativ/** | tools/quality/contexts/operator_experience/central-aprender-exemplos-visuais-projeto-demonstrativ/** | .github/workflows/central-aprender-exemplos-visuais-projeto-demonstrativ.yaml,NOT_APPLICABLE,PASS,,NOT_APPLICABLE,PASS,,APPLICABLE,PASS,ADR-014,NOT_APPLICABLE,PASS,,NOT_APPLICABLE,PASS,,PASS,test_epic_036_validacao_happy_path/test_epic_036_validacao_negative_paths,EVIDENCE_ONLY,PASS,,evidence/qa/epic-036/story-0218/ | commit candidato e relatório de testes,PASS,4,AC-ISSUE-0328-01/AC-ISSUE-0328-02/AC-ISSUE-0328-03/AC-ISSUE-0328-04,PASS,QA/Reviewer,PASS
SPRINT-009,ISSUE-0329,Implementable story,STORY-0219,TASK-0219,EPIC-036,Reviewer,BC-016,PASS,1,STORY-0218,PASS,evidence/reviews/central-aprender-exemplos-visuais-projeto-demonstrativ/**,NOT_APPLICABLE,PASS,,NOT_APPLICABLE,PASS,,APPLICABLE,PASS,ADR-014,NOT_APPLICABLE,PASS,,NOT_APPLICABLE,PASS,,PASS,test_epic_036_aceite_happy_path/test_epic_036_aceite_negative_paths,EVIDENCE_ONLY,PASS,Audit,evidence/reviews/epic-036/story-0219/ | commit candidato e relatório de testes,PASS,4,AC-ISSUE-0329-01/AC-ISSUE-0329-02/AC-ISSUE-0329-03/AC-ISSUE-0329-04,PASS,Reviewer,PASS
SPRINT-009,ISSUE-0495,Implementable story,STORY-0385,TASK-0385,EPIC-062,Product Owner,BC-011,PASS,4,STORY-0196/STORY-0208/STORY-0142/STORY-0214,PASS,docs/01-product/capabilities/workspace-visual-assistido-correctionsets-nova-tentati/**,NOT_APPLICABLE,PASS,,NOT_APPLICABLE,PASS,,NOT_APPLICABLE,PASS,,NOT_APPLICABLE,PASS,,NOT_APPLICABLE,PASS,,PASS,test_batch_auto_completion_nonblocking_review_queue/test_epic_062_ux,EVIDENCE_ONLY,PASS,Audit,evidence/implementation/epic-062/story-0385/ | commit candidato e relatório de testes,PASS,4,AC-ISSUE-0495-01/AC-ISSUE-0495-02/AC-ISSUE-0495-03/AC-ISSUE-0495-04,PASS,Product Owner/Arquiteto/Reviewer,PASS
SPRINT-009,ISSUE-0496,Implementable story,STORY-0386,TASK-0386,EPIC-062,Arquiteto,BC-011,PASS,1,STORY-0385,PASS,contracts/contexts/review_correction/rev/workspace-visual-assistido-correctionsets-nova-tentati/** | docs/02-architecture/design-reviews/workspace-visual-assistido-correctionsets-nova-tentati/**,APPLICABLE,PASS,get_review_queue/post_attempts_attemptid_correction_sets/post_correction_sets_id_attempts/post_admin_gc_previews,NOT_APPLICABLE,PASS,,NOT_APPLICABLE,PASS,ADR-010/ADR-011/ADR-014,NOT_APPLICABLE,PASS,ADR-048,NOT_APPLICABLE,PASS,,PASS,test_correctionset_new_attempt_full_sgv_immutable_history/test_epic_062_contrato,EVIDENCE_ONLY,PASS,Audit,evidence/implementation/epic-062/story-0386/ | commit candidato e relatório de testes,PASS,4,AC-ISSUE-0496-01/AC-ISSUE-0496-02/AC-ISSUE-0496-03/AC-ISSUE-0496-04,PASS,Arquiteto/Reviewer,PASS
SPRINT-009,ISSUE-0497,Implementable story,STORY-0387,TASK-0387,EPIC-062,Frontend,BC-011,PASS,1,STORY-0385,PASS,src/frontend/src/contexts/review_correction/features/workspace-visual-assistido-correctionsets-nova-tentati/**,NOT_APPLICABLE,PASS,,NOT_APPLICABLE,PASS,,APPLICABLE,PASS,ADR-010/ADR-011/ADR-014,NOT_APPLICABLE,PASS,,NOT_APPLICABLE,PASS,,PASS,test_epic_062_frontend,EVIDENCE_ONLY,PASS,Audit,evidence/implementation/epic-062/story-0387/ | commit candidato e relatório de testes,PASS,4,AC-ISSUE-0497-01/AC-ISSUE-0497-02/AC-ISSUE-0497-03/AC-ISSUE-0497-04,PASS,QA/Reviewer,PASS
SPRINT-009,ISSUE-0498,Implementable story,STORY-0388,TASK-0388,EPIC-062,Backend,BC-011,PASS,1,STORY-0385,PASS,src/backend/dsgeorref/contexts/review_correction/application/workspace-visual-assistido-correctionsets-nova-tentati/** | src/backend/dsgeorref/contexts/review_correction/adapters/workspace-visual-assistido-correctionsets-nova-tentati/**,NOT_APPLICABLE,PASS,,APPLICABLE,PASS,ADR-018/ADR-019,NOT_APPLICABLE,PASS,,NOT_APPLICABLE,PASS,ADR-048,NOT_APPLICABLE,PASS,,PASS,test_review_queue_explainable_priority_no_bulk_approval/test_epic_062_backend,EVIDENCE_ONLY,PASS,Audit,evidence/implementation/epic-062/story-0388/ | commit candidato e relatório de testes,PASS,4,AC-ISSUE-0498-01/AC-ISSUE-0498-02/AC-ISSUE-0498-03/AC-ISSUE-0498-04,PASS,Arquiteto/QA/Reviewer,PASS
SPRINT-009,ISSUE-0499,Implementable story,STORY-0389,TASK-0389,EPIC-062,QA,BC-011,PASS,3,STORY-0386/STORY-0387/STORY-0388,PASS,tests/rev/workspace-visual-assistido-correctionsets-nova-tentati/** | tools/quality/contexts/review_correction/workspace-visual-assistido-correctionsets-nova-tentati/** | .github/workflows/workspace-visual-assistido-correctionsets-nova-tentati.yaml,NOT_APPLICABLE,PASS,,NOT_APPLICABLE,PASS,,NOT_APPLICABLE,PASS,,NOT_APPLICABLE,PASS,,NOT_APPLICABLE,PASS,,PASS,test_epic_062_validacao_happy_path/test_epic_062_validacao_negative_paths,EVIDENCE_ONLY,PASS,Audit,evidence/qa/epic-062/story-0389/ | commit candidato e relatório de testes,PASS,4,AC-ISSUE-0499-01/AC-ISSUE-0499-02/AC-ISSUE-0499-03/AC-ISSUE-0499-04,PASS,QA/Reviewer,PASS
SPRINT-009,ISSUE-0500,Implementable story,STORY-0390,TASK-0390,EPIC-062,Reviewer,BC-011,PASS,1,STORY-0389,PASS,evidence/reviews/workspace-visual-assistido-correctionsets-nova-tentati/**,NOT_APPLICABLE,PASS,,NOT_APPLICABLE,PASS,,NOT_APPLICABLE,PASS,,NOT_APPLICABLE,PASS,,NOT_APPLICABLE,PASS,,PASS,test_epic_062_aceite_happy_path/test_epic_062_aceite_negative_paths,EVIDENCE_ONLY,PASS,Audit,evidence/reviews/epic-062/story-0390/ | commit candidato e relatório de testes,PASS,4,AC-ISSUE-0500-01/AC-ISSUE-0500-02/AC-ISSUE-0500-03/AC-ISSUE-0500-04,PASS,Reviewer,PASS
SPRINT-009,ISSUE-0508,Implementable story,STORY-0398,TASK-0398,EPIC-064,Product Owner,BC-011,PASS,4,STORY-0208/STORY-0390/STORY-0184/STORY-0329,PASS,docs/01-product/capabilities/fila-de-revisao-explicavel-filtros-priorizacao-impacto/**,NOT_APPLICABLE,PASS,,NOT_APPLICABLE,PASS,,APPLICABLE,PASS,ADR-010/ADR-011/ADR-014,NOT_APPLICABLE,PASS,,NOT_APPLICABLE,PASS,,PASS,test_epic_064_ux,EVIDENCE_ONLY,PASS,,evidence/implementation/epic-064/story-0398/ | commit candidato e relatório de testes,PASS,4,AC-ISSUE-0508-01/AC-ISSUE-0508-02/AC-ISSUE-0508-03/AC-ISSUE-0508-04,PASS,Product Owner/Arquiteto/Reviewer,PASS
SPRINT-009,ISSUE-0509,Implementable story,STORY-0399,TASK-0399,EPIC-064,Frontend,BC-011,PASS,1,STORY-0398,PASS,src/frontend/src/contexts/review_correction/features/fila-de-revisao-explicavel-filtros-priorizacao-impacto/**,APPLICABLE,PASS,get_review_queue/post_attempts_attemptid_correction_sets/post_correction_sets_id_attempts/post_admin_gc_previews,NOT_APPLICABLE,PASS,,APPLICABLE,PASS,ADR-010/ADR-011/ADR-014,NOT_APPLICABLE,PASS,ADR-048,NOT_APPLICABLE,PASS,,PASS,test_review_queue_explainable_priority_no_bulk_approval/test_epic_064_contrato,EVIDENCE_ONLY,PASS,,evidence/implementation/epic-064/story-0399/ | commit candidato e relatório de testes,PASS,4,AC-ISSUE-0509-01/AC-ISSUE-0509-02/AC-ISSUE-0509-03/AC-ISSUE-0509-04,PASS,Arquiteto/QA/Reviewer,PASS
SPRINT-009,ISSUE-0510,Implementable story,STORY-0400,TASK-0400,EPIC-064,Frontend,BC-011,PASS,1,STORY-0398,PASS,src/frontend/src/contexts/review_correction/features/fila-de-revisao-explicavel-filtros-priorizacao-impacto/**,APPLICABLE,PASS,get_review_queue/post_attempts_attemptid_correction_sets/post_correction_sets_id_attempts/post_admin_gc_previews,NOT_APPLICABLE,PASS,,APPLICABLE,PASS,ADR-010/ADR-011/ADR-014,NOT_APPLICABLE,PASS,,NOT_APPLICABLE,PASS,,PASS,test_epic_064_interface,EVIDENCE_ONLY,PASS,,evidence/implementation/epic-064/story-0400/ | commit candidato e relatório de testes,PASS,4,AC-ISSUE-0510-01/AC-ISSUE-0510-02/AC-ISSUE-0510-03/AC-ISSUE-0510-04,PASS,Arquiteto/QA/Reviewer,PASS
SPRINT-009,ISSUE-0511,Implementable story,STORY-0401,TASK-0401,EPIC-064,Frontend,BC-011,PASS,1,STORY-0398,PASS,src/frontend/src/contexts/review_correction/features/fila-de-revisao-explicavel-filtros-priorizacao-impacto/**,APPLICABLE,PASS,get_review_queue/post_attempts_attemptid_correction_sets/post_correction_sets_id_attempts/post_admin_gc_previews,NOT_APPLICABLE,PASS,,APPLICABLE,PASS,ADR-010/ADR-011/ADR-014,NOT_APPLICABLE,PASS,,NOT_APPLICABLE,PASS,,PASS,test_epic_064_workflow,EVIDENCE_ONLY,PASS,,evidence/implementation/epic-064/story-0401/ | commit candidato e relatório de testes,PASS,4,AC-ISSUE-0511-01/AC-ISSUE-0511-02/AC-ISSUE-0511-03/AC-ISSUE-0511-04,PASS,Arquiteto/QA/Reviewer,PASS
SPRINT-009,ISSUE-0512,Implementable story,STORY-0402,TASK-0402,EPIC-064,QA,BC-011,PASS,3,STORY-0399/STORY-0400/STORY-0401,PASS,tests/web/fila-de-revisao-explicavel-filtros-priorizacao-impacto/** | tools/quality/contexts/review_correction/fila-de-revisao-explicavel-filtros-priorizacao-impacto/** | .github/workflows/fila-de-revisao-explicavel-filtros-priorizacao-impacto.yaml,NOT_APPLICABLE,PASS,,NOT_APPLICABLE,PASS,,APPLICABLE,PASS,ADR-010/ADR-011/ADR-014,NOT_APPLICABLE,PASS,,NOT_APPLICABLE,PASS,,PASS,test_epic_064_validacao_happy_path/test_epic_064_validacao_negative_paths,EVIDENCE_ONLY,PASS,,evidence/qa/epic-064/story-0402/ | commit candidato e relatório de testes,PASS,4,AC-ISSUE-0512-01/AC-ISSUE-0512-02/AC-ISSUE-0512-03/AC-ISSUE-0512-04,PASS,QA/Reviewer,PASS
SPRINT-009,ISSUE-0513,Implementable story,STORY-0403,TASK-0403,EPIC-064,Reviewer,BC-011,PASS,1,STORY-0402,PASS,evidence/reviews/fila-de-revisao-explicavel-filtros-priorizacao-impacto/**,NOT_APPLICABLE,PASS,,NOT_APPLICABLE,PASS,,APPLICABLE,PASS,ADR-010/ADR-011/ADR-014,NOT_APPLICABLE,PASS,,NOT_APPLICABLE,PASS,,PASS,test_epic_064_aceite_happy_path/test_epic_064_aceite_negative_paths,EVIDENCE_ONLY,PASS,Audit,evidence/reviews/epic-064/story-0403/ | commit candidato e relatório de testes,PASS,4,AC-ISSUE-0513-01/AC-ISSUE-0513-02/AC-ISSUE-0513-03/AC-ISSUE-0513-04,PASS,Reviewer,PASS
SPRINT-009,ISSUE-0632,Implementable story,STORY-0522,TASK-0522,EPIC-084,Product Owner,BC-016,PASS,3,STORY-0202/STORY-0177/STORY-0308,PASS,docs/01-product/capabilities/ux-guiada-de-ia-explicacao-do-plano-capacidades-instal/**,NOT_APPLICABLE,PASS,,NOT_APPLICABLE,PASS,,APPLICABLE,PASS,ADR-010/ADR-011/ADR-014,NOT_APPLICABLE,PASS,,NOT_APPLICABLE,PASS,,PASS,test_guided_explainable_ai_ux_without_seven_modes/test_epic_084_ux,EVIDENCE_ONLY,PASS,,evidence/implementation/epic-084/story-0522/ | commit candidato e relatório de testes,PASS,4,AC-ISSUE-0632-01/AC-ISSUE-0632-02/AC-ISSUE-0632-03/AC-ISSUE-0632-04,PASS,Product Owner/Arquiteto/Reviewer,PASS
SPRINT-009,ISSUE-0633,Implementable story,STORY-0523,TASK-0523,EPIC-084,Frontend,BC-016,PASS,1,STORY-0522,PASS,src/frontend/src/contexts/operator_experience/features/ux-guiada-de-ia-explicacao-do-plano-capacidades-instal/**,APPLICABLE,PASS,,NOT_APPLICABLE,PASS,,APPLICABLE,PASS,ADR-010/ADR-011/ADR-014,NOT_APPLICABLE,PASS,,NOT_APPLICABLE,PASS,,PASS,test_epic_084_contrato,EVIDENCE_ONLY,PASS,,evidence/implementation/epic-084/story-0523/ | commit candidato e relatório de testes,PASS,4,AC-ISSUE-0633-01/AC-ISSUE-0633-02/AC-ISSUE-0633-03/AC-ISSUE-0633-04,PASS,Arquiteto/QA/Reviewer,PASS
SPRINT-009,ISSUE-0634,Implementable story,STORY-0524,TASK-0524,EPIC-084,Frontend,BC-016,PASS,1,STORY-0522,PASS,src/frontend/src/contexts/operator_experience/features/ux-guiada-de-ia-explicacao-do-plano-capacidades-instal/**,APPLICABLE,PASS,,NOT_APPLICABLE,PASS,,APPLICABLE,PASS,ADR-010/ADR-011/ADR-014,NOT_APPLICABLE,PASS,,NOT_APPLICABLE,PASS,,PASS,test_epic_084_interface,EVIDENCE_ONLY,PASS,,evidence/implementation/epic-084/story-0524/ | commit candidato e relatório de testes,PASS,4,AC-ISSUE-0634-01/AC-ISSUE-0634-02/AC-ISSUE-0634-03/AC-ISSUE-0634-04,PASS,Arquiteto/QA/Reviewer,PASS
SPRINT-009,ISSUE-0635,Implementable story,STORY-0525,TASK-0525,EPIC-084,Frontend,BC-016,PASS,1,STORY-0522,PASS,src/frontend/src/contexts/operator_experience/features/ux-guiada-de-ia-explicacao-do-plano-capacidades-instal/**,APPLICABLE,PASS,,NOT_APPLICABLE,PASS,,APPLICABLE,PASS,ADR-010/ADR-011/ADR-014,NOT_APPLICABLE,PASS,,NOT_APPLICABLE,PASS,,PASS,test_epic_084_workflow,EVIDENCE_ONLY,PASS,,evidence/implementation/epic-084/story-0525/ | commit candidato e relatório de testes,PASS,4,AC-ISSUE-0635-01/AC-ISSUE-0635-02/AC-ISSUE-0635-03/AC-ISSUE-0635-04,PASS,Arquiteto/QA/Reviewer,PASS
SPRINT-009,ISSUE-0636,Implementable story,STORY-0526,TASK-0526,EPIC-084,QA,BC-016,PASS,3,STORY-0523/STORY-0524/STORY-0525,PASS,tests/web/ux-guiada-de-ia-explicacao-do-plano-capacidades-instal/** | tools/quality/contexts/operator_experience/ux-guiada-de-ia-explicacao-do-plano-capacidades-instal/** | .github/workflows/ux-guiada-de-ia-explicacao-do-plano-capacidades-instal.yaml,NOT_APPLICABLE,PASS,,NOT_APPLICABLE,PASS,,APPLICABLE,PASS,ADR-010/ADR-011/ADR-014,NOT_APPLICABLE,PASS,,NOT_APPLICABLE,PASS,,PASS,test_epic_084_validacao_happy_path/test_epic_084_validacao_negative_paths,EVIDENCE_ONLY,PASS,,evidence/qa/epic-084/story-0526/ | commit candidato e relatório de testes,PASS,4,AC-ISSUE-0636-01/AC-ISSUE-0636-02/AC-ISSUE-0636-03/AC-ISSUE-0636-04,PASS,QA/Reviewer,PASS
SPRINT-009,ISSUE-0637,Implementable story,STORY-0527,TASK-0527,EPIC-084,Reviewer,BC-016,PASS,1,STORY-0526,PASS,evidence/reviews/ux-guiada-de-ia-explicacao-do-plano-capacidades-instal/**,NOT_APPLICABLE,PASS,,NOT_APPLICABLE,PASS,,APPLICABLE,PASS,ADR-010/ADR-011/ADR-014,NOT_APPLICABLE,PASS,,NOT_APPLICABLE,PASS,,PASS,test_epic_084_aceite_happy_path/test_epic_084_aceite_negative_paths,EVIDENCE_ONLY,PASS,Audit,evidence/reviews/epic-084/story-0527/ | commit candidato e relatório de testes,PASS,4,AC-ISSUE-0637-01/AC-ISSUE-0637-02/AC-ISSUE-0637-03/AC-ISSUE-0637-04,PASS,Reviewer,PASS
SPRINT-009,ISSUE-0848,Implementable story,STORY-0738,TASK-0738,EPIC-031,Frontend,BC-016,PASS,1,STORY-0185,PASS,src/frontend/src/contexts/operator_experience/features/react-typescript-vite-design-system-cliente-openapi-se/requirements-epic-fs1-run-parte-1/**,APPLICABLE,PASS,,NOT_APPLICABLE,PASS,ADR-023,APPLICABLE,PASS,ADR-010/ADR-011/ADR-013/ADR-014,NOT_APPLICABLE,PASS,ADR-044/ADR-045,NOT_APPLICABLE,PASS,,PASS,generated_client_component_accessibility_e2e/test_first_functional_slice_decision_01/test_first_functional_slice_decision_02/test_first_functional_slice_decision_03/test_first_functional_slice_decision_04/test_first_functional_slice_decision_06/test_first_functional_slice_decision_08/test_first_functional_slice_decision_09/test_first_functional_slice_decision_10/test_req_run_001,PRODUCT_AND_EVIDENCE,PASS,,evidence/implementation/react-typescript-vite-design-system-cliente-openap/requirements-epic-fs1-run-parte-1/ | commit candidato e relatório de testes,PASS,4,AC-ISSUE-0848-01/AC-ISSUE-0848-02/AC-ISSUE-0848-03/AC-ISSUE-0848-04,PASS,Arquiteto/QA/Reviewer,PASS
SPRINT-009,ISSUE-0849,Implementable story,STORY-0739,TASK-0739,EPIC-031,Frontend,BC-016,PASS,1,STORY-0185,PASS,src/frontend/src/contexts/operator_experience/features/react-typescript-vite-design-system-cliente-openapi-se/run-runtime-parte-2/**,APPLICABLE,PASS,,NOT_APPLICABLE,PASS,,APPLICABLE,PASS,ADR-010/ADR-011/ADR-013/ADR-014,NOT_APPLICABLE,PASS,ADR-045,NOT_APPLICABLE,PASS,ADR-017,PASS,test_req_run_002/test_req_run_003/test_req_run_004/test_req_run_005/test_req_run_006/test_req_run_007/test_req_run_008/test_req_run_009/test_req_run_0010/test_runtime_decision_8,EVIDENCE_ONLY,PASS,,evidence/implementation/react-typescript-vite-design-system-cliente-openap/run-runtime-parte-2/ | commit candidato e relatório de testes,PASS,4,AC-ISSUE-0849-01/AC-ISSUE-0849-02/AC-ISSUE-0849-03/AC-ISSUE-0849-04,PASS,Arquiteto/QA/Reviewer,PASS
SPRINT-009,ISSUE-0850,Implementable story,STORY-0740,TASK-0740,EPIC-031,Frontend,BC-016,PASS,1,STORY-0185,PASS,src/frontend/src/contexts/operator_experience/features/react-typescript-vite-design-system-cliente-openapi-se/ux-parte-3/**,APPLICABLE,PASS,,NOT_APPLICABLE,PASS,,APPLICABLE,PASS,ADR-010/ADR-011/ADR-013/ADR-014,NOT_APPLICABLE,PASS,,NOT_APPLICABLE,PASS,,PASS,e2e_no_terminal_primary_workflow,EVIDENCE_ONLY,PASS,,evidence/implementation/react-typescript-vite-design-system-cliente-openap/ux-parte-3/ | commit candidato e relatório de testes,PASS,4,AC-ISSUE-0850-01/AC-ISSUE-0850-02/AC-ISSUE-0850-03/AC-ISSUE-0850-04,PASS,Arquiteto/QA/Reviewer,PASS
SPRINT-009,ISSUE-0851,Implementable story,STORY-0741,TASK-0741,EPIC-034,Frontend,BC-016,PASS,1,STORY-0203,PASS,src/frontend/src/contexts/operator_experience/features/painel-de-qualidade-do-lote-busca-server-side-filtros/bat-bex-parte-1/**,APPLICABLE,PASS,,NOT_APPLICABLE,PASS,,APPLICABLE,PASS,ADR-010/ADR-011/ADR-012/ADR-014,NOT_APPLICABLE,PASS,ADR-046,NOT_APPLICABLE,PASS,,PASS,test_independent_components_partial_success_retry_subset/test_batch_execution_decision_02/test_batch_execution_decision_03/test_batch_execution_decision_04/test_batch_execution_decision_05/test_batch_execution_decision_06/test_batch_execution_decision_07/test_batch_execution_decision_08/test_batch_execution_decision_09/test_batch_execution_decision_10,EVIDENCE_ONLY,PASS,,evidence/implementation/painel-de-qualidade-do-lote-busca-server-side-filt/bat-bex-parte-1/ | commit candidato e relatório de testes,PASS,4,AC-ISSUE-0851-01/AC-ISSUE-0851-02/AC-ISSUE-0851-03/AC-ISSUE-0851-04,PASS,Arquiteto/QA/Reviewer,PASS
SPRINT-009,ISSUE-0852,Implementable story,STORY-0742,TASK-0742,EPIC-034,Frontend,BC-016,PASS,1,STORY-0203,PASS,src/frontend/src/contexts/operator_experience/features/painel-de-qualidade-do-lote-busca-server-side-filtros/requirements-epic-qual-scl-parte-2/**,APPLICABLE,PASS,,NOT_APPLICABLE,PASS,,APPLICABLE,PASS,ADR-010/ADR-011/ADR-012/ADR-014,NOT_APPLICABLE,PASS,ADR-046,APPLICABLE,PASS,ADR-053,PASS,test_reviewable_gate_and_hard_gate_non_override/test_immutable_snapshots_current_view_historical_metrics/test_deformation_summary_heatmap_dense_consistency/test_server_pagination_filter_stream_export/test_stage_work_units_progress_eta_range_confidence_replanning_and_unknown_state/test_role_based_scheduler_diagnostics_safe_controls_and_append_only_audit,EVIDENCE_ONLY,PASS,,evidence/implementation/painel-de-qualidade-do-lote-busca-server-side-filt/requirements-epic-qual-scl-parte-2/ | commit candidato e relatório de testes,PASS,4,AC-ISSUE-0852-01/AC-ISSUE-0852-02/AC-ISSUE-0852-03/AC-ISSUE-0852-04,PASS,Arquiteto/QA/Reviewer,PASS
SPRINT-010,ISSUE-0037,Epic delivery envelope,,,EPIC-037,Backend,BC-012,PASS,1,,PASS,8 TaskEnvelopes filhos,APPLICABLE,PASS,12,APPLICABLE,PASS,,APPLICABLE,PASS,,NOT_APPLICABLE,PASS,,APPLICABLE,PASS,,PASS,29 testes declarados,PRODUCT_AND_EVIDENCE,PASS,,8 evidence scopes,PASS,32,AC-ISSUE-0037-01/AC-ISSUE-0037-02/AC-ISSUE-0037-03/AC-ISSUE-0037-04/AC-ISSUE-0037-05/AC-ISSUE-0037-06,PASS,Arquiteto/QA/Reviewer,PASS
SPRINT-010,ISSUE-0038,Epic delivery envelope,,,EPIC-038,Backend,BC-007,PASS,1,,PASS,6 TaskEnvelopes filhos,APPLICABLE,PASS,6,APPLICABLE,PASS,,APPLICABLE,PASS,,APPLICABLE,PASS,,NOT_APPLICABLE,PASS,,PASS,9 testes declarados,PRODUCT_AND_EVIDENCE,PASS,,6 evidence scopes,PASS,24,AC-ISSUE-0038-01/AC-ISSUE-0038-02/AC-ISSUE-0038-03/AC-ISSUE-0038-04/AC-ISSUE-0038-05/AC-ISSUE-0038-06,PASS,Arquiteto/QA/Reviewer,PASS
SPRINT-010,ISSUE-0049,Epic delivery envelope,,,EPIC-049,Backend,BC-013,PASS,1,,PASS,6 TaskEnvelopes filhos,APPLICABLE,PASS,10,APPLICABLE,PASS,,NOT_APPLICABLE,PASS,,NOT_APPLICABLE,PASS,,APPLICABLE,PASS,,PASS,19 testes declarados,PRODUCT_AND_EVIDENCE,PASS,,6 evidence scopes,PASS,24,AC-ISSUE-0049-01/AC-ISSUE-0049-02/AC-ISSUE-0049-03/AC-ISSUE-0049-04/AC-ISSUE-0049-05/AC-ISSUE-0049-06,PASS,Arquiteto/QA/Reviewer,PASS
SPRINT-010,ISSUE-0061,Epic delivery envelope,,,EPIC-061,Backend,BC-013,PASS,1,,PASS,6 TaskEnvelopes filhos,APPLICABLE,PASS,10,APPLICABLE,PASS,,NOT_APPLICABLE,PASS,,NOT_APPLICABLE,PASS,,NOT_APPLICABLE,PASS,,PASS,11 testes declarados,PRODUCT_AND_EVIDENCE,PASS,,6 evidence scopes,PASS,24,AC-ISSUE-0061-01/AC-ISSUE-0061-02/AC-ISSUE-0061-03/AC-ISSUE-0061-04/AC-ISSUE-0061-05/AC-ISSUE-0061-06,PASS,Arquiteto/QA/Reviewer,PASS
SPRINT-010,ISSUE-0070,Epic delivery envelope,,,EPIC-070,Backend,BC-012,PASS,1,,PASS,6 TaskEnvelopes filhos,APPLICABLE,PASS,12,APPLICABLE,PASS,,APPLICABLE,PASS,,NOT_APPLICABLE,PASS,,NOT_APPLICABLE,PASS,,PASS,8 testes declarados,PRODUCT_AND_EVIDENCE,PASS,,6 evidence scopes,PASS,24,AC-ISSUE-0070-01/AC-ISSUE-0070-02/AC-ISSUE-0070-03/AC-ISSUE-0070-04/AC-ISSUE-0070-05/AC-ISSUE-0070-06,PASS,Arquiteto/QA/Reviewer,PASS
SPRINT-010,ISSUE-0105,Epic delivery envelope,,,EPIC-105,Backend,BC-013,PASS,0,,PASS,6 TaskEnvelopes filhos,APPLICABLE,PASS,10,APPLICABLE,PASS,,NOT_APPLICABLE,PASS,,NOT_APPLICABLE,PASS,,APPLICABLE,PASS,,PASS,13 testes declarados,PRODUCT_AND_EVIDENCE,PASS,,6 evidence scopes,PASS,24,AC-ISSUE-0105-01/AC-ISSUE-0105-02/AC-ISSUE-0105-03/AC-ISSUE-0105-04/AC-ISSUE-0105-05/AC-ISSUE-0105-06,PASS,Arquiteto/QA/Reviewer,PASS
SPRINT-010,ISSUE-0330,Implementable story,STORY-0220,TASK-0220,EPIC-037,Arquiteto,BC-012,PASS,4,STORY-0061/STORY-0156/STORY-0184/STORY-0397,PASS,contracts/contexts/results_reporting/rep/persistencia-e-exportacao-escalavel-de-resultados-por/** | docs/02-architecture/design-reviews/persistencia-e-exportacao-escalavel-de-resultados-por/**,APPLICABLE,PASS,get_jobs_jobid_results/get_attempts_attemptid_diagnostics/get_results_resultid/post_results_resultid_exports/get_exports_exportid/get_results_id_comparisons,APPLICABLE,PASS,ADR-025,NOT_APPLICABLE,PASS,ADR-010/ADR-011/ADR-012/ADR-014,NOT_APPLICABLE,PASS,ADR-046/ADR-048,NOT_APPLICABLE,PASS,,PASS,test_batch_execution_decision_03/test_batch_execution_decision_05/test_gcp_lifecycle_roundtrip_exports_provenance/test_manifest_lineage_reproduction_bundle/test_epic_037_contrato,PRODUCT_AND_EVIDENCE,PASS,Manifest,evidence/implementation/epic-037/story-0220/ | commit candidato e relatório de testes,PASS,4,AC-ISSUE-0330-01/AC-ISSUE-0330-02/AC-ISSUE-0330-03/AC-ISSUE-0330-04,PASS,Arquiteto/Reviewer,PASS
SPRINT-010,ISSUE-0331,Implementable story,STORY-0221,TASK-0221,EPIC-037,Backend,BC-012,PASS,2,STORY-0743/STORY-0744,PASS,src/backend/dsgeorref/contexts/results_reporting/application/persistencia-e-exportacao-escalavel-de-resultados-por/consolidacao/** | src/backend/dsgeorref/contexts/results_reporting/adapters/persistencia-e-exportacao-escalavel-de-resultados-por/consolidacao/**,NOT_APPLICABLE,PASS,,APPLICABLE,PASS,ADR-018/ADR-019/ADR-025,NOT_APPLICABLE,PASS,,NOT_APPLICABLE,PASS,,NOT_APPLICABLE,PASS,,PASS,test_story_0221_slice_consolidation,PRODUCT_AND_EVIDENCE,PASS,Manifest,evidence/implementation/epic-037/story-0221/ | commit candidato e relatório de testes,PASS,4,AC-ISSUE-0331-01/AC-ISSUE-0331-02/AC-ISSUE-0331-03/AC-ISSUE-0331-04,PASS,Arquiteto/QA/Reviewer,PASS
SPRINT-010,ISSUE-0332,Implementable story,STORY-0222,TASK-0222,EPIC-037,Backend,BC-012,PASS,1,STORY-0220,PASS,src/backend/dsgeorref/contexts/results_reporting/application/persistencia-e-exportacao-escalavel-de-resultados-por/** | src/backend/dsgeorref/contexts/results_reporting/adapters/persistencia-e-exportacao-escalavel-de-resultados-por/**,NOT_APPLICABLE,PASS,,APPLICABLE,PASS,ADR-018/ADR-019/ADR-025,NOT_APPLICABLE,PASS,,NOT_APPLICABLE,PASS,,NOT_APPLICABLE,PASS,,PASS,test_epic_037_exportacao,PRODUCT_AND_EVIDENCE,PASS,Manifest,evidence/implementation/epic-037/story-0222/ | commit candidato e relatório de testes,PASS,4,AC-ISSUE-0332-01/AC-ISSUE-0332-02/AC-ISSUE-0332-03/AC-ISSUE-0332-04,PASS,Arquiteto/QA/Reviewer,PASS
SPRINT-010,ISSUE-0333,Implementable story,STORY-0223,TASK-0223,EPIC-037,Frontend,BC-012,PASS,1,STORY-0220,PASS,src/frontend/src/contexts/results_reporting/features/persistencia-e-exportacao-escalavel-de-resultados-por/**,APPLICABLE,PASS,get_jobs_jobid_results/get_attempts_attemptid_diagnostics/get_results_resultid/post_results_resultid_exports/get_exports_exportid/get_results_id_comparisons,APPLICABLE,PASS,ADR-025,APPLICABLE,PASS,ADR-010/ADR-011/ADR-012/ADR-014,NOT_APPLICABLE,PASS,ADR-046/ADR-050,NOT_APPLICABLE,PASS,,PASS,test_batch_execution_decision_01/test_success_failure_name_relative_path_exports/test_quality_profile_metric_threshold_gate_lineage/test_input_output_deformation_profile_and_heatmap/test_epic_037_superficie,PRODUCT_AND_EVIDENCE,PASS,Manifest,evidence/implementation/epic-037/story-0223/ | commit candidato e relatório de testes,PASS,4,AC-ISSUE-0333-01/AC-ISSUE-0333-02/AC-ISSUE-0333-03/AC-ISSUE-0333-04,PASS,Arquiteto/QA/Reviewer,PASS
SPRINT-010,ISSUE-0334,Implementable story,STORY-0224,TASK-0224,EPIC-037,QA,BC-012,PASS,3,STORY-0221/STORY-0222/STORY-0223,PASS,tests/rep/persistencia-e-exportacao-escalavel-de-resultados-por/** | tools/quality/contexts/results_reporting/persistencia-e-exportacao-escalavel-de-resultados-por/** | .github/workflows/persistencia-e-exportacao-escalavel-de-resultados-por.yaml,NOT_APPLICABLE,PASS,,APPLICABLE,PASS,ADR-025,NOT_APPLICABLE,PASS,,NOT_APPLICABLE,PASS,,NOT_APPLICABLE,PASS,,PASS,test_epic_037_escala,PRODUCT_AND_EVIDENCE,PASS,Manifest,evidence/qa/epic-037/story-0224/ | commit candidato e relatório de testes,PASS,4,AC-ISSUE-0334-01/AC-ISSUE-0334-02/AC-ISSUE-0334-03/AC-ISSUE-0334-04,PASS,QA/Reviewer,PASS
SPRINT-010,ISSUE-0335,Implementable story,STORY-0225,TASK-0225,EPIC-037,Reviewer,BC-012,PASS,1,STORY-0224,PASS,evidence/reviews/persistencia-e-exportacao-escalavel-de-resultados-por/**,NOT_APPLICABLE,PASS,,APPLICABLE,PASS,ADR-025,NOT_APPLICABLE,PASS,,NOT_APPLICABLE,PASS,,NOT_APPLICABLE,PASS,,PASS,test_epic_037_aceite_happy_path/test_epic_037_aceite_negative_paths,PRODUCT_AND_EVIDENCE,PASS,Audit/Manifest/Lineage,evidence/reviews/epic-037/story-0225/ | commit candidato e relatório de testes,PASS,4,AC-ISSUE-0335-01/AC-ISSUE-0335-02/AC-ISSUE-0335-03/AC-ISSUE-0335-04,PASS,Reviewer,PASS
SPRINT-010,ISSUE-0336,Implementable story,STORY-0226,TASK-0226,EPIC-038,Arquiteto,BC-007,PASS,2,STORY-0142/STORY-0225,PASS,contracts/contexts/geometric_quality/rep/metricas-heatmap-amostrado-e-diagnostico-denso-do-imag/** | docs/02-architecture/design-reviews/metricas-heatmap-amostrado-e-diagnostico-denso-do-imag/**,APPLICABLE,PASS,get_attempts_attemptid_quality/get_attempts_attemptid_sgv/get_attempts_attemptid_deformation,NOT_APPLICABLE,PASS,,NOT_APPLICABLE,PASS,ADR-010/ADR-011/ADR-014,APPLICABLE,PASS,ADR-046,NOT_APPLICABLE,PASS,,PASS,test_epic_038_contrato,EVIDENCE_ONLY,PASS,,evidence/implementation/epic-038/story-0226/ | commit candidato e relatório de testes,PASS,4,AC-ISSUE-0336-01/AC-ISSUE-0336-02/AC-ISSUE-0336-03/AC-ISSUE-0336-04,PASS,Arquiteto/Reviewer,PASS
SPRINT-010,ISSUE-0337,Implementable story,STORY-0227,TASK-0227,EPIC-038,Backend,BC-007,PASS,1,STORY-0226,PASS,src/backend/dsgeorref/contexts/geometric_quality/application/metricas-heatmap-amostrado-e-diagnostico-denso-do-imag/** | src/backend/dsgeorref/contexts/geometric_quality/adapters/metricas-heatmap-amostrado-e-diagnostico-denso-do-imag/**,NOT_APPLICABLE,PASS,,APPLICABLE,PASS,,NOT_APPLICABLE,PASS,,APPLICABLE,PASS,ADR-046,NOT_APPLICABLE,PASS,,PASS,test_deformation_summary_heatmap_dense_consistency/test_epic_038_persistencia_roundtrip/test_epic_038_persistencia_recovery,EVIDENCE_ONLY,PASS,ResultSnapshot,evidence/implementation/epic-038/story-0227/ | commit candidato e relatório de testes,PASS,4,AC-ISSUE-0337-01/AC-ISSUE-0337-02/AC-ISSUE-0337-03/AC-ISSUE-0337-04,PASS,Arquiteto/QA/Reviewer,PASS
SPRINT-010,ISSUE-0338,Implementable story,STORY-0228,TASK-0228,EPIC-038,Backend,BC-007,PASS,1,STORY-0226,PASS,src/backend/dsgeorref/contexts/geometric_quality/application/metricas-heatmap-amostrado-e-diagnostico-denso-do-imag/** | src/backend/dsgeorref/contexts/geometric_quality/adapters/metricas-heatmap-amostrado-e-diagnostico-denso-do-imag/**,NOT_APPLICABLE,PASS,,NOT_APPLICABLE,PASS,,NOT_APPLICABLE,PASS,,APPLICABLE,PASS,ADR-046,NOT_APPLICABLE,PASS,,PASS,test_epic_038_exportacao,EVIDENCE_ONLY,PASS,,evidence/implementation/epic-038/story-0228/ | commit candidato e relatório de testes,PASS,4,AC-ISSUE-0338-01/AC-ISSUE-0338-02/AC-ISSUE-0338-03/AC-ISSUE-0338-04,PASS,QA/Reviewer,PASS
SPRINT-010,ISSUE-0339,Implementable story,STORY-0229,TASK-0229,EPIC-038,Frontend,BC-007,PASS,1,STORY-0226,PASS,src/frontend/src/contexts/geometric_quality/features/metricas-heatmap-amostrado-e-diagnostico-denso-do-imag/**,APPLICABLE,PASS,get_attempts_attemptid_quality/get_attempts_attemptid_sgv/get_attempts_attemptid_deformation,NOT_APPLICABLE,PASS,,APPLICABLE,PASS,ADR-010/ADR-011/ADR-014,APPLICABLE,PASS,ADR-046,NOT_APPLICABLE,PASS,,PASS,test_epic_038_superficie,EVIDENCE_ONLY,PASS,,evidence/implementation/epic-038/story-0229/ | commit candidato e relatório de testes,PASS,4,AC-ISSUE-0339-01/AC-ISSUE-0339-02/AC-ISSUE-0339-03/AC-ISSUE-0339-04,PASS,Arquiteto/QA/Reviewer,PASS
SPRINT-010,ISSUE-0340,Implementable story,STORY-0230,TASK-0230,EPIC-038,QA,BC-007,PASS,3,STORY-0227/STORY-0228/STORY-0229,PASS,tests/rep/metricas-heatmap-amostrado-e-diagnostico-denso-do-imag/** | tools/quality/contexts/geometric_quality/metricas-heatmap-amostrado-e-diagnostico-denso-do-imag/** | .github/workflows/metricas-heatmap-amostrado-e-diagnostico-denso-do-imag.yaml,NOT_APPLICABLE,PASS,,NOT_APPLICABLE,PASS,,NOT_APPLICABLE,PASS,,APPLICABLE,PASS,ADR-046,NOT_APPLICABLE,PASS,,PASS,test_epic_038_escala,EVIDENCE_ONLY,PASS,,evidence/qa/epic-038/story-0230/ | commit candidato e relatório de testes,PASS,4,AC-ISSUE-0340-01/AC-ISSUE-0340-02/AC-ISSUE-0340-03/AC-ISSUE-0340-04,PASS,QA/Reviewer,PASS
SPRINT-010,ISSUE-0341,Implementable story,STORY-0231,TASK-0231,EPIC-038,Reviewer,BC-007,PASS,1,STORY-0230,PASS,evidence/reviews/metricas-heatmap-amostrado-e-diagnostico-denso-do-imag/**,NOT_APPLICABLE,PASS,,NOT_APPLICABLE,PASS,,NOT_APPLICABLE,PASS,,APPLICABLE,PASS,ADR-046,NOT_APPLICABLE,PASS,,PASS,test_epic_038_aceite_happy_path/test_epic_038_aceite_negative_paths,PRODUCT_AND_EVIDENCE,PASS,Audit/Lineage,evidence/reviews/epic-038/story-0231/ | commit candidato e relatório de testes,PASS,4,AC-ISSUE-0341-01/AC-ISSUE-0341-02/AC-ISSUE-0341-03/AC-ISSUE-0341-04,PASS,Reviewer,PASS
SPRINT-010,ISSUE-0406,Implementable story,STORY-0296,TASK-0296,EPIC-049,Arquiteto,BC-013,PASS,6,STORY-0020/STORY-0061/STORY-0281/STORY-0390/STORY-0397/STORY-0417,PASS,contracts/contexts/artifact_provenance/dat/lineage-normalizado-manifestos-e-bundle-de-reproducao/** | docs/02-architecture/design-reviews/lineage-normalizado-manifestos-e-bundle-de-reproducao/**,APPLICABLE,PASS,get_artifact_sets_artifactsetid_manifest/post_admin_backups/post_admin_restores_validate/get_admin_retention_policies/patch_admin_retention_policies,NOT_APPLICABLE,PASS,ADR-025,NOT_APPLICABLE,PASS,ADR-010/ADR-011/ADR-012,NOT_APPLICABLE,PASS,,NOT_APPLICABLE,PASS,,PASS,test_checkpoint_compatibility_invalidation_lineage/test_manifest_lineage_reproduction_bundle/test_retention_policy_protected_lineage_hold_dry_run/test_epic_049_contrato,PRODUCT_AND_EVIDENCE,PASS,Manifest/Lineage,evidence/implementation/epic-049/story-0296/ | commit candidato e relatório de testes,PASS,4,AC-ISSUE-0406-01/AC-ISSUE-0406-02/AC-ISSUE-0406-03/AC-ISSUE-0406-04,PASS,Arquiteto/Reviewer,PASS
SPRINT-010,ISSUE-0407,Implementable story,STORY-0297,TASK-0297,EPIC-049,Backend,BC-013,PASS,1,STORY-0296,PASS,src/backend/dsgeorref/contexts/artifact_provenance/application/lineage-normalizado-manifestos-e-bundle-de-reproducao/** | src/backend/dsgeorref/contexts/artifact_provenance/adapters/lineage-normalizado-manifestos-e-bundle-de-reproducao/**,NOT_APPLICABLE,PASS,,APPLICABLE,PASS,ADR-018/ADR-019/ADR-025,NOT_APPLICABLE,PASS,,NOT_APPLICABLE,PASS,ADR-047,APPLICABLE,PASS,ADR-052/ADR-053,PASS,test_backupset_consistency_manifest_external_roots/test_content_addressed_cache_license_retention_lineage_gc/test_persistence_classes_recomputability_lineage_retention_and_resume/test_scientific_reproducibility_record_replay_levels_promotion_matrix_and_retention/test_epic_049_persistencia_roundtrip/test_epic_049_persistencia_recovery,PRODUCT_AND_EVIDENCE,PASS,Manifest/Lineage,evidence/implementation/epic-049/story-0297/ | commit candidato e relatório de testes,PASS,4,AC-ISSUE-0407-01/AC-ISSUE-0407-02/AC-ISSUE-0407-03/AC-ISSUE-0407-04,PASS,Arquiteto/QA/Reviewer,PASS
SPRINT-010,ISSUE-0408,Implementable story,STORY-0298,TASK-0298,EPIC-049,Backend,BC-013,PASS,1,STORY-0296,PASS,src/backend/dsgeorref/contexts/artifact_provenance/application/lineage-normalizado-manifestos-e-bundle-de-reproducao/** | src/backend/dsgeorref/contexts/artifact_provenance/adapters/lineage-normalizado-manifestos-e-bundle-de-reproducao/**,NOT_APPLICABLE,PASS,,APPLICABLE,PASS,ADR-018/ADR-019/ADR-025,NOT_APPLICABLE,PASS,,NOT_APPLICABLE,PASS,,NOT_APPLICABLE,PASS,,PASS,test_epic_049_armazenamento_roundtrip/test_epic_049_armazenamento_recovery,PRODUCT_AND_EVIDENCE,PASS,Manifest/Lineage,evidence/implementation/epic-049/story-0298/ | commit candidato e relatório de testes,PASS,4,AC-ISSUE-0408-01/AC-ISSUE-0408-02/AC-ISSUE-0408-03/AC-ISSUE-0408-04,PASS,Arquiteto/QA/Reviewer,PASS
SPRINT-010,ISSUE-0409,Implementable story,STORY-0299,TASK-0299,EPIC-049,Backend,BC-013,PASS,1,STORY-0296,PASS,src/backend/dsgeorref/contexts/artifact_provenance/application/lineage-normalizado-manifestos-e-bundle-de-reproducao/** | src/backend/dsgeorref/contexts/artifact_provenance/adapters/lineage-normalizado-manifestos-e-bundle-de-reproducao/**,APPLICABLE,PASS,get_artifact_sets_artifactsetid_manifest/post_admin_backups/post_admin_restores_validate/get_admin_retention_policies/patch_admin_retention_policies,APPLICABLE,PASS,ADR-018/ADR-019/ADR-025,NOT_APPLICABLE,PASS,ADR-010/ADR-011/ADR-012,NOT_APPLICABLE,PASS,ADR-048,NOT_APPLICABLE,PASS,,PASS,test_immutable_snapshots_current_view_historical_metrics/test_correctionset_new_attempt_full_sgv_immutable_history/test_epic_049_integracao,PRODUCT_AND_EVIDENCE,PASS,Manifest/Lineage,evidence/implementation/epic-049/story-0299/ | commit candidato e relatório de testes,PASS,4,AC-ISSUE-0409-01/AC-ISSUE-0409-02/AC-ISSUE-0409-03/AC-ISSUE-0409-04,PASS,Arquiteto/QA/Reviewer,PASS
SPRINT-010,ISSUE-0410,Implementable story,STORY-0300,TASK-0300,EPIC-049,Security,BC-013,PASS,3,STORY-0297/STORY-0298/STORY-0299,PASS,src/backend/dsgeorref/contexts/artifact_provenance/adapters/security/lineage-normalizado-manifestos-e-bundle-de-reproducao/** | tests/security/contexts/artifact_provenance/lineage-normalizado-manifestos-e-bundle-de-reproducao/**,NOT_APPLICABLE,PASS,,NOT_APPLICABLE,PASS,ADR-025,NOT_APPLICABLE,PASS,,NOT_APPLICABLE,PASS,,APPLICABLE,PASS,ADR-052/ADR-053,PASS,test_inference_first_no_training_or_weight_mutation_in_jobs/test_epic_049_resiliencia,PRODUCT_AND_EVIDENCE,PASS,Manifest/Lineage,evidence/security/epic-049/story-0300/ | commit candidato e relatório de testes,PASS,4,AC-ISSUE-0410-01/AC-ISSUE-0410-02/AC-ISSUE-0410-03/AC-ISSUE-0410-04,PASS,QA/Reviewer,PASS
SPRINT-010,ISSUE-0411,Implementable story,STORY-0301,TASK-0301,EPIC-049,Reviewer,BC-013,PASS,1,STORY-0300,PASS,evidence/reviews/lineage-normalizado-manifestos-e-bundle-de-reproducao/**,NOT_APPLICABLE,PASS,,NOT_APPLICABLE,PASS,ADR-025,NOT_APPLICABLE,PASS,,NOT_APPLICABLE,PASS,,NOT_APPLICABLE,PASS,,PASS,test_epic_049_aceite_happy_path/test_epic_049_aceite_negative_paths,PRODUCT_AND_EVIDENCE,PASS,Audit/Manifest/Lineage,evidence/reviews/epic-049/story-0301/ | commit candidato e relatório de testes,PASS,4,AC-ISSUE-0411-01/AC-ISSUE-0411-02/AC-ISSUE-0411-03/AC-ISSUE-0411-04,PASS,Reviewer,PASS
SPRINT-010,ISSUE-0489,Implementable story,STORY-0379,TASK-0379,EPIC-061,Arquiteto,BC-013,PASS,3,STORY-0061/STORY-0301/STORY-0364,PASS,contracts/contexts/artifact_provenance/dat/cache-enderecado-por-conteudo-deduplicacao-quotas-rete/** | docs/02-architecture/design-reviews/cache-enderecado-por-conteudo-deduplicacao-quotas-rete/**,APPLICABLE,PASS,get_artifact_sets_artifactsetid_manifest/post_admin_backups/post_admin_restores_validate/get_admin_retention_policies/patch_admin_retention_policies,NOT_APPLICABLE,PASS,,NOT_APPLICABLE,PASS,ADR-010/ADR-011/ADR-012,NOT_APPLICABLE,PASS,,NOT_APPLICABLE,PASS,,PASS,test_provider_policy_manifest_asset_license_record_expiry_attribution_and_fail_closed_acquisition/test_epic_061_contrato,PRODUCT_AND_EVIDENCE,PASS,Lineage,evidence/implementation/epic-061/story-0379/ | commit candidato e relatório de testes,PASS,4,AC-ISSUE-0489-01/AC-ISSUE-0489-02/AC-ISSUE-0489-03/AC-ISSUE-0489-04,PASS,Arquiteto/Reviewer,PASS
SPRINT-010,ISSUE-0490,Implementable story,STORY-0380,TASK-0380,EPIC-061,Backend,BC-013,PASS,1,STORY-0379,PASS,src/backend/dsgeorref/contexts/artifact_provenance/application/cache-enderecado-por-conteudo-deduplicacao-quotas-rete/** | src/backend/dsgeorref/contexts/artifact_provenance/adapters/cache-enderecado-por-conteudo-deduplicacao-quotas-rete/**,NOT_APPLICABLE,PASS,,APPLICABLE,PASS,ADR-018/ADR-019,NOT_APPLICABLE,PASS,,NOT_APPLICABLE,PASS,ADR-047,NOT_APPLICABLE,PASS,,PASS,test_content_addressed_cache_license_retention_lineage_gc/test_epic_061_persistencia_roundtrip/test_epic_061_persistencia_recovery,PRODUCT_AND_EVIDENCE,PASS,Lineage,evidence/implementation/epic-061/story-0380/ | commit candidato e relatório de testes,PASS,4,AC-ISSUE-0490-01/AC-ISSUE-0490-02/AC-ISSUE-0490-03/AC-ISSUE-0490-04,PASS,Arquiteto/QA/Reviewer,PASS
SPRINT-010,ISSUE-0491,Implementable story,STORY-0381,TASK-0381,EPIC-061,Backend,BC-013,PASS,1,STORY-0379,PASS,src/backend/dsgeorref/contexts/artifact_provenance/application/cache-enderecado-por-conteudo-deduplicacao-quotas-rete/** | src/backend/dsgeorref/contexts/artifact_provenance/adapters/cache-enderecado-por-conteudo-deduplicacao-quotas-rete/**,NOT_APPLICABLE,PASS,,APPLICABLE,PASS,ADR-018/ADR-019,NOT_APPLICABLE,PASS,,NOT_APPLICABLE,PASS,,NOT_APPLICABLE,PASS,,PASS,test_epic_061_armazenamento_roundtrip/test_epic_061_armazenamento_recovery,PRODUCT_AND_EVIDENCE,PASS,Lineage,evidence/implementation/epic-061/story-0381/ | commit candidato e relatório de testes,PASS,4,AC-ISSUE-0491-01/AC-ISSUE-0491-02/AC-ISSUE-0491-03/AC-ISSUE-0491-04,PASS,Arquiteto/QA/Reviewer,PASS
SPRINT-010,ISSUE-0492,Implementable story,STORY-0382,TASK-0382,EPIC-061,Backend,BC-013,PASS,1,STORY-0379,PASS,src/backend/dsgeorref/contexts/artifact_provenance/application/cache-enderecado-por-conteudo-deduplicacao-quotas-rete/** | src/backend/dsgeorref/contexts/artifact_provenance/adapters/cache-enderecado-por-conteudo-deduplicacao-quotas-rete/**,APPLICABLE,PASS,get_artifact_sets_artifactsetid_manifest/post_admin_backups/post_admin_restores_validate/get_admin_retention_policies/patch_admin_retention_policies,APPLICABLE,PASS,ADR-018/ADR-019,NOT_APPLICABLE,PASS,ADR-010/ADR-011/ADR-012,NOT_APPLICABLE,PASS,,NOT_APPLICABLE,PASS,,PASS,test_epic_061_integracao,PRODUCT_AND_EVIDENCE,PASS,Lineage,evidence/implementation/epic-061/story-0382/ | commit candidato e relatório de testes,PASS,4,AC-ISSUE-0492-01/AC-ISSUE-0492-02/AC-ISSUE-0492-03/AC-ISSUE-0492-04,PASS,Arquiteto/QA/Reviewer,PASS
SPRINT-010,ISSUE-0493,Implementable story,STORY-0383,TASK-0383,EPIC-061,Security,BC-013,PASS,3,STORY-0380/STORY-0381/STORY-0382,PASS,src/backend/dsgeorref/contexts/artifact_provenance/adapters/security/cache-enderecado-por-conteudo-deduplicacao-quotas-rete/** | tests/security/contexts/artifact_provenance/cache-enderecado-por-conteudo-deduplicacao-quotas-rete/**,NOT_APPLICABLE,PASS,,NOT_APPLICABLE,PASS,,NOT_APPLICABLE,PASS,,NOT_APPLICABLE,PASS,,NOT_APPLICABLE,PASS,,PASS,test_epic_061_resiliencia,PRODUCT_AND_EVIDENCE,PASS,Lineage,evidence/security/epic-061/story-0383/ | commit candidato e relatório de testes,PASS,4,AC-ISSUE-0493-01/AC-ISSUE-0493-02/AC-ISSUE-0493-03/AC-ISSUE-0493-04,PASS,QA/Reviewer,PASS
SPRINT-010,ISSUE-0494,Implementable story,STORY-0384,TASK-0384,EPIC-061,Reviewer,BC-013,PASS,1,STORY-0383,PASS,evidence/reviews/cache-enderecado-por-conteudo-deduplicacao-quotas-rete/**,NOT_APPLICABLE,PASS,,NOT_APPLICABLE,PASS,,NOT_APPLICABLE,PASS,,NOT_APPLICABLE,PASS,,NOT_APPLICABLE,PASS,,PASS,test_epic_061_aceite_happy_path/test_epic_061_aceite_negative_paths,PRODUCT_AND_EVIDENCE,PASS,Audit/Lineage,evidence/reviews/epic-061/story-0384/ | commit candidato e relatório de testes,PASS,4,AC-ISSUE-0494-01/AC-ISSUE-0494-02/AC-ISSUE-0494-03/AC-ISSUE-0494-04,PASS,Reviewer,PASS
SPRINT-010,ISSUE-0549,Implementable story,STORY-0439,TASK-0439,EPIC-070,Arquiteto,BC-012,PASS,3,STORY-0225/STORY-0301/STORY-0390,PASS,contracts/contexts/results_reporting/rep/snapshots-imutaveis-regra-de-resultado-vigente-e-compa/** | docs/02-architecture/design-reviews/snapshots-imutaveis-regra-de-resultado-vigente-e-compa/**,APPLICABLE,PASS,get_jobs_jobid_results/get_attempts_attemptid_diagnostics/get_results_resultid/post_results_resultid_exports/get_exports_exportid/get_results_id_comparisons,NOT_APPLICABLE,PASS,,NOT_APPLICABLE,PASS,ADR-010/ADR-011/ADR-014,NOT_APPLICABLE,PASS,,NOT_APPLICABLE,PASS,,PASS,test_epic_070_contrato,PRODUCT_AND_EVIDENCE,PASS,ResultSnapshot,evidence/implementation/epic-070/story-0439/ | commit candidato e relatório de testes,PASS,4,AC-ISSUE-0549-01/AC-ISSUE-0549-02/AC-ISSUE-0549-03/AC-ISSUE-0549-04,PASS,Arquiteto/Reviewer,PASS
SPRINT-010,ISSUE-0550,Implementable story,STORY-0440,TASK-0440,EPIC-070,Backend,BC-012,PASS,1,STORY-0439,PASS,src/backend/dsgeorref/contexts/results_reporting/application/snapshots-imutaveis-regra-de-resultado-vigente-e-compa/** | src/backend/dsgeorref/contexts/results_reporting/adapters/snapshots-imutaveis-regra-de-resultado-vigente-e-compa/**,NOT_APPLICABLE,PASS,,APPLICABLE,PASS,ADR-018/ADR-019,NOT_APPLICABLE,PASS,,NOT_APPLICABLE,PASS,,NOT_APPLICABLE,PASS,,PASS,test_epic_070_persistencia_roundtrip/test_epic_070_persistencia_recovery,PRODUCT_AND_EVIDENCE,PASS,ResultSnapshot,evidence/implementation/epic-070/story-0440/ | commit candidato e relatório de testes,PASS,4,AC-ISSUE-0550-01/AC-ISSUE-0550-02/AC-ISSUE-0550-03/AC-ISSUE-0550-04,PASS,Arquiteto/QA/Reviewer,PASS
SPRINT-010,ISSUE-0551,Implementable story,STORY-0441,TASK-0441,EPIC-070,Backend,BC-012,PASS,1,STORY-0439,PASS,src/backend/dsgeorref/contexts/results_reporting/application/snapshots-imutaveis-regra-de-resultado-vigente-e-compa/** | src/backend/dsgeorref/contexts/results_reporting/adapters/snapshots-imutaveis-regra-de-resultado-vigente-e-compa/**,NOT_APPLICABLE,PASS,,APPLICABLE,PASS,ADR-018/ADR-019,NOT_APPLICABLE,PASS,,NOT_APPLICABLE,PASS,,NOT_APPLICABLE,PASS,,PASS,test_epic_070_exportacao,PRODUCT_AND_EVIDENCE,PASS,ResultSnapshot,evidence/implementation/epic-070/story-0441/ | commit candidato e relatório de testes,PASS,4,AC-ISSUE-0551-01/AC-ISSUE-0551-02/AC-ISSUE-0551-03/AC-ISSUE-0551-04,PASS,Arquiteto/QA/Reviewer,PASS
SPRINT-010,ISSUE-0552,Implementable story,STORY-0442,TASK-0442,EPIC-070,Frontend,BC-012,PASS,1,STORY-0439,PASS,src/frontend/src/contexts/results_reporting/features/snapshots-imutaveis-regra-de-resultado-vigente-e-compa/**,APPLICABLE,PASS,get_jobs_jobid_results/get_attempts_attemptid_diagnostics/get_results_resultid/post_results_resultid_exports/get_exports_exportid/get_results_id_comparisons,NOT_APPLICABLE,PASS,,APPLICABLE,PASS,ADR-010/ADR-011/ADR-014,NOT_APPLICABLE,PASS,,NOT_APPLICABLE,PASS,,PASS,test_epic_070_superficie,PRODUCT_AND_EVIDENCE,PASS,ResultSnapshot,evidence/implementation/epic-070/story-0442/ | commit candidato e relatório de testes,PASS,4,AC-ISSUE-0552-01/AC-ISSUE-0552-02/AC-ISSUE-0552-03/AC-ISSUE-0552-04,PASS,Arquiteto/QA/Reviewer,PASS
SPRINT-010,ISSUE-0553,Implementable story,STORY-0443,TASK-0443,EPIC-070,QA,BC-012,PASS,3,STORY-0440/STORY-0441/STORY-0442,PASS,tests/rep/snapshots-imutaveis-regra-de-resultado-vigente-e-compa/** | tools/quality/contexts/results_reporting/snapshots-imutaveis-regra-de-resultado-vigente-e-compa/** | .github/workflows/snapshots-imutaveis-regra-de-resultado-vigente-e-compa.yaml,NOT_APPLICABLE,PASS,,NOT_APPLICABLE,PASS,,NOT_APPLICABLE,PASS,,NOT_APPLICABLE,PASS,,NOT_APPLICABLE,PASS,,PASS,test_epic_070_escala,PRODUCT_AND_EVIDENCE,PASS,ResultSnapshot,evidence/qa/epic-070/story-0443/ | commit candidato e relatório de testes,PASS,4,AC-ISSUE-0553-01/AC-ISSUE-0553-02/AC-ISSUE-0553-03/AC-ISSUE-0553-04,PASS,QA/Reviewer,PASS
SPRINT-010,ISSUE-0554,Implementable story,STORY-0444,TASK-0444,EPIC-070,Reviewer,BC-012,PASS,1,STORY-0443,PASS,evidence/reviews/snapshots-imutaveis-regra-de-resultado-vigente-e-compa/**,NOT_APPLICABLE,PASS,,NOT_APPLICABLE,PASS,,NOT_APPLICABLE,PASS,,NOT_APPLICABLE,PASS,,NOT_APPLICABLE,PASS,,PASS,test_epic_070_aceite_happy_path/test_epic_070_aceite_negative_paths,PRODUCT_AND_EVIDENCE,PASS,Audit/Lineage/ResultSnapshot,evidence/reviews/epic-070/story-0444/ | commit candidato e relatório de testes,PASS,4,AC-ISSUE-0554-01/AC-ISSUE-0554-02/AC-ISSUE-0554-03/AC-ISSUE-0554-04,PASS,Reviewer,PASS
SPRINT-010,ISSUE-0764,Implementable story,STORY-0654,TASK-0654,EPIC-105,Arquiteto,BC-013,PASS,0,,PASS,contracts/contexts/artifact_provenance/dat/registry-de-schemas-e-compatibilidade-de-artifacts/** | docs/02-architecture/design-reviews/registry-de-schemas-e-compatibilidade-de-artifacts/**,APPLICABLE,PASS,get_artifact_sets_artifactsetid_manifest/post_admin_backups/post_admin_restores_validate/get_admin_retention_policies/patch_admin_retention_policies,NOT_APPLICABLE,PASS,,NOT_APPLICABLE,PASS,ADR-010/ADR-011,NOT_APPLICABLE,PASS,,APPLICABLE,PASS,ADR-053,PASS,test_versioned_schema_registry_reader_writer_compatibility_window_and_unknown_major_rejection/test_phase_aware_recovery_writer_blocking_forward_fix_compatible_rollback_and_validated_restore/test_epic_105_contrato,PRODUCT_AND_EVIDENCE,PASS,,evidence/implementation/epic-105/story-0654/ | commit candidato e relatório de testes,PASS,4,AC-ISSUE-0764-01/AC-ISSUE-0764-02/AC-ISSUE-0764-03/AC-ISSUE-0764-04,PASS,Arquiteto/Reviewer,PASS
SPRINT-010,ISSUE-0765,Implementable story,STORY-0655,TASK-0655,EPIC-105,Backend,BC-013,PASS,1,STORY-0654,PASS,src/backend/dsgeorref/contexts/artifact_provenance/application/registry-de-schemas-e-compatibilidade-de-artifacts/** | src/backend/dsgeorref/contexts/artifact_provenance/adapters/registry-de-schemas-e-compatibilidade-de-artifacts/**,NOT_APPLICABLE,PASS,,APPLICABLE,PASS,ADR-018/ADR-019,NOT_APPLICABLE,PASS,,NOT_APPLICABLE,PASS,,APPLICABLE,PASS,ADR-053,PASS,test_immutable_artifact_read_adapters_lineage_preserving_rematerialization_and_supersession/test_epic_105_persistencia_roundtrip/test_epic_105_persistencia_recovery,PRODUCT_AND_EVIDENCE,PASS,,evidence/implementation/epic-105/story-0655/ | commit candidato e relatório de testes,PASS,4,AC-ISSUE-0765-01/AC-ISSUE-0765-02/AC-ISSUE-0765-03/AC-ISSUE-0765-04,PASS,Arquiteto/QA/Reviewer,PASS
SPRINT-010,ISSUE-0766,Implementable story,STORY-0656,TASK-0656,EPIC-105,Backend,BC-013,PASS,1,STORY-0654,PASS,src/backend/dsgeorref/contexts/artifact_provenance/application/registry-de-schemas-e-compatibilidade-de-artifacts/** | src/backend/dsgeorref/contexts/artifact_provenance/adapters/registry-de-schemas-e-compatibilidade-de-artifacts/**,NOT_APPLICABLE,PASS,,APPLICABLE,PASS,ADR-018/ADR-019,NOT_APPLICABLE,PASS,,NOT_APPLICABLE,PASS,,NOT_APPLICABLE,PASS,,PASS,test_epic_105_armazenamento_roundtrip/test_epic_105_armazenamento_recovery,PRODUCT_AND_EVIDENCE,PASS,,evidence/implementation/epic-105/story-0656/ | commit candidato e relatório de testes,PASS,4,AC-ISSUE-0766-01/AC-ISSUE-0766-02/AC-ISSUE-0766-03/AC-ISSUE-0766-04,PASS,Arquiteto/QA/Reviewer,PASS
SPRINT-010,ISSUE-0767,Implementable story,STORY-0657,TASK-0657,EPIC-105,Backend,BC-013,PASS,1,STORY-0654,PASS,src/backend/dsgeorref/contexts/artifact_provenance/application/registry-de-schemas-e-compatibilidade-de-artifacts/** | src/backend/dsgeorref/contexts/artifact_provenance/adapters/registry-de-schemas-e-compatibilidade-de-artifacts/**,APPLICABLE,PASS,get_artifact_sets_artifactsetid_manifest/post_admin_backups/post_admin_restores_validate/get_admin_retention_policies/patch_admin_retention_policies,APPLICABLE,PASS,ADR-018/ADR-019,NOT_APPLICABLE,PASS,ADR-010/ADR-011,NOT_APPLICABLE,PASS,,NOT_APPLICABLE,PASS,,PASS,test_epic_105_integracao,PRODUCT_AND_EVIDENCE,PASS,,evidence/implementation/epic-105/story-0657/ | commit candidato e relatório de testes,PASS,4,AC-ISSUE-0767-01/AC-ISSUE-0767-02/AC-ISSUE-0767-03/AC-ISSUE-0767-04,PASS,Arquiteto/QA/Reviewer,PASS
SPRINT-010,ISSUE-0768,Implementable story,STORY-0658,TASK-0658,EPIC-105,Security,BC-013,PASS,3,STORY-0655/STORY-0656/STORY-0657,PASS,src/backend/dsgeorref/contexts/artifact_provenance/adapters/security/registry-de-schemas-e-compatibilidade-de-artifacts/** | tests/security/contexts/artifact_provenance/registry-de-schemas-e-compatibilidade-de-artifacts/**,NOT_APPLICABLE,PASS,,NOT_APPLICABLE,PASS,,NOT_APPLICABLE,PASS,,NOT_APPLICABLE,PASS,,NOT_APPLICABLE,PASS,,PASS,test_phased_rollout_limited_mixed_version_window_drain_and_long_job_pinning/test_epic_105_resiliencia,PRODUCT_AND_EVIDENCE,PASS,,evidence/security/epic-105/story-0658/ | commit candidato e relatório de testes,PASS,4,AC-ISSUE-0768-01/AC-ISSUE-0768-02/AC-ISSUE-0768-03/AC-ISSUE-0768-04,PASS,QA/Reviewer,PASS
SPRINT-010,ISSUE-0769,Implementable story,STORY-0659,TASK-0659,EPIC-105,Reviewer,BC-013,PASS,1,STORY-0658,PASS,evidence/reviews/registry-de-schemas-e-compatibilidade-de-artifacts/**,NOT_APPLICABLE,PASS,,NOT_APPLICABLE,PASS,,NOT_APPLICABLE,PASS,,NOT_APPLICABLE,PASS,,NOT_APPLICABLE,PASS,,PASS,test_epic_105_aceite_happy_path/test_epic_105_aceite_negative_paths,PRODUCT_AND_EVIDENCE,PASS,Audit,evidence/reviews/epic-105/story-0659/ | commit candidato e relatório de testes,PASS,4,AC-ISSUE-0769-01/AC-ISSUE-0769-02/AC-ISSUE-0769-03/AC-ISSUE-0769-04,PASS,Reviewer,PASS
SPRINT-010,ISSUE-0853,Implementable story,STORY-0743,TASK-0743,EPIC-037,Backend,BC-012,PASS,1,STORY-0220,PASS,src/backend/dsgeorref/contexts/results_reporting/application/persistencia-e-exportacao-escalavel-de-resultados-por/bex-epic-msk-parte-1/** | src/backend/dsgeorref/contexts/results_reporting/adapters/persistencia-e-exportacao-escalavel-de-resultados-por/bex-epic-msk-parte-1/**,NOT_APPLICABLE,PASS,,APPLICABLE,PASS,ADR-018/ADR-019/ADR-025,NOT_APPLICABLE,PASS,ADR-012,NOT_APPLICABLE,PASS,ADR-050,NOT_APPLICABLE,PASS,,PASS,test_batch_execution_decision_02/test_batch_execution_decision_04/test_batch_execution_decision_06/test_batch_execution_decision_07/test_batch_execution_decision_08/test_batch_execution_decision_09/test_batch_execution_decision_10/test_immutable_snapshots_current_view_historical_metrics/test_marginal_metadata_pixels_preserved_and_classified/test_relative_mosaic_report_snapshots_current_view_and_history,PRODUCT_AND_EVIDENCE,PASS,Manifest/ResultSnapshot,evidence/implementation/persistencia-e-exportacao-escalavel-de-resultados/bex-epic-msk-parte-1/ | commit candidato e relatório de testes,PASS,4,AC-ISSUE-0853-01/AC-ISSUE-0853-02/AC-ISSUE-0853-03/AC-ISSUE-0853-04,PASS,Arquiteto/QA/Reviewer,PASS
SPRINT-010,ISSUE-0854,Implementable story,STORY-0744,TASK-0744,EPIC-037,Backend,BC-012,PASS,1,STORY-0220,PASS,src/backend/dsgeorref/contexts/results_reporting/application/persistencia-e-exportacao-escalavel-de-resultados-por/scl-scm-sdr-parte-2/** | src/backend/dsgeorref/contexts/results_reporting/adapters/persistencia-e-exportacao-escalavel-de-resultados-por/scl-scm-sdr-parte-2/**,NOT_APPLICABLE,PASS,,APPLICABLE,PASS,ADR-018/ADR-019/ADR-025,NOT_APPLICABLE,PASS,,NOT_APPLICABLE,PASS,,APPLICABLE,PASS,ADR-053,PASS,test_server_pagination_filter_stream_export/test_immutable_artifact_read_adapters_lineage_preserving_rematerialization_and_supersession/test_scientific_reproducibility_record_replay_levels_promotion_matrix_and_retention/test_invariant_equivalence_divergence_classification_and_first_causal_event,PRODUCT_AND_EVIDENCE,PASS,Manifest/ResultSnapshot,evidence/implementation/persistencia-e-exportacao-escalavel-de-resultados/scl-scm-sdr-parte-2/ | commit candidato e relatório de testes,PASS,4,AC-ISSUE-0854-01/AC-ISSUE-0854-02/AC-ISSUE-0854-03/AC-ISSUE-0854-04,PASS,Arquiteto/QA/Reviewer,PASS
SPRINT-011,ISSUE-0039,Epic delivery envelope,,,EPIC-039,DevOps,BC-014,PASS,1,,PASS,8 TaskEnvelopes filhos,APPLICABLE,PASS,48,NOT_APPLICABLE,PASS,,NOT_APPLICABLE,PASS,,NOT_APPLICABLE,PASS,,APPLICABLE,PASS,,PASS,33 testes declarados,PRODUCT_AND_EVIDENCE,PASS,,8 evidence scopes,PASS,32,AC-ISSUE-0039-01/AC-ISSUE-0039-02/AC-ISSUE-0039-03/AC-ISSUE-0039-04/AC-ISSUE-0039-05/AC-ISSUE-0039-06,PASS,Arquiteto/QA/Reviewer,PASS
SPRINT-011,ISSUE-0040,Epic delivery envelope,,,EPIC-040,DevOps,BC-014,PASS,1,,PASS,6 TaskEnvelopes filhos,APPLICABLE,PASS,6,NOT_APPLICABLE,PASS,,NOT_APPLICABLE,PASS,,NOT_APPLICABLE,PASS,,APPLICABLE,PASS,,PASS,18 testes declarados,EVIDENCE_ONLY,PASS,,6 evidence scopes,PASS,24,AC-ISSUE-0040-01/AC-ISSUE-0040-02/AC-ISSUE-0040-03/AC-ISSUE-0040-04/AC-ISSUE-0040-05/AC-ISSUE-0040-06,PASS,Arquiteto/QA/Reviewer,PASS
SPRINT-011,ISSUE-0071,Epic delivery envelope,,,EPIC-071,Backend,BC-013,PASS,1,,PASS,6 TaskEnvelopes filhos,APPLICABLE,PASS,10,APPLICABLE,PASS,,NOT_APPLICABLE,PASS,,NOT_APPLICABLE,PASS,,NOT_APPLICABLE,PASS,,PASS,13 testes declarados,PRODUCT_AND_EVIDENCE,PASS,,6 evidence scopes,PASS,24,AC-ISSUE-0071-01/AC-ISSUE-0071-02/AC-ISSUE-0071-03/AC-ISSUE-0071-04/AC-ISSUE-0071-05/AC-ISSUE-0071-06,PASS,Arquiteto/QA/Reviewer,PASS
SPRINT-011,ISSUE-0072,Epic delivery envelope,,,EPIC-072,DevOps,BC-014,PASS,1,,PASS,6 TaskEnvelopes filhos,APPLICABLE,PASS,36,APPLICABLE,PASS,,NOT_APPLICABLE,PASS,,NOT_APPLICABLE,PASS,,NOT_APPLICABLE,PASS,,PASS,14 testes declarados,PRODUCT_AND_EVIDENCE,PASS,,6 evidence scopes,PASS,24,AC-ISSUE-0072-01/AC-ISSUE-0072-02/AC-ISSUE-0072-03/AC-ISSUE-0072-04/AC-ISSUE-0072-05/AC-ISSUE-0072-06,PASS,Arquiteto/QA/Reviewer,PASS
SPRINT-011,ISSUE-0073,Epic delivery envelope,,,EPIC-073,Backend,BC-013,PASS,1,,PASS,6 TaskEnvelopes filhos,APPLICABLE,PASS,30,APPLICABLE,PASS,,NOT_APPLICABLE,PASS,,NOT_APPLICABLE,PASS,,APPLICABLE,PASS,,PASS,12 testes declarados,PRODUCT_AND_EVIDENCE,PASS,,6 evidence scopes,PASS,24,AC-ISSUE-0073-01/AC-ISSUE-0073-02/AC-ISSUE-0073-03/AC-ISSUE-0073-04/AC-ISSUE-0073-05/AC-ISSUE-0073-06,PASS,Arquiteto/QA/Reviewer,PASS
SPRINT-011,ISSUE-0074,Epic delivery envelope,,,EPIC-074,Backend,BC-013,PASS,1,,PASS,6 TaskEnvelopes filhos,APPLICABLE,PASS,10,APPLICABLE,PASS,,NOT_APPLICABLE,PASS,,NOT_APPLICABLE,PASS,,NOT_APPLICABLE,PASS,,PASS,10 testes declarados,PRODUCT_AND_EVIDENCE,PASS,,6 evidence scopes,PASS,24,AC-ISSUE-0074-01/AC-ISSUE-0074-02/AC-ISSUE-0074-03/AC-ISSUE-0074-04/AC-ISSUE-0074-05/AC-ISSUE-0074-06,PASS,Arquiteto/QA/Reviewer,PASS
SPRINT-011,ISSUE-0075,Epic delivery envelope,,,EPIC-075,DevOps,BC-014,PASS,1,,PASS,6 TaskEnvelopes filhos,APPLICABLE,PASS,6,NOT_APPLICABLE,PASS,,NOT_APPLICABLE,PASS,,NOT_APPLICABLE,PASS,,NOT_APPLICABLE,PASS,,PASS,14 testes declarados,EVIDENCE_ONLY,PASS,,6 evidence scopes,PASS,24,AC-ISSUE-0075-01/AC-ISSUE-0075-02/AC-ISSUE-0075-03/AC-ISSUE-0075-04/AC-ISSUE-0075-05/AC-ISSUE-0075-06,PASS,Arquiteto/QA/Reviewer,PASS
SPRINT-011,ISSUE-0076,Epic delivery envelope,,,EPIC-076,Security,BC-014,PASS,1,,PASS,6 TaskEnvelopes filhos,APPLICABLE,PASS,6,APPLICABLE,PASS,,NOT_APPLICABLE,PASS,,NOT_APPLICABLE,PASS,,APPLICABLE,PASS,,PASS,12 testes declarados,EVIDENCE_ONLY,PASS,,6 evidence scopes,PASS,24,AC-ISSUE-0076-01/AC-ISSUE-0076-02/AC-ISSUE-0076-03/AC-ISSUE-0076-04/AC-ISSUE-0076-05/AC-ISSUE-0076-06,PASS,Arquiteto/QA/Reviewer,PASS
SPRINT-011,ISSUE-0077,Epic delivery envelope,,,EPIC-077,DevOps,BC-014,PASS,1,,PASS,6 TaskEnvelopes filhos,APPLICABLE,PASS,6,NOT_APPLICABLE,PASS,,NOT_APPLICABLE,PASS,,NOT_APPLICABLE,PASS,,NOT_APPLICABLE,PASS,,PASS,10 testes declarados,EVIDENCE_ONLY,PASS,,6 evidence scopes,PASS,24,AC-ISSUE-0077-01/AC-ISSUE-0077-02/AC-ISSUE-0077-03/AC-ISSUE-0077-04/AC-ISSUE-0077-05/AC-ISSUE-0077-06,PASS,Arquiteto/QA/Reviewer,PASS
SPRINT-011,ISSUE-0078,Epic delivery envelope,,,EPIC-078,Security,BC-014,PASS,1,,PASS,6 TaskEnvelopes filhos,APPLICABLE,PASS,6,APPLICABLE,PASS,,NOT_APPLICABLE,PASS,,NOT_APPLICABLE,PASS,,NOT_APPLICABLE,PASS,,PASS,13 testes declarados,PRODUCT_AND_EVIDENCE,PASS,,6 evidence scopes,PASS,24,AC-ISSUE-0078-01/AC-ISSUE-0078-02/AC-ISSUE-0078-03/AC-ISSUE-0078-04/AC-ISSUE-0078-05/AC-ISSUE-0078-06,PASS,Arquiteto/QA/Reviewer,PASS
SPRINT-011,ISSUE-0079,Epic delivery envelope,,,EPIC-079,DevOps,BC-014,PASS,1,,PASS,6 TaskEnvelopes filhos,APPLICABLE,PASS,6,NOT_APPLICABLE,PASS,,NOT_APPLICABLE,PASS,,NOT_APPLICABLE,PASS,,NOT_APPLICABLE,PASS,,PASS,10 testes declarados,EVIDENCE_ONLY,PASS,,6 evidence scopes,PASS,24,AC-ISSUE-0079-01/AC-ISSUE-0079-02/AC-ISSUE-0079-03/AC-ISSUE-0079-04/AC-ISSUE-0079-05/AC-ISSUE-0079-06,PASS,Arquiteto/QA/Reviewer,PASS
SPRINT-011,ISSUE-0080,Epic delivery envelope,,,EPIC-080,Security,BC-015,PASS,1,,PASS,6 TaskEnvelopes filhos,APPLICABLE,PASS,3,APPLICABLE,PASS,,NOT_APPLICABLE,PASS,,NOT_APPLICABLE,PASS,,APPLICABLE,PASS,,PASS,12 testes declarados,PRODUCT_AND_EVIDENCE,PASS,,6 evidence scopes,PASS,24,AC-ISSUE-0080-01/AC-ISSUE-0080-02/AC-ISSUE-0080-03/AC-ISSUE-0080-04/AC-ISSUE-0080-05/AC-ISSUE-0080-06,PASS,Arquiteto/QA/Reviewer,PASS
SPRINT-011,ISSUE-0083,Epic delivery envelope,,,EPIC-083,DevOps,BC-014,PASS,1,,PASS,6 TaskEnvelopes filhos,APPLICABLE,PASS,36,NOT_APPLICABLE,PASS,,NOT_APPLICABLE,PASS,,NOT_APPLICABLE,PASS,,APPLICABLE,PASS,,PASS,10 testes declarados,EVIDENCE_ONLY,PASS,,6 evidence scopes,PASS,24,AC-ISSUE-0083-01/AC-ISSUE-0083-02/AC-ISSUE-0083-03/AC-ISSUE-0083-04/AC-ISSUE-0083-05/AC-ISSUE-0083-06,PASS,Arquiteto/QA/Reviewer,PASS
SPRINT-011,ISSUE-0088,Epic delivery envelope,,,EPIC-088,IA,BC-009,PASS,1,,PASS,4 TaskEnvelopes filhos,NOT_APPLICABLE,PASS,0,NOT_APPLICABLE,PASS,,NOT_APPLICABLE,PASS,,NOT_APPLICABLE,PASS,,APPLICABLE,PASS,,PASS,7 testes declarados,PRODUCT_AND_EVIDENCE,PASS,,4 evidence scopes,PASS,16,AC-ISSUE-0088-01/AC-ISSUE-0088-02/AC-ISSUE-0088-03/AC-ISSUE-0088-04/AC-ISSUE-0088-05/AC-ISSUE-0088-06,PASS,Arquiteto/QA/Reviewer,PASS
SPRINT-011,ISSUE-0342,Implementable story,STORY-0232,TASK-0232,EPIC-039,DevOps,BC-014,PASS,5,STORY-0025/STORY-0081/STORY-0109/STORY-0424/STORY-0515,PASS,tests/ops/contexts/operations_audit/instrumentacao-opentelemetry-correlation-ids-metricas/** | tools/quality/contexts/operations_audit/instrumentacao-opentelemetry-correlation-ids-metricas/** | .github/workflows/instrumentacao-opentelemetry-correlation-ids-metricas.yaml,APPLICABLE,PASS,get_admin_health/get_admin_readiness/get_admin_resources/post_admin_drain/get_admin_audit/post_admin_support_bundles,NOT_APPLICABLE,PASS,,NOT_APPLICABLE,PASS,ADR-010/ADR-011/ADR-012,NOT_APPLICABLE,PASS,,APPLICABLE,PASS,ADR-017/ADR-051/ADR-052/ADR-053,PASS,test_ai_escalation_decision_01/test_ai_escalation_decision_05/test_opentelemetry_context_propagation_exporter_outage/test_runtime_decision_10/test_epic_039_contrato,EVIDENCE_ONLY,PASS,,evidence/operations/epic-039/story-0232/ | commit candidato e relatório de testes,PASS,4,AC-ISSUE-0342-01/AC-ISSUE-0342-02/AC-ISSUE-0342-03/AC-ISSUE-0342-04,PASS,Arquiteto/QA/Reviewer,PASS
SPRINT-011,ISSUE-0343,Implementable story,STORY-0233,TASK-0233,EPIC-039,DevOps,BC-014,PASS,2,STORY-0745/STORY-0746,PASS,tests/ops/contexts/operations_audit/instrumentacao-opentelemetry-correlation-ids-metricas/consolidacao/** | tools/quality/contexts/operations_audit/instrumentacao-opentelemetry-correlation-ids-metricas/consolidacao/** | .github/workflows/instrumentacao-opentelemetry-correlation-ids-metricas-consolidacao.yaml,APPLICABLE,PASS,get_admin_health/get_admin_readiness/get_admin_resources/post_admin_drain/get_admin_audit/post_admin_support_bundles,NOT_APPLICABLE,PASS,,NOT_APPLICABLE,PASS,ADR-010/ADR-011/ADR-012,NOT_APPLICABLE,PASS,,NOT_APPLICABLE,PASS,,PASS,test_story_0233_slice_consolidation,EVIDENCE_ONLY,PASS,,evidence/operations/epic-039/story-0233/ | commit candidato e relatório de testes,PASS,4,AC-ISSUE-0343-01/AC-ISSUE-0343-02/AC-ISSUE-0343-03/AC-ISSUE-0343-04,PASS,Arquiteto/QA/Reviewer,PASS
SPRINT-011,ISSUE-0344,Implementable story,STORY-0234,TASK-0234,EPIC-039,DevOps,BC-014,PASS,1,STORY-0232,PASS,tests/ops/contexts/operations_audit/instrumentacao-opentelemetry-correlation-ids-metricas/** | tools/quality/contexts/operations_audit/instrumentacao-opentelemetry-correlation-ids-metricas/** | .github/workflows/instrumentacao-opentelemetry-correlation-ids-metricas.yaml,APPLICABLE,PASS,get_admin_health/get_admin_readiness/get_admin_resources/post_admin_drain/get_admin_audit/post_admin_support_bundles,NOT_APPLICABLE,PASS,ADR-018/ADR-020,NOT_APPLICABLE,PASS,ADR-010/ADR-011/ADR-012,NOT_APPLICABLE,PASS,,NOT_APPLICABLE,PASS,,PASS,test_cooperative_cancel_containment_no_partial_publish/telemetry_contract/test_req_worker_002/test_req_worker_004/test_epic_039_observabilidade,EVIDENCE_ONLY,PASS,,evidence/operations/epic-039/story-0234/ | commit candidato e relatório de testes,PASS,4,AC-ISSUE-0344-01/AC-ISSUE-0344-02/AC-ISSUE-0344-03/AC-ISSUE-0344-04,PASS,Arquiteto/QA/Reviewer,PASS
SPRINT-011,ISSUE-0345,Implementable story,STORY-0235,TASK-0235,EPIC-039,QA,BC-014,PASS,1,STORY-0232,PASS,tests/ops/contexts/operations_audit/instrumentacao-opentelemetry-correlation-ids-metricas/** | tools/quality/contexts/operations_audit/instrumentacao-opentelemetry-correlation-ids-metricas/** | .github/workflows/instrumentacao-opentelemetry-correlation-ids-metricas.yaml,APPLICABLE,PASS,get_admin_health/get_admin_readiness/get_admin_resources/post_admin_drain/get_admin_audit/post_admin_support_bundles,NOT_APPLICABLE,PASS,,NOT_APPLICABLE,PASS,ADR-010/ADR-011/ADR-012,NOT_APPLICABLE,PASS,,NOT_APPLICABLE,PASS,,PASS,test_epic_039_falhas_happy_path/test_epic_039_falhas_negative_paths,EVIDENCE_ONLY,PASS,,evidence/qa/epic-039/story-0235/ | commit candidato e relatório de testes,PASS,4,AC-ISSUE-0345-01/AC-ISSUE-0345-02/AC-ISSUE-0345-03/AC-ISSUE-0345-04,PASS,QA/Reviewer,PASS
SPRINT-011,ISSUE-0346,Implementable story,STORY-0236,TASK-0236,EPIC-039,Security,BC-014,PASS,3,STORY-0233/STORY-0234/STORY-0235,PASS,src/backend/dsgeorref/contexts/operations_audit/adapters/security/instrumentacao-opentelemetry-correlation-ids-metricas/** | tests/security/contexts/operations_audit/instrumentacao-opentelemetry-correlation-ids-metricas/**,APPLICABLE,PASS,get_admin_health/get_admin_readiness/get_admin_resources/post_admin_drain/get_admin_audit/post_admin_support_bundles,NOT_APPLICABLE,PASS,,NOT_APPLICABLE,PASS,ADR-010/ADR-011/ADR-012,NOT_APPLICABLE,PASS,,NOT_APPLICABLE,PASS,,PASS,test_log_redaction_and_support_bundle_fail_closed/test_runtime_decision_9/test_epic_039_seguranca_happy_path/test_epic_039_seguranca_negative_paths,EVIDENCE_ONLY,PASS,,evidence/security/epic-039/story-0236/ | commit candidato e relatório de testes,PASS,4,AC-ISSUE-0346-01/AC-ISSUE-0346-02/AC-ISSUE-0346-03/AC-ISSUE-0346-04,PASS,Arquiteto/QA/Reviewer,PASS
SPRINT-011,ISSUE-0347,Implementable story,STORY-0237,TASK-0237,EPIC-039,Reviewer,BC-014,PASS,1,STORY-0236,PASS,evidence/reviews/instrumentacao-opentelemetry-correlation-ids-metricas/**,APPLICABLE,PASS,get_admin_health/get_admin_readiness/get_admin_resources/post_admin_drain/get_admin_audit/post_admin_support_bundles,NOT_APPLICABLE,PASS,,NOT_APPLICABLE,PASS,ADR-010/ADR-011/ADR-012,NOT_APPLICABLE,PASS,,NOT_APPLICABLE,PASS,,PASS,test_epic_039_aceite_happy_path/test_epic_039_aceite_negative_paths,EVIDENCE_ONLY,PASS,Audit,evidence/reviews/epic-039/story-0237/ | commit candidato e relatório de testes,PASS,4,AC-ISSUE-0347-01/AC-ISSUE-0347-02/AC-ISSUE-0347-03/AC-ISSUE-0347-04,PASS,Reviewer,PASS
SPRINT-011,ISSUE-0348,Implementable story,STORY-0238,TASK-0238,EPIC-040,DevOps,BC-014,PASS,4,STORY-0142/STORY-0237/STORY-0431/STORY-0438,PASS,tests/ops/contexts/operations_audit/benchmark-limites-e-orcamento-de-recursos/** | tools/quality/contexts/operations_audit/benchmark-limites-e-orcamento-de-recursos/** | .github/workflows/benchmark-limites-e-orcamento-de-recursos.yaml,APPLICABLE,PASS,get_admin_health/get_admin_readiness/get_admin_resources/post_admin_drain/get_admin_audit/post_admin_support_bundles,NOT_APPLICABLE,PASS,,NOT_APPLICABLE,PASS,ADR-010/ADR-011/ADR-012,NOT_APPLICABLE,PASS,ADR-042,NOT_APPLICABLE,PASS,,PASS,test_native_resolution_policy_resampling_ratio/test_policy_quotas_reservations_circuit_breakers_containment_and_effective_priority_audit/test_epic_040_contrato,EVIDENCE_ONLY,PASS,,evidence/operations/epic-040/story-0238/ | commit candidato e relatório de testes,PASS,4,AC-ISSUE-0348-01/AC-ISSUE-0348-02/AC-ISSUE-0348-03/AC-ISSUE-0348-04,PASS,Arquiteto/QA/Reviewer,PASS
SPRINT-011,ISSUE-0349,Implementable story,STORY-0239,TASK-0239,EPIC-040,DevOps,BC-014,PASS,1,STORY-0238,PASS,tests/ops/contexts/operations_audit/benchmark-limites-e-orcamento-de-recursos/** | tools/quality/contexts/operations_audit/benchmark-limites-e-orcamento-de-recursos/** | .github/workflows/benchmark-limites-e-orcamento-de-recursos.yaml,NOT_APPLICABLE,PASS,,NOT_APPLICABLE,PASS,,NOT_APPLICABLE,PASS,,NOT_APPLICABLE,PASS,,APPLICABLE,PASS,ADR-053,PASS,test_req_nfr_001/test_relative_mosaic_resource_preflight_budgets_admission_and_no_quality_relaxation/test_batches_40_100_300_memory_checkpoint_backpressure/test_epic_040_implementacao,EVIDENCE_ONLY,PASS,,evidence/operations/epic-040/story-0239/ | commit candidato e relatório de testes,PASS,4,AC-ISSUE-0349-01/AC-ISSUE-0349-02/AC-ISSUE-0349-03/AC-ISSUE-0349-04,PASS,QA/Reviewer,PASS
SPRINT-011,ISSUE-0350,Implementable story,STORY-0240,TASK-0240,EPIC-040,DevOps,BC-014,PASS,1,STORY-0238,PASS,tests/ops/contexts/operations_audit/benchmark-limites-e-orcamento-de-recursos/** | tools/quality/contexts/operations_audit/benchmark-limites-e-orcamento-de-recursos/** | .github/workflows/benchmark-limites-e-orcamento-de-recursos.yaml,NOT_APPLICABLE,PASS,,NOT_APPLICABLE,PASS,,NOT_APPLICABLE,PASS,ADR-012,NOT_APPLICABLE,PASS,,NOT_APPLICABLE,PASS,,PASS,test_resource_governor_admission_pressure_adaptation/test_scheduler_low_cardinality_metrics_correlated_event_ledger_and_timeline/test_class_slos_wait_starvation_stalled_jobs_gpu_lease_and_breaker_recovery_alerts/test_epic_040_observabilidade,EVIDENCE_ONLY,PASS,,evidence/operations/epic-040/story-0240/ | commit candidato e relatório de testes,PASS,4,AC-ISSUE-0350-01/AC-ISSUE-0350-02/AC-ISSUE-0350-03/AC-ISSUE-0350-04,PASS,QA/Reviewer,PASS
SPRINT-011,ISSUE-0351,Implementable story,STORY-0241,TASK-0241,EPIC-040,QA,BC-014,PASS,1,STORY-0238,PASS,tests/ops/contexts/operations_audit/benchmark-limites-e-orcamento-de-recursos/** | tools/quality/contexts/operations_audit/benchmark-limites-e-orcamento-de-recursos/** | .github/workflows/benchmark-limites-e-orcamento-de-recursos.yaml,NOT_APPLICABLE,PASS,,NOT_APPLICABLE,PASS,,NOT_APPLICABLE,PASS,,NOT_APPLICABLE,PASS,,NOT_APPLICABLE,PASS,,PASS,test_epic_040_falhas_happy_path/test_epic_040_falhas_negative_paths,EVIDENCE_ONLY,PASS,,evidence/qa/epic-040/story-0241/ | commit candidato e relatório de testes,PASS,4,AC-ISSUE-0351-01/AC-ISSUE-0351-02/AC-ISSUE-0351-03/AC-ISSUE-0351-04,PASS,QA/Reviewer,PASS
SPRINT-011,ISSUE-0352,Implementable story,STORY-0242,TASK-0242,EPIC-040,Security,BC-014,PASS,3,STORY-0239/STORY-0240/STORY-0241,PASS,src/backend/dsgeorref/contexts/operations_audit/adapters/security/benchmark-limites-e-orcamento-de-recursos/** | tests/security/contexts/operations_audit/benchmark-limites-e-orcamento-de-recursos/**,NOT_APPLICABLE,PASS,,NOT_APPLICABLE,PASS,,NOT_APPLICABLE,PASS,,NOT_APPLICABLE,PASS,,APPLICABLE,PASS,ADR-053,PASS,test_scheduler_execution_snapshot_selective_immutable_redacted_and_versioned/test_epic_040_seguranca_happy_path/test_epic_040_seguranca_negative_paths,EVIDENCE_ONLY,PASS,,evidence/security/epic-040/story-0242/ | commit candidato e relatório de testes,PASS,4,AC-ISSUE-0352-01/AC-ISSUE-0352-02/AC-ISSUE-0352-03/AC-ISSUE-0352-04,PASS,QA/Reviewer,PASS
SPRINT-011,ISSUE-0353,Implementable story,STORY-0243,TASK-0243,EPIC-040,Reviewer,BC-014,PASS,1,STORY-0242,PASS,evidence/reviews/benchmark-limites-e-orcamento-de-recursos/**,NOT_APPLICABLE,PASS,,NOT_APPLICABLE,PASS,,NOT_APPLICABLE,PASS,,NOT_APPLICABLE,PASS,,NOT_APPLICABLE,PASS,,PASS,test_epic_040_aceite_happy_path/test_epic_040_aceite_negative_paths,EVIDENCE_ONLY,PASS,Audit,evidence/reviews/epic-040/story-0243/ | commit candidato e relatório de testes,PASS,4,AC-ISSUE-0353-01/AC-ISSUE-0353-02/AC-ISSUE-0353-03/AC-ISSUE-0353-04,PASS,Reviewer,PASS
SPRINT-011,ISSUE-0555,Implementable story,STORY-0445,TASK-0445,EPIC-071,Arquiteto,BC-013,PASS,2,STORY-0061/STORY-0301,PASS,contracts/contexts/artifact_provenance/dat/backupset-coordenado-manifests-checksums-watermark-e-p/** | docs/02-architecture/design-reviews/backupset-coordenado-manifests-checksums-watermark-e-p/**,APPLICABLE,PASS,get_artifact_sets_artifactsetid_manifest/post_admin_backups/post_admin_restores_validate/get_admin_retention_policies/patch_admin_retention_policies,APPLICABLE,PASS,ADR-018/ADR-025,NOT_APPLICABLE,PASS,ADR-010/ADR-011,NOT_APPLICABLE,PASS,,NOT_APPLICABLE,PASS,,PASS,test_upgrade_rollback_compatibility_matrix_downgrade_blockers_forward_fix_and_restore/test_orchestrated_upgrade_preflight_migrations_rollback_restore/test_epic_071_contrato,PRODUCT_AND_EVIDENCE,PASS,Manifest,evidence/implementation/epic-071/story-0445/ | commit candidato e relatório de testes,PASS,4,AC-ISSUE-0555-01/AC-ISSUE-0555-02/AC-ISSUE-0555-03/AC-ISSUE-0555-04,PASS,Arquiteto/Reviewer,PASS
SPRINT-011,ISSUE-0556,Implementable story,STORY-0446,TASK-0446,EPIC-071,Backend,BC-013,PASS,1,STORY-0445,PASS,src/backend/dsgeorref/contexts/artifact_provenance/application/backupset-coordenado-manifests-checksums-watermark-e-p/** | src/backend/dsgeorref/contexts/artifact_provenance/adapters/backupset-coordenado-manifests-checksums-watermark-e-p/**,NOT_APPLICABLE,PASS,,APPLICABLE,PASS,ADR-018/ADR-019/ADR-025,NOT_APPLICABLE,PASS,,NOT_APPLICABLE,PASS,,NOT_APPLICABLE,PASS,,PASS,test_backupset_consistency_manifest_external_roots/test_epic_071_persistencia_roundtrip/test_epic_071_persistencia_recovery,PRODUCT_AND_EVIDENCE,PASS,Manifest,evidence/implementation/epic-071/story-0446/ | commit candidato e relatório de testes,PASS,4,AC-ISSUE-0556-01/AC-ISSUE-0556-02/AC-ISSUE-0556-03/AC-ISSUE-0556-04,PASS,Arquiteto/QA/Reviewer,PASS
SPRINT-011,ISSUE-0557,Implementable story,STORY-0447,TASK-0447,EPIC-071,Backend,BC-013,PASS,1,STORY-0445,PASS,src/backend/dsgeorref/contexts/artifact_provenance/application/backupset-coordenado-manifests-checksums-watermark-e-p/** | src/backend/dsgeorref/contexts/artifact_provenance/adapters/backupset-coordenado-manifests-checksums-watermark-e-p/**,NOT_APPLICABLE,PASS,,APPLICABLE,PASS,ADR-018/ADR-019/ADR-025,NOT_APPLICABLE,PASS,,NOT_APPLICABLE,PASS,,NOT_APPLICABLE,PASS,,PASS,test_epic_071_armazenamento_roundtrip/test_epic_071_armazenamento_recovery,PRODUCT_AND_EVIDENCE,PASS,Manifest,evidence/implementation/epic-071/story-0447/ | commit candidato e relatório de testes,PASS,4,AC-ISSUE-0557-01/AC-ISSUE-0557-02/AC-ISSUE-0557-03/AC-ISSUE-0557-04,PASS,Arquiteto/QA/Reviewer,PASS
SPRINT-011,ISSUE-0558,Implementable story,STORY-0448,TASK-0448,EPIC-071,Backend,BC-013,PASS,1,STORY-0445,PASS,src/backend/dsgeorref/contexts/artifact_provenance/application/backupset-coordenado-manifests-checksums-watermark-e-p/** | src/backend/dsgeorref/contexts/artifact_provenance/adapters/backupset-coordenado-manifests-checksums-watermark-e-p/**,APPLICABLE,PASS,get_artifact_sets_artifactsetid_manifest/post_admin_backups/post_admin_restores_validate/get_admin_retention_policies/patch_admin_retention_policies,APPLICABLE,PASS,ADR-018/ADR-019/ADR-025,NOT_APPLICABLE,PASS,ADR-010/ADR-011,NOT_APPLICABLE,PASS,,NOT_APPLICABLE,PASS,,PASS,test_epic_071_integracao,PRODUCT_AND_EVIDENCE,PASS,Manifest,evidence/implementation/epic-071/story-0448/ | commit candidato e relatório de testes,PASS,4,AC-ISSUE-0558-01/AC-ISSUE-0558-02/AC-ISSUE-0558-03/AC-ISSUE-0558-04,PASS,Arquiteto/QA/Reviewer,PASS
SPRINT-011,ISSUE-0559,Implementable story,STORY-0449,TASK-0449,EPIC-071,Security,BC-013,PASS,3,STORY-0446/STORY-0447/STORY-0448,PASS,src/backend/dsgeorref/contexts/artifact_provenance/adapters/security/backupset-coordenado-manifests-checksums-watermark-e-p/** | tests/security/contexts/artifact_provenance/backupset-coordenado-manifests-checksums-watermark-e-p/**,NOT_APPLICABLE,PASS,,APPLICABLE,PASS,ADR-018/ADR-025,NOT_APPLICABLE,PASS,,NOT_APPLICABLE,PASS,,NOT_APPLICABLE,PASS,,PASS,test_isolated_restore_drill_integrity_rpo_rto/test_epic_071_resiliencia,PRODUCT_AND_EVIDENCE,PASS,Manifest,evidence/security/epic-071/story-0449/ | commit candidato e relatório de testes,PASS,4,AC-ISSUE-0559-01/AC-ISSUE-0559-02/AC-ISSUE-0559-03/AC-ISSUE-0559-04,PASS,Arquiteto/QA/Reviewer,PASS
SPRINT-011,ISSUE-0560,Implementable story,STORY-0450,TASK-0450,EPIC-071,Reviewer,BC-013,PASS,1,STORY-0449,PASS,evidence/reviews/backupset-coordenado-manifests-checksums-watermark-e-p/**,NOT_APPLICABLE,PASS,,APPLICABLE,PASS,ADR-018/ADR-025,NOT_APPLICABLE,PASS,,NOT_APPLICABLE,PASS,,NOT_APPLICABLE,PASS,,PASS,test_epic_071_aceite_happy_path/test_epic_071_aceite_negative_paths,PRODUCT_AND_EVIDENCE,PASS,Audit/Manifest,evidence/reviews/epic-071/story-0450/ | commit candidato e relatório de testes,PASS,4,AC-ISSUE-0560-01/AC-ISSUE-0560-02/AC-ISSUE-0560-03/AC-ISSUE-0560-04,PASS,Reviewer,PASS
SPRINT-011,ISSUE-0561,Implementable story,STORY-0451,TASK-0451,EPIC-072,DevOps,BC-014,PASS,2,STORY-0450/STORY-0237,PASS,tests/ops/contexts/operations_audit/restore-drills-isolados-evidencias-rpo-rto-e-runbook-e/** | tools/quality/contexts/operations_audit/restore-drills-isolados-evidencias-rpo-rto-e-runbook-e/** | .github/workflows/restore-drills-isolados-evidencias-rpo-rto-e-runbook-e.yaml,APPLICABLE,PASS,get_admin_health/get_admin_readiness/get_admin_resources/post_admin_drain/get_admin_audit/post_admin_support_bundles,APPLICABLE,PASS,ADR-025/ADR-027,NOT_APPLICABLE,PASS,ADR-010/ADR-011,NOT_APPLICABLE,PASS,,NOT_APPLICABLE,PASS,,PASS,test_upgrade_rollback_compatibility_matrix_downgrade_blockers_forward_fix_and_restore/test_orchestrated_upgrade_preflight_migrations_rollback_restore/test_phase_aware_recovery_writer_blocking_forward_fix_compatible_rollback_and_validated_restore/test_epic_072_contrato,EVIDENCE_ONLY,PASS,,evidence/operations/epic-072/story-0451/ | commit candidato e relatório de testes,PASS,4,AC-ISSUE-0561-01/AC-ISSUE-0561-02/AC-ISSUE-0561-03/AC-ISSUE-0561-04,PASS,Arquiteto/QA/Reviewer,PASS
SPRINT-011,ISSUE-0562,Implementable story,STORY-0452,TASK-0452,EPIC-072,DevOps,BC-014,PASS,1,STORY-0451,PASS,tests/ops/contexts/operations_audit/restore-drills-isolados-evidencias-rpo-rto-e-runbook-e/** | tools/quality/contexts/operations_audit/restore-drills-isolados-evidencias-rpo-rto-e-runbook-e/** | .github/workflows/restore-drills-isolados-evidencias-rpo-rto-e-runbook-e.yaml,APPLICABLE,PASS,get_admin_health/get_admin_readiness/get_admin_resources/post_admin_drain/get_admin_audit/post_admin_support_bundles,APPLICABLE,PASS,ADR-025/ADR-027,NOT_APPLICABLE,PASS,ADR-010/ADR-011,NOT_APPLICABLE,PASS,,NOT_APPLICABLE,PASS,,PASS,test_req_epic_039/test_epic_072_implementacao,EVIDENCE_ONLY,PASS,,evidence/operations/epic-072/story-0452/ | commit candidato e relatório de testes,PASS,4,AC-ISSUE-0562-01/AC-ISSUE-0562-02/AC-ISSUE-0562-03/AC-ISSUE-0562-04,PASS,Arquiteto/QA/Reviewer,PASS
SPRINT-011,ISSUE-0563,Implementable story,STORY-0453,TASK-0453,EPIC-072,DevOps,BC-014,PASS,1,STORY-0451,PASS,tests/ops/contexts/operations_audit/restore-drills-isolados-evidencias-rpo-rto-e-runbook-e/** | tools/quality/contexts/operations_audit/restore-drills-isolados-evidencias-rpo-rto-e-runbook-e/** | .github/workflows/restore-drills-isolados-evidencias-rpo-rto-e-runbook-e.yaml,APPLICABLE,PASS,get_admin_health/get_admin_readiness/get_admin_resources/post_admin_drain/get_admin_audit/post_admin_support_bundles,APPLICABLE,PASS,ADR-025/ADR-027,NOT_APPLICABLE,PASS,ADR-010/ADR-011,NOT_APPLICABLE,PASS,,NOT_APPLICABLE,PASS,,PASS,test_isolated_restore_drill_integrity_rpo_rto/test_epic_072_observabilidade,PRODUCT_AND_EVIDENCE,PASS,,evidence/operations/epic-072/story-0453/ | commit candidato e relatório de testes,PASS,4,AC-ISSUE-0563-01/AC-ISSUE-0563-02/AC-ISSUE-0563-03/AC-ISSUE-0563-04,PASS,Arquiteto/QA/Reviewer,PASS
SPRINT-011,ISSUE-0564,Implementable story,STORY-0454,TASK-0454,EPIC-072,QA,BC-014,PASS,1,STORY-0451,PASS,tests/ops/contexts/operations_audit/restore-drills-isolados-evidencias-rpo-rto-e-runbook-e/** | tools/quality/contexts/operations_audit/restore-drills-isolados-evidencias-rpo-rto-e-runbook-e/** | .github/workflows/restore-drills-isolados-evidencias-rpo-rto-e-runbook-e.yaml,APPLICABLE,PASS,get_admin_health/get_admin_readiness/get_admin_resources/post_admin_drain/get_admin_audit/post_admin_support_bundles,APPLICABLE,PASS,ADR-025/ADR-027,NOT_APPLICABLE,PASS,ADR-010/ADR-011,NOT_APPLICABLE,PASS,,NOT_APPLICABLE,PASS,,PASS,test_epic_072_falhas_happy_path/test_epic_072_falhas_negative_paths,EVIDENCE_ONLY,PASS,,evidence/qa/epic-072/story-0454/ | commit candidato e relatório de testes,PASS,4,AC-ISSUE-0564-01/AC-ISSUE-0564-02/AC-ISSUE-0564-03/AC-ISSUE-0564-04,PASS,QA/Reviewer,PASS
SPRINT-011,ISSUE-0565,Implementable story,STORY-0455,TASK-0455,EPIC-072,Security,BC-014,PASS,3,STORY-0452/STORY-0453/STORY-0454,PASS,src/backend/dsgeorref/contexts/operations_audit/adapters/security/restore-drills-isolados-evidencias-rpo-rto-e-runbook-e/** | tests/security/contexts/operations_audit/restore-drills-isolados-evidencias-rpo-rto-e-runbook-e/**,APPLICABLE,PASS,get_admin_health/get_admin_readiness/get_admin_resources/post_admin_drain/get_admin_audit/post_admin_support_bundles,APPLICABLE,PASS,ADR-025/ADR-027,NOT_APPLICABLE,PASS,ADR-010/ADR-011,NOT_APPLICABLE,PASS,,NOT_APPLICABLE,PASS,,PASS,test_epic_072_seguranca_happy_path/test_epic_072_seguranca_negative_paths,EVIDENCE_ONLY,PASS,,evidence/security/epic-072/story-0455/ | commit candidato e relatório de testes,PASS,4,AC-ISSUE-0565-01/AC-ISSUE-0565-02/AC-ISSUE-0565-03/AC-ISSUE-0565-04,PASS,Arquiteto/QA/Reviewer,PASS
SPRINT-011,ISSUE-0566,Implementable story,STORY-0456,TASK-0456,EPIC-072,Reviewer,BC-014,PASS,1,STORY-0455,PASS,evidence/reviews/restore-drills-isolados-evidencias-rpo-rto-e-runbook-e/**,APPLICABLE,PASS,get_admin_health/get_admin_readiness/get_admin_resources/post_admin_drain/get_admin_audit/post_admin_support_bundles,APPLICABLE,PASS,ADR-025/ADR-027,NOT_APPLICABLE,PASS,ADR-010/ADR-011,NOT_APPLICABLE,PASS,,NOT_APPLICABLE,PASS,,PASS,test_epic_072_aceite_happy_path/test_epic_072_aceite_negative_paths,EVIDENCE_ONLY,PASS,Audit,evidence/reviews/epic-072/story-0456/ | commit candidato e relatório de testes,PASS,4,AC-ISSUE-0566-01/AC-ISSUE-0566-02/AC-ISSUE-0566-03/AC-ISSUE-0566-04,PASS,Reviewer,PASS
SPRINT-011,ISSUE-0567,Implementable story,STORY-0457,TASK-0457,EPIC-073,Arquiteto,BC-013,PASS,2,STORY-0301/STORY-0384,PASS,contracts/contexts/artifact_provenance/dat/retentionpolicy-por-classe-estado-dependencia-holds-e/** | docs/02-architecture/design-reviews/retentionpolicy-por-classe-estado-dependencia-holds-e/**,APPLICABLE,PASS,get_artifact_sets_artifactsetid_manifest/post_admin_backups/post_admin_restores_validate/get_admin_retention_policies/patch_admin_retention_policies,APPLICABLE,PASS,,NOT_APPLICABLE,PASS,ADR-010/ADR-011/ADR-012,NOT_APPLICABLE,PASS,,NOT_APPLICABLE,PASS,,PASS,test_retention_policy_protected_lineage_hold_dry_run/test_epic_073_contrato,PRODUCT_AND_EVIDENCE,PASS,Preview,evidence/implementation/epic-073/story-0457/ | commit candidato e relatório de testes,PASS,4,AC-ISSUE-0567-01/AC-ISSUE-0567-02/AC-ISSUE-0567-03/AC-ISSUE-0567-04,PASS,Arquiteto/Reviewer,PASS
SPRINT-011,ISSUE-0568,Implementable story,STORY-0458,TASK-0458,EPIC-073,Backend,BC-013,PASS,1,STORY-0457,PASS,src/backend/dsgeorref/contexts/artifact_provenance/application/retentionpolicy-por-classe-estado-dependencia-holds-e/** | src/backend/dsgeorref/contexts/artifact_provenance/adapters/retentionpolicy-por-classe-estado-dependencia-holds-e/**,APPLICABLE,PASS,get_artifact_sets_artifactsetid_manifest/post_admin_backups/post_admin_restores_validate/get_admin_retention_policies/patch_admin_retention_policies,APPLICABLE,PASS,ADR-018/ADR-019,NOT_APPLICABLE,PASS,ADR-010/ADR-011/ADR-012,NOT_APPLICABLE,PASS,,NOT_APPLICABLE,PASS,,PASS,test_reference_aware_gc_tombstone_quarantine_race_idempotency/test_epic_073_persistencia_roundtrip/test_epic_073_persistencia_recovery,PRODUCT_AND_EVIDENCE,PASS,Preview,evidence/implementation/epic-073/story-0458/ | commit candidato e relatório de testes,PASS,4,AC-ISSUE-0568-01/AC-ISSUE-0568-02/AC-ISSUE-0568-03/AC-ISSUE-0568-04,PASS,Arquiteto/QA/Reviewer,PASS
SPRINT-011,ISSUE-0569,Implementable story,STORY-0459,TASK-0459,EPIC-073,Backend,BC-013,PASS,1,STORY-0457,PASS,src/backend/dsgeorref/contexts/artifact_provenance/application/retentionpolicy-por-classe-estado-dependencia-holds-e/** | src/backend/dsgeorref/contexts/artifact_provenance/adapters/retentionpolicy-por-classe-estado-dependencia-holds-e/**,APPLICABLE,PASS,get_artifact_sets_artifactsetid_manifest/post_admin_backups/post_admin_restores_validate/get_admin_retention_policies/patch_admin_retention_policies,APPLICABLE,PASS,ADR-018/ADR-019,NOT_APPLICABLE,PASS,ADR-010/ADR-011/ADR-012,NOT_APPLICABLE,PASS,,NOT_APPLICABLE,PASS,,PASS,test_epic_073_armazenamento_roundtrip/test_epic_073_armazenamento_recovery,PRODUCT_AND_EVIDENCE,PASS,Preview,evidence/implementation/epic-073/story-0459/ | commit candidato e relatório de testes,PASS,4,AC-ISSUE-0569-01/AC-ISSUE-0569-02/AC-ISSUE-0569-03/AC-ISSUE-0569-04,PASS,Arquiteto/QA/Reviewer,PASS
SPRINT-011,ISSUE-0570,Implementable story,STORY-0460,TASK-0460,EPIC-073,Backend,BC-013,PASS,1,STORY-0457,PASS,src/backend/dsgeorref/contexts/artifact_provenance/application/retentionpolicy-por-classe-estado-dependencia-holds-e/** | src/backend/dsgeorref/contexts/artifact_provenance/adapters/retentionpolicy-por-classe-estado-dependencia-holds-e/**,APPLICABLE,PASS,get_artifact_sets_artifactsetid_manifest/post_admin_backups/post_admin_restores_validate/get_admin_retention_policies/patch_admin_retention_policies,APPLICABLE,PASS,ADR-018/ADR-019,NOT_APPLICABLE,PASS,ADR-010/ADR-011/ADR-012,NOT_APPLICABLE,PASS,,APPLICABLE,PASS,ADR-053,PASS,test_signed_redacted_retained_scheduler_reproduction_bundle_limits/test_epic_073_integracao,PRODUCT_AND_EVIDENCE,PASS,Preview,evidence/implementation/epic-073/story-0460/ | commit candidato e relatório de testes,PASS,4,AC-ISSUE-0570-01/AC-ISSUE-0570-02/AC-ISSUE-0570-03/AC-ISSUE-0570-04,PASS,Arquiteto/QA/Reviewer,PASS
SPRINT-011,ISSUE-0571,Implementable story,STORY-0461,TASK-0461,EPIC-073,Security,BC-013,PASS,3,STORY-0458/STORY-0459/STORY-0460,PASS,src/backend/dsgeorref/contexts/artifact_provenance/adapters/security/retentionpolicy-por-classe-estado-dependencia-holds-e/** | tests/security/contexts/artifact_provenance/retentionpolicy-por-classe-estado-dependencia-holds-e/**,APPLICABLE,PASS,get_artifact_sets_artifactsetid_manifest/post_admin_backups/post_admin_restores_validate/get_admin_retention_policies/patch_admin_retention_policies,APPLICABLE,PASS,,NOT_APPLICABLE,PASS,ADR-010/ADR-011/ADR-012,NOT_APPLICABLE,PASS,,NOT_APPLICABLE,PASS,,PASS,test_epic_073_resiliencia,PRODUCT_AND_EVIDENCE,PASS,Preview,evidence/security/epic-073/story-0461/ | commit candidato e relatório de testes,PASS,4,AC-ISSUE-0571-01/AC-ISSUE-0571-02/AC-ISSUE-0571-03/AC-ISSUE-0571-04,PASS,Arquiteto/QA/Reviewer,PASS
SPRINT-011,ISSUE-0572,Implementable story,STORY-0462,TASK-0462,EPIC-073,Reviewer,BC-013,PASS,1,STORY-0461,PASS,evidence/reviews/retentionpolicy-por-classe-estado-dependencia-holds-e/**,APPLICABLE,PASS,get_artifact_sets_artifactsetid_manifest/post_admin_backups/post_admin_restores_validate/get_admin_retention_policies/patch_admin_retention_policies,APPLICABLE,PASS,,NOT_APPLICABLE,PASS,ADR-010/ADR-011/ADR-012,NOT_APPLICABLE,PASS,,NOT_APPLICABLE,PASS,,PASS,test_epic_073_aceite_happy_path/test_epic_073_aceite_negative_paths,PRODUCT_AND_EVIDENCE,PASS,Preview/Audit,evidence/reviews/epic-073/story-0462/ | commit candidato e relatório de testes,PASS,4,AC-ISSUE-0572-01/AC-ISSUE-0572-02/AC-ISSUE-0572-03/AC-ISSUE-0572-04,PASS,Reviewer,PASS
SPRINT-011,ISSUE-0573,Implementable story,STORY-0463,TASK-0463,EPIC-074,Arquiteto,BC-013,PASS,2,STORY-0462/STORY-0301,PASS,contracts/contexts/artifact_provenance/dat/gc-reference-aware-tombstone-quarentena-periodo-de-gra/** | docs/02-architecture/design-reviews/gc-reference-aware-tombstone-quarentena-periodo-de-gra/**,APPLICABLE,PASS,get_artifact_sets_artifactsetid_manifest/post_admin_backups/post_admin_restores_validate/get_admin_retention_policies/patch_admin_retention_policies,NOT_APPLICABLE,PASS,,NOT_APPLICABLE,PASS,ADR-010/ADR-011,NOT_APPLICABLE,PASS,,NOT_APPLICABLE,PASS,,PASS,test_epic_074_contrato,PRODUCT_AND_EVIDENCE,PASS,,evidence/implementation/epic-074/story-0463/ | commit candidato e relatório de testes,PASS,4,AC-ISSUE-0573-01/AC-ISSUE-0573-02/AC-ISSUE-0573-03/AC-ISSUE-0573-04,PASS,Arquiteto/Reviewer,PASS
SPRINT-011,ISSUE-0574,Implementable story,STORY-0464,TASK-0464,EPIC-074,Backend,BC-013,PASS,1,STORY-0463,PASS,src/backend/dsgeorref/contexts/artifact_provenance/application/gc-reference-aware-tombstone-quarentena-periodo-de-gra/** | src/backend/dsgeorref/contexts/artifact_provenance/adapters/gc-reference-aware-tombstone-quarentena-periodo-de-gra/**,NOT_APPLICABLE,PASS,,APPLICABLE,PASS,ADR-018/ADR-019,NOT_APPLICABLE,PASS,,NOT_APPLICABLE,PASS,,NOT_APPLICABLE,PASS,,PASS,test_reference_aware_gc_tombstone_quarantine_race_idempotency/test_epic_074_persistencia_roundtrip/test_epic_074_persistencia_recovery,PRODUCT_AND_EVIDENCE,PASS,,evidence/implementation/epic-074/story-0464/ | commit candidato e relatório de testes,PASS,4,AC-ISSUE-0574-01/AC-ISSUE-0574-02/AC-ISSUE-0574-03/AC-ISSUE-0574-04,PASS,Arquiteto/QA/Reviewer,PASS
SPRINT-011,ISSUE-0575,Implementable story,STORY-0465,TASK-0465,EPIC-074,Backend,BC-013,PASS,1,STORY-0463,PASS,src/backend/dsgeorref/contexts/artifact_provenance/application/gc-reference-aware-tombstone-quarentena-periodo-de-gra/** | src/backend/dsgeorref/contexts/artifact_provenance/adapters/gc-reference-aware-tombstone-quarentena-periodo-de-gra/**,NOT_APPLICABLE,PASS,,APPLICABLE,PASS,ADR-018/ADR-019,NOT_APPLICABLE,PASS,,NOT_APPLICABLE,PASS,,NOT_APPLICABLE,PASS,,PASS,test_epic_074_armazenamento_roundtrip/test_epic_074_armazenamento_recovery,PRODUCT_AND_EVIDENCE,PASS,,evidence/implementation/epic-074/story-0465/ | commit candidato e relatório de testes,PASS,4,AC-ISSUE-0575-01/AC-ISSUE-0575-02/AC-ISSUE-0575-03/AC-ISSUE-0575-04,PASS,Arquiteto/QA/Reviewer,PASS
SPRINT-011,ISSUE-0576,Implementable story,STORY-0466,TASK-0466,EPIC-074,Backend,BC-013,PASS,1,STORY-0463,PASS,src/backend/dsgeorref/contexts/artifact_provenance/application/gc-reference-aware-tombstone-quarentena-periodo-de-gra/** | src/backend/dsgeorref/contexts/artifact_provenance/adapters/gc-reference-aware-tombstone-quarentena-periodo-de-gra/**,APPLICABLE,PASS,get_artifact_sets_artifactsetid_manifest/post_admin_backups/post_admin_restores_validate/get_admin_retention_policies/patch_admin_retention_policies,APPLICABLE,PASS,ADR-018/ADR-019,NOT_APPLICABLE,PASS,ADR-010/ADR-011,NOT_APPLICABLE,PASS,,NOT_APPLICABLE,PASS,,PASS,test_epic_074_integracao,PRODUCT_AND_EVIDENCE,PASS,,evidence/implementation/epic-074/story-0466/ | commit candidato e relatório de testes,PASS,4,AC-ISSUE-0576-01/AC-ISSUE-0576-02/AC-ISSUE-0576-03/AC-ISSUE-0576-04,PASS,Arquiteto/QA/Reviewer,PASS
SPRINT-011,ISSUE-0577,Implementable story,STORY-0467,TASK-0467,EPIC-074,Security,BC-013,PASS,3,STORY-0464/STORY-0465/STORY-0466,PASS,src/backend/dsgeorref/contexts/artifact_provenance/adapters/security/gc-reference-aware-tombstone-quarentena-periodo-de-gra/** | tests/security/contexts/artifact_provenance/gc-reference-aware-tombstone-quarentena-periodo-de-gra/**,NOT_APPLICABLE,PASS,,NOT_APPLICABLE,PASS,,NOT_APPLICABLE,PASS,,NOT_APPLICABLE,PASS,,NOT_APPLICABLE,PASS,,PASS,test_epic_074_resiliencia,PRODUCT_AND_EVIDENCE,PASS,,evidence/security/epic-074/story-0467/ | commit candidato e relatório de testes,PASS,4,AC-ISSUE-0577-01/AC-ISSUE-0577-02/AC-ISSUE-0577-03/AC-ISSUE-0577-04,PASS,QA/Reviewer,PASS
SPRINT-011,ISSUE-0578,Implementable story,STORY-0468,TASK-0468,EPIC-074,Reviewer,BC-013,PASS,1,STORY-0467,PASS,evidence/reviews/gc-reference-aware-tombstone-quarentena-periodo-de-gra/**,NOT_APPLICABLE,PASS,,NOT_APPLICABLE,PASS,,NOT_APPLICABLE,PASS,,NOT_APPLICABLE,PASS,,NOT_APPLICABLE,PASS,,PASS,test_epic_074_aceite_happy_path/test_epic_074_aceite_negative_paths,PRODUCT_AND_EVIDENCE,PASS,Audit,evidence/reviews/epic-074/story-0468/ | commit candidato e relatório de testes,PASS,4,AC-ISSUE-0578-01/AC-ISSUE-0578-02/AC-ISSUE-0578-03/AC-ISSUE-0578-04,PASS,Reviewer,PASS
SPRINT-011,ISSUE-0579,Implementable story,STORY-0469,TASK-0469,EPIC-075,DevOps,BC-014,PASS,3,STORY-0055/STORY-0301/STORY-0438,PASS,tests/ops/contexts/operations_audit/canal-append-only-de-auditoria-particionamento-digests/** | tools/quality/contexts/operations_audit/canal-append-only-de-auditoria-particionamento-digests/** | .github/workflows/canal-append-only-de-auditoria-particionamento-digests.yaml,APPLICABLE,PASS,get_admin_health/get_admin_readiness/get_admin_resources/post_admin_drain/get_admin_audit/post_admin_support_bundles,NOT_APPLICABLE,PASS,,NOT_APPLICABLE,PASS,ADR-010/ADR-011,NOT_APPLICABLE,PASS,,NOT_APPLICABLE,PASS,,PASS,test_audit_append_only_digest_and_no_sampling/test_epic_075_contrato,EVIDENCE_ONLY,PASS,Audit,evidence/operations/epic-075/story-0469/ | commit candidato e relatório de testes,PASS,4,AC-ISSUE-0579-01/AC-ISSUE-0579-02/AC-ISSUE-0579-03/AC-ISSUE-0579-04,PASS,Arquiteto/QA/Reviewer,PASS
SPRINT-011,ISSUE-0580,Implementable story,STORY-0470,TASK-0470,EPIC-075,DevOps,BC-014,PASS,1,STORY-0469,PASS,tests/ops/contexts/operations_audit/canal-append-only-de-auditoria-particionamento-digests/** | tools/quality/contexts/operations_audit/canal-append-only-de-auditoria-particionamento-digests/** | .github/workflows/canal-append-only-de-auditoria-particionamento-digests.yaml,NOT_APPLICABLE,PASS,,NOT_APPLICABLE,PASS,,NOT_APPLICABLE,PASS,,NOT_APPLICABLE,PASS,,NOT_APPLICABLE,PASS,,PASS,test_sanitized_local_support_bundle_no_exfiltration_and_repair_dry_run/test_quota_pinning_dependency_aware_eviction_dry_run_and_recompute_plan/test_role_based_scheduler_diagnostics_safe_controls_and_append_only_audit/test_post_migration_multidimensional_evidence_gate_canary_and_atomic_cutover/test_epic_075_implementacao,EVIDENCE_ONLY,PASS,Audit,evidence/operations/epic-075/story-0470/ | commit candidato e relatório de testes,PASS,4,AC-ISSUE-0580-01/AC-ISSUE-0580-02/AC-ISSUE-0580-03/AC-ISSUE-0580-04,PASS,QA/Reviewer,PASS
SPRINT-011,ISSUE-0581,Implementable story,STORY-0471,TASK-0471,EPIC-075,DevOps,BC-014,PASS,1,STORY-0469,PASS,tests/ops/contexts/operations_audit/canal-append-only-de-auditoria-particionamento-digests/** | tools/quality/contexts/operations_audit/canal-append-only-de-auditoria-particionamento-digests/** | .github/workflows/canal-append-only-de-auditoria-particionamento-digests.yaml,NOT_APPLICABLE,PASS,,NOT_APPLICABLE,PASS,,NOT_APPLICABLE,PASS,,NOT_APPLICABLE,PASS,,NOT_APPLICABLE,PASS,,PASS,test_epic_075_observabilidade,EVIDENCE_ONLY,PASS,Audit,evidence/operations/epic-075/story-0471/ | commit candidato e relatório de testes,PASS,4,AC-ISSUE-0581-01/AC-ISSUE-0581-02/AC-ISSUE-0581-03/AC-ISSUE-0581-04,PASS,QA/Reviewer,PASS
SPRINT-011,ISSUE-0582,Implementable story,STORY-0472,TASK-0472,EPIC-075,QA,BC-014,PASS,1,STORY-0469,PASS,tests/ops/contexts/operations_audit/canal-append-only-de-auditoria-particionamento-digests/** | tools/quality/contexts/operations_audit/canal-append-only-de-auditoria-particionamento-digests/** | .github/workflows/canal-append-only-de-auditoria-particionamento-digests.yaml,NOT_APPLICABLE,PASS,,NOT_APPLICABLE,PASS,,NOT_APPLICABLE,PASS,,NOT_APPLICABLE,PASS,,NOT_APPLICABLE,PASS,,PASS,test_epic_075_falhas_happy_path/test_epic_075_falhas_negative_paths,EVIDENCE_ONLY,PASS,Audit,evidence/qa/epic-075/story-0472/ | commit candidato e relatório de testes,PASS,4,AC-ISSUE-0582-01/AC-ISSUE-0582-02/AC-ISSUE-0582-03/AC-ISSUE-0582-04,PASS,QA/Reviewer,PASS
SPRINT-011,ISSUE-0583,Implementable story,STORY-0473,TASK-0473,EPIC-075,Security,BC-014,PASS,3,STORY-0470/STORY-0471/STORY-0472,PASS,src/backend/dsgeorref/contexts/operations_audit/adapters/security/canal-append-only-de-auditoria-particionamento-digests/** | tests/security/contexts/operations_audit/canal-append-only-de-auditoria-particionamento-digests/**,NOT_APPLICABLE,PASS,,NOT_APPLICABLE,PASS,,NOT_APPLICABLE,PASS,,NOT_APPLICABLE,PASS,,NOT_APPLICABLE,PASS,,PASS,test_epic_075_seguranca_happy_path/test_epic_075_seguranca_negative_paths,EVIDENCE_ONLY,PASS,Audit,evidence/security/epic-075/story-0473/ | commit candidato e relatório de testes,PASS,4,AC-ISSUE-0583-01/AC-ISSUE-0583-02/AC-ISSUE-0583-03/AC-ISSUE-0583-04,PASS,QA/Reviewer,PASS
SPRINT-011,ISSUE-0584,Implementable story,STORY-0474,TASK-0474,EPIC-075,Reviewer,BC-014,PASS,1,STORY-0473,PASS,evidence/reviews/canal-append-only-de-auditoria-particionamento-digests/**,NOT_APPLICABLE,PASS,,NOT_APPLICABLE,PASS,,NOT_APPLICABLE,PASS,,NOT_APPLICABLE,PASS,,NOT_APPLICABLE,PASS,,PASS,test_epic_075_aceite_happy_path/test_epic_075_aceite_negative_paths,EVIDENCE_ONLY,PASS,Audit,evidence/reviews/epic-075/story-0474/ | commit candidato e relatório de testes,PASS,4,AC-ISSUE-0584-01/AC-ISSUE-0584-02/AC-ISSUE-0584-03/AC-ISSUE-0584-04,PASS,Reviewer,PASS
SPRINT-011,ISSUE-0585,Implementable story,STORY-0475,TASK-0475,EPIC-076,Security,BC-014,PASS,3,STORY-0025/STORY-0237/STORY-0474,PASS,src/backend/dsgeorref/contexts/operations_audit/adapters/security/catalogo-de-campos-redaction-centralizada-testes-de-va/** | tests/security/contexts/operations_audit/catalogo-de-campos-redaction-centralizada-testes-de-va/**,NOT_APPLICABLE,PASS,,NOT_APPLICABLE,PASS,,NOT_APPLICABLE,PASS,,NOT_APPLICABLE,PASS,,NOT_APPLICABLE,PASS,,PASS,test_one_time_bootstrap_no_default_credentials_secret_generation_expiry_and_recovery/test_log_redaction_and_support_bundle_fail_closed/test_runtime_decision_9/test_epic_076_ameacas,EVIDENCE_ONLY,PASS,,evidence/security/epic-076/story-0475/ | commit candidato e relatório de testes,PASS,4,AC-ISSUE-0585-01/AC-ISSUE-0585-02/AC-ISSUE-0585-03/AC-ISSUE-0585-04,PASS,QA/Reviewer,PASS
SPRINT-011,ISSUE-0586,Implementable story,STORY-0476,TASK-0476,EPIC-076,Arquiteto,BC-014,PASS,1,STORY-0475,PASS,contracts/contexts/operations_audit/sec/catalogo-de-campos-redaction-centralizada-testes-de-va/** | docs/02-architecture/design-reviews/catalogo-de-campos-redaction-centralizada-testes-de-va/**,APPLICABLE,PASS,get_admin_health/get_admin_readiness/get_admin_resources/post_admin_drain/get_admin_audit/post_admin_support_bundles,NOT_APPLICABLE,PASS,,NOT_APPLICABLE,PASS,ADR-010/ADR-011,NOT_APPLICABLE,PASS,,APPLICABLE,PASS,ADR-053,PASS,test_signed_redacted_retained_scheduler_reproduction_bundle_limits/test_epic_076_contrato,EVIDENCE_ONLY,PASS,,evidence/implementation/epic-076/story-0476/ | commit candidato e relatório de testes,PASS,4,AC-ISSUE-0586-01/AC-ISSUE-0586-02/AC-ISSUE-0586-03/AC-ISSUE-0586-04,PASS,Arquiteto/Reviewer,PASS
SPRINT-011,ISSUE-0587,Implementable story,STORY-0477,TASK-0477,EPIC-076,Backend,BC-014,PASS,1,STORY-0475,PASS,src/backend/dsgeorref/contexts/operations_audit/application/catalogo-de-campos-redaction-centralizada-testes-de-va/** | src/backend/dsgeorref/contexts/operations_audit/adapters/catalogo-de-campos-redaction-centralizada-testes-de-va/**,NOT_APPLICABLE,PASS,,APPLICABLE,PASS,ADR-018/ADR-019,NOT_APPLICABLE,PASS,,NOT_APPLICABLE,PASS,,NOT_APPLICABLE,PASS,,PASS,test_epic_076_implementacao,EVIDENCE_ONLY,PASS,,evidence/implementation/epic-076/story-0477/ | commit candidato e relatório de testes,PASS,4,AC-ISSUE-0587-01/AC-ISSUE-0587-02/AC-ISSUE-0587-03/AC-ISSUE-0587-04,PASS,Arquiteto/QA/Reviewer,PASS
SPRINT-011,ISSUE-0588,Implementable story,STORY-0478,TASK-0478,EPIC-076,Security,BC-014,PASS,1,STORY-0475,PASS,src/backend/dsgeorref/contexts/operations_audit/adapters/security/catalogo-de-campos-redaction-centralizada-testes-de-va/** | tests/security/contexts/operations_audit/catalogo-de-campos-redaction-centralizada-testes-de-va/**,NOT_APPLICABLE,PASS,,NOT_APPLICABLE,PASS,,NOT_APPLICABLE,PASS,,NOT_APPLICABLE,PASS,,NOT_APPLICABLE,PASS,,PASS,test_epic_076_ofensivo_happy_path/test_epic_076_ofensivo_negative_paths,EVIDENCE_ONLY,PASS,,evidence/security/epic-076/story-0478/ | commit candidato e relatório de testes,PASS,4,AC-ISSUE-0588-01/AC-ISSUE-0588-02/AC-ISSUE-0588-03/AC-ISSUE-0588-04,PASS,QA/Reviewer,PASS
SPRINT-011,ISSUE-0589,Implementable story,STORY-0479,TASK-0479,EPIC-076,DevOps,BC-014,PASS,3,STORY-0476/STORY-0477/STORY-0478,PASS,tests/sec/catalogo-de-campos-redaction-centralizada-testes-de-va/** | tools/quality/contexts/operations_audit/catalogo-de-campos-redaction-centralizada-testes-de-va/** | .github/workflows/catalogo-de-campos-redaction-centralizada-testes-de-va.yaml,NOT_APPLICABLE,PASS,,NOT_APPLICABLE,PASS,,NOT_APPLICABLE,PASS,,NOT_APPLICABLE,PASS,,NOT_APPLICABLE,PASS,,PASS,test_epic_076_operacao,EVIDENCE_ONLY,PASS,,evidence/operations/epic-076/story-0479/ | commit candidato e relatório de testes,PASS,4,AC-ISSUE-0589-01/AC-ISSUE-0589-02/AC-ISSUE-0589-03/AC-ISSUE-0589-04,PASS,QA/Reviewer,PASS
SPRINT-011,ISSUE-0590,Implementable story,STORY-0480,TASK-0480,EPIC-076,Reviewer,BC-014,PASS,1,STORY-0479,PASS,evidence/reviews/catalogo-de-campos-redaction-centralizada-testes-de-va/**,NOT_APPLICABLE,PASS,,NOT_APPLICABLE,PASS,,NOT_APPLICABLE,PASS,,NOT_APPLICABLE,PASS,,NOT_APPLICABLE,PASS,,PASS,test_epic_076_aceite_happy_path/test_epic_076_aceite_negative_paths,EVIDENCE_ONLY,PASS,Audit,evidence/reviews/epic-076/story-0480/ | commit candidato e relatório de testes,PASS,4,AC-ISSUE-0590-01/AC-ISSUE-0590-02/AC-ISSUE-0590-03/AC-ISSUE-0590-04,PASS,Reviewer,PASS
SPRINT-011,ISSUE-0591,Implementable story,STORY-0481,TASK-0481,EPIC-077,DevOps,BC-014,PASS,2,STORY-0237/STORY-0462,PASS,tests/ops/contexts/operations_audit/budgets-de-cardinalidade-sampling-retencao-por-sinal-e/** | tools/quality/contexts/operations_audit/budgets-de-cardinalidade-sampling-retencao-por-sinal-e/** | .github/workflows/budgets-de-cardinalidade-sampling-retencao-por-sinal-e.yaml,APPLICABLE,PASS,get_admin_health/get_admin_readiness/get_admin_resources/post_admin_drain/get_admin_audit/post_admin_support_bundles,NOT_APPLICABLE,PASS,,NOT_APPLICABLE,PASS,ADR-010/ADR-011,NOT_APPLICABLE,PASS,,NOT_APPLICABLE,PASS,,PASS,test_epic_077_contrato,EVIDENCE_ONLY,PASS,,evidence/operations/epic-077/story-0481/ | commit candidato e relatório de testes,PASS,4,AC-ISSUE-0591-01/AC-ISSUE-0591-02/AC-ISSUE-0591-03/AC-ISSUE-0591-04,PASS,Arquiteto/QA/Reviewer,PASS
SPRINT-011,ISSUE-0592,Implementable story,STORY-0482,TASK-0482,EPIC-077,DevOps,BC-014,PASS,1,STORY-0481,PASS,tests/ops/contexts/operations_audit/budgets-de-cardinalidade-sampling-retencao-por-sinal-e/** | tools/quality/contexts/operations_audit/budgets-de-cardinalidade-sampling-retencao-por-sinal-e/** | .github/workflows/budgets-de-cardinalidade-sampling-retencao-por-sinal-e.yaml,NOT_APPLICABLE,PASS,,NOT_APPLICABLE,PASS,,NOT_APPLICABLE,PASS,,NOT_APPLICABLE,PASS,,NOT_APPLICABLE,PASS,,PASS,test_metric_cardinality_budget_and_signal_retention/test_epic_077_implementacao,EVIDENCE_ONLY,PASS,,evidence/operations/epic-077/story-0482/ | commit candidato e relatório de testes,PASS,4,AC-ISSUE-0592-01/AC-ISSUE-0592-02/AC-ISSUE-0592-03/AC-ISSUE-0592-04,PASS,QA/Reviewer,PASS
SPRINT-011,ISSUE-0593,Implementable story,STORY-0483,TASK-0483,EPIC-077,DevOps,BC-014,PASS,1,STORY-0481,PASS,tests/ops/contexts/operations_audit/budgets-de-cardinalidade-sampling-retencao-por-sinal-e/** | tools/quality/contexts/operations_audit/budgets-de-cardinalidade-sampling-retencao-por-sinal-e/** | .github/workflows/budgets-de-cardinalidade-sampling-retencao-por-sinal-e.yaml,NOT_APPLICABLE,PASS,,NOT_APPLICABLE,PASS,,NOT_APPLICABLE,PASS,,NOT_APPLICABLE,PASS,,NOT_APPLICABLE,PASS,,PASS,test_epic_077_observabilidade,EVIDENCE_ONLY,PASS,,evidence/operations/epic-077/story-0483/ | commit candidato e relatório de testes,PASS,4,AC-ISSUE-0593-01/AC-ISSUE-0593-02/AC-ISSUE-0593-03/AC-ISSUE-0593-04,PASS,QA/Reviewer,PASS
SPRINT-011,ISSUE-0594,Implementable story,STORY-0484,TASK-0484,EPIC-077,QA,BC-014,PASS,1,STORY-0481,PASS,tests/ops/contexts/operations_audit/budgets-de-cardinalidade-sampling-retencao-por-sinal-e/** | tools/quality/contexts/operations_audit/budgets-de-cardinalidade-sampling-retencao-por-sinal-e/** | .github/workflows/budgets-de-cardinalidade-sampling-retencao-por-sinal-e.yaml,NOT_APPLICABLE,PASS,,NOT_APPLICABLE,PASS,,NOT_APPLICABLE,PASS,,NOT_APPLICABLE,PASS,,NOT_APPLICABLE,PASS,,PASS,test_epic_077_falhas_happy_path/test_epic_077_falhas_negative_paths,EVIDENCE_ONLY,PASS,,evidence/qa/epic-077/story-0484/ | commit candidato e relatório de testes,PASS,4,AC-ISSUE-0594-01/AC-ISSUE-0594-02/AC-ISSUE-0594-03/AC-ISSUE-0594-04,PASS,QA/Reviewer,PASS
SPRINT-011,ISSUE-0595,Implementable story,STORY-0485,TASK-0485,EPIC-077,Security,BC-014,PASS,3,STORY-0482/STORY-0483/STORY-0484,PASS,src/backend/dsgeorref/contexts/operations_audit/adapters/security/budgets-de-cardinalidade-sampling-retencao-por-sinal-e/** | tests/security/contexts/operations_audit/budgets-de-cardinalidade-sampling-retencao-por-sinal-e/**,NOT_APPLICABLE,PASS,,NOT_APPLICABLE,PASS,,NOT_APPLICABLE,PASS,,NOT_APPLICABLE,PASS,,NOT_APPLICABLE,PASS,,PASS,test_epic_077_seguranca_happy_path/test_epic_077_seguranca_negative_paths,EVIDENCE_ONLY,PASS,,evidence/security/epic-077/story-0485/ | commit candidato e relatório de testes,PASS,4,AC-ISSUE-0595-01/AC-ISSUE-0595-02/AC-ISSUE-0595-03/AC-ISSUE-0595-04,PASS,QA/Reviewer,PASS
SPRINT-011,ISSUE-0596,Implementable story,STORY-0486,TASK-0486,EPIC-077,Reviewer,BC-014,PASS,1,STORY-0485,PASS,evidence/reviews/budgets-de-cardinalidade-sampling-retencao-por-sinal-e/**,NOT_APPLICABLE,PASS,,NOT_APPLICABLE,PASS,,NOT_APPLICABLE,PASS,,NOT_APPLICABLE,PASS,,NOT_APPLICABLE,PASS,,PASS,test_epic_077_aceite_happy_path/test_epic_077_aceite_negative_paths,EVIDENCE_ONLY,PASS,Audit,evidence/reviews/epic-077/story-0486/ | commit candidato e relatório de testes,PASS,4,AC-ISSUE-0596-01/AC-ISSUE-0596-02/AC-ISSUE-0596-03/AC-ISSUE-0596-04,PASS,Reviewer,PASS
SPRINT-011,ISSUE-0597,Implementable story,STORY-0487,TASK-0487,EPIC-078,Security,BC-014,PASS,2,STORY-0025/STORY-0040,PASS,src/backend/dsgeorref/contexts/operations_audit/adapters/security/contrato-de-secrets-setup-permissoes-rotacao-recuperac/** | tests/security/contexts/operations_audit/contrato-de-secrets-setup-permissoes-rotacao-recuperac/**,NOT_APPLICABLE,PASS,,NOT_APPLICABLE,PASS,,NOT_APPLICABLE,PASS,,NOT_APPLICABLE,PASS,,NOT_APPLICABLE,PASS,,PASS,test_secret_permissions_rotation_redaction_fail_closed/test_epic_078_ameacas,EVIDENCE_ONLY,PASS,,evidence/security/epic-078/story-0487/ | commit candidato e relatório de testes,PASS,4,AC-ISSUE-0597-01/AC-ISSUE-0597-02/AC-ISSUE-0597-03/AC-ISSUE-0597-04,PASS,Arquiteto/QA/Reviewer,PASS
SPRINT-011,ISSUE-0598,Implementable story,STORY-0488,TASK-0488,EPIC-078,Arquiteto,BC-014,PASS,1,STORY-0487,PASS,contracts/contexts/operations_audit/sec/contrato-de-secrets-setup-permissoes-rotacao-recuperac/** | docs/02-architecture/design-reviews/contrato-de-secrets-setup-permissoes-rotacao-recuperac/**,APPLICABLE,PASS,get_admin_health/get_admin_readiness/get_admin_resources/post_admin_drain/get_admin_audit/post_admin_support_bundles,NOT_APPLICABLE,PASS,ADR-023/ADR-024,NOT_APPLICABLE,PASS,ADR-010/ADR-011,NOT_APPLICABLE,PASS,ADR-045,NOT_APPLICABLE,PASS,,PASS,test_req_artlayout_005/test_req_artlayout_006/test_req_artlayout_007/test_runtime_decision_4/test_epic_078_contrato,PRODUCT_AND_EVIDENCE,PASS,,evidence/implementation/epic-078/story-0488/ | commit candidato e relatório de testes,PASS,4,AC-ISSUE-0598-01/AC-ISSUE-0598-02/AC-ISSUE-0598-03/AC-ISSUE-0598-04,PASS,Arquiteto/Reviewer,PASS
SPRINT-011,ISSUE-0599,Implementable story,STORY-0489,TASK-0489,EPIC-078,Backend,BC-014,PASS,1,STORY-0487,PASS,src/backend/dsgeorref/contexts/operations_audit/application/contrato-de-secrets-setup-permissoes-rotacao-recuperac/** | src/backend/dsgeorref/contexts/operations_audit/adapters/contrato-de-secrets-setup-permissoes-rotacao-recuperac/**,NOT_APPLICABLE,PASS,,APPLICABLE,PASS,ADR-018/ADR-019/ADR-023/ADR-024,NOT_APPLICABLE,PASS,,NOT_APPLICABLE,PASS,,NOT_APPLICABLE,PASS,,PASS,test_epic_078_implementacao,EVIDENCE_ONLY,PASS,,evidence/implementation/epic-078/story-0489/ | commit candidato e relatório de testes,PASS,4,AC-ISSUE-0599-01/AC-ISSUE-0599-02/AC-ISSUE-0599-03/AC-ISSUE-0599-04,PASS,Arquiteto/QA/Reviewer,PASS
SPRINT-011,ISSUE-0600,Implementable story,STORY-0490,TASK-0490,EPIC-078,Security,BC-014,PASS,1,STORY-0487,PASS,src/backend/dsgeorref/contexts/operations_audit/adapters/security/contrato-de-secrets-setup-permissoes-rotacao-recuperac/** | tests/security/contexts/operations_audit/contrato-de-secrets-setup-permissoes-rotacao-recuperac/**,NOT_APPLICABLE,PASS,,NOT_APPLICABLE,PASS,,NOT_APPLICABLE,PASS,,NOT_APPLICABLE,PASS,,NOT_APPLICABLE,PASS,,PASS,test_epic_078_ofensivo_happy_path/test_epic_078_ofensivo_negative_paths,EVIDENCE_ONLY,PASS,,evidence/security/epic-078/story-0490/ | commit candidato e relatório de testes,PASS,4,AC-ISSUE-0600-01/AC-ISSUE-0600-02/AC-ISSUE-0600-03/AC-ISSUE-0600-04,PASS,Arquiteto/QA/Reviewer,PASS
SPRINT-011,ISSUE-0601,Implementable story,STORY-0491,TASK-0491,EPIC-078,DevOps,BC-014,PASS,3,STORY-0488/STORY-0489/STORY-0490,PASS,tests/sec/contrato-de-secrets-setup-permissoes-rotacao-recuperac/** | tools/quality/contexts/operations_audit/contrato-de-secrets-setup-permissoes-rotacao-recuperac/** | .github/workflows/contrato-de-secrets-setup-permissoes-rotacao-recuperac.yaml,NOT_APPLICABLE,PASS,,NOT_APPLICABLE,PASS,,NOT_APPLICABLE,PASS,,NOT_APPLICABLE,PASS,,NOT_APPLICABLE,PASS,,PASS,test_epic_078_operacao,EVIDENCE_ONLY,PASS,,evidence/operations/epic-078/story-0491/ | commit candidato e relatório de testes,PASS,4,AC-ISSUE-0601-01/AC-ISSUE-0601-02/AC-ISSUE-0601-03/AC-ISSUE-0601-04,PASS,Arquiteto/QA/Reviewer,PASS
SPRINT-011,ISSUE-0602,Implementable story,STORY-0492,TASK-0492,EPIC-078,Reviewer,BC-014,PASS,1,STORY-0491,PASS,evidence/reviews/contrato-de-secrets-setup-permissoes-rotacao-recuperac/**,NOT_APPLICABLE,PASS,,NOT_APPLICABLE,PASS,,NOT_APPLICABLE,PASS,,NOT_APPLICABLE,PASS,,NOT_APPLICABLE,PASS,,PASS,test_epic_078_aceite_happy_path/test_epic_078_aceite_negative_paths,EVIDENCE_ONLY,PASS,Audit,evidence/reviews/epic-078/story-0492/ | commit candidato e relatório de testes,PASS,4,AC-ISSUE-0602-01/AC-ISSUE-0602-02/AC-ISSUE-0602-03/AC-ISSUE-0602-04,PASS,Reviewer,PASS
SPRINT-011,ISSUE-0603,Implementable story,STORY-0493,TASK-0493,EPIC-079,DevOps,BC-014,PASS,3,STORY-0015/STORY-0040/STORY-0492,PASS,tests/ops/contexts/operations_audit/ingress-unico-tls-redes-privadas-limites-e-testes-de-e/** | tools/quality/contexts/operations_audit/ingress-unico-tls-redes-privadas-limites-e-testes-de-e/** | .github/workflows/ingress-unico-tls-redes-privadas-limites-e-testes-de-e.yaml,APPLICABLE,PASS,get_admin_health/get_admin_readiness/get_admin_resources/post_admin_drain/get_admin_audit/post_admin_support_bundles,NOT_APPLICABLE,PASS,,NOT_APPLICABLE,PASS,ADR-010/ADR-011,NOT_APPLICABLE,PASS,,NOT_APPLICABLE,PASS,,PASS,test_epic_079_contrato,EVIDENCE_ONLY,PASS,,evidence/operations/epic-079/story-0493/ | commit candidato e relatório de testes,PASS,4,AC-ISSUE-0603-01/AC-ISSUE-0603-02/AC-ISSUE-0603-03/AC-ISSUE-0603-04,PASS,Arquiteto/QA/Reviewer,PASS
SPRINT-011,ISSUE-0604,Implementable story,STORY-0494,TASK-0494,EPIC-079,DevOps,BC-014,PASS,1,STORY-0493,PASS,tests/ops/contexts/operations_audit/ingress-unico-tls-redes-privadas-limites-e-testes-de-e/** | tools/quality/contexts/operations_audit/ingress-unico-tls-redes-privadas-limites-e-testes-de-e/** | .github/workflows/ingress-unico-tls-redes-privadas-limites-e-testes-de-e.yaml,NOT_APPLICABLE,PASS,,NOT_APPLICABLE,PASS,,NOT_APPLICABLE,PASS,,NOT_APPLICABLE,PASS,,NOT_APPLICABLE,PASS,,PASS,test_epic_079_implementacao,EVIDENCE_ONLY,PASS,,evidence/operations/epic-079/story-0494/ | commit candidato e relatório de testes,PASS,4,AC-ISSUE-0604-01/AC-ISSUE-0604-02/AC-ISSUE-0604-03/AC-ISSUE-0604-04,PASS,QA/Reviewer,PASS
SPRINT-011,ISSUE-0605,Implementable story,STORY-0495,TASK-0495,EPIC-079,DevOps,BC-014,PASS,1,STORY-0493,PASS,tests/ops/contexts/operations_audit/ingress-unico-tls-redes-privadas-limites-e-testes-de-e/** | tools/quality/contexts/operations_audit/ingress-unico-tls-redes-privadas-limites-e-testes-de-e/** | .github/workflows/ingress-unico-tls-redes-privadas-limites-e-testes-de-e.yaml,NOT_APPLICABLE,PASS,,NOT_APPLICABLE,PASS,,NOT_APPLICABLE,PASS,,NOT_APPLICABLE,PASS,,NOT_APPLICABLE,PASS,,PASS,test_epic_079_observabilidade,EVIDENCE_ONLY,PASS,,evidence/operations/epic-079/story-0495/ | commit candidato e relatório de testes,PASS,4,AC-ISSUE-0605-01/AC-ISSUE-0605-02/AC-ISSUE-0605-03/AC-ISSUE-0605-04,PASS,QA/Reviewer,PASS
SPRINT-011,ISSUE-0606,Implementable story,STORY-0496,TASK-0496,EPIC-079,QA,BC-014,PASS,1,STORY-0493,PASS,tests/ops/contexts/operations_audit/ingress-unico-tls-redes-privadas-limites-e-testes-de-e/** | tools/quality/contexts/operations_audit/ingress-unico-tls-redes-privadas-limites-e-testes-de-e/** | .github/workflows/ingress-unico-tls-redes-privadas-limites-e-testes-de-e.yaml,NOT_APPLICABLE,PASS,,NOT_APPLICABLE,PASS,,NOT_APPLICABLE,PASS,,NOT_APPLICABLE,PASS,,NOT_APPLICABLE,PASS,,PASS,test_epic_079_falhas_happy_path/test_epic_079_falhas_negative_paths,EVIDENCE_ONLY,PASS,,evidence/qa/epic-079/story-0496/ | commit candidato e relatório de testes,PASS,4,AC-ISSUE-0606-01/AC-ISSUE-0606-02/AC-ISSUE-0606-03/AC-ISSUE-0606-04,PASS,QA/Reviewer,PASS
SPRINT-011,ISSUE-0607,Implementable story,STORY-0497,TASK-0497,EPIC-079,Security,BC-014,PASS,3,STORY-0494/STORY-0495/STORY-0496,PASS,src/backend/dsgeorref/contexts/operations_audit/adapters/security/ingress-unico-tls-redes-privadas-limites-e-testes-de-e/** | tests/security/contexts/operations_audit/ingress-unico-tls-redes-privadas-limites-e-testes-de-e/**,NOT_APPLICABLE,PASS,,NOT_APPLICABLE,PASS,,NOT_APPLICABLE,PASS,,NOT_APPLICABLE,PASS,,NOT_APPLICABLE,PASS,,PASS,test_single_ingress_tls_private_service_ports/test_epic_079_seguranca_happy_path/test_epic_079_seguranca_negative_paths,EVIDENCE_ONLY,PASS,,evidence/security/epic-079/story-0497/ | commit candidato e relatório de testes,PASS,4,AC-ISSUE-0607-01/AC-ISSUE-0607-02/AC-ISSUE-0607-03/AC-ISSUE-0607-04,PASS,QA/Reviewer,PASS
SPRINT-011,ISSUE-0608,Implementable story,STORY-0498,TASK-0498,EPIC-079,Reviewer,BC-014,PASS,1,STORY-0497,PASS,evidence/reviews/ingress-unico-tls-redes-privadas-limites-e-testes-de-e/**,NOT_APPLICABLE,PASS,,NOT_APPLICABLE,PASS,,NOT_APPLICABLE,PASS,,NOT_APPLICABLE,PASS,,NOT_APPLICABLE,PASS,,PASS,test_epic_079_aceite_happy_path/test_epic_079_aceite_negative_paths,EVIDENCE_ONLY,PASS,Audit,evidence/reviews/epic-079/story-0498/ | commit candidato e relatório de testes,PASS,4,AC-ISSUE-0608-01/AC-ISSUE-0608-02/AC-ISSUE-0608-03/AC-ISSUE-0608-04,PASS,Reviewer,PASS
SPRINT-011,ISSUE-0609,Implementable story,STORY-0499,TASK-0499,EPIC-080,Security,BC-015,PASS,2,STORY-0010/STORY-0025,PASS,src/backend/dsgeorref/contexts/release_installation/adapters/security/lockfiles-pins-por-digest-sha-scanners-sbom-assinatura/** | tests/security/contexts/release_installation/lockfiles-pins-por-digest-sha-scanners-sbom-assinatura/**,NOT_APPLICABLE,PASS,,NOT_APPLICABLE,PASS,,NOT_APPLICABLE,PASS,,NOT_APPLICABLE,PASS,,NOT_APPLICABLE,PASS,,PASS,test_epic_080_ameacas,EVIDENCE_ONLY,PASS,,evidence/security/epic-080/story-0499/ | commit candidato e relatório de testes,PASS,4,AC-ISSUE-0609-01/AC-ISSUE-0609-02/AC-ISSUE-0609-03/AC-ISSUE-0609-04,PASS,QA/Reviewer,PASS
SPRINT-011,ISSUE-0610,Implementable story,STORY-0500,TASK-0500,EPIC-080,Arquiteto,BC-015,PASS,1,STORY-0499,PASS,contracts/contexts/release_installation/sec/lockfiles-pins-por-digest-sha-scanners-sbom-assinatura/** | docs/02-architecture/design-reviews/lockfiles-pins-por-digest-sha-scanners-sbom-assinatura/**,APPLICABLE,PASS,get_admin_version/post_admin_upgrades_preflight/post_admin_upgrades,NOT_APPLICABLE,PASS,ADR-024,NOT_APPLICABLE,PASS,ADR-010/ADR-011,NOT_APPLICABLE,PASS,,APPLICABLE,PASS,ADR-052,PASS,test_modelpack_signature_license_hash_offline_import/test_inference_only_runtime_no_training_or_weight_mutation/test_layered_spdx_reuse_license_notices_dependency_and_asset_compatibility/test_sanitized_local_support_bundle_no_exfiltration_and_repair_dry_run/test_epic_080_contrato,PRODUCT_AND_EVIDENCE,PASS,,evidence/implementation/epic-080/story-0500/ | commit candidato e relatório de testes,PASS,4,AC-ISSUE-0610-01/AC-ISSUE-0610-02/AC-ISSUE-0610-03/AC-ISSUE-0610-04,PASS,Arquiteto/Reviewer,PASS
SPRINT-011,ISSUE-0611,Implementable story,STORY-0501,TASK-0501,EPIC-080,Backend,BC-015,PASS,1,STORY-0499,PASS,src/backend/dsgeorref/contexts/release_installation/application/lockfiles-pins-por-digest-sha-scanners-sbom-assinatura/** | src/backend/dsgeorref/contexts/release_installation/adapters/lockfiles-pins-por-digest-sha-scanners-sbom-assinatura/**,NOT_APPLICABLE,PASS,,APPLICABLE,PASS,ADR-018/ADR-019/ADR-024,NOT_APPLICABLE,PASS,,NOT_APPLICABLE,PASS,,NOT_APPLICABLE,PASS,,PASS,test_epic_080_implementacao,EVIDENCE_ONLY,PASS,,evidence/implementation/epic-080/story-0501/ | commit candidato e relatório de testes,PASS,4,AC-ISSUE-0611-01/AC-ISSUE-0611-02/AC-ISSUE-0611-03/AC-ISSUE-0611-04,PASS,Arquiteto/QA/Reviewer,PASS
SPRINT-011,ISSUE-0612,Implementable story,STORY-0502,TASK-0502,EPIC-080,Security,BC-015,PASS,1,STORY-0499,PASS,src/backend/dsgeorref/contexts/release_installation/adapters/security/lockfiles-pins-por-digest-sha-scanners-sbom-assinatura/** | tests/security/contexts/release_installation/lockfiles-pins-por-digest-sha-scanners-sbom-assinatura/**,NOT_APPLICABLE,PASS,,NOT_APPLICABLE,PASS,,NOT_APPLICABLE,PASS,,NOT_APPLICABLE,PASS,,NOT_APPLICABLE,PASS,,PASS,test_epic_080_ofensivo_happy_path/test_epic_080_ofensivo_negative_paths,EVIDENCE_ONLY,PASS,,evidence/security/epic-080/story-0502/ | commit candidato e relatório de testes,PASS,4,AC-ISSUE-0612-01/AC-ISSUE-0612-02/AC-ISSUE-0612-03/AC-ISSUE-0612-04,PASS,QA/Reviewer,PASS
SPRINT-011,ISSUE-0613,Implementable story,STORY-0503,TASK-0503,EPIC-080,DevOps,BC-015,PASS,3,STORY-0500/STORY-0501/STORY-0502,PASS,tests/sec/lockfiles-pins-por-digest-sha-scanners-sbom-assinatura/** | tools/quality/contexts/release_installation/lockfiles-pins-por-digest-sha-scanners-sbom-assinatura/** | .github/workflows/lockfiles-pins-por-digest-sha-scanners-sbom-assinatura.yaml,NOT_APPLICABLE,PASS,,NOT_APPLICABLE,PASS,,NOT_APPLICABLE,PASS,,NOT_APPLICABLE,PASS,,NOT_APPLICABLE,PASS,,PASS,test_epic_080_operacao,EVIDENCE_ONLY,PASS,,evidence/operations/epic-080/story-0503/ | commit candidato e relatório de testes,PASS,4,AC-ISSUE-0613-01/AC-ISSUE-0613-02/AC-ISSUE-0613-03/AC-ISSUE-0613-04,PASS,QA/Reviewer,PASS
SPRINT-011,ISSUE-0614,Implementable story,STORY-0504,TASK-0504,EPIC-080,Reviewer,BC-015,PASS,1,STORY-0503,PASS,evidence/reviews/lockfiles-pins-por-digest-sha-scanners-sbom-assinatura/**,NOT_APPLICABLE,PASS,,NOT_APPLICABLE,PASS,,NOT_APPLICABLE,PASS,,NOT_APPLICABLE,PASS,,NOT_APPLICABLE,PASS,,PASS,test_epic_080_aceite_happy_path/test_epic_080_aceite_negative_paths,EVIDENCE_ONLY,PASS,Audit,evidence/reviews/epic-080/story-0504/ | commit candidato e relatório de testes,PASS,4,AC-ISSUE-0614-01/AC-ISSUE-0614-02/AC-ISSUE-0614-03/AC-ISSUE-0614-04,PASS,Reviewer,PASS
SPRINT-011,ISSUE-0626,Implementable story,STORY-0516,TASK-0516,EPIC-083,DevOps,BC-014,PASS,3,STORY-0498/STORY-0364/STORY-0504,PASS,tests/ops/contexts/operations_audit/modos-offline-restricted-connected-egress-enforcement/** | tools/quality/contexts/operations_audit/modos-offline-restricted-connected-egress-enforcement/** | .github/workflows/modos-offline-restricted-connected-egress-enforcement.yaml,APPLICABLE,PASS,get_admin_health/get_admin_readiness/get_admin_resources/post_admin_drain/get_admin_audit/post_admin_support_bundles,NOT_APPLICABLE,PASS,,NOT_APPLICABLE,PASS,ADR-010/ADR-011,NOT_APPLICABLE,PASS,,NOT_APPLICABLE,PASS,,PASS,test_epic_083_contrato,EVIDENCE_ONLY,PASS,,evidence/operations/epic-083/story-0516/ | commit candidato e relatório de testes,PASS,4,AC-ISSUE-0626-01/AC-ISSUE-0626-02/AC-ISSUE-0626-03/AC-ISSUE-0626-04,PASS,Arquiteto/QA/Reviewer,PASS
SPRINT-011,ISSUE-0627,Implementable story,STORY-0517,TASK-0517,EPIC-083,DevOps,BC-014,PASS,1,STORY-0516,PASS,tests/ops/contexts/operations_audit/modos-offline-restricted-connected-egress-enforcement/** | tools/quality/contexts/operations_audit/modos-offline-restricted-connected-egress-enforcement/** | .github/workflows/modos-offline-restricted-connected-egress-enforcement.yaml,APPLICABLE,PASS,get_admin_health/get_admin_readiness/get_admin_resources/post_admin_drain/get_admin_audit/post_admin_support_bundles,NOT_APPLICABLE,PASS,,NOT_APPLICABLE,PASS,ADR-010/ADR-011,NOT_APPLICABLE,PASS,,APPLICABLE,PASS,ADR-052,PASS,test_offline_zero_egress_restricted_allowlist_connected_audit/test_epic_083_implementacao,EVIDENCE_ONLY,PASS,,evidence/operations/epic-083/story-0517/ | commit candidato e relatório de testes,PASS,4,AC-ISSUE-0627-01/AC-ISSUE-0627-02/AC-ISSUE-0627-03/AC-ISSUE-0627-04,PASS,Arquiteto/QA/Reviewer,PASS
SPRINT-011,ISSUE-0628,Implementable story,STORY-0518,TASK-0518,EPIC-083,DevOps,BC-014,PASS,1,STORY-0516,PASS,tests/ops/contexts/operations_audit/modos-offline-restricted-connected-egress-enforcement/** | tools/quality/contexts/operations_audit/modos-offline-restricted-connected-egress-enforcement/** | .github/workflows/modos-offline-restricted-connected-egress-enforcement.yaml,APPLICABLE,PASS,get_admin_health/get_admin_readiness/get_admin_resources/post_admin_drain/get_admin_audit/post_admin_support_bundles,NOT_APPLICABLE,PASS,,NOT_APPLICABLE,PASS,ADR-010/ADR-011,NOT_APPLICABLE,PASS,,NOT_APPLICABLE,PASS,,PASS,test_epic_083_observabilidade,EVIDENCE_ONLY,PASS,,evidence/operations/epic-083/story-0518/ | commit candidato e relatório de testes,PASS,4,AC-ISSUE-0628-01/AC-ISSUE-0628-02/AC-ISSUE-0628-03/AC-ISSUE-0628-04,PASS,Arquiteto/QA/Reviewer,PASS
SPRINT-011,ISSUE-0629,Implementable story,STORY-0519,TASK-0519,EPIC-083,QA,BC-014,PASS,1,STORY-0516,PASS,tests/ops/contexts/operations_audit/modos-offline-restricted-connected-egress-enforcement/** | tools/quality/contexts/operations_audit/modos-offline-restricted-connected-egress-enforcement/** | .github/workflows/modos-offline-restricted-connected-egress-enforcement.yaml,APPLICABLE,PASS,get_admin_health/get_admin_readiness/get_admin_resources/post_admin_drain/get_admin_audit/post_admin_support_bundles,NOT_APPLICABLE,PASS,,NOT_APPLICABLE,PASS,ADR-010/ADR-011,NOT_APPLICABLE,PASS,,NOT_APPLICABLE,PASS,,PASS,test_epic_083_falhas_happy_path/test_epic_083_falhas_negative_paths,EVIDENCE_ONLY,PASS,,evidence/qa/epic-083/story-0519/ | commit candidato e relatório de testes,PASS,4,AC-ISSUE-0629-01/AC-ISSUE-0629-02/AC-ISSUE-0629-03/AC-ISSUE-0629-04,PASS,QA/Reviewer,PASS
SPRINT-011,ISSUE-0630,Implementable story,STORY-0520,TASK-0520,EPIC-083,Security,BC-014,PASS,3,STORY-0517/STORY-0518/STORY-0519,PASS,src/backend/dsgeorref/contexts/operations_audit/adapters/security/modos-offline-restricted-connected-egress-enforcement/** | tests/security/contexts/operations_audit/modos-offline-restricted-connected-egress-enforcement/**,APPLICABLE,PASS,get_admin_health/get_admin_readiness/get_admin_resources/post_admin_drain/get_admin_audit/post_admin_support_bundles,NOT_APPLICABLE,PASS,,NOT_APPLICABLE,PASS,ADR-010/ADR-011,NOT_APPLICABLE,PASS,,NOT_APPLICABLE,PASS,,PASS,test_epic_083_seguranca_happy_path/test_epic_083_seguranca_negative_paths,EVIDENCE_ONLY,PASS,,evidence/security/epic-083/story-0520/ | commit candidato e relatório de testes,PASS,4,AC-ISSUE-0630-01/AC-ISSUE-0630-02/AC-ISSUE-0630-03/AC-ISSUE-0630-04,PASS,Arquiteto/QA/Reviewer,PASS
SPRINT-011,ISSUE-0631,Implementable story,STORY-0521,TASK-0521,EPIC-083,Reviewer,BC-014,PASS,1,STORY-0520,PASS,evidence/reviews/modos-offline-restricted-connected-egress-enforcement/**,APPLICABLE,PASS,get_admin_health/get_admin_readiness/get_admin_resources/post_admin_drain/get_admin_audit/post_admin_support_bundles,NOT_APPLICABLE,PASS,,NOT_APPLICABLE,PASS,ADR-010/ADR-011,NOT_APPLICABLE,PASS,,NOT_APPLICABLE,PASS,,PASS,test_epic_083_aceite_happy_path/test_epic_083_aceite_negative_paths,EVIDENCE_ONLY,PASS,Audit,evidence/reviews/epic-083/story-0521/ | commit candidato e relatório de testes,PASS,4,AC-ISSUE-0631-01/AC-ISSUE-0631-02/AC-ISSUE-0631-03/AC-ISSUE-0631-04,PASS,Reviewer,PASS
SPRINT-011,ISSUE-0655,Implementable story,STORY-0545,TASK-0545,EPIC-088,IA,BC-009,PASS,3,STORY-0308/STORY-0504/STORY-0281,PASS,src/ai/dsgeorref_ai/contexts/ai_recovery/namespace-experimental-labs-registry-separado-modelpac/**,NOT_APPLICABLE,PASS,,NOT_APPLICABLE,PASS,,NOT_APPLICABLE,PASS,,NOT_APPLICABLE,PASS,,APPLICABLE,PASS,ADR-051/ADR-052/ADR-053,PASS,test_epic_088_hipotese,PRODUCT_AND_EVIDENCE,PASS,,evidence/implementation/epic-088/story-0545/ | commit candidato e relatório de testes,PASS,4,AC-ISSUE-0655-01/AC-ISSUE-0655-02/AC-ISSUE-0655-03/AC-ISSUE-0655-04,PASS,QA/Reviewer,PASS
SPRINT-011,ISSUE-0656,Implementable story,STORY-0546,TASK-0546,EPIC-088,IA,BC-009,PASS,1,STORY-0545,PASS,src/ai/dsgeorref_ai/contexts/ai_recovery/namespace-experimental-labs-registry-separado-modelpac/**,NOT_APPLICABLE,PASS,,NOT_APPLICABLE,PASS,,NOT_APPLICABLE,PASS,,NOT_APPLICABLE,PASS,,APPLICABLE,PASS,ADR-051/ADR-052/ADR-053,PASS,test_experimental_lab_disabled_and_cannot_publish_accepted_artifactset/test_epic_088_experimento,PRODUCT_AND_EVIDENCE,PASS,,evidence/implementation/epic-088/story-0546/ | commit candidato e relatório de testes,PASS,4,AC-ISSUE-0656-01/AC-ISSUE-0656-02/AC-ISSUE-0656-03/AC-ISSUE-0656-04,PASS,QA/Reviewer,PASS
SPRINT-011,ISSUE-0657,Implementable story,STORY-0547,TASK-0547,EPIC-088,QA,BC-009,PASS,1,STORY-0546,PASS,tests/lab/namespace-experimental-labs-registry-separado-modelpac/** | tools/quality/contexts/ai_recovery/namespace-experimental-labs-registry-separado-modelpac/** | .github/workflows/namespace-experimental-labs-registry-separado-modelpac.yaml,NOT_APPLICABLE,PASS,,NOT_APPLICABLE,PASS,,NOT_APPLICABLE,PASS,,NOT_APPLICABLE,PASS,,APPLICABLE,PASS,ADR-051/ADR-052/ADR-053,PASS,test_epic_088_benchmark_happy_path/test_epic_088_benchmark_negative_paths,PRODUCT_AND_EVIDENCE,PASS,,evidence/qa/epic-088/story-0547/ | commit candidato e relatório de testes,PASS,4,AC-ISSUE-0657-01/AC-ISSUE-0657-02/AC-ISSUE-0657-03/AC-ISSUE-0657-04,PASS,QA/Reviewer,PASS
SPRINT-011,ISSUE-0658,Implementable story,STORY-0548,TASK-0548,EPIC-088,Reviewer,BC-009,PASS,1,STORY-0547,PASS,evidence/reviews/namespace-experimental-labs-registry-separado-modelpac/**,NOT_APPLICABLE,PASS,,NOT_APPLICABLE,PASS,,NOT_APPLICABLE,PASS,,NOT_APPLICABLE,PASS,,APPLICABLE,PASS,ADR-051/ADR-052/ADR-053,PASS,test_epic_088_aceite_happy_path/test_epic_088_aceite_negative_paths,PRODUCT_AND_EVIDENCE,PASS,Audit,evidence/reviews/epic-088/story-0548/ | commit candidato e relatório de testes,PASS,4,AC-ISSUE-0658-01/AC-ISSUE-0658-02/AC-ISSUE-0658-03/AC-ISSUE-0658-04,PASS,Reviewer,PASS
SPRINT-011,ISSUE-0855,Implementable story,STORY-0745,TASK-0745,EPIC-039,DevOps,BC-014,PASS,1,STORY-0232,PASS,tests/ops/contexts/operations_audit/instrumentacao-opentelemetry-correlation-ids-metricas/aie-artlayout-parte-1/** | tools/quality/contexts/operations_audit/instrumentacao-opentelemetry-correlation-ids-metricas/aie-artlayout-parte-1/** | .github/workflows/instrumentacao-opentelemetry-correlation-ids-metricas-aie-artlayout-pa.yaml,APPLICABLE,PASS,get_admin_health/get_admin_readiness/get_admin_resources/post_admin_drain/get_admin_audit/post_admin_support_bundles,NOT_APPLICABLE,PASS,ADR-023/ADR-024,NOT_APPLICABLE,PASS,ADR-010/ADR-011/ADR-012,NOT_APPLICABLE,PASS,ADR-046,APPLICABLE,PASS,ADR-017/ADR-051/ADR-052/ADR-053,PASS,test_ai_escalation_decision_02/test_ai_escalation_decision_03/test_ai_escalation_decision_04/test_ai_escalation_decision_06/test_ai_escalation_decision_07/test_ai_escalation_decision_08/test_ai_escalation_decision_09/test_ai_escalation_decision_10/test_req_artlayout_001/test_req_artlayout_004,PRODUCT_AND_EVIDENCE,PASS,,evidence/implementation/instrumentacao-opentelemetry-correlation-ids-metri/aie-artlayout-parte-1/ | commit candidato e relatório de testes,PASS,4,AC-ISSUE-0855-01/AC-ISSUE-0855-02/AC-ISSUE-0855-03/AC-ISSUE-0855-04,PASS,Arquiteto/QA/Reviewer,PASS
SPRINT-011,ISSUE-0856,Implementable story,STORY-0746,TASK-0746,EPIC-039,DevOps,BC-014,PASS,1,STORY-0232,PASS,tests/ops/contexts/operations_audit/instrumentacao-opentelemetry-correlation-ids-metricas/artlayout-met-worker-parte-2/** | tools/quality/contexts/operations_audit/instrumentacao-opentelemetry-correlation-ids-metricas/artlayout-met-worker-parte-2/** | .github/workflows/instrumentacao-opentelemetry-correlation-ids-metricas-artlayout-met-wo.yaml,APPLICABLE,PASS,get_admin_health/get_admin_readiness/get_admin_resources/post_admin_drain/get_admin_audit/post_admin_support_bundles,NOT_APPLICABLE,PASS,ADR-023/ADR-024,NOT_APPLICABLE,PASS,ADR-010/ADR-011/ADR-012,NOT_APPLICABLE,PASS,,NOT_APPLICABLE,PASS,,PASS,test_req_artlayout_008/test_req_artlayout_009/test_metric_cardinality_budget_and_signal_retention/test_req_worker_003,PRODUCT_AND_EVIDENCE,PASS,,evidence/implementation/instrumentacao-opentelemetry-correlation-ids-metri/artlayout-met-worker-parte-2/ | commit candidato e relatório de testes,PASS,4,AC-ISSUE-0856-01/AC-ISSUE-0856-02/AC-ISSUE-0856-03/AC-ISSUE-0856-04,PASS,Arquiteto/QA/Reviewer,PASS
SPRINT-012,ISSUE-0042,Epic delivery envelope,,,EPIC-042,Reviewer,BC-015,PASS,0,,PASS,5 TaskEnvelopes filhos,APPLICABLE,PASS,3,NOT_APPLICABLE,PASS,,NOT_APPLICABLE,PASS,,NOT_APPLICABLE,PASS,,NOT_APPLICABLE,PASS,,PASS,11 testes declarados,PRODUCT_AND_EVIDENCE,PASS,,5 evidence scopes,PASS,20,AC-ISSUE-0042-01/AC-ISSUE-0042-02/AC-ISSUE-0042-03/AC-ISSUE-0042-04/AC-ISSUE-0042-05/AC-ISSUE-0042-06,PASS,Arquiteto/QA/Reviewer,PASS
SPRINT-012,ISSUE-0043,Epic delivery envelope,,,EPIC-043,DevOps,BC-015,PASS,0,,PASS,6 TaskEnvelopes filhos,APPLICABLE,PASS,3,NOT_APPLICABLE,PASS,,NOT_APPLICABLE,PASS,,NOT_APPLICABLE,PASS,,APPLICABLE,PASS,,PASS,13 testes declarados,PRODUCT_AND_EVIDENCE,PASS,,6 evidence scopes,PASS,24,AC-ISSUE-0043-01/AC-ISSUE-0043-02/AC-ISSUE-0043-03/AC-ISSUE-0043-04/AC-ISSUE-0043-05/AC-ISSUE-0043-06,PASS,Arquiteto/QA/Reviewer,PASS
SPRINT-012,ISSUE-0081,Epic delivery envelope,,,EPIC-081,DevOps,BC-015,PASS,1,,PASS,6 TaskEnvelopes filhos,APPLICABLE,PASS,18,APPLICABLE,PASS,,NOT_APPLICABLE,PASS,,NOT_APPLICABLE,PASS,,NOT_APPLICABLE,PASS,,PASS,11 testes declarados,PRODUCT_AND_EVIDENCE,PASS,,6 evidence scopes,PASS,24,AC-ISSUE-0081-01/AC-ISSUE-0081-02/AC-ISSUE-0081-03/AC-ISSUE-0081-04/AC-ISSUE-0081-05/AC-ISSUE-0081-06,PASS,Arquiteto/QA/Reviewer,PASS
SPRINT-012,ISSUE-0085,Epic delivery envelope,,,EPIC-085,DevOps,BC-015,PASS,1,,PASS,6 TaskEnvelopes filhos,APPLICABLE,PASS,3,NOT_APPLICABLE,PASS,,NOT_APPLICABLE,PASS,,NOT_APPLICABLE,PASS,,NOT_APPLICABLE,PASS,,PASS,10 testes declarados,PRODUCT_AND_EVIDENCE,PASS,,6 evidence scopes,PASS,24,AC-ISSUE-0085-01/AC-ISSUE-0085-02/AC-ISSUE-0085-03/AC-ISSUE-0085-04/AC-ISSUE-0085-05/AC-ISSUE-0085-06,PASS,Arquiteto/QA/Reviewer,PASS
SPRINT-012,ISSUE-0087,Epic delivery envelope,,,EPIC-087,DevOps,BC-015,PASS,1,,PASS,6 TaskEnvelopes filhos,APPLICABLE,PASS,3,NOT_APPLICABLE,PASS,,NOT_APPLICABLE,PASS,,NOT_APPLICABLE,PASS,,NOT_APPLICABLE,PASS,,PASS,10 testes declarados,PRODUCT_AND_EVIDENCE,PASS,,6 evidence scopes,PASS,24,AC-ISSUE-0087-01/AC-ISSUE-0087-02/AC-ISSUE-0087-03/AC-ISSUE-0087-04/AC-ISSUE-0087-05/AC-ISSUE-0087-06,PASS,Arquiteto/QA/Reviewer,PASS
SPRINT-012,ISSUE-0089,Epic delivery envelope,,,EPIC-089,DevOps,BC-015,PASS,1,,PASS,6 TaskEnvelopes filhos,APPLICABLE,PASS,3,NOT_APPLICABLE,PASS,,NOT_APPLICABLE,PASS,,NOT_APPLICABLE,PASS,,NOT_APPLICABLE,PASS,,PASS,11 testes declarados,PRODUCT_AND_EVIDENCE,PASS,,6 evidence scopes,PASS,24,AC-ISSUE-0089-01/AC-ISSUE-0089-02/AC-ISSUE-0089-03/AC-ISSUE-0089-04/AC-ISSUE-0089-05/AC-ISSUE-0089-06,PASS,Arquiteto/QA/Reviewer,PASS
SPRINT-012,ISSUE-0106,Epic delivery envelope,,,EPIC-106,DevOps,BC-015,PASS,0,,PASS,6 TaskEnvelopes filhos,APPLICABLE,PASS,3,APPLICABLE,PASS,,NOT_APPLICABLE,PASS,,NOT_APPLICABLE,PASS,,NOT_APPLICABLE,PASS,,PASS,12 testes declarados,PRODUCT_AND_EVIDENCE,PASS,,6 evidence scopes,PASS,24,AC-ISSUE-0106-01/AC-ISSUE-0106-02/AC-ISSUE-0106-03/AC-ISSUE-0106-04/AC-ISSUE-0106-05/AC-ISSUE-0106-06,PASS,Arquiteto/QA/Reviewer,PASS
SPRINT-012,ISSUE-0107,Epic delivery envelope,,,EPIC-107,DevOps,BC-015,PASS,0,,PASS,6 TaskEnvelopes filhos,APPLICABLE,PASS,3,NOT_APPLICABLE,PASS,,NOT_APPLICABLE,PASS,,NOT_APPLICABLE,PASS,,NOT_APPLICABLE,PASS,,PASS,14 testes declarados,PRODUCT_AND_EVIDENCE,PASS,,6 evidence scopes,PASS,24,AC-ISSUE-0107-01/AC-ISSUE-0107-02/AC-ISSUE-0107-03/AC-ISSUE-0107-04/AC-ISSUE-0107-05/AC-ISSUE-0107-06,PASS,Arquiteto/QA/Reviewer,PASS
SPRINT-012,ISSUE-0108,Epic delivery envelope,,,EPIC-108,DevOps,BC-015,PASS,0,,PASS,6 TaskEnvelopes filhos,APPLICABLE,PASS,3,NOT_APPLICABLE,PASS,,NOT_APPLICABLE,PASS,,NOT_APPLICABLE,PASS,,NOT_APPLICABLE,PASS,,PASS,13 testes declarados,PRODUCT_AND_EVIDENCE,PASS,,6 evidence scopes,PASS,24,AC-ISSUE-0108-01/AC-ISSUE-0108-02/AC-ISSUE-0108-03/AC-ISSUE-0108-04/AC-ISSUE-0108-05/AC-ISSUE-0108-06,PASS,Arquiteto/QA/Reviewer,PASS
SPRINT-012,ISSUE-0109,Epic delivery envelope,,,EPIC-109,Reviewer,BC-015,PASS,0,,PASS,5 TaskEnvelopes filhos,APPLICABLE,PASS,3,NOT_APPLICABLE,PASS,,NOT_APPLICABLE,PASS,,NOT_APPLICABLE,PASS,,NOT_APPLICABLE,PASS,,PASS,7 testes declarados,PRODUCT_AND_EVIDENCE,PASS,,5 evidence scopes,PASS,20,AC-ISSUE-0109-01/AC-ISSUE-0109-02/AC-ISSUE-0109-03/AC-ISSUE-0109-04/AC-ISSUE-0109-05/AC-ISSUE-0109-06,PASS,Arquiteto/QA/Reviewer,PASS
SPRINT-012,ISSUE-0360,Implementable story,STORY-0250,TASK-0250,EPIC-042,Product Owner,BC-015,PASS,0,,PASS,docs/01-product/capabilities/licenca-citacao-sanitizacao-e-revisao-externa-concluid/**,APPLICABLE,PASS,get_admin_version/post_admin_upgrades_preflight/post_admin_upgrades,NOT_APPLICABLE,PASS,,NOT_APPLICABLE,PASS,ADR-010/ADR-011,NOT_APPLICABLE,PASS,,NOT_APPLICABLE,PASS,,PASS,test_epic_042_politica,EVIDENCE_ONLY,PASS,,evidence/implementation/epic-042/story-0250/ | commit candidato e relatório de testes,PASS,4,AC-ISSUE-0360-01/AC-ISSUE-0360-02/AC-ISSUE-0360-03/AC-ISSUE-0360-04,PASS,Product Owner/Arquiteto/Reviewer,PASS
SPRINT-012,ISSUE-0361,Implementable story,STORY-0251,TASK-0251,EPIC-042,Tech Lead,BC-015,PASS,1,STORY-0250,PASS,src/backend/dsgeorref/contexts/release_installation/application/licenca-citacao-sanitizacao-e-revisao-externa-concluid/**,NOT_APPLICABLE,PASS,,NOT_APPLICABLE,PASS,,NOT_APPLICABLE,PASS,,NOT_APPLICABLE,PASS,,NOT_APPLICABLE,PASS,,PASS,citation_cff_validation/test_layered_spdx_reuse_license_notices_dependency_and_asset_compatibility/test_release_train_visibility_license_sanitization_and_beta_gate/license_and_dependency_inventory/test_epic_042_artefatos,PRODUCT_AND_EVIDENCE,PASS,Manifest,evidence/implementation/epic-042/story-0251/ | commit candidato e relatório de testes,PASS,4,AC-ISSUE-0361-01/AC-ISSUE-0361-02/AC-ISSUE-0361-03/AC-ISSUE-0361-04,PASS,QA/Reviewer,PASS
SPRINT-012,ISSUE-0362,Implementable story,STORY-0252,TASK-0252,EPIC-042,DevOps,BC-015,PASS,1,STORY-0250,PASS,tests/pub/licenca-citacao-sanitizacao-e-revisao-externa-concluid/** | tools/quality/contexts/release_installation/licenca-citacao-sanitizacao-e-revisao-externa-concluid/** | .github/workflows/licenca-citacao-sanitizacao-e-revisao-externa-concluid.yaml,NOT_APPLICABLE,PASS,,NOT_APPLICABLE,PASS,,NOT_APPLICABLE,PASS,,NOT_APPLICABLE,PASS,,NOT_APPLICABLE,PASS,,PASS,test_epic_042_automacao,EVIDENCE_ONLY,PASS,,evidence/operations/epic-042/story-0252/ | commit candidato e relatório de testes,PASS,4,AC-ISSUE-0362-01/AC-ISSUE-0362-02/AC-ISSUE-0362-03/AC-ISSUE-0362-04,PASS,QA/Reviewer,PASS
SPRINT-012,ISSUE-0363,Implementable story,STORY-0253,TASK-0253,EPIC-042,Security,BC-015,PASS,2,STORY-0251/STORY-0252,PASS,src/backend/dsgeorref/contexts/release_installation/adapters/security/licenca-citacao-sanitizacao-e-revisao-externa-concluid/** | tests/security/contexts/release_installation/licenca-citacao-sanitizacao-e-revisao-externa-concluid/**,NOT_APPLICABLE,PASS,,NOT_APPLICABLE,PASS,,NOT_APPLICABLE,PASS,,NOT_APPLICABLE,PASS,,NOT_APPLICABLE,PASS,,PASS,test_epic_042_assurance_happy_path/test_epic_042_assurance_negative_paths,EVIDENCE_ONLY,PASS,,evidence/security/epic-042/story-0253/ | commit candidato e relatório de testes,PASS,4,AC-ISSUE-0363-01/AC-ISSUE-0363-02/AC-ISSUE-0363-03/AC-ISSUE-0363-04,PASS,QA/Reviewer,PASS
SPRINT-012,ISSUE-0364,Implementable story,STORY-0254,TASK-0254,EPIC-042,Reviewer,BC-015,PASS,1,STORY-0253,PASS,evidence/reviews/licenca-citacao-sanitizacao-e-revisao-externa-concluid/**,NOT_APPLICABLE,PASS,,NOT_APPLICABLE,PASS,,NOT_APPLICABLE,PASS,,NOT_APPLICABLE,PASS,,NOT_APPLICABLE,PASS,,PASS,test_epic_042_aceite_happy_path/test_epic_042_aceite_negative_paths,EVIDENCE_ONLY,PASS,,evidence/reviews/epic-042/story-0254/ | commit candidato e relatório de testes,PASS,4,AC-ISSUE-0364-01/AC-ISSUE-0364-02/AC-ISSUE-0364-03/AC-ISSUE-0364-04,PASS,Reviewer,PASS
SPRINT-012,ISSUE-0365,Implementable story,STORY-0255,TASK-0255,EPIC-043,Tech Lead,BC-015,PASS,0,,PASS,src/backend/dsgeorref/contexts/release_installation/application/release-documentada-com-rollback-e-suporte/**,APPLICABLE,PASS,get_admin_version/post_admin_upgrades_preflight/post_admin_upgrades,NOT_APPLICABLE,PASS,,NOT_APPLICABLE,PASS,ADR-010/ADR-011/ADR-014,NOT_APPLICABLE,PASS,,NOT_APPLICABLE,PASS,,PASS,test_epic_043_contrato,EVIDENCE_ONLY,PASS,,evidence/implementation/epic-043/story-0255/ | commit candidato e relatório de testes,PASS,4,AC-ISSUE-0365-01/AC-ISSUE-0365-02/AC-ISSUE-0365-03/AC-ISSUE-0365-04,PASS,Arquiteto/QA/Reviewer,PASS
SPRINT-012,ISSUE-0366,Implementable story,STORY-0256,TASK-0256,EPIC-043,DevOps,BC-015,PASS,1,STORY-0255,PASS,tests/rel/contexts/release_installation/release-documentada-com-rollback-e-suporte/** | tools/quality/contexts/release_installation/release-documentada-com-rollback-e-suporte/** | .github/workflows/release-documentada-com-rollback-e-suporte.yaml,NOT_APPLICABLE,PASS,,NOT_APPLICABLE,PASS,,NOT_APPLICABLE,PASS,ADR-014,NOT_APPLICABLE,PASS,,APPLICABLE,PASS,ADR-053,PASS,test_multidimensional_promotion_gate_stratified_budgets_uncertainty_and_no_hard_gate_compensation/test_node_pnpm_lock/test_make_ci_parity/test_epic_043_automacao,PRODUCT_AND_EVIDENCE,PASS,,evidence/operations/epic-043/story-0256/ | commit candidato e relatório de testes,PASS,4,AC-ISSUE-0366-01/AC-ISSUE-0366-02/AC-ISSUE-0366-03/AC-ISSUE-0366-04,PASS,QA/Reviewer,PASS
SPRINT-012,ISSUE-0367,Implementable story,STORY-0257,TASK-0257,EPIC-043,DevOps,BC-015,PASS,1,STORY-0255,PASS,tests/rel/contexts/release_installation/release-documentada-com-rollback-e-suporte/** | tools/quality/contexts/release_installation/release-documentada-com-rollback-e-suporte/** | .github/workflows/release-documentada-com-rollback-e-suporte.yaml,NOT_APPLICABLE,PASS,,NOT_APPLICABLE,PASS,,NOT_APPLICABLE,PASS,,NOT_APPLICABLE,PASS,,APPLICABLE,PASS,ADR-053,PASS,test_versioned_scientific_pipeline_bundle_dual_run_pinning_atomic_promotion_and_rollback/test_epic_043_upgrade_roundtrip/test_epic_043_upgrade_recovery,EVIDENCE_ONLY,PASS,,evidence/operations/epic-043/story-0257/ | commit candidato e relatório de testes,PASS,4,AC-ISSUE-0367-01/AC-ISSUE-0367-02/AC-ISSUE-0367-03/AC-ISSUE-0367-04,PASS,QA/Reviewer,PASS
SPRINT-012,ISSUE-0368,Implementable story,STORY-0258,TASK-0258,EPIC-043,Security,BC-015,PASS,1,STORY-0255,PASS,src/backend/dsgeorref/contexts/release_installation/adapters/security/release-documentada-com-rollback-e-suporte/** | tests/security/contexts/release_installation/release-documentada-com-rollback-e-suporte/**,NOT_APPLICABLE,PASS,,NOT_APPLICABLE,PASS,,NOT_APPLICABLE,PASS,,NOT_APPLICABLE,PASS,,NOT_APPLICABLE,PASS,,PASS,test_epic_043_evidencia,EVIDENCE_ONLY,PASS,,evidence/security/epic-043/story-0258/ | commit candidato e relatório de testes,PASS,4,AC-ISSUE-0368-01/AC-ISSUE-0368-02/AC-ISSUE-0368-03/AC-ISSUE-0368-04,PASS,QA/Reviewer,PASS
SPRINT-012,ISSUE-0369,Implementable story,STORY-0259,TASK-0259,EPIC-043,QA,BC-015,PASS,3,STORY-0256/STORY-0257/STORY-0258,PASS,tests/rel/contexts/release_installation/release-documentada-com-rollback-e-suporte/** | tools/quality/contexts/release_installation/release-documentada-com-rollback-e-suporte/** | .github/workflows/release-documentada-com-rollback-e-suporte.yaml,NOT_APPLICABLE,PASS,,NOT_APPLICABLE,PASS,,NOT_APPLICABLE,PASS,,NOT_APPLICABLE,PASS,,NOT_APPLICABLE,PASS,,PASS,test_epic_043_ensaio_happy_path/test_epic_043_ensaio_negative_paths,EVIDENCE_ONLY,PASS,,evidence/qa/epic-043/story-0259/ | commit candidato e relatório de testes,PASS,4,AC-ISSUE-0369-01/AC-ISSUE-0369-02/AC-ISSUE-0369-03/AC-ISSUE-0369-04,PASS,QA/Reviewer,PASS
SPRINT-012,ISSUE-0370,Implementable story,STORY-0260,TASK-0260,EPIC-043,Reviewer,BC-015,PASS,1,STORY-0259,PASS,evidence/reviews/release-documentada-com-rollback-e-suporte/**,NOT_APPLICABLE,PASS,,NOT_APPLICABLE,PASS,,NOT_APPLICABLE,PASS,,NOT_APPLICABLE,PASS,,NOT_APPLICABLE,PASS,,PASS,test_epic_043_aceite_happy_path/test_epic_043_aceite_negative_paths,EVIDENCE_ONLY,PASS,Audit,evidence/reviews/epic-043/story-0260/ | commit candidato e relatório de testes,PASS,4,AC-ISSUE-0370-01/AC-ISSUE-0370-02/AC-ISSUE-0370-03/AC-ISSUE-0370-04,PASS,Reviewer,PASS
SPRINT-012,ISSUE-0615,Implementable story,STORY-0505,TASK-0505,EPIC-081,Tech Lead,BC-015,PASS,4,STORY-0450/STORY-0456/STORY-0504/STORY-0260,PASS,src/backend/dsgeorref/contexts/release_installation/application/orquestrador-de-upgrade-preflight-migrations-explicita/**,APPLICABLE,PASS,get_admin_version/post_admin_upgrades_preflight/post_admin_upgrades,APPLICABLE,PASS,,NOT_APPLICABLE,PASS,ADR-010/ADR-011,NOT_APPLICABLE,PASS,,NOT_APPLICABLE,PASS,,PASS,test_declarative_installation_plan_preflight_idempotent_resume_and_partial_state_diagnostics/test_orchestrated_upgrade_preflight_migrations_rollback_restore/test_epic_081_contrato,EVIDENCE_ONLY,PASS,,evidence/implementation/epic-081/story-0505/ | commit candidato e relatório de testes,PASS,4,AC-ISSUE-0615-01/AC-ISSUE-0615-02/AC-ISSUE-0615-03/AC-ISSUE-0615-04,PASS,Arquiteto/QA/Reviewer,PASS
SPRINT-012,ISSUE-0616,Implementable story,STORY-0506,TASK-0506,EPIC-081,DevOps,BC-015,PASS,1,STORY-0505,PASS,tests/rel/contexts/release_installation/orquestrador-de-upgrade-preflight-migrations-explicita/** | tools/quality/contexts/release_installation/orquestrador-de-upgrade-preflight-migrations-explicita/** | .github/workflows/orquestrador-de-upgrade-preflight-migrations-explicita.yaml,APPLICABLE,PASS,get_admin_version/post_admin_upgrades_preflight/post_admin_upgrades,APPLICABLE,PASS,,NOT_APPLICABLE,PASS,ADR-010/ADR-011,NOT_APPLICABLE,PASS,,NOT_APPLICABLE,PASS,,PASS,test_epic_081_automacao,PRODUCT_AND_EVIDENCE,PASS,,evidence/operations/epic-081/story-0506/ | commit candidato e relatório de testes,PASS,4,AC-ISSUE-0616-01/AC-ISSUE-0616-02/AC-ISSUE-0616-03/AC-ISSUE-0616-04,PASS,Arquiteto/QA/Reviewer,PASS
SPRINT-012,ISSUE-0617,Implementable story,STORY-0507,TASK-0507,EPIC-081,DevOps,BC-015,PASS,1,STORY-0505,PASS,tests/rel/contexts/release_installation/orquestrador-de-upgrade-preflight-migrations-explicita/** | tools/quality/contexts/release_installation/orquestrador-de-upgrade-preflight-migrations-explicita/** | .github/workflows/orquestrador-de-upgrade-preflight-migrations-explicita.yaml,APPLICABLE,PASS,get_admin_version/post_admin_upgrades_preflight/post_admin_upgrades,APPLICABLE,PASS,,NOT_APPLICABLE,PASS,ADR-010/ADR-011,NOT_APPLICABLE,PASS,,NOT_APPLICABLE,PASS,,PASS,test_epic_081_upgrade_roundtrip/test_epic_081_upgrade_recovery,EVIDENCE_ONLY,PASS,,evidence/operations/epic-081/story-0507/ | commit candidato e relatório de testes,PASS,4,AC-ISSUE-0617-01/AC-ISSUE-0617-02/AC-ISSUE-0617-03/AC-ISSUE-0617-04,PASS,Arquiteto/QA/Reviewer,PASS
SPRINT-012,ISSUE-0618,Implementable story,STORY-0508,TASK-0508,EPIC-081,Security,BC-015,PASS,1,STORY-0505,PASS,src/backend/dsgeorref/contexts/release_installation/adapters/security/orquestrador-de-upgrade-preflight-migrations-explicita/** | tests/security/contexts/release_installation/orquestrador-de-upgrade-preflight-migrations-explicita/**,APPLICABLE,PASS,get_admin_version/post_admin_upgrades_preflight/post_admin_upgrades,APPLICABLE,PASS,,NOT_APPLICABLE,PASS,ADR-010/ADR-011,NOT_APPLICABLE,PASS,,NOT_APPLICABLE,PASS,,PASS,test_epic_081_evidencia,EVIDENCE_ONLY,PASS,,evidence/security/epic-081/story-0508/ | commit candidato e relatório de testes,PASS,4,AC-ISSUE-0618-01/AC-ISSUE-0618-02/AC-ISSUE-0618-03/AC-ISSUE-0618-04,PASS,Arquiteto/QA/Reviewer,PASS
SPRINT-012,ISSUE-0619,Implementable story,STORY-0509,TASK-0509,EPIC-081,QA,BC-015,PASS,3,STORY-0506/STORY-0507/STORY-0508,PASS,tests/rel/contexts/release_installation/orquestrador-de-upgrade-preflight-migrations-explicita/** | tools/quality/contexts/release_installation/orquestrador-de-upgrade-preflight-migrations-explicita/** | .github/workflows/orquestrador-de-upgrade-preflight-migrations-explicita.yaml,APPLICABLE,PASS,get_admin_version/post_admin_upgrades_preflight/post_admin_upgrades,APPLICABLE,PASS,,NOT_APPLICABLE,PASS,ADR-010/ADR-011,NOT_APPLICABLE,PASS,,NOT_APPLICABLE,PASS,,PASS,test_epic_081_ensaio_happy_path/test_epic_081_ensaio_negative_paths,EVIDENCE_ONLY,PASS,,evidence/qa/epic-081/story-0509/ | commit candidato e relatório de testes,PASS,4,AC-ISSUE-0619-01/AC-ISSUE-0619-02/AC-ISSUE-0619-03/AC-ISSUE-0619-04,PASS,QA/Reviewer,PASS
SPRINT-012,ISSUE-0620,Implementable story,STORY-0510,TASK-0510,EPIC-081,Reviewer,BC-015,PASS,1,STORY-0509,PASS,evidence/reviews/orquestrador-de-upgrade-preflight-migrations-explicita/**,APPLICABLE,PASS,get_admin_version/post_admin_upgrades_preflight/post_admin_upgrades,APPLICABLE,PASS,,NOT_APPLICABLE,PASS,ADR-010/ADR-011,NOT_APPLICABLE,PASS,,NOT_APPLICABLE,PASS,,PASS,test_epic_081_aceite_happy_path/test_epic_081_aceite_negative_paths,EVIDENCE_ONLY,PASS,Audit,evidence/reviews/epic-081/story-0510/ | commit candidato e relatório de testes,PASS,4,AC-ISSUE-0620-01/AC-ISSUE-0620-02/AC-ISSUE-0620-03/AC-ISSUE-0620-04,PASS,Reviewer,PASS
SPRINT-012,ISSUE-0638,Implementable story,STORY-0528,TASK-0528,EPIC-085,Tech Lead,BC-015,PASS,3,STORY-0010/STORY-0254/STORY-0260,PASS,src/backend/dsgeorref/contexts/release_installation/application/definicao-e-automacao-de-milestones-internal-alpha-bet/**,APPLICABLE,PASS,get_admin_version/post_admin_upgrades_preflight/post_admin_upgrades,NOT_APPLICABLE,PASS,,NOT_APPLICABLE,PASS,ADR-010/ADR-011,NOT_APPLICABLE,PASS,,NOT_APPLICABLE,PASS,,PASS,test_epic_085_contrato,EVIDENCE_ONLY,PASS,,evidence/implementation/epic-085/story-0528/ | commit candidato e relatório de testes,PASS,4,AC-ISSUE-0638-01/AC-ISSUE-0638-02/AC-ISSUE-0638-03/AC-ISSUE-0638-04,PASS,Arquiteto/QA/Reviewer,PASS
SPRINT-012,ISSUE-0639,Implementable story,STORY-0529,TASK-0529,EPIC-085,DevOps,BC-015,PASS,1,STORY-0528,PASS,tests/rel/contexts/release_installation/definicao-e-automacao-de-milestones-internal-alpha-bet/** | tools/quality/contexts/release_installation/definicao-e-automacao-de-milestones-internal-alpha-bet/** | .github/workflows/definicao-e-automacao-de-milestones-internal-alpha-bet.yaml,NOT_APPLICABLE,PASS,,NOT_APPLICABLE,PASS,,NOT_APPLICABLE,PASS,,NOT_APPLICABLE,PASS,,NOT_APPLICABLE,PASS,,PASS,test_release_train_visibility_license_sanitization_and_beta_gate/test_epic_085_automacao,PRODUCT_AND_EVIDENCE,PASS,,evidence/operations/epic-085/story-0529/ | commit candidato e relatório de testes,PASS,4,AC-ISSUE-0639-01/AC-ISSUE-0639-02/AC-ISSUE-0639-03/AC-ISSUE-0639-04,PASS,QA/Reviewer,PASS
SPRINT-012,ISSUE-0640,Implementable story,STORY-0530,TASK-0530,EPIC-085,DevOps,BC-015,PASS,1,STORY-0528,PASS,tests/rel/contexts/release_installation/definicao-e-automacao-de-milestones-internal-alpha-bet/** | tools/quality/contexts/release_installation/definicao-e-automacao-de-milestones-internal-alpha-bet/** | .github/workflows/definicao-e-automacao-de-milestones-internal-alpha-bet.yaml,NOT_APPLICABLE,PASS,,NOT_APPLICABLE,PASS,,NOT_APPLICABLE,PASS,,NOT_APPLICABLE,PASS,,NOT_APPLICABLE,PASS,,PASS,test_epic_085_upgrade_roundtrip/test_epic_085_upgrade_recovery,EVIDENCE_ONLY,PASS,,evidence/operations/epic-085/story-0530/ | commit candidato e relatório de testes,PASS,4,AC-ISSUE-0640-01/AC-ISSUE-0640-02/AC-ISSUE-0640-03/AC-ISSUE-0640-04,PASS,QA/Reviewer,PASS
SPRINT-012,ISSUE-0641,Implementable story,STORY-0531,TASK-0531,EPIC-085,Security,BC-015,PASS,1,STORY-0528,PASS,src/backend/dsgeorref/contexts/release_installation/adapters/security/definicao-e-automacao-de-milestones-internal-alpha-bet/** | tests/security/contexts/release_installation/definicao-e-automacao-de-milestones-internal-alpha-bet/**,NOT_APPLICABLE,PASS,,NOT_APPLICABLE,PASS,,NOT_APPLICABLE,PASS,,NOT_APPLICABLE,PASS,,NOT_APPLICABLE,PASS,,PASS,test_epic_085_evidencia,EVIDENCE_ONLY,PASS,,evidence/security/epic-085/story-0531/ | commit candidato e relatório de testes,PASS,4,AC-ISSUE-0641-01/AC-ISSUE-0641-02/AC-ISSUE-0641-03/AC-ISSUE-0641-04,PASS,QA/Reviewer,PASS
SPRINT-012,ISSUE-0642,Implementable story,STORY-0532,TASK-0532,EPIC-085,QA,BC-015,PASS,3,STORY-0529/STORY-0530/STORY-0531,PASS,tests/rel/contexts/release_installation/definicao-e-automacao-de-milestones-internal-alpha-bet/** | tools/quality/contexts/release_installation/definicao-e-automacao-de-milestones-internal-alpha-bet/** | .github/workflows/definicao-e-automacao-de-milestones-internal-alpha-bet.yaml,NOT_APPLICABLE,PASS,,NOT_APPLICABLE,PASS,,NOT_APPLICABLE,PASS,,NOT_APPLICABLE,PASS,,NOT_APPLICABLE,PASS,,PASS,test_epic_085_ensaio_happy_path/test_epic_085_ensaio_negative_paths,EVIDENCE_ONLY,PASS,,evidence/qa/epic-085/story-0532/ | commit candidato e relatório de testes,PASS,4,AC-ISSUE-0642-01/AC-ISSUE-0642-02/AC-ISSUE-0642-03/AC-ISSUE-0642-04,PASS,QA/Reviewer,PASS
SPRINT-012,ISSUE-0643,Implementable story,STORY-0533,TASK-0533,EPIC-085,Reviewer,BC-015,PASS,1,STORY-0532,PASS,evidence/reviews/definicao-e-automacao-de-milestones-internal-alpha-bet/**,NOT_APPLICABLE,PASS,,NOT_APPLICABLE,PASS,,NOT_APPLICABLE,PASS,,NOT_APPLICABLE,PASS,,NOT_APPLICABLE,PASS,,PASS,test_epic_085_aceite_happy_path/test_epic_085_aceite_negative_paths,EVIDENCE_ONLY,PASS,Audit,evidence/reviews/epic-085/story-0533/ | commit candidato e relatório de testes,PASS,4,AC-ISSUE-0643-01/AC-ISSUE-0643-02/AC-ISSUE-0643-03/AC-ISSUE-0643-04,PASS,Reviewer,PASS
SPRINT-012,ISSUE-0649,Implementable story,STORY-0539,TASK-0539,EPIC-087,Tech Lead,BC-015,PASS,7,STORY-0538/STORY-0061/STORY-0102/STORY-0142/STORY-0267/STORY-0225/STORY-0208,PASS,src/backend/dsgeorref/contexts/release_installation/application/baseline-operacional-vertical-privado-com-escopo-da-de/**,APPLICABLE,PASS,get_admin_version/post_admin_upgrades_preflight/post_admin_upgrades,NOT_APPLICABLE,PASS,,NOT_APPLICABLE,PASS,ADR-010/ADR-011,NOT_APPLICABLE,PASS,,NOT_APPLICABLE,PASS,,PASS,test_epic_087_contrato,EVIDENCE_ONLY,PASS,,evidence/implementation/epic-087/story-0539/ | commit candidato e relatório de testes,PASS,4,AC-ISSUE-0649-01/AC-ISSUE-0649-02/AC-ISSUE-0649-03/AC-ISSUE-0649-04,PASS,Arquiteto/QA/Reviewer,PASS
SPRINT-012,ISSUE-0650,Implementable story,STORY-0540,TASK-0540,EPIC-087,DevOps,BC-015,PASS,1,STORY-0539,PASS,tests/rel/contexts/release_installation/baseline-operacional-vertical-privado-com-escopo-da-de/** | tools/quality/contexts/release_installation/baseline-operacional-vertical-privado-com-escopo-da-de/** | .github/workflows/baseline-operacional-vertical-privado-com-escopo-da-de.yaml,NOT_APPLICABLE,PASS,,NOT_APPLICABLE,PASS,,NOT_APPLICABLE,PASS,,NOT_APPLICABLE,PASS,,NOT_APPLICABLE,PASS,,PASS,test_private_operational_baseline_scope_cpu_only_clean_install/test_epic_087_automacao,PRODUCT_AND_EVIDENCE,PASS,,evidence/operations/epic-087/story-0540/ | commit candidato e relatório de testes,PASS,4,AC-ISSUE-0650-01/AC-ISSUE-0650-02/AC-ISSUE-0650-03/AC-ISSUE-0650-04,PASS,QA/Reviewer,PASS
SPRINT-012,ISSUE-0651,Implementable story,STORY-0541,TASK-0541,EPIC-087,DevOps,BC-015,PASS,1,STORY-0539,PASS,tests/rel/contexts/release_installation/baseline-operacional-vertical-privado-com-escopo-da-de/** | tools/quality/contexts/release_installation/baseline-operacional-vertical-privado-com-escopo-da-de/** | .github/workflows/baseline-operacional-vertical-privado-com-escopo-da-de.yaml,NOT_APPLICABLE,PASS,,NOT_APPLICABLE,PASS,,NOT_APPLICABLE,PASS,,NOT_APPLICABLE,PASS,,NOT_APPLICABLE,PASS,,PASS,test_epic_087_upgrade_roundtrip/test_epic_087_upgrade_recovery,EVIDENCE_ONLY,PASS,,evidence/operations/epic-087/story-0541/ | commit candidato e relatório de testes,PASS,4,AC-ISSUE-0651-01/AC-ISSUE-0651-02/AC-ISSUE-0651-03/AC-ISSUE-0651-04,PASS,QA/Reviewer,PASS
SPRINT-012,ISSUE-0652,Implementable story,STORY-0542,TASK-0542,EPIC-087,Security,BC-015,PASS,1,STORY-0539,PASS,src/backend/dsgeorref/contexts/release_installation/adapters/security/baseline-operacional-vertical-privado-com-escopo-da-de/** | tests/security/contexts/release_installation/baseline-operacional-vertical-privado-com-escopo-da-de/**,NOT_APPLICABLE,PASS,,NOT_APPLICABLE,PASS,,NOT_APPLICABLE,PASS,,NOT_APPLICABLE,PASS,,NOT_APPLICABLE,PASS,,PASS,test_epic_087_evidencia,EVIDENCE_ONLY,PASS,,evidence/security/epic-087/story-0542/ | commit candidato e relatório de testes,PASS,4,AC-ISSUE-0652-01/AC-ISSUE-0652-02/AC-ISSUE-0652-03/AC-ISSUE-0652-04,PASS,QA/Reviewer,PASS
SPRINT-012,ISSUE-0653,Implementable story,STORY-0543,TASK-0543,EPIC-087,QA,BC-015,PASS,3,STORY-0540/STORY-0541/STORY-0542,PASS,tests/rel/contexts/release_installation/baseline-operacional-vertical-privado-com-escopo-da-de/** | tools/quality/contexts/release_installation/baseline-operacional-vertical-privado-com-escopo-da-de/** | .github/workflows/baseline-operacional-vertical-privado-com-escopo-da-de.yaml,NOT_APPLICABLE,PASS,,NOT_APPLICABLE,PASS,,NOT_APPLICABLE,PASS,,NOT_APPLICABLE,PASS,,NOT_APPLICABLE,PASS,,PASS,test_epic_087_ensaio_happy_path/test_epic_087_ensaio_negative_paths,EVIDENCE_ONLY,PASS,,evidence/qa/epic-087/story-0543/ | commit candidato e relatório de testes,PASS,4,AC-ISSUE-0653-01/AC-ISSUE-0653-02/AC-ISSUE-0653-03/AC-ISSUE-0653-04,PASS,QA/Reviewer,PASS
SPRINT-012,ISSUE-0654,Implementable story,STORY-0544,TASK-0544,EPIC-087,Reviewer,BC-015,PASS,1,STORY-0543,PASS,evidence/reviews/baseline-operacional-vertical-privado-com-escopo-da-de/**,NOT_APPLICABLE,PASS,,NOT_APPLICABLE,PASS,,NOT_APPLICABLE,PASS,,NOT_APPLICABLE,PASS,,NOT_APPLICABLE,PASS,,PASS,test_epic_087_aceite_happy_path/test_epic_087_aceite_negative_paths,EVIDENCE_ONLY,PASS,Audit,evidence/reviews/epic-087/story-0544/ | commit candidato e relatório de testes,PASS,4,AC-ISSUE-0654-01/AC-ISSUE-0654-02/AC-ISSUE-0654-03/AC-ISSUE-0654-04,PASS,Reviewer,PASS
SPRINT-012,ISSUE-0659,Implementable story,STORY-0549,TASK-0549,EPIC-089,Tech Lead,BC-015,PASS,5,STORY-0533/STORY-0544/STORY-0254/STORY-0504/STORY-0456,PASS,src/backend/dsgeorref/contexts/release_installation/application/release-train-internal-alpha-beta-1-0-automacao-de-evi/**,APPLICABLE,PASS,get_admin_version/post_admin_upgrades_preflight/post_admin_upgrades,NOT_APPLICABLE,PASS,,NOT_APPLICABLE,PASS,ADR-010/ADR-011,NOT_APPLICABLE,PASS,,NOT_APPLICABLE,PASS,,PASS,test_epic_089_contrato,EVIDENCE_ONLY,PASS,,evidence/implementation/epic-089/story-0549/ | commit candidato e relatório de testes,PASS,4,AC-ISSUE-0659-01/AC-ISSUE-0659-02/AC-ISSUE-0659-03/AC-ISSUE-0659-04,PASS,Arquiteto/QA/Reviewer,PASS
SPRINT-012,ISSUE-0660,Implementable story,STORY-0550,TASK-0550,EPIC-089,DevOps,BC-015,PASS,1,STORY-0549,PASS,tests/rel/contexts/release_installation/release-train-internal-alpha-beta-1-0-automacao-de-evi/** | tools/quality/contexts/release_installation/release-train-internal-alpha-beta-1-0-automacao-de-evi/** | .github/workflows/release-train-internal-alpha-beta-1-0-automacao-de-evi.yaml,NOT_APPLICABLE,PASS,,NOT_APPLICABLE,PASS,,NOT_APPLICABLE,PASS,,NOT_APPLICABLE,PASS,,NOT_APPLICABLE,PASS,,PASS,test_release_train_visibility_license_sanitization_and_beta_gate/test_citation_cff_codemeta_authors_notices_release_digest_and_doi_consistency/test_epic_089_automacao,PRODUCT_AND_EVIDENCE,PASS,,evidence/operations/epic-089/story-0550/ | commit candidato e relatório de testes,PASS,4,AC-ISSUE-0660-01/AC-ISSUE-0660-02/AC-ISSUE-0660-03/AC-ISSUE-0660-04,PASS,QA/Reviewer,PASS
SPRINT-012,ISSUE-0661,Implementable story,STORY-0551,TASK-0551,EPIC-089,DevOps,BC-015,PASS,1,STORY-0549,PASS,tests/rel/contexts/release_installation/release-train-internal-alpha-beta-1-0-automacao-de-evi/** | tools/quality/contexts/release_installation/release-train-internal-alpha-beta-1-0-automacao-de-evi/** | .github/workflows/release-train-internal-alpha-beta-1-0-automacao-de-evi.yaml,NOT_APPLICABLE,PASS,,NOT_APPLICABLE,PASS,,NOT_APPLICABLE,PASS,,NOT_APPLICABLE,PASS,,NOT_APPLICABLE,PASS,,PASS,test_epic_089_upgrade_roundtrip/test_epic_089_upgrade_recovery,EVIDENCE_ONLY,PASS,,evidence/operations/epic-089/story-0551/ | commit candidato e relatório de testes,PASS,4,AC-ISSUE-0661-01/AC-ISSUE-0661-02/AC-ISSUE-0661-03/AC-ISSUE-0661-04,PASS,QA/Reviewer,PASS
SPRINT-012,ISSUE-0662,Implementable story,STORY-0552,TASK-0552,EPIC-089,Security,BC-015,PASS,1,STORY-0549,PASS,src/backend/dsgeorref/contexts/release_installation/adapters/security/release-train-internal-alpha-beta-1-0-automacao-de-evi/** | tests/security/contexts/release_installation/release-train-internal-alpha-beta-1-0-automacao-de-evi/**,NOT_APPLICABLE,PASS,,NOT_APPLICABLE,PASS,,NOT_APPLICABLE,PASS,,NOT_APPLICABLE,PASS,,NOT_APPLICABLE,PASS,,PASS,test_epic_089_evidencia,EVIDENCE_ONLY,PASS,,evidence/security/epic-089/story-0552/ | commit candidato e relatório de testes,PASS,4,AC-ISSUE-0662-01/AC-ISSUE-0662-02/AC-ISSUE-0662-03/AC-ISSUE-0662-04,PASS,QA/Reviewer,PASS
SPRINT-012,ISSUE-0663,Implementable story,STORY-0553,TASK-0553,EPIC-089,QA,BC-015,PASS,3,STORY-0550/STORY-0551/STORY-0552,PASS,tests/rel/contexts/release_installation/release-train-internal-alpha-beta-1-0-automacao-de-evi/** | tools/quality/contexts/release_installation/release-train-internal-alpha-beta-1-0-automacao-de-evi/** | .github/workflows/release-train-internal-alpha-beta-1-0-automacao-de-evi.yaml,NOT_APPLICABLE,PASS,,NOT_APPLICABLE,PASS,,NOT_APPLICABLE,PASS,,NOT_APPLICABLE,PASS,,NOT_APPLICABLE,PASS,,PASS,test_epic_089_ensaio_happy_path/test_epic_089_ensaio_negative_paths,EVIDENCE_ONLY,PASS,,evidence/qa/epic-089/story-0553/ | commit candidato e relatório de testes,PASS,4,AC-ISSUE-0663-01/AC-ISSUE-0663-02/AC-ISSUE-0663-03/AC-ISSUE-0663-04,PASS,QA/Reviewer,PASS
SPRINT-012,ISSUE-0664,Implementable story,STORY-0554,TASK-0554,EPIC-089,Reviewer,BC-015,PASS,1,STORY-0553,PASS,evidence/reviews/release-train-internal-alpha-beta-1-0-automacao-de-evi/**,NOT_APPLICABLE,PASS,,NOT_APPLICABLE,PASS,,NOT_APPLICABLE,PASS,,NOT_APPLICABLE,PASS,,NOT_APPLICABLE,PASS,,PASS,test_epic_089_aceite_happy_path/test_epic_089_aceite_negative_paths,EVIDENCE_ONLY,PASS,Audit,evidence/reviews/epic-089/story-0554/ | commit candidato e relatório de testes,PASS,4,AC-ISSUE-0664-01/AC-ISSUE-0664-02/AC-ISSUE-0664-03/AC-ISSUE-0664-04,PASS,Reviewer,PASS
SPRINT-012,ISSUE-0770,Implementable story,STORY-0660,TASK-0660,EPIC-106,Tech Lead,BC-015,PASS,0,,PASS,src/backend/dsgeorref/contexts/release_installation/application/migrations-compativeis-upgrade-e-downgrade-seguro/**,APPLICABLE,PASS,get_admin_version/post_admin_upgrades_preflight/post_admin_upgrades,APPLICABLE,PASS,ADR-026,NOT_APPLICABLE,PASS,ADR-010/ADR-011,NOT_APPLICABLE,PASS,,NOT_APPLICABLE,PASS,,PASS,test_upgrade_rollback_compatibility_matrix_downgrade_blockers_forward_fix_and_restore/test_epic_106_contrato,EVIDENCE_ONLY,PASS,,evidence/implementation/epic-106/story-0660/ | commit candidato e relatório de testes,PASS,4,AC-ISSUE-0770-01/AC-ISSUE-0770-02/AC-ISSUE-0770-03/AC-ISSUE-0770-04,PASS,Arquiteto/QA/Reviewer,PASS
SPRINT-012,ISSUE-0771,Implementable story,STORY-0661,TASK-0661,EPIC-106,DevOps,BC-015,PASS,1,STORY-0660,PASS,tests/rel/contexts/release_installation/migrations-compativeis-upgrade-e-downgrade-seguro/** | tools/quality/contexts/release_installation/migrations-compativeis-upgrade-e-downgrade-seguro/** | .github/workflows/migrations-compativeis-upgrade-e-downgrade-seguro.yaml,NOT_APPLICABLE,PASS,,APPLICABLE,PASS,ADR-026,NOT_APPLICABLE,PASS,,NOT_APPLICABLE,PASS,,NOT_APPLICABLE,PASS,,PASS,test_epic_106_automacao,PRODUCT_AND_EVIDENCE,PASS,,evidence/operations/epic-106/story-0661/ | commit candidato e relatório de testes,PASS,4,AC-ISSUE-0771-01/AC-ISSUE-0771-02/AC-ISSUE-0771-03/AC-ISSUE-0771-04,PASS,Arquiteto/QA/Reviewer,PASS
SPRINT-012,ISSUE-0772,Implementable story,STORY-0662,TASK-0662,EPIC-106,DevOps,BC-015,PASS,1,STORY-0660,PASS,tests/rel/contexts/release_installation/migrations-compativeis-upgrade-e-downgrade-seguro/** | tools/quality/contexts/release_installation/migrations-compativeis-upgrade-e-downgrade-seguro/** | .github/workflows/migrations-compativeis-upgrade-e-downgrade-seguro.yaml,NOT_APPLICABLE,PASS,,APPLICABLE,PASS,ADR-026,NOT_APPLICABLE,PASS,,NOT_APPLICABLE,PASS,,NOT_APPLICABLE,PASS,,PASS,test_expand_migrate_contract_chunked_backfill_resume_invariants_and_irreversibility/test_singleton_upgrade_controller_lease_preflight_checkpoint_resume_and_split_brain_prevention/test_epic_106_upgrade_roundtrip/test_epic_106_upgrade_recovery,EVIDENCE_ONLY,PASS,,evidence/operations/epic-106/story-0662/ | commit candidato e relatório de testes,PASS,4,AC-ISSUE-0772-01/AC-ISSUE-0772-02/AC-ISSUE-0772-03/AC-ISSUE-0772-04,PASS,Arquiteto/QA/Reviewer,PASS
SPRINT-012,ISSUE-0773,Implementable story,STORY-0663,TASK-0663,EPIC-106,Security,BC-015,PASS,1,STORY-0660,PASS,src/backend/dsgeorref/contexts/release_installation/adapters/security/migrations-compativeis-upgrade-e-downgrade-seguro/** | tests/security/contexts/release_installation/migrations-compativeis-upgrade-e-downgrade-seguro/**,NOT_APPLICABLE,PASS,,APPLICABLE,PASS,ADR-026,NOT_APPLICABLE,PASS,,NOT_APPLICABLE,PASS,,NOT_APPLICABLE,PASS,,PASS,test_epic_106_evidencia,EVIDENCE_ONLY,PASS,,evidence/security/epic-106/story-0663/ | commit candidato e relatório de testes,PASS,4,AC-ISSUE-0773-01/AC-ISSUE-0773-02/AC-ISSUE-0773-03/AC-ISSUE-0773-04,PASS,Arquiteto/QA/Reviewer,PASS
SPRINT-012,ISSUE-0774,Implementable story,STORY-0664,TASK-0664,EPIC-106,QA,BC-015,PASS,3,STORY-0661/STORY-0662/STORY-0663,PASS,tests/rel/contexts/release_installation/migrations-compativeis-upgrade-e-downgrade-seguro/** | tools/quality/contexts/release_installation/migrations-compativeis-upgrade-e-downgrade-seguro/** | .github/workflows/migrations-compativeis-upgrade-e-downgrade-seguro.yaml,NOT_APPLICABLE,PASS,,APPLICABLE,PASS,ADR-026,NOT_APPLICABLE,PASS,,NOT_APPLICABLE,PASS,,NOT_APPLICABLE,PASS,,PASS,test_epic_106_ensaio_happy_path/test_epic_106_ensaio_negative_paths,EVIDENCE_ONLY,PASS,,evidence/qa/epic-106/story-0664/ | commit candidato e relatório de testes,PASS,4,AC-ISSUE-0774-01/AC-ISSUE-0774-02/AC-ISSUE-0774-03/AC-ISSUE-0774-04,PASS,QA/Reviewer,PASS
SPRINT-012,ISSUE-0775,Implementable story,STORY-0665,TASK-0665,EPIC-106,Reviewer,BC-015,PASS,1,STORY-0664,PASS,evidence/reviews/migrations-compativeis-upgrade-e-downgrade-seguro/**,NOT_APPLICABLE,PASS,,APPLICABLE,PASS,ADR-026,NOT_APPLICABLE,PASS,,NOT_APPLICABLE,PASS,,NOT_APPLICABLE,PASS,,PASS,test_epic_106_aceite_happy_path/test_epic_106_aceite_negative_paths,EVIDENCE_ONLY,PASS,Audit,evidence/reviews/epic-106/story-0665/ | commit candidato e relatório de testes,PASS,4,AC-ISSUE-0775-01/AC-ISSUE-0775-02/AC-ISSUE-0775-03/AC-ISSUE-0775-04,PASS,Reviewer,PASS
SPRINT-012,ISSUE-0776,Implementable story,STORY-0666,TASK-0666,EPIC-107,Tech Lead,BC-015,PASS,0,,PASS,src/backend/dsgeorref/contexts/release_installation/application/controlador-e-rollout-coordenado-de-upgrades/**,APPLICABLE,PASS,get_admin_version/post_admin_upgrades_preflight/post_admin_upgrades,NOT_APPLICABLE,PASS,ADR-026,NOT_APPLICABLE,PASS,ADR-010/ADR-011,NOT_APPLICABLE,PASS,,NOT_APPLICABLE,PASS,,PASS,test_req_dbschema_0010/test_phase_aware_recovery_writer_blocking_forward_fix_compatible_rollback_and_validated_restore/test_epic_107_contrato,EVIDENCE_ONLY,PASS,,evidence/implementation/epic-107/story-0666/ | commit candidato e relatório de testes,PASS,4,AC-ISSUE-0776-01/AC-ISSUE-0776-02/AC-ISSUE-0776-03/AC-ISSUE-0776-04,PASS,Arquiteto/QA/Reviewer,PASS
SPRINT-012,ISSUE-0777,Implementable story,STORY-0667,TASK-0667,EPIC-107,DevOps,BC-015,PASS,1,STORY-0666,PASS,tests/rel/contexts/release_installation/controlador-e-rollout-coordenado-de-upgrades/** | tools/quality/contexts/release_installation/controlador-e-rollout-coordenado-de-upgrades/** | .github/workflows/controlador-e-rollout-coordenado-de-upgrades.yaml,NOT_APPLICABLE,PASS,,NOT_APPLICABLE,PASS,ADR-026,NOT_APPLICABLE,PASS,,NOT_APPLICABLE,PASS,,NOT_APPLICABLE,PASS,,PASS,test_post_migration_multidimensional_evidence_gate_canary_and_atomic_cutover/test_phased_rollout_limited_mixed_version_window_drain_and_long_job_pinning/test_epic_107_automacao,PRODUCT_AND_EVIDENCE,PASS,,evidence/operations/epic-107/story-0667/ | commit candidato e relatório de testes,PASS,4,AC-ISSUE-0777-01/AC-ISSUE-0777-02/AC-ISSUE-0777-03/AC-ISSUE-0777-04,PASS,QA/Reviewer,PASS
SPRINT-012,ISSUE-0778,Implementable story,STORY-0668,TASK-0668,EPIC-107,DevOps,BC-015,PASS,1,STORY-0666,PASS,tests/rel/contexts/release_installation/controlador-e-rollout-coordenado-de-upgrades/** | tools/quality/contexts/release_installation/controlador-e-rollout-coordenado-de-upgrades/** | .github/workflows/controlador-e-rollout-coordenado-de-upgrades.yaml,NOT_APPLICABLE,PASS,,NOT_APPLICABLE,PASS,ADR-026,NOT_APPLICABLE,PASS,,NOT_APPLICABLE,PASS,,NOT_APPLICABLE,PASS,,PASS,test_singleton_upgrade_controller_lease_preflight_checkpoint_resume_and_split_brain_prevention/test_epic_107_upgrade_roundtrip/test_epic_107_upgrade_recovery,EVIDENCE_ONLY,PASS,,evidence/operations/epic-107/story-0668/ | commit candidato e relatório de testes,PASS,4,AC-ISSUE-0778-01/AC-ISSUE-0778-02/AC-ISSUE-0778-03/AC-ISSUE-0778-04,PASS,QA/Reviewer,PASS
SPRINT-012,ISSUE-0779,Implementable story,STORY-0669,TASK-0669,EPIC-107,Security,BC-015,PASS,1,STORY-0666,PASS,src/backend/dsgeorref/contexts/release_installation/adapters/security/controlador-e-rollout-coordenado-de-upgrades/** | tests/security/contexts/release_installation/controlador-e-rollout-coordenado-de-upgrades/**,NOT_APPLICABLE,PASS,,NOT_APPLICABLE,PASS,,NOT_APPLICABLE,PASS,,NOT_APPLICABLE,PASS,,NOT_APPLICABLE,PASS,,PASS,test_epic_107_evidencia,EVIDENCE_ONLY,PASS,,evidence/security/epic-107/story-0669/ | commit candidato e relatório de testes,PASS,4,AC-ISSUE-0779-01/AC-ISSUE-0779-02/AC-ISSUE-0779-03/AC-ISSUE-0779-04,PASS,QA/Reviewer,PASS
SPRINT-012,ISSUE-0780,Implementable story,STORY-0670,TASK-0670,EPIC-107,QA,BC-015,PASS,3,STORY-0667/STORY-0668/STORY-0669,PASS,tests/rel/contexts/release_installation/controlador-e-rollout-coordenado-de-upgrades/** | tools/quality/contexts/release_installation/controlador-e-rollout-coordenado-de-upgrades/** | .github/workflows/controlador-e-rollout-coordenado-de-upgrades.yaml,NOT_APPLICABLE,PASS,,NOT_APPLICABLE,PASS,,NOT_APPLICABLE,PASS,,NOT_APPLICABLE,PASS,,NOT_APPLICABLE,PASS,,PASS,test_epic_107_ensaio_happy_path/test_epic_107_ensaio_negative_paths,EVIDENCE_ONLY,PASS,,evidence/qa/epic-107/story-0670/ | commit candidato e relatório de testes,PASS,4,AC-ISSUE-0780-01/AC-ISSUE-0780-02/AC-ISSUE-0780-03/AC-ISSUE-0780-04,PASS,QA/Reviewer,PASS
SPRINT-012,ISSUE-0781,Implementable story,STORY-0671,TASK-0671,EPIC-107,Reviewer,BC-015,PASS,1,STORY-0670,PASS,evidence/reviews/controlador-e-rollout-coordenado-de-upgrades/**,NOT_APPLICABLE,PASS,,NOT_APPLICABLE,PASS,,NOT_APPLICABLE,PASS,,NOT_APPLICABLE,PASS,,NOT_APPLICABLE,PASS,,PASS,test_epic_107_aceite_happy_path/test_epic_107_aceite_negative_paths,EVIDENCE_ONLY,PASS,Audit,evidence/reviews/epic-107/story-0671/ | commit candidato e relatório de testes,PASS,4,AC-ISSUE-0781-01/AC-ISSUE-0781-02/AC-ISSUE-0781-03/AC-ISSUE-0781-04,PASS,Reviewer,PASS
SPRINT-012,ISSUE-0782,Implementable story,STORY-0672,TASK-0672,EPIC-108,Tech Lead,BC-015,PASS,0,,PASS,src/backend/dsgeorref/contexts/release_installation/application/instalador-bootstrap-readiness-e-suporte-diagnostico/**,APPLICABLE,PASS,get_admin_version/post_admin_upgrades_preflight/post_admin_upgrades,NOT_APPLICABLE,PASS,,NOT_APPLICABLE,PASS,ADR-010/ADR-011,NOT_APPLICABLE,PASS,,NOT_APPLICABLE,PASS,,PASS,test_declarative_installation_plan_preflight_idempotent_resume_and_partial_state_diagnostics/test_installation_evidence_set_synthetic_canary_offline_readiness_and_failure_codes/test_epic_108_contrato,EVIDENCE_ONLY,PASS,,evidence/implementation/epic-108/story-0672/ | commit candidato e relatório de testes,PASS,4,AC-ISSUE-0782-01/AC-ISSUE-0782-02/AC-ISSUE-0782-03/AC-ISSUE-0782-04,PASS,Arquiteto/QA/Reviewer,PASS
SPRINT-012,ISSUE-0783,Implementable story,STORY-0673,TASK-0673,EPIC-108,DevOps,BC-015,PASS,1,STORY-0672,PASS,tests/rel/contexts/release_installation/instalador-bootstrap-readiness-e-suporte-diagnostico/** | tools/quality/contexts/release_installation/instalador-bootstrap-readiness-e-suporte-diagnostico/** | .github/workflows/instalador-bootstrap-readiness-e-suporte-diagnostico.yaml,NOT_APPLICABLE,PASS,,NOT_APPLICABLE,PASS,,NOT_APPLICABLE,PASS,,NOT_APPLICABLE,PASS,,NOT_APPLICABLE,PASS,,PASS,test_one_time_bootstrap_no_default_credentials_secret_generation_expiry_and_recovery/test_sanitized_local_support_bundle_no_exfiltration_and_repair_dry_run/test_epic_108_automacao,PRODUCT_AND_EVIDENCE,PASS,,evidence/operations/epic-108/story-0673/ | commit candidato e relatório de testes,PASS,4,AC-ISSUE-0783-01/AC-ISSUE-0783-02/AC-ISSUE-0783-03/AC-ISSUE-0783-04,PASS,QA/Reviewer,PASS
SPRINT-012,ISSUE-0784,Implementable story,STORY-0674,TASK-0674,EPIC-108,DevOps,BC-015,PASS,1,STORY-0672,PASS,tests/rel/contexts/release_installation/instalador-bootstrap-readiness-e-suporte-diagnostico/** | tools/quality/contexts/release_installation/instalador-bootstrap-readiness-e-suporte-diagnostico/** | .github/workflows/instalador-bootstrap-readiness-e-suporte-diagnostico.yaml,NOT_APPLICABLE,PASS,,NOT_APPLICABLE,PASS,,NOT_APPLICABLE,PASS,,NOT_APPLICABLE,PASS,,NOT_APPLICABLE,PASS,,PASS,test_epic_108_upgrade_roundtrip/test_epic_108_upgrade_recovery,EVIDENCE_ONLY,PASS,,evidence/operations/epic-108/story-0674/ | commit candidato e relatório de testes,PASS,4,AC-ISSUE-0784-01/AC-ISSUE-0784-02/AC-ISSUE-0784-03/AC-ISSUE-0784-04,PASS,QA/Reviewer,PASS
SPRINT-012,ISSUE-0785,Implementable story,STORY-0675,TASK-0675,EPIC-108,Security,BC-015,PASS,1,STORY-0672,PASS,src/backend/dsgeorref/contexts/release_installation/adapters/security/instalador-bootstrap-readiness-e-suporte-diagnostico/** | tests/security/contexts/release_installation/instalador-bootstrap-readiness-e-suporte-diagnostico/**,NOT_APPLICABLE,PASS,,NOT_APPLICABLE,PASS,,NOT_APPLICABLE,PASS,,NOT_APPLICABLE,PASS,,NOT_APPLICABLE,PASS,,PASS,test_epic_108_evidencia,EVIDENCE_ONLY,PASS,,evidence/security/epic-108/story-0675/ | commit candidato e relatório de testes,PASS,4,AC-ISSUE-0785-01/AC-ISSUE-0785-02/AC-ISSUE-0785-03/AC-ISSUE-0785-04,PASS,QA/Reviewer,PASS
SPRINT-012,ISSUE-0786,Implementable story,STORY-0676,TASK-0676,EPIC-108,QA,BC-015,PASS,3,STORY-0673/STORY-0674/STORY-0675,PASS,tests/rel/contexts/release_installation/instalador-bootstrap-readiness-e-suporte-diagnostico/** | tools/quality/contexts/release_installation/instalador-bootstrap-readiness-e-suporte-diagnostico/** | .github/workflows/instalador-bootstrap-readiness-e-suporte-diagnostico.yaml,NOT_APPLICABLE,PASS,,NOT_APPLICABLE,PASS,,NOT_APPLICABLE,PASS,,NOT_APPLICABLE,PASS,,NOT_APPLICABLE,PASS,,PASS,test_epic_108_ensaio_happy_path/test_epic_108_ensaio_negative_paths,EVIDENCE_ONLY,PASS,,evidence/qa/epic-108/story-0676/ | commit candidato e relatório de testes,PASS,4,AC-ISSUE-0786-01/AC-ISSUE-0786-02/AC-ISSUE-0786-03/AC-ISSUE-0786-04,PASS,QA/Reviewer,PASS
SPRINT-012,ISSUE-0787,Implementable story,STORY-0677,TASK-0677,EPIC-108,Reviewer,BC-015,PASS,1,STORY-0676,PASS,evidence/reviews/instalador-bootstrap-readiness-e-suporte-diagnostico/**,NOT_APPLICABLE,PASS,,NOT_APPLICABLE,PASS,,NOT_APPLICABLE,PASS,,NOT_APPLICABLE,PASS,,NOT_APPLICABLE,PASS,,PASS,test_epic_108_aceite_happy_path/test_epic_108_aceite_negative_paths,EVIDENCE_ONLY,PASS,Audit,evidence/reviews/epic-108/story-0677/ | commit candidato e relatório de testes,PASS,4,AC-ISSUE-0787-01/AC-ISSUE-0787-02/AC-ISSUE-0787-03/AC-ISSUE-0787-04,PASS,Reviewer,PASS
SPRINT-012,ISSUE-0788,Implementable story,STORY-0678,TASK-0678,EPIC-109,Product Owner,BC-015,PASS,0,,PASS,docs/01-product/capabilities/licenciamento-contribuicao-rights-manifests-e-citacao/**,APPLICABLE,PASS,get_admin_version/post_admin_upgrades_preflight/post_admin_upgrades,NOT_APPLICABLE,PASS,,NOT_APPLICABLE,PASS,ADR-010/ADR-011,NOT_APPLICABLE,PASS,,NOT_APPLICABLE,PASS,,PASS,test_epic_109_politica,PRODUCT_AND_EVIDENCE,PASS,Manifest,evidence/implementation/epic-109/story-0678/ | commit candidato e relatório de testes,PASS,4,AC-ISSUE-0788-01/AC-ISSUE-0788-02/AC-ISSUE-0788-03/AC-ISSUE-0788-04,PASS,Product Owner/Arquiteto/Reviewer,PASS
SPRINT-012,ISSUE-0789,Implementable story,STORY-0679,TASK-0679,EPIC-109,Tech Lead,BC-015,PASS,1,STORY-0678,PASS,src/backend/dsgeorref/contexts/release_installation/application/licenciamento-contribuicao-rights-manifests-e-citacao/**,NOT_APPLICABLE,PASS,,NOT_APPLICABLE,PASS,,NOT_APPLICABLE,PASS,,NOT_APPLICABLE,PASS,,NOT_APPLICABLE,PASS,,PASS,test_epic_109_artefatos,PRODUCT_AND_EVIDENCE,PASS,Manifest,evidence/implementation/epic-109/story-0679/ | commit candidato e relatório de testes,PASS,4,AC-ISSUE-0789-01/AC-ISSUE-0789-02/AC-ISSUE-0789-03/AC-ISSUE-0789-04,PASS,QA/Reviewer,PASS
SPRINT-012,ISSUE-0790,Implementable story,STORY-0680,TASK-0680,EPIC-109,DevOps,BC-015,PASS,1,STORY-0678,PASS,tests/pub/licenciamento-contribuicao-rights-manifests-e-citacao/** | tools/quality/contexts/release_installation/licenciamento-contribuicao-rights-manifests-e-citacao/** | .github/workflows/licenciamento-contribuicao-rights-manifests-e-citacao.yaml,NOT_APPLICABLE,PASS,,NOT_APPLICABLE,PASS,,NOT_APPLICABLE,PASS,,NOT_APPLICABLE,PASS,,NOT_APPLICABLE,PASS,,PASS,test_epic_109_automacao,PRODUCT_AND_EVIDENCE,PASS,Manifest,evidence/operations/epic-109/story-0680/ | commit candidato e relatório de testes,PASS,4,AC-ISSUE-0790-01/AC-ISSUE-0790-02/AC-ISSUE-0790-03/AC-ISSUE-0790-04,PASS,QA/Reviewer,PASS
SPRINT-012,ISSUE-0791,Implementable story,STORY-0681,TASK-0681,EPIC-109,Security,BC-015,PASS,2,STORY-0679/STORY-0680,PASS,src/backend/dsgeorref/contexts/release_installation/adapters/security/licenciamento-contribuicao-rights-manifests-e-citacao/** | tests/security/contexts/release_installation/licenciamento-contribuicao-rights-manifests-e-citacao/**,NOT_APPLICABLE,PASS,,NOT_APPLICABLE,PASS,,NOT_APPLICABLE,PASS,,NOT_APPLICABLE,PASS,,NOT_APPLICABLE,PASS,,PASS,test_epic_109_assurance_happy_path/test_epic_109_assurance_negative_paths,PRODUCT_AND_EVIDENCE,PASS,Manifest,evidence/security/epic-109/story-0681/ | commit candidato e relatório de testes,PASS,4,AC-ISSUE-0791-01/AC-ISSUE-0791-02/AC-ISSUE-0791-03/AC-ISSUE-0791-04,PASS,QA/Reviewer,PASS
SPRINT-012,ISSUE-0792,Implementable story,STORY-0682,TASK-0682,EPIC-109,Reviewer,BC-015,PASS,1,STORY-0681,PASS,evidence/reviews/licenciamento-contribuicao-rights-manifests-e-citacao/**,NOT_APPLICABLE,PASS,,NOT_APPLICABLE,PASS,,NOT_APPLICABLE,PASS,,NOT_APPLICABLE,PASS,,NOT_APPLICABLE,PASS,,PASS,test_epic_109_aceite_happy_path/test_epic_109_aceite_negative_paths,PRODUCT_AND_EVIDENCE,PASS,Manifest,evidence/reviews/epic-109/story-0682/ | commit candidato e relatório de testes,PASS,4,AC-ISSUE-0792-01/AC-ISSUE-0792-02/AC-ISSUE-0792-03/AC-ISSUE-0792-04,PASS,Reviewer,PASS
