sprint_id,issue_id,issue_type,story_id,task_id,epic_id,bounded_context,role,risk_tier,CTO-001,CTO-002,CTO-003,CTO-004,CTO-005,CTO-006,CTO-007,CTO-008,CTO-009,CTO-010,CTO-011,CTO-012,CTO-013,CTO-014,CTO-015,required_evidence,production_gate,status
SPRINT-001,ISSUE-0001,Epic delivery envelope,,,EPIC-001,BC-001,Tech Lead,CRITICAL,PASS,PASS,PASS,PASS,PASS,PASS,NOT_APPLICABLE,PASS,PASS,NOT_APPLICABLE,PASS,PASS,PASS,PASS,PASS,contracts/operations/slo-sli-catalog.yaml;docs/05-operations/CAPACITY_AND_SCALING.md;contracts/operations/external-dependency-register.csv;contracts/operations/vendor-exit-matrix.csv;contracts/operations/cost-model.yaml;docs/05-operations/COST_AND_UNIT_ECONOMICS.md;contracts/operations/version-and-rollback-matrix.yaml;docs/03-engineering/DATABASE_MIGRATIONS.md;docs/05-operations/OBSERVABILITY.md;docs/04-quality/THREAT_MODEL.md;docs/04-quality/SECURITY_PRIVACY_LGPD.md;contracts/privacy/lgpd-control-matrix.csv;docs/04-quality/LGPD_CONTROL_MODEL.md;contracts/operations/lock-and-queue-policy.yaml,SECURITY_AND_PRIVACY_GATES,PASS
SPRINT-001,ISSUE-0002,Epic delivery envelope,,,EPIC-002,BC-001,Tech Lead,CRITICAL,PASS,PASS,PASS,PASS,PASS,PASS,PASS,PASS,PASS,PASS,PASS,PASS,PASS,PASS,PASS,contracts/operations/external-dependency-register.csv;contracts/operations/vendor-exit-matrix.csv;contracts/operations/cost-model.yaml;docs/05-operations/COST_AND_UNIT_ECONOMICS.md;contracts/operations/version-and-rollback-matrix.yaml;docs/03-engineering/DATABASE_MIGRATIONS.md;contracts/operations/slo-sli-catalog.yaml;docs/05-operations/OBSERVABILITY.md;docs/04-quality/THREAT_MODEL.md;docs/04-quality/SECURITY_PRIVACY_LGPD.md;contracts/operations/lock-and-queue-policy.yaml;contracts/operations/recovery-objectives.yaml;docs/05-operations/BACKUP_RESTORE.md;contracts/privacy/lgpd-control-matrix.csv;docs/04-quality/LGPD_CONTROL_MODEL.md;docs/05-operations/CAPACITY_AND_SCALING.md,SECURITY_AND_PRIVACY_GATES,PASS
SPRINT-001,ISSUE-0003,Epic delivery envelope,,,EPIC-003,BC-001,Tech Lead,CRITICAL,PASS,PASS,PASS,PASS,PASS,PASS,NOT_APPLICABLE,PASS,NOT_APPLICABLE,NOT_APPLICABLE,PASS,PASS,PASS,PASS,PASS,contracts/operations/slo-sli-catalog.yaml;docs/05-operations/CAPACITY_AND_SCALING.md;contracts/operations/external-dependency-register.csv;contracts/operations/vendor-exit-matrix.csv;contracts/operations/cost-model.yaml;docs/05-operations/COST_AND_UNIT_ECONOMICS.md;contracts/operations/version-and-rollback-matrix.yaml;docs/03-engineering/DATABASE_MIGRATIONS.md;docs/05-operations/OBSERVABILITY.md;docs/04-quality/THREAT_MODEL.md;docs/04-quality/SECURITY_PRIVACY_LGPD.md;contracts/privacy/lgpd-control-matrix.csv;docs/04-quality/LGPD_CONTROL_MODEL.md;contracts/operations/lock-and-queue-policy.yaml,SECURITY_AND_PRIVACY_GATES,PASS
SPRINT-001,ISSUE-0004,Epic delivery envelope,,,EPIC-004,BC-001,Tech Lead,CRITICAL,PASS,PASS,PASS,PASS,PASS,PASS,PASS,PASS,PASS,PASS,PASS,PASS,PASS,PASS,PASS,contracts/operations/slo-sli-catalog.yaml;docs/05-operations/CAPACITY_AND_SCALING.md;contracts/operations/external-dependency-register.csv;contracts/operations/vendor-exit-matrix.csv;contracts/operations/cost-model.yaml;docs/05-operations/COST_AND_UNIT_ECONOMICS.md;contracts/operations/recovery-objectives.yaml;docs/05-operations/BACKUP_RESTORE.md;contracts/operations/version-and-rollback-matrix.yaml;docs/03-engineering/DATABASE_MIGRATIONS.md;docs/05-operations/OBSERVABILITY.md;docs/04-quality/THREAT_MODEL.md;docs/04-quality/SECURITY_PRIVACY_LGPD.md;contracts/privacy/lgpd-control-matrix.csv;docs/04-quality/LGPD_CONTROL_MODEL.md;contracts/operations/lock-and-queue-policy.yaml,SECURITY_AND_PRIVACY_GATES,PASS
SPRINT-001,ISSUE-0005,Epic delivery envelope,,,EPIC-005,BC-001,Tech Lead,CRITICAL,PASS,PASS,PASS,PASS,PASS,PASS,PASS,PASS,PASS,PASS,PASS,PASS,PASS,PASS,PASS,contracts/operations/slo-sli-catalog.yaml;docs/05-operations/CAPACITY_AND_SCALING.md;contracts/operations/lock-and-queue-policy.yaml;contracts/operations/external-dependency-register.csv;contracts/operations/vendor-exit-matrix.csv;contracts/operations/cost-model.yaml;docs/05-operations/COST_AND_UNIT_ECONOMICS.md;contracts/operations/recovery-objectives.yaml;docs/05-operations/BACKUP_RESTORE.md;contracts/operations/version-and-rollback-matrix.yaml;docs/03-engineering/DATABASE_MIGRATIONS.md;docs/05-operations/OBSERVABILITY.md;docs/04-quality/THREAT_MODEL.md;docs/04-quality/SECURITY_PRIVACY_LGPD.md;contracts/privacy/lgpd-control-matrix.csv;docs/04-quality/LGPD_CONTROL_MODEL.md,SECURITY_AND_PRIVACY_GATES,PASS
SPRINT-001,ISSUE-0006,Epic delivery envelope,,,EPIC-006,BC-001,Tech Lead,CRITICAL,PASS,PASS,PASS,PASS,PASS,PASS,PASS,PASS,NOT_APPLICABLE,NOT_APPLICABLE,PASS,PASS,PASS,PASS,PASS,contracts/operations/slo-sli-catalog.yaml;docs/05-operations/CAPACITY_AND_SCALING.md;contracts/operations/external-dependency-register.csv;contracts/operations/vendor-exit-matrix.csv;contracts/operations/cost-model.yaml;docs/05-operations/COST_AND_UNIT_ECONOMICS.md;contracts/operations/version-and-rollback-matrix.yaml;docs/03-engineering/DATABASE_MIGRATIONS.md;docs/05-operations/OBSERVABILITY.md;docs/04-quality/THREAT_MODEL.md;docs/04-quality/SECURITY_PRIVACY_LGPD.md;contracts/privacy/lgpd-control-matrix.csv;docs/04-quality/LGPD_CONTROL_MODEL.md;contracts/operations/lock-and-queue-policy.yaml,SECURITY_AND_PRIVACY_GATES,PASS
SPRINT-001,ISSUE-0007,Epic delivery envelope,,,EPIC-007,BC-001,Tech Lead,CRITICAL,PASS,PASS,PASS,PASS,PASS,PASS,NOT_APPLICABLE,PASS,PASS,NOT_APPLICABLE,PASS,PASS,PASS,PASS,PASS,contracts/operations/slo-sli-catalog.yaml;docs/05-operations/CAPACITY_AND_SCALING.md;contracts/operations/external-dependency-register.csv;contracts/operations/vendor-exit-matrix.csv;contracts/operations/cost-model.yaml;docs/05-operations/COST_AND_UNIT_ECONOMICS.md;contracts/operations/version-and-rollback-matrix.yaml;docs/03-engineering/DATABASE_MIGRATIONS.md;docs/05-operations/OBSERVABILITY.md;docs/04-quality/THREAT_MODEL.md;docs/04-quality/SECURITY_PRIVACY_LGPD.md;contracts/privacy/lgpd-control-matrix.csv;docs/04-quality/LGPD_CONTROL_MODEL.md;contracts/operations/lock-and-queue-policy.yaml,SECURITY_AND_PRIVACY_GATES,PASS
SPRINT-001,ISSUE-0086,Epic delivery envelope,,,EPIC-086,BC-001,Tech Lead,CRITICAL,PASS,PASS,PASS,PASS,PASS,PASS,NOT_APPLICABLE,PASS,NOT_APPLICABLE,PASS,PASS,PASS,PASS,PASS,PASS,contracts/operations/slo-sli-catalog.yaml;docs/05-operations/CAPACITY_AND_SCALING.md;contracts/operations/lock-and-queue-policy.yaml;contracts/operations/external-dependency-register.csv;contracts/operations/vendor-exit-matrix.csv;contracts/operations/cost-model.yaml;docs/05-operations/COST_AND_UNIT_ECONOMICS.md;contracts/operations/recovery-objectives.yaml;docs/05-operations/BACKUP_RESTORE.md;contracts/operations/version-and-rollback-matrix.yaml;docs/03-engineering/DATABASE_MIGRATIONS.md;docs/05-operations/OBSERVABILITY.md;docs/04-quality/THREAT_MODEL.md;docs/04-quality/SECURITY_PRIVACY_LGPD.md;contracts/privacy/lgpd-control-matrix.csv;docs/04-quality/LGPD_CONTROL_MODEL.md,SECURITY_AND_PRIVACY_GATES,PASS
SPRINT-001,ISSUE-0090,Epic delivery envelope,,,EPIC-090,BC-001,Tech Lead,CRITICAL,PASS,PASS,PASS,PASS,PASS,PASS,NOT_APPLICABLE,PASS,NOT_APPLICABLE,NOT_APPLICABLE,PASS,PASS,PASS,PASS,PASS,contracts/operations/slo-sli-catalog.yaml;docs/05-operations/CAPACITY_AND_SCALING.md;contracts/operations/external-dependency-register.csv;contracts/operations/vendor-exit-matrix.csv;contracts/operations/cost-model.yaml;docs/05-operations/COST_AND_UNIT_ECONOMICS.md;contracts/operations/version-and-rollback-matrix.yaml;docs/03-engineering/DATABASE_MIGRATIONS.md;docs/05-operations/OBSERVABILITY.md;docs/04-quality/THREAT_MODEL.md;docs/04-quality/SECURITY_PRIVACY_LGPD.md;contracts/privacy/lgpd-control-matrix.csv;docs/04-quality/LGPD_CONTROL_MODEL.md;contracts/operations/lock-and-queue-policy.yaml,SECURITY_AND_PRIVACY_GATES,PASS
SPRINT-001,ISSUE-0091,Epic delivery envelope,,,EPIC-091,BC-001,Tech Lead,CRITICAL,PASS,PASS,PASS,PASS,PASS,PASS,NOT_APPLICABLE,PASS,NOT_APPLICABLE,NOT_APPLICABLE,PASS,PASS,PASS,PASS,PASS,contracts/operations/slo-sli-catalog.yaml;docs/05-operations/CAPACITY_AND_SCALING.md;contracts/operations/external-dependency-register.csv;contracts/operations/vendor-exit-matrix.csv;contracts/operations/cost-model.yaml;docs/05-operations/COST_AND_UNIT_ECONOMICS.md;contracts/operations/version-and-rollback-matrix.yaml;docs/03-engineering/DATABASE_MIGRATIONS.md;docs/05-operations/OBSERVABILITY.md;docs/04-quality/THREAT_MODEL.md;docs/04-quality/SECURITY_PRIVACY_LGPD.md;contracts/privacy/lgpd-control-matrix.csv;docs/04-quality/LGPD_CONTROL_MODEL.md;contracts/operations/lock-and-queue-policy.yaml,SECURITY_AND_PRIVACY_GATES,PASS
SPRINT-001,ISSUE-0092,Epic delivery envelope,,,EPIC-092,BC-001,Tech Lead,CRITICAL,PASS,PASS,PASS,PASS,PASS,PASS,PASS,PASS,NOT_APPLICABLE,NOT_APPLICABLE,PASS,PASS,PASS,PASS,PASS,contracts/operations/slo-sli-catalog.yaml;docs/05-operations/CAPACITY_AND_SCALING.md;contracts/operations/external-dependency-register.csv;contracts/operations/vendor-exit-matrix.csv;contracts/operations/cost-model.yaml;docs/05-operations/COST_AND_UNIT_ECONOMICS.md;contracts/operations/version-and-rollback-matrix.yaml;docs/03-engineering/DATABASE_MIGRATIONS.md;docs/05-operations/OBSERVABILITY.md;docs/04-quality/THREAT_MODEL.md;docs/04-quality/SECURITY_PRIVACY_LGPD.md;contracts/privacy/lgpd-control-matrix.csv;docs/04-quality/LGPD_CONTROL_MODEL.md;contracts/operations/lock-and-queue-policy.yaml,SECURITY_AND_PRIVACY_GATES,PASS
SPRINT-001,ISSUE-0110,Epic delivery envelope,,,EPIC-110,BC-001,Tech Lead,CRITICAL,PASS,PASS,PASS,PASS,PASS,PASS,PASS,PASS,PASS,PASS,PASS,PASS,PASS,PASS,PASS,contracts/operations/slo-sli-catalog.yaml;docs/05-operations/CAPACITY_AND_SCALING.md;contracts/operations/external-dependency-register.csv;contracts/operations/vendor-exit-matrix.csv;contracts/operations/cost-model.yaml;docs/05-operations/COST_AND_UNIT_ECONOMICS.md;contracts/operations/lock-and-queue-policy.yaml;contracts/operations/recovery-objectives.yaml;docs/05-operations/BACKUP_RESTORE.md;contracts/operations/version-and-rollback-matrix.yaml;docs/03-engineering/DATABASE_MIGRATIONS.md;docs/05-operations/OBSERVABILITY.md;docs/04-quality/THREAT_MODEL.md;docs/04-quality/SECURITY_PRIVACY_LGPD.md;contracts/privacy/lgpd-control-matrix.csv;docs/04-quality/LGPD_CONTROL_MODEL.md,SECURITY_AND_PRIVACY_GATES,PASS
SPRINT-001,ISSUE-0111,Story,STORY-0001,TASK-0001,EPIC-001,BC-001,Arquiteto,HIGH,PASS,NOT_APPLICABLE,PASS,PASS,PASS,PASS,NOT_APPLICABLE,PASS,NOT_APPLICABLE,NOT_APPLICABLE,PASS,PASS,PASS,PASS,PASS,contracts/operations/slo-sli-catalog.yaml;docs/05-operations/CAPACITY_AND_SCALING.md;contracts/operations/external-dependency-register.csv;contracts/operations/vendor-exit-matrix.csv;contracts/operations/cost-model.yaml;docs/05-operations/COST_AND_UNIT_ECONOMICS.md;contracts/operations/version-and-rollback-matrix.yaml;docs/03-engineering/DATABASE_MIGRATIONS.md;docs/05-operations/OBSERVABILITY.md;docs/04-quality/THREAT_MODEL.md;docs/04-quality/SECURITY_PRIVACY_LGPD.md;contracts/privacy/lgpd-control-matrix.csv;docs/04-quality/LGPD_CONTROL_MODEL.md,BENCHMARK_AND_OPERATIONS_GATES,PASS
SPRINT-001,ISSUE-0112,Story,STORY-0002,TASK-0002,EPIC-001,BC-001,Tech Lead,MEDIUM,NOT_APPLICABLE,NOT_APPLICABLE,PASS,PASS,NOT_APPLICABLE,PASS,NOT_APPLICABLE,NOT_APPLICABLE,NOT_APPLICABLE,NOT_APPLICABLE,NOT_APPLICABLE,PASS,PASS,NOT_APPLICABLE,PASS,contracts/operations/external-dependency-register.csv;contracts/operations/vendor-exit-matrix.csv;contracts/operations/cost-model.yaml;docs/05-operations/COST_AND_UNIT_ECONOMICS.md;contracts/operations/slo-sli-catalog.yaml;docs/05-operations/OBSERVABILITY.md;docs/04-quality/THREAT_MODEL.md;docs/04-quality/SECURITY_PRIVACY_LGPD.md;contracts/operations/version-and-rollback-matrix.yaml,IMPLEMENTATION_AUTHORIZATION,PASS
SPRINT-001,ISSUE-0113,Story,STORY-0003,TASK-0003,EPIC-001,BC-001,DevOps,CRITICAL,NOT_APPLICABLE,PASS,PASS,PASS,NOT_APPLICABLE,PASS,NOT_APPLICABLE,NOT_APPLICABLE,NOT_APPLICABLE,NOT_APPLICABLE,NOT_APPLICABLE,PASS,PASS,NOT_APPLICABLE,PASS,contracts/operations/lock-and-queue-policy.yaml;contracts/operations/external-dependency-register.csv;contracts/operations/vendor-exit-matrix.csv;contracts/operations/cost-model.yaml;docs/05-operations/COST_AND_UNIT_ECONOMICS.md;contracts/operations/slo-sli-catalog.yaml;docs/05-operations/OBSERVABILITY.md;docs/04-quality/THREAT_MODEL.md;docs/04-quality/SECURITY_PRIVACY_LGPD.md;contracts/operations/version-and-rollback-matrix.yaml,SECURITY_AND_PRIVACY_GATES,PASS
SPRINT-001,ISSUE-0114,Story,STORY-0004,TASK-0004,EPIC-001,BC-001,Tech Lead,MEDIUM,NOT_APPLICABLE,NOT_APPLICABLE,PASS,PASS,NOT_APPLICABLE,PASS,NOT_APPLICABLE,NOT_APPLICABLE,NOT_APPLICABLE,NOT_APPLICABLE,PASS,PASS,PASS,NOT_APPLICABLE,PASS,contracts/operations/external-dependency-register.csv;contracts/operations/vendor-exit-matrix.csv;contracts/operations/cost-model.yaml;docs/05-operations/COST_AND_UNIT_ECONOMICS.md;contracts/operations/version-and-rollback-matrix.yaml;docs/03-engineering/DATABASE_MIGRATIONS.md;contracts/operations/slo-sli-catalog.yaml;docs/05-operations/OBSERVABILITY.md;docs/04-quality/THREAT_MODEL.md;docs/04-quality/SECURITY_PRIVACY_LGPD.md,IMPLEMENTATION_AUTHORIZATION,PASS
SPRINT-001,ISSUE-0115,Story,STORY-0005,TASK-0005,EPIC-001,BC-001,Reviewer,MEDIUM,NOT_APPLICABLE,NOT_APPLICABLE,PASS,PASS,NOT_APPLICABLE,PASS,NOT_APPLICABLE,NOT_APPLICABLE,NOT_APPLICABLE,NOT_APPLICABLE,NOT_APPLICABLE,PASS,PASS,NOT_APPLICABLE,PASS,contracts/operations/external-dependency-register.csv;contracts/operations/vendor-exit-matrix.csv;contracts/operations/cost-model.yaml;docs/05-operations/COST_AND_UNIT_ECONOMICS.md;contracts/operations/slo-sli-catalog.yaml;docs/05-operations/OBSERVABILITY.md;docs/04-quality/THREAT_MODEL.md;docs/04-quality/SECURITY_PRIVACY_LGPD.md;contracts/operations/version-and-rollback-matrix.yaml,IMPLEMENTATION_AUTHORIZATION,PASS
SPRINT-001,ISSUE-0116,Story,STORY-0006,TASK-0006,EPIC-002,BC-001,Arquiteto,MEDIUM,NOT_APPLICABLE,NOT_APPLICABLE,PASS,PASS,NOT_APPLICABLE,PASS,NOT_APPLICABLE,NOT_APPLICABLE,NOT_APPLICABLE,NOT_APPLICABLE,PASS,PASS,PASS,NOT_APPLICABLE,PASS,contracts/operations/external-dependency-register.csv;contracts/operations/vendor-exit-matrix.csv;contracts/operations/cost-model.yaml;docs/05-operations/COST_AND_UNIT_ECONOMICS.md;contracts/operations/version-and-rollback-matrix.yaml;docs/03-engineering/DATABASE_MIGRATIONS.md;contracts/operations/slo-sli-catalog.yaml;docs/05-operations/OBSERVABILITY.md;docs/04-quality/THREAT_MODEL.md;docs/04-quality/SECURITY_PRIVACY_LGPD.md,IMPLEMENTATION_AUTHORIZATION,PASS
SPRINT-001,ISSUE-0117,Story,STORY-0007,TASK-0007,EPIC-002,BC-001,Tech Lead,MEDIUM,NOT_APPLICABLE,NOT_APPLICABLE,PASS,PASS,NOT_APPLICABLE,PASS,NOT_APPLICABLE,NOT_APPLICABLE,NOT_APPLICABLE,NOT_APPLICABLE,NOT_APPLICABLE,PASS,PASS,NOT_APPLICABLE,PASS,contracts/operations/external-dependency-register.csv;contracts/operations/vendor-exit-matrix.csv;contracts/operations/cost-model.yaml;docs/05-operations/COST_AND_UNIT_ECONOMICS.md;contracts/operations/slo-sli-catalog.yaml;docs/05-operations/OBSERVABILITY.md;docs/04-quality/THREAT_MODEL.md;docs/04-quality/SECURITY_PRIVACY_LGPD.md;contracts/operations/version-and-rollback-matrix.yaml,IMPLEMENTATION_AUTHORIZATION,PASS
SPRINT-001,ISSUE-0118,Story,STORY-0008,TASK-0008,EPIC-002,BC-001,DevOps,CRITICAL,NOT_APPLICABLE,PASS,PASS,PASS,NOT_APPLICABLE,PASS,NOT_APPLICABLE,NOT_APPLICABLE,NOT_APPLICABLE,NOT_APPLICABLE,NOT_APPLICABLE,PASS,PASS,NOT_APPLICABLE,PASS,contracts/operations/lock-and-queue-policy.yaml;contracts/operations/external-dependency-register.csv;contracts/operations/vendor-exit-matrix.csv;contracts/operations/cost-model.yaml;docs/05-operations/COST_AND_UNIT_ECONOMICS.md;contracts/operations/slo-sli-catalog.yaml;docs/05-operations/OBSERVABILITY.md;docs/04-quality/THREAT_MODEL.md;docs/04-quality/SECURITY_PRIVACY_LGPD.md;contracts/operations/version-and-rollback-matrix.yaml,SECURITY_AND_PRIVACY_GATES,PASS
SPRINT-001,ISSUE-0119,Story,STORY-0009,TASK-0009,EPIC-002,BC-001,Tech Lead,MEDIUM,NOT_APPLICABLE,NOT_APPLICABLE,PASS,PASS,NOT_APPLICABLE,PASS,NOT_APPLICABLE,NOT_APPLICABLE,NOT_APPLICABLE,NOT_APPLICABLE,PASS,PASS,PASS,NOT_APPLICABLE,PASS,contracts/operations/external-dependency-register.csv;contracts/operations/vendor-exit-matrix.csv;contracts/operations/cost-model.yaml;docs/05-operations/COST_AND_UNIT_ECONOMICS.md;contracts/operations/version-and-rollback-matrix.yaml;docs/03-engineering/DATABASE_MIGRATIONS.md;contracts/operations/slo-sli-catalog.yaml;docs/05-operations/OBSERVABILITY.md;docs/04-quality/THREAT_MODEL.md;docs/04-quality/SECURITY_PRIVACY_LGPD.md,IMPLEMENTATION_AUTHORIZATION,PASS
SPRINT-001,ISSUE-0120,Story,STORY-0010,TASK-0010,EPIC-002,BC-001,Reviewer,MEDIUM,NOT_APPLICABLE,NOT_APPLICABLE,PASS,PASS,NOT_APPLICABLE,PASS,NOT_APPLICABLE,NOT_APPLICABLE,NOT_APPLICABLE,NOT_APPLICABLE,NOT_APPLICABLE,PASS,PASS,NOT_APPLICABLE,PASS,contracts/operations/external-dependency-register.csv;contracts/operations/vendor-exit-matrix.csv;contracts/operations/cost-model.yaml;docs/05-operations/COST_AND_UNIT_ECONOMICS.md;contracts/operations/slo-sli-catalog.yaml;docs/05-operations/OBSERVABILITY.md;docs/04-quality/THREAT_MODEL.md;docs/04-quality/SECURITY_PRIVACY_LGPD.md;contracts/operations/version-and-rollback-matrix.yaml,IMPLEMENTATION_AUTHORIZATION,PASS
SPRINT-001,ISSUE-0121,Story,STORY-0011,TASK-0011,EPIC-003,BC-001,Arquiteto,HIGH,PASS,NOT_APPLICABLE,PASS,PASS,PASS,PASS,NOT_APPLICABLE,PASS,NOT_APPLICABLE,NOT_APPLICABLE,PASS,PASS,PASS,PASS,PASS,contracts/operations/slo-sli-catalog.yaml;docs/05-operations/CAPACITY_AND_SCALING.md;contracts/operations/external-dependency-register.csv;contracts/operations/vendor-exit-matrix.csv;contracts/operations/cost-model.yaml;docs/05-operations/COST_AND_UNIT_ECONOMICS.md;contracts/operations/version-and-rollback-matrix.yaml;docs/03-engineering/DATABASE_MIGRATIONS.md;docs/05-operations/OBSERVABILITY.md;docs/04-quality/THREAT_MODEL.md;docs/04-quality/SECURITY_PRIVACY_LGPD.md;contracts/privacy/lgpd-control-matrix.csv;docs/04-quality/LGPD_CONTROL_MODEL.md,BENCHMARK_AND_OPERATIONS_GATES,PASS
SPRINT-001,ISSUE-0122,Story,STORY-0012,TASK-0012,EPIC-003,BC-001,Tech Lead,MEDIUM,NOT_APPLICABLE,NOT_APPLICABLE,PASS,PASS,NOT_APPLICABLE,PASS,NOT_APPLICABLE,NOT_APPLICABLE,NOT_APPLICABLE,NOT_APPLICABLE,PASS,PASS,PASS,NOT_APPLICABLE,PASS,contracts/operations/external-dependency-register.csv;contracts/operations/vendor-exit-matrix.csv;contracts/operations/cost-model.yaml;docs/05-operations/COST_AND_UNIT_ECONOMICS.md;contracts/operations/version-and-rollback-matrix.yaml;docs/03-engineering/DATABASE_MIGRATIONS.md;contracts/operations/slo-sli-catalog.yaml;docs/05-operations/OBSERVABILITY.md;docs/04-quality/THREAT_MODEL.md;docs/04-quality/SECURITY_PRIVACY_LGPD.md,IMPLEMENTATION_AUTHORIZATION,PASS
SPRINT-001,ISSUE-0123,Story,STORY-0013,TASK-0013,EPIC-003,BC-001,DevOps,CRITICAL,NOT_APPLICABLE,PASS,PASS,PASS,NOT_APPLICABLE,PASS,NOT_APPLICABLE,NOT_APPLICABLE,NOT_APPLICABLE,NOT_APPLICABLE,PASS,PASS,PASS,NOT_APPLICABLE,PASS,contracts/operations/lock-and-queue-policy.yaml;contracts/operations/external-dependency-register.csv;contracts/operations/vendor-exit-matrix.csv;contracts/operations/cost-model.yaml;docs/05-operations/COST_AND_UNIT_ECONOMICS.md;contracts/operations/version-and-rollback-matrix.yaml;docs/03-engineering/DATABASE_MIGRATIONS.md;contracts/operations/slo-sli-catalog.yaml;docs/05-operations/OBSERVABILITY.md;docs/04-quality/THREAT_MODEL.md;docs/04-quality/SECURITY_PRIVACY_LGPD.md,SECURITY_AND_PRIVACY_GATES,PASS
SPRINT-001,ISSUE-0124,Story,STORY-0014,TASK-0014,EPIC-003,BC-001,Tech Lead,MEDIUM,NOT_APPLICABLE,NOT_APPLICABLE,PASS,PASS,NOT_APPLICABLE,PASS,NOT_APPLICABLE,NOT_APPLICABLE,NOT_APPLICABLE,NOT_APPLICABLE,PASS,PASS,PASS,NOT_APPLICABLE,PASS,contracts/operations/external-dependency-register.csv;contracts/operations/vendor-exit-matrix.csv;contracts/operations/cost-model.yaml;docs/05-operations/COST_AND_UNIT_ECONOMICS.md;contracts/operations/version-and-rollback-matrix.yaml;docs/03-engineering/DATABASE_MIGRATIONS.md;contracts/operations/slo-sli-catalog.yaml;docs/05-operations/OBSERVABILITY.md;docs/04-quality/THREAT_MODEL.md;docs/04-quality/SECURITY_PRIVACY_LGPD.md,IMPLEMENTATION_AUTHORIZATION,PASS
SPRINT-001,ISSUE-0125,Story,STORY-0015,TASK-0015,EPIC-003,BC-001,Reviewer,MEDIUM,NOT_APPLICABLE,NOT_APPLICABLE,PASS,PASS,NOT_APPLICABLE,PASS,NOT_APPLICABLE,NOT_APPLICABLE,NOT_APPLICABLE,NOT_APPLICABLE,PASS,PASS,PASS,NOT_APPLICABLE,PASS,contracts/operations/external-dependency-register.csv;contracts/operations/vendor-exit-matrix.csv;contracts/operations/cost-model.yaml;docs/05-operations/COST_AND_UNIT_ECONOMICS.md;contracts/operations/version-and-rollback-matrix.yaml;docs/03-engineering/DATABASE_MIGRATIONS.md;contracts/operations/slo-sli-catalog.yaml;docs/05-operations/OBSERVABILITY.md;docs/04-quality/THREAT_MODEL.md;docs/04-quality/SECURITY_PRIVACY_LGPD.md,IMPLEMENTATION_AUTHORIZATION,PASS
SPRINT-001,ISSUE-0126,Story,STORY-0016,TASK-0016,EPIC-004,BC-001,Arquiteto,CRITICAL,PASS,NOT_APPLICABLE,PASS,PASS,PASS,PASS,NOT_APPLICABLE,PASS,NOT_APPLICABLE,PASS,PASS,PASS,PASS,PASS,PASS,contracts/operations/slo-sli-catalog.yaml;docs/05-operations/CAPACITY_AND_SCALING.md;contracts/operations/external-dependency-register.csv;contracts/operations/vendor-exit-matrix.csv;contracts/operations/cost-model.yaml;docs/05-operations/COST_AND_UNIT_ECONOMICS.md;contracts/operations/recovery-objectives.yaml;docs/05-operations/BACKUP_RESTORE.md;contracts/operations/version-and-rollback-matrix.yaml;docs/03-engineering/DATABASE_MIGRATIONS.md;docs/05-operations/OBSERVABILITY.md;docs/04-quality/THREAT_MODEL.md;docs/04-quality/SECURITY_PRIVACY_LGPD.md;contracts/privacy/lgpd-control-matrix.csv;docs/04-quality/LGPD_CONTROL_MODEL.md,SECURITY_AND_PRIVACY_GATES,PASS
SPRINT-001,ISSUE-0127,Story,STORY-0017,TASK-0017,EPIC-004,BC-001,Tech Lead,CRITICAL,PASS,NOT_APPLICABLE,PASS,PASS,PASS,PASS,NOT_APPLICABLE,PASS,NOT_APPLICABLE,PASS,PASS,PASS,PASS,PASS,PASS,contracts/operations/slo-sli-catalog.yaml;docs/05-operations/CAPACITY_AND_SCALING.md;contracts/operations/external-dependency-register.csv;contracts/operations/vendor-exit-matrix.csv;contracts/operations/cost-model.yaml;docs/05-operations/COST_AND_UNIT_ECONOMICS.md;contracts/operations/recovery-objectives.yaml;docs/05-operations/BACKUP_RESTORE.md;contracts/operations/version-and-rollback-matrix.yaml;docs/03-engineering/DATABASE_MIGRATIONS.md;docs/05-operations/OBSERVABILITY.md;docs/04-quality/THREAT_MODEL.md;docs/04-quality/SECURITY_PRIVACY_LGPD.md;contracts/privacy/lgpd-control-matrix.csv;docs/04-quality/LGPD_CONTROL_MODEL.md,SECURITY_AND_PRIVACY_GATES,PASS
SPRINT-001,ISSUE-0128,Story,STORY-0018,TASK-0018,EPIC-004,BC-001,DevOps,CRITICAL,PASS,PASS,PASS,PASS,PASS,PASS,NOT_APPLICABLE,PASS,NOT_APPLICABLE,PASS,PASS,PASS,PASS,PASS,PASS,contracts/operations/slo-sli-catalog.yaml;docs/05-operations/CAPACITY_AND_SCALING.md;contracts/operations/lock-and-queue-policy.yaml;contracts/operations/external-dependency-register.csv;contracts/operations/vendor-exit-matrix.csv;contracts/operations/cost-model.yaml;docs/05-operations/COST_AND_UNIT_ECONOMICS.md;contracts/operations/recovery-objectives.yaml;docs/05-operations/BACKUP_RESTORE.md;contracts/operations/version-and-rollback-matrix.yaml;docs/03-engineering/DATABASE_MIGRATIONS.md;docs/05-operations/OBSERVABILITY.md;docs/04-quality/THREAT_MODEL.md;docs/04-quality/SECURITY_PRIVACY_LGPD.md;contracts/privacy/lgpd-control-matrix.csv;docs/04-quality/LGPD_CONTROL_MODEL.md,SECURITY_AND_PRIVACY_GATES,PASS
SPRINT-001,ISSUE-0129,Story,STORY-0019,TASK-0019,EPIC-004,BC-001,Tech Lead,CRITICAL,PASS,NOT_APPLICABLE,PASS,PASS,PASS,PASS,NOT_APPLICABLE,PASS,NOT_APPLICABLE,PASS,PASS,PASS,PASS,PASS,PASS,contracts/operations/slo-sli-catalog.yaml;docs/05-operations/CAPACITY_AND_SCALING.md;contracts/operations/external-dependency-register.csv;contracts/operations/vendor-exit-matrix.csv;contracts/operations/cost-model.yaml;docs/05-operations/COST_AND_UNIT_ECONOMICS.md;contracts/operations/recovery-objectives.yaml;docs/05-operations/BACKUP_RESTORE.md;contracts/operations/version-and-rollback-matrix.yaml;docs/03-engineering/DATABASE_MIGRATIONS.md;docs/05-operations/OBSERVABILITY.md;docs/04-quality/THREAT_MODEL.md;docs/04-quality/SECURITY_PRIVACY_LGPD.md;contracts/privacy/lgpd-control-matrix.csv;docs/04-quality/LGPD_CONTROL_MODEL.md,SECURITY_AND_PRIVACY_GATES,PASS
SPRINT-001,ISSUE-0130,Story,STORY-0020,TASK-0020,EPIC-004,BC-001,Reviewer,CRITICAL,PASS,NOT_APPLICABLE,PASS,PASS,PASS,PASS,NOT_APPLICABLE,PASS,NOT_APPLICABLE,PASS,PASS,PASS,PASS,PASS,PASS,contracts/operations/slo-sli-catalog.yaml;docs/05-operations/CAPACITY_AND_SCALING.md;contracts/operations/external-dependency-register.csv;contracts/operations/vendor-exit-matrix.csv;contracts/operations/cost-model.yaml;docs/05-operations/COST_AND_UNIT_ECONOMICS.md;contracts/operations/recovery-objectives.yaml;docs/05-operations/BACKUP_RESTORE.md;contracts/operations/version-and-rollback-matrix.yaml;docs/03-engineering/DATABASE_MIGRATIONS.md;docs/05-operations/OBSERVABILITY.md;docs/04-quality/THREAT_MODEL.md;docs/04-quality/SECURITY_PRIVACY_LGPD.md;contracts/privacy/lgpd-control-matrix.csv;docs/04-quality/LGPD_CONTROL_MODEL.md,SECURITY_AND_PRIVACY_GATES,PASS
SPRINT-001,ISSUE-0131,Story,STORY-0021,TASK-0021,EPIC-005,BC-001,Arquiteto,HIGH,PASS,PASS,PASS,PASS,PASS,PASS,NOT_APPLICABLE,PASS,NOT_APPLICABLE,PASS,PASS,PASS,PASS,NOT_APPLICABLE,PASS,contracts/operations/slo-sli-catalog.yaml;docs/05-operations/CAPACITY_AND_SCALING.md;contracts/operations/lock-and-queue-policy.yaml;contracts/operations/external-dependency-register.csv;contracts/operations/vendor-exit-matrix.csv;contracts/operations/cost-model.yaml;docs/05-operations/COST_AND_UNIT_ECONOMICS.md;contracts/operations/recovery-objectives.yaml;docs/05-operations/BACKUP_RESTORE.md;contracts/operations/version-and-rollback-matrix.yaml;docs/03-engineering/DATABASE_MIGRATIONS.md;docs/05-operations/OBSERVABILITY.md;docs/04-quality/THREAT_MODEL.md;docs/04-quality/SECURITY_PRIVACY_LGPD.md,BENCHMARK_AND_OPERATIONS_GATES,PASS
SPRINT-001,ISSUE-0132,Story,STORY-0022,TASK-0022,EPIC-005,BC-001,Tech Lead,HIGH,PASS,PASS,PASS,PASS,PASS,PASS,NOT_APPLICABLE,PASS,NOT_APPLICABLE,PASS,PASS,PASS,PASS,NOT_APPLICABLE,PASS,contracts/operations/slo-sli-catalog.yaml;docs/05-operations/CAPACITY_AND_SCALING.md;contracts/operations/lock-and-queue-policy.yaml;contracts/operations/external-dependency-register.csv;contracts/operations/vendor-exit-matrix.csv;contracts/operations/cost-model.yaml;docs/05-operations/COST_AND_UNIT_ECONOMICS.md;contracts/operations/recovery-objectives.yaml;docs/05-operations/BACKUP_RESTORE.md;contracts/operations/version-and-rollback-matrix.yaml;docs/03-engineering/DATABASE_MIGRATIONS.md;docs/05-operations/OBSERVABILITY.md;docs/04-quality/THREAT_MODEL.md;docs/04-quality/SECURITY_PRIVACY_LGPD.md,BENCHMARK_AND_OPERATIONS_GATES,PASS
SPRINT-001,ISSUE-0133,Story,STORY-0023,TASK-0023,EPIC-005,BC-001,DevOps,CRITICAL,PASS,PASS,PASS,PASS,PASS,PASS,NOT_APPLICABLE,PASS,NOT_APPLICABLE,PASS,PASS,PASS,PASS,NOT_APPLICABLE,PASS,contracts/operations/slo-sli-catalog.yaml;docs/05-operations/CAPACITY_AND_SCALING.md;contracts/operations/lock-and-queue-policy.yaml;contracts/operations/external-dependency-register.csv;contracts/operations/vendor-exit-matrix.csv;contracts/operations/cost-model.yaml;docs/05-operations/COST_AND_UNIT_ECONOMICS.md;contracts/operations/recovery-objectives.yaml;docs/05-operations/BACKUP_RESTORE.md;contracts/operations/version-and-rollback-matrix.yaml;docs/03-engineering/DATABASE_MIGRATIONS.md;docs/05-operations/OBSERVABILITY.md;docs/04-quality/THREAT_MODEL.md;docs/04-quality/SECURITY_PRIVACY_LGPD.md,SECURITY_AND_PRIVACY_GATES,PASS
SPRINT-001,ISSUE-0134,Story,STORY-0024,TASK-0024,EPIC-005,BC-001,Tech Lead,HIGH,PASS,PASS,PASS,PASS,PASS,PASS,NOT_APPLICABLE,PASS,PASS,PASS,PASS,PASS,PASS,NOT_APPLICABLE,PASS,contracts/operations/slo-sli-catalog.yaml;docs/05-operations/CAPACITY_AND_SCALING.md;contracts/operations/lock-and-queue-policy.yaml;contracts/operations/external-dependency-register.csv;contracts/operations/vendor-exit-matrix.csv;contracts/operations/cost-model.yaml;docs/05-operations/COST_AND_UNIT_ECONOMICS.md;contracts/operations/recovery-objectives.yaml;docs/05-operations/BACKUP_RESTORE.md;contracts/operations/version-and-rollback-matrix.yaml;docs/03-engineering/DATABASE_MIGRATIONS.md;docs/05-operations/OBSERVABILITY.md;docs/04-quality/THREAT_MODEL.md;docs/04-quality/SECURITY_PRIVACY_LGPD.md,BENCHMARK_AND_OPERATIONS_GATES,PASS
SPRINT-001,ISSUE-0135,Story,STORY-0025,TASK-0025,EPIC-005,BC-001,Reviewer,HIGH,PASS,PASS,PASS,PASS,PASS,PASS,NOT_APPLICABLE,PASS,NOT_APPLICABLE,PASS,PASS,PASS,PASS,NOT_APPLICABLE,PASS,contracts/operations/slo-sli-catalog.yaml;docs/05-operations/CAPACITY_AND_SCALING.md;contracts/operations/lock-and-queue-policy.yaml;contracts/operations/external-dependency-register.csv;contracts/operations/vendor-exit-matrix.csv;contracts/operations/cost-model.yaml;docs/05-operations/COST_AND_UNIT_ECONOMICS.md;contracts/operations/recovery-objectives.yaml;docs/05-operations/BACKUP_RESTORE.md;contracts/operations/version-and-rollback-matrix.yaml;docs/03-engineering/DATABASE_MIGRATIONS.md;docs/05-operations/OBSERVABILITY.md;docs/04-quality/THREAT_MODEL.md;docs/04-quality/SECURITY_PRIVACY_LGPD.md,BENCHMARK_AND_OPERATIONS_GATES,PASS
SPRINT-001,ISSUE-0136,Story,STORY-0026,TASK-0026,EPIC-006,BC-001,Arquiteto,HIGH,PASS,NOT_APPLICABLE,PASS,PASS,PASS,PASS,NOT_APPLICABLE,PASS,NOT_APPLICABLE,NOT_APPLICABLE,PASS,PASS,PASS,PASS,PASS,contracts/operations/slo-sli-catalog.yaml;docs/05-operations/CAPACITY_AND_SCALING.md;contracts/operations/external-dependency-register.csv;contracts/operations/vendor-exit-matrix.csv;contracts/operations/cost-model.yaml;docs/05-operations/COST_AND_UNIT_ECONOMICS.md;contracts/operations/version-and-rollback-matrix.yaml;docs/03-engineering/DATABASE_MIGRATIONS.md;docs/05-operations/OBSERVABILITY.md;docs/04-quality/THREAT_MODEL.md;docs/04-quality/SECURITY_PRIVACY_LGPD.md;contracts/privacy/lgpd-control-matrix.csv;docs/04-quality/LGPD_CONTROL_MODEL.md,BENCHMARK_AND_OPERATIONS_GATES,PASS
SPRINT-001,ISSUE-0137,Story,STORY-0027,TASK-0027,EPIC-006,BC-001,Tech Lead,CRITICAL,PASS,NOT_APPLICABLE,PASS,PASS,PASS,PASS,PASS,PASS,NOT_APPLICABLE,NOT_APPLICABLE,NOT_APPLICABLE,PASS,PASS,NOT_APPLICABLE,PASS,contracts/operations/slo-sli-catalog.yaml;docs/05-operations/CAPACITY_AND_SCALING.md;contracts/operations/external-dependency-register.csv;contracts/operations/vendor-exit-matrix.csv;contracts/operations/cost-model.yaml;docs/05-operations/COST_AND_UNIT_ECONOMICS.md;docs/05-operations/OBSERVABILITY.md;docs/04-quality/THREAT_MODEL.md;docs/04-quality/SECURITY_PRIVACY_LGPD.md;contracts/operations/version-and-rollback-matrix.yaml,SECURITY_AND_PRIVACY_GATES,PASS
SPRINT-001,ISSUE-0138,Story,STORY-0028,TASK-0028,EPIC-006,BC-001,DevOps,CRITICAL,NOT_APPLICABLE,PASS,PASS,PASS,NOT_APPLICABLE,PASS,NOT_APPLICABLE,NOT_APPLICABLE,NOT_APPLICABLE,NOT_APPLICABLE,NOT_APPLICABLE,PASS,PASS,NOT_APPLICABLE,PASS,contracts/operations/lock-and-queue-policy.yaml;contracts/operations/external-dependency-register.csv;contracts/operations/vendor-exit-matrix.csv;contracts/operations/cost-model.yaml;docs/05-operations/COST_AND_UNIT_ECONOMICS.md;contracts/operations/slo-sli-catalog.yaml;docs/05-operations/OBSERVABILITY.md;docs/04-quality/THREAT_MODEL.md;docs/04-quality/SECURITY_PRIVACY_LGPD.md;contracts/operations/version-and-rollback-matrix.yaml,SECURITY_AND_PRIVACY_GATES,PASS
SPRINT-001,ISSUE-0139,Story,STORY-0029,TASK-0029,EPIC-006,BC-001,Tech Lead,MEDIUM,NOT_APPLICABLE,NOT_APPLICABLE,PASS,PASS,NOT_APPLICABLE,PASS,NOT_APPLICABLE,NOT_APPLICABLE,NOT_APPLICABLE,NOT_APPLICABLE,PASS,PASS,PASS,NOT_APPLICABLE,PASS,contracts/operations/external-dependency-register.csv;contracts/operations/vendor-exit-matrix.csv;contracts/operations/cost-model.yaml;docs/05-operations/COST_AND_UNIT_ECONOMICS.md;contracts/operations/version-and-rollback-matrix.yaml;docs/03-engineering/DATABASE_MIGRATIONS.md;contracts/operations/slo-sli-catalog.yaml;docs/05-operations/OBSERVABILITY.md;docs/04-quality/THREAT_MODEL.md;docs/04-quality/SECURITY_PRIVACY_LGPD.md,IMPLEMENTATION_AUTHORIZATION,PASS
SPRINT-001,ISSUE-0140,Story,STORY-0030,TASK-0030,EPIC-006,BC-001,Reviewer,MEDIUM,NOT_APPLICABLE,NOT_APPLICABLE,PASS,PASS,NOT_APPLICABLE,PASS,NOT_APPLICABLE,NOT_APPLICABLE,NOT_APPLICABLE,NOT_APPLICABLE,NOT_APPLICABLE,PASS,PASS,NOT_APPLICABLE,PASS,contracts/operations/external-dependency-register.csv;contracts/operations/vendor-exit-matrix.csv;contracts/operations/cost-model.yaml;docs/05-operations/COST_AND_UNIT_ECONOMICS.md;contracts/operations/slo-sli-catalog.yaml;docs/05-operations/OBSERVABILITY.md;docs/04-quality/THREAT_MODEL.md;docs/04-quality/SECURITY_PRIVACY_LGPD.md;contracts/operations/version-and-rollback-matrix.yaml,IMPLEMENTATION_AUTHORIZATION,PASS
SPRINT-001,ISSUE-0141,Story,STORY-0031,TASK-0031,EPIC-007,BC-001,Arquiteto,HIGH,PASS,NOT_APPLICABLE,PASS,PASS,PASS,PASS,NOT_APPLICABLE,PASS,NOT_APPLICABLE,NOT_APPLICABLE,PASS,PASS,PASS,PASS,PASS,contracts/operations/slo-sli-catalog.yaml;docs/05-operations/CAPACITY_AND_SCALING.md;contracts/operations/external-dependency-register.csv;contracts/operations/vendor-exit-matrix.csv;contracts/operations/cost-model.yaml;docs/05-operations/COST_AND_UNIT_ECONOMICS.md;contracts/operations/version-and-rollback-matrix.yaml;docs/03-engineering/DATABASE_MIGRATIONS.md;docs/05-operations/OBSERVABILITY.md;docs/04-quality/THREAT_MODEL.md;docs/04-quality/SECURITY_PRIVACY_LGPD.md;contracts/privacy/lgpd-control-matrix.csv;docs/04-quality/LGPD_CONTROL_MODEL.md,BENCHMARK_AND_OPERATIONS_GATES,PASS
SPRINT-001,ISSUE-0142,Story,STORY-0032,TASK-0032,EPIC-007,BC-001,Tech Lead,CRITICAL,NOT_APPLICABLE,NOT_APPLICABLE,PASS,PASS,NOT_APPLICABLE,PASS,NOT_APPLICABLE,NOT_APPLICABLE,PASS,NOT_APPLICABLE,NOT_APPLICABLE,PASS,PASS,NOT_APPLICABLE,PASS,contracts/operations/external-dependency-register.csv;contracts/operations/vendor-exit-matrix.csv;contracts/operations/cost-model.yaml;docs/05-operations/COST_AND_UNIT_ECONOMICS.md;contracts/operations/lock-and-queue-policy.yaml;contracts/operations/slo-sli-catalog.yaml;docs/05-operations/OBSERVABILITY.md;docs/04-quality/THREAT_MODEL.md;docs/04-quality/SECURITY_PRIVACY_LGPD.md;contracts/operations/version-and-rollback-matrix.yaml,SECURITY_AND_PRIVACY_GATES,PASS
SPRINT-001,ISSUE-0143,Story,STORY-0033,TASK-0033,EPIC-007,BC-001,DevOps,CRITICAL,NOT_APPLICABLE,PASS,PASS,PASS,NOT_APPLICABLE,PASS,NOT_APPLICABLE,NOT_APPLICABLE,NOT_APPLICABLE,NOT_APPLICABLE,NOT_APPLICABLE,PASS,PASS,NOT_APPLICABLE,PASS,contracts/operations/lock-and-queue-policy.yaml;contracts/operations/external-dependency-register.csv;contracts/operations/vendor-exit-matrix.csv;contracts/operations/cost-model.yaml;docs/05-operations/COST_AND_UNIT_ECONOMICS.md;contracts/operations/slo-sli-catalog.yaml;docs/05-operations/OBSERVABILITY.md;docs/04-quality/THREAT_MODEL.md;docs/04-quality/SECURITY_PRIVACY_LGPD.md;contracts/operations/version-and-rollback-matrix.yaml,SECURITY_AND_PRIVACY_GATES,PASS
SPRINT-001,ISSUE-0144,Story,STORY-0034,TASK-0034,EPIC-007,BC-001,Tech Lead,MEDIUM,NOT_APPLICABLE,NOT_APPLICABLE,PASS,PASS,NOT_APPLICABLE,PASS,NOT_APPLICABLE,NOT_APPLICABLE,NOT_APPLICABLE,NOT_APPLICABLE,PASS,PASS,PASS,NOT_APPLICABLE,PASS,contracts/operations/external-dependency-register.csv;contracts/operations/vendor-exit-matrix.csv;contracts/operations/cost-model.yaml;docs/05-operations/COST_AND_UNIT_ECONOMICS.md;contracts/operations/version-and-rollback-matrix.yaml;docs/03-engineering/DATABASE_MIGRATIONS.md;contracts/operations/slo-sli-catalog.yaml;docs/05-operations/OBSERVABILITY.md;docs/04-quality/THREAT_MODEL.md;docs/04-quality/SECURITY_PRIVACY_LGPD.md,IMPLEMENTATION_AUTHORIZATION,PASS
SPRINT-001,ISSUE-0145,Story,STORY-0035,TASK-0035,EPIC-007,BC-001,Reviewer,MEDIUM,NOT_APPLICABLE,NOT_APPLICABLE,PASS,PASS,NOT_APPLICABLE,PASS,NOT_APPLICABLE,NOT_APPLICABLE,NOT_APPLICABLE,NOT_APPLICABLE,NOT_APPLICABLE,PASS,PASS,NOT_APPLICABLE,PASS,contracts/operations/external-dependency-register.csv;contracts/operations/vendor-exit-matrix.csv;contracts/operations/cost-model.yaml;docs/05-operations/COST_AND_UNIT_ECONOMICS.md;contracts/operations/slo-sli-catalog.yaml;docs/05-operations/OBSERVABILITY.md;docs/04-quality/THREAT_MODEL.md;docs/04-quality/SECURITY_PRIVACY_LGPD.md;contracts/operations/version-and-rollback-matrix.yaml,IMPLEMENTATION_AUTHORIZATION,PASS
SPRINT-001,ISSUE-0644,Story,STORY-0534,TASK-0534,EPIC-086,BC-001,Arquiteto,HIGH,PASS,PASS,PASS,PASS,PASS,PASS,NOT_APPLICABLE,PASS,NOT_APPLICABLE,PASS,PASS,PASS,PASS,PASS,PASS,contracts/operations/slo-sli-catalog.yaml;docs/05-operations/CAPACITY_AND_SCALING.md;contracts/operations/lock-and-queue-policy.yaml;contracts/operations/external-dependency-register.csv;contracts/operations/vendor-exit-matrix.csv;contracts/operations/cost-model.yaml;docs/05-operations/COST_AND_UNIT_ECONOMICS.md;contracts/operations/recovery-objectives.yaml;docs/05-operations/BACKUP_RESTORE.md;contracts/operations/version-and-rollback-matrix.yaml;docs/03-engineering/DATABASE_MIGRATIONS.md;docs/05-operations/OBSERVABILITY.md;docs/04-quality/THREAT_MODEL.md;docs/04-quality/SECURITY_PRIVACY_LGPD.md;contracts/privacy/lgpd-control-matrix.csv;docs/04-quality/LGPD_CONTROL_MODEL.md,BENCHMARK_AND_OPERATIONS_GATES,PASS
SPRINT-001,ISSUE-0645,Story,STORY-0535,TASK-0535,EPIC-086,BC-001,Tech Lead,HIGH,PASS,PASS,PASS,PASS,PASS,PASS,NOT_APPLICABLE,PASS,NOT_APPLICABLE,PASS,PASS,PASS,PASS,PASS,PASS,contracts/operations/slo-sli-catalog.yaml;docs/05-operations/CAPACITY_AND_SCALING.md;contracts/operations/lock-and-queue-policy.yaml;contracts/operations/external-dependency-register.csv;contracts/operations/vendor-exit-matrix.csv;contracts/operations/cost-model.yaml;docs/05-operations/COST_AND_UNIT_ECONOMICS.md;contracts/operations/recovery-objectives.yaml;docs/05-operations/BACKUP_RESTORE.md;contracts/operations/version-and-rollback-matrix.yaml;docs/03-engineering/DATABASE_MIGRATIONS.md;docs/05-operations/OBSERVABILITY.md;docs/04-quality/THREAT_MODEL.md;docs/04-quality/SECURITY_PRIVACY_LGPD.md;contracts/privacy/lgpd-control-matrix.csv;docs/04-quality/LGPD_CONTROL_MODEL.md,BENCHMARK_AND_OPERATIONS_GATES,PASS
SPRINT-001,ISSUE-0646,Story,STORY-0536,TASK-0536,EPIC-086,BC-001,DevOps,CRITICAL,PASS,PASS,PASS,PASS,PASS,PASS,NOT_APPLICABLE,PASS,NOT_APPLICABLE,PASS,PASS,PASS,PASS,PASS,PASS,contracts/operations/slo-sli-catalog.yaml;docs/05-operations/CAPACITY_AND_SCALING.md;contracts/operations/lock-and-queue-policy.yaml;contracts/operations/external-dependency-register.csv;contracts/operations/vendor-exit-matrix.csv;contracts/operations/cost-model.yaml;docs/05-operations/COST_AND_UNIT_ECONOMICS.md;contracts/operations/recovery-objectives.yaml;docs/05-operations/BACKUP_RESTORE.md;contracts/operations/version-and-rollback-matrix.yaml;docs/03-engineering/DATABASE_MIGRATIONS.md;docs/05-operations/OBSERVABILITY.md;docs/04-quality/THREAT_MODEL.md;docs/04-quality/SECURITY_PRIVACY_LGPD.md;contracts/privacy/lgpd-control-matrix.csv;docs/04-quality/LGPD_CONTROL_MODEL.md,SECURITY_AND_PRIVACY_GATES,PASS
SPRINT-001,ISSUE-0647,Story,STORY-0537,TASK-0537,EPIC-086,BC-001,Tech Lead,HIGH,PASS,PASS,PASS,PASS,PASS,PASS,NOT_APPLICABLE,PASS,NOT_APPLICABLE,PASS,PASS,PASS,PASS,PASS,PASS,contracts/operations/slo-sli-catalog.yaml;docs/05-operations/CAPACITY_AND_SCALING.md;contracts/operations/lock-and-queue-policy.yaml;contracts/operations/external-dependency-register.csv;contracts/operations/vendor-exit-matrix.csv;contracts/operations/cost-model.yaml;docs/05-operations/COST_AND_UNIT_ECONOMICS.md;contracts/operations/recovery-objectives.yaml;docs/05-operations/BACKUP_RESTORE.md;contracts/operations/version-and-rollback-matrix.yaml;docs/03-engineering/DATABASE_MIGRATIONS.md;docs/05-operations/OBSERVABILITY.md;docs/04-quality/THREAT_MODEL.md;docs/04-quality/SECURITY_PRIVACY_LGPD.md;contracts/privacy/lgpd-control-matrix.csv;docs/04-quality/LGPD_CONTROL_MODEL.md,BENCHMARK_AND_OPERATIONS_GATES,PASS
SPRINT-001,ISSUE-0648,Story,STORY-0538,TASK-0538,EPIC-086,BC-001,Reviewer,HIGH,PASS,PASS,PASS,PASS,PASS,PASS,NOT_APPLICABLE,PASS,NOT_APPLICABLE,PASS,PASS,PASS,PASS,PASS,PASS,contracts/operations/slo-sli-catalog.yaml;docs/05-operations/CAPACITY_AND_SCALING.md;contracts/operations/lock-and-queue-policy.yaml;contracts/operations/external-dependency-register.csv;contracts/operations/vendor-exit-matrix.csv;contracts/operations/cost-model.yaml;docs/05-operations/COST_AND_UNIT_ECONOMICS.md;contracts/operations/recovery-objectives.yaml;docs/05-operations/BACKUP_RESTORE.md;contracts/operations/version-and-rollback-matrix.yaml;docs/03-engineering/DATABASE_MIGRATIONS.md;docs/05-operations/OBSERVABILITY.md;docs/04-quality/THREAT_MODEL.md;docs/04-quality/SECURITY_PRIVACY_LGPD.md;contracts/privacy/lgpd-control-matrix.csv;docs/04-quality/LGPD_CONTROL_MODEL.md,BENCHMARK_AND_OPERATIONS_GATES,PASS
SPRINT-001,ISSUE-0665,Story,STORY-0555,TASK-0555,EPIC-090,BC-001,Arquiteto,HIGH,PASS,NOT_APPLICABLE,PASS,PASS,PASS,PASS,NOT_APPLICABLE,PASS,NOT_APPLICABLE,NOT_APPLICABLE,PASS,PASS,PASS,PASS,PASS,contracts/operations/slo-sli-catalog.yaml;docs/05-operations/CAPACITY_AND_SCALING.md;contracts/operations/external-dependency-register.csv;contracts/operations/vendor-exit-matrix.csv;contracts/operations/cost-model.yaml;docs/05-operations/COST_AND_UNIT_ECONOMICS.md;contracts/operations/version-and-rollback-matrix.yaml;docs/03-engineering/DATABASE_MIGRATIONS.md;docs/05-operations/OBSERVABILITY.md;docs/04-quality/THREAT_MODEL.md;docs/04-quality/SECURITY_PRIVACY_LGPD.md;contracts/privacy/lgpd-control-matrix.csv;docs/04-quality/LGPD_CONTROL_MODEL.md,BENCHMARK_AND_OPERATIONS_GATES,PASS
SPRINT-001,ISSUE-0666,Story,STORY-0556,TASK-0556,EPIC-090,BC-001,Tech Lead,MEDIUM,NOT_APPLICABLE,NOT_APPLICABLE,PASS,PASS,NOT_APPLICABLE,PASS,NOT_APPLICABLE,NOT_APPLICABLE,NOT_APPLICABLE,NOT_APPLICABLE,NOT_APPLICABLE,PASS,PASS,NOT_APPLICABLE,PASS,contracts/operations/external-dependency-register.csv;contracts/operations/vendor-exit-matrix.csv;contracts/operations/cost-model.yaml;docs/05-operations/COST_AND_UNIT_ECONOMICS.md;contracts/operations/slo-sli-catalog.yaml;docs/05-operations/OBSERVABILITY.md;docs/04-quality/THREAT_MODEL.md;docs/04-quality/SECURITY_PRIVACY_LGPD.md;contracts/operations/version-and-rollback-matrix.yaml,IMPLEMENTATION_AUTHORIZATION,PASS
SPRINT-001,ISSUE-0667,Story,STORY-0557,TASK-0557,EPIC-090,BC-001,DevOps,CRITICAL,NOT_APPLICABLE,PASS,PASS,PASS,NOT_APPLICABLE,PASS,NOT_APPLICABLE,NOT_APPLICABLE,NOT_APPLICABLE,NOT_APPLICABLE,NOT_APPLICABLE,PASS,PASS,NOT_APPLICABLE,PASS,contracts/operations/lock-and-queue-policy.yaml;contracts/operations/external-dependency-register.csv;contracts/operations/vendor-exit-matrix.csv;contracts/operations/cost-model.yaml;docs/05-operations/COST_AND_UNIT_ECONOMICS.md;contracts/operations/slo-sli-catalog.yaml;docs/05-operations/OBSERVABILITY.md;docs/04-quality/THREAT_MODEL.md;docs/04-quality/SECURITY_PRIVACY_LGPD.md;contracts/operations/version-and-rollback-matrix.yaml,SECURITY_AND_PRIVACY_GATES,PASS
SPRINT-001,ISSUE-0668,Story,STORY-0558,TASK-0558,EPIC-090,BC-001,Tech Lead,MEDIUM,NOT_APPLICABLE,NOT_APPLICABLE,PASS,PASS,NOT_APPLICABLE,PASS,NOT_APPLICABLE,NOT_APPLICABLE,NOT_APPLICABLE,NOT_APPLICABLE,PASS,PASS,PASS,NOT_APPLICABLE,PASS,contracts/operations/external-dependency-register.csv;contracts/operations/vendor-exit-matrix.csv;contracts/operations/cost-model.yaml;docs/05-operations/COST_AND_UNIT_ECONOMICS.md;contracts/operations/version-and-rollback-matrix.yaml;docs/03-engineering/DATABASE_MIGRATIONS.md;contracts/operations/slo-sli-catalog.yaml;docs/05-operations/OBSERVABILITY.md;docs/04-quality/THREAT_MODEL.md;docs/04-quality/SECURITY_PRIVACY_LGPD.md,IMPLEMENTATION_AUTHORIZATION,PASS
SPRINT-001,ISSUE-0669,Story,STORY-0559,TASK-0559,EPIC-090,BC-001,Reviewer,MEDIUM,NOT_APPLICABLE,NOT_APPLICABLE,PASS,PASS,NOT_APPLICABLE,PASS,NOT_APPLICABLE,NOT_APPLICABLE,NOT_APPLICABLE,NOT_APPLICABLE,NOT_APPLICABLE,PASS,PASS,NOT_APPLICABLE,PASS,contracts/operations/external-dependency-register.csv;contracts/operations/vendor-exit-matrix.csv;contracts/operations/cost-model.yaml;docs/05-operations/COST_AND_UNIT_ECONOMICS.md;contracts/operations/slo-sli-catalog.yaml;docs/05-operations/OBSERVABILITY.md;docs/04-quality/THREAT_MODEL.md;docs/04-quality/SECURITY_PRIVACY_LGPD.md;contracts/operations/version-and-rollback-matrix.yaml,IMPLEMENTATION_AUTHORIZATION,PASS
SPRINT-001,ISSUE-0670,Story,STORY-0560,TASK-0560,EPIC-091,BC-001,Arquiteto,HIGH,PASS,NOT_APPLICABLE,PASS,PASS,PASS,PASS,NOT_APPLICABLE,PASS,NOT_APPLICABLE,NOT_APPLICABLE,PASS,PASS,PASS,PASS,PASS,contracts/operations/slo-sli-catalog.yaml;docs/05-operations/CAPACITY_AND_SCALING.md;contracts/operations/external-dependency-register.csv;contracts/operations/vendor-exit-matrix.csv;contracts/operations/cost-model.yaml;docs/05-operations/COST_AND_UNIT_ECONOMICS.md;contracts/operations/version-and-rollback-matrix.yaml;docs/03-engineering/DATABASE_MIGRATIONS.md;docs/05-operations/OBSERVABILITY.md;docs/04-quality/THREAT_MODEL.md;docs/04-quality/SECURITY_PRIVACY_LGPD.md;contracts/privacy/lgpd-control-matrix.csv;docs/04-quality/LGPD_CONTROL_MODEL.md,BENCHMARK_AND_OPERATIONS_GATES,PASS
SPRINT-001,ISSUE-0671,Story,STORY-0561,TASK-0561,EPIC-091,BC-001,Tech Lead,CRITICAL,NOT_APPLICABLE,NOT_APPLICABLE,PASS,PASS,NOT_APPLICABLE,PASS,NOT_APPLICABLE,NOT_APPLICABLE,NOT_APPLICABLE,NOT_APPLICABLE,NOT_APPLICABLE,PASS,PASS,NOT_APPLICABLE,PASS,contracts/operations/external-dependency-register.csv;contracts/operations/vendor-exit-matrix.csv;contracts/operations/cost-model.yaml;docs/05-operations/COST_AND_UNIT_ECONOMICS.md;contracts/operations/slo-sli-catalog.yaml;docs/05-operations/OBSERVABILITY.md;docs/04-quality/THREAT_MODEL.md;docs/04-quality/SECURITY_PRIVACY_LGPD.md;contracts/operations/version-and-rollback-matrix.yaml,SECURITY_AND_PRIVACY_GATES,PASS
SPRINT-001,ISSUE-0672,Story,STORY-0562,TASK-0562,EPIC-091,BC-001,DevOps,CRITICAL,NOT_APPLICABLE,PASS,PASS,PASS,NOT_APPLICABLE,PASS,NOT_APPLICABLE,NOT_APPLICABLE,NOT_APPLICABLE,NOT_APPLICABLE,NOT_APPLICABLE,PASS,PASS,NOT_APPLICABLE,PASS,contracts/operations/lock-and-queue-policy.yaml;contracts/operations/external-dependency-register.csv;contracts/operations/vendor-exit-matrix.csv;contracts/operations/cost-model.yaml;docs/05-operations/COST_AND_UNIT_ECONOMICS.md;contracts/operations/slo-sli-catalog.yaml;docs/05-operations/OBSERVABILITY.md;docs/04-quality/THREAT_MODEL.md;docs/04-quality/SECURITY_PRIVACY_LGPD.md;contracts/operations/version-and-rollback-matrix.yaml,SECURITY_AND_PRIVACY_GATES,PASS
SPRINT-001,ISSUE-0673,Story,STORY-0563,TASK-0563,EPIC-091,BC-001,Tech Lead,MEDIUM,NOT_APPLICABLE,NOT_APPLICABLE,PASS,PASS,NOT_APPLICABLE,PASS,NOT_APPLICABLE,NOT_APPLICABLE,NOT_APPLICABLE,NOT_APPLICABLE,PASS,PASS,PASS,NOT_APPLICABLE,PASS,contracts/operations/external-dependency-register.csv;contracts/operations/vendor-exit-matrix.csv;contracts/operations/cost-model.yaml;docs/05-operations/COST_AND_UNIT_ECONOMICS.md;contracts/operations/version-and-rollback-matrix.yaml;docs/03-engineering/DATABASE_MIGRATIONS.md;contracts/operations/slo-sli-catalog.yaml;docs/05-operations/OBSERVABILITY.md;docs/04-quality/THREAT_MODEL.md;docs/04-quality/SECURITY_PRIVACY_LGPD.md,IMPLEMENTATION_AUTHORIZATION,PASS
SPRINT-001,ISSUE-0674,Story,STORY-0564,TASK-0564,EPIC-091,BC-001,Reviewer,MEDIUM,NOT_APPLICABLE,NOT_APPLICABLE,PASS,PASS,NOT_APPLICABLE,PASS,NOT_APPLICABLE,NOT_APPLICABLE,NOT_APPLICABLE,NOT_APPLICABLE,NOT_APPLICABLE,PASS,PASS,NOT_APPLICABLE,PASS,contracts/operations/external-dependency-register.csv;contracts/operations/vendor-exit-matrix.csv;contracts/operations/cost-model.yaml;docs/05-operations/COST_AND_UNIT_ECONOMICS.md;contracts/operations/slo-sli-catalog.yaml;docs/05-operations/OBSERVABILITY.md;docs/04-quality/THREAT_MODEL.md;docs/04-quality/SECURITY_PRIVACY_LGPD.md;contracts/operations/version-and-rollback-matrix.yaml,IMPLEMENTATION_AUTHORIZATION,PASS
SPRINT-001,ISSUE-0675,Story,STORY-0565,TASK-0565,EPIC-092,BC-001,Arquiteto,HIGH,PASS,NOT_APPLICABLE,PASS,PASS,PASS,PASS,NOT_APPLICABLE,PASS,NOT_APPLICABLE,NOT_APPLICABLE,PASS,PASS,PASS,PASS,PASS,contracts/operations/slo-sli-catalog.yaml;docs/05-operations/CAPACITY_AND_SCALING.md;contracts/operations/external-dependency-register.csv;contracts/operations/vendor-exit-matrix.csv;contracts/operations/cost-model.yaml;docs/05-operations/COST_AND_UNIT_ECONOMICS.md;contracts/operations/version-and-rollback-matrix.yaml;docs/03-engineering/DATABASE_MIGRATIONS.md;docs/05-operations/OBSERVABILITY.md;docs/04-quality/THREAT_MODEL.md;docs/04-quality/SECURITY_PRIVACY_LGPD.md;contracts/privacy/lgpd-control-matrix.csv;docs/04-quality/LGPD_CONTROL_MODEL.md,BENCHMARK_AND_OPERATIONS_GATES,PASS
SPRINT-001,ISSUE-0676,Story,STORY-0566,TASK-0566,EPIC-092,BC-001,Tech Lead,CRITICAL,PASS,NOT_APPLICABLE,PASS,PASS,PASS,PASS,PASS,PASS,NOT_APPLICABLE,NOT_APPLICABLE,NOT_APPLICABLE,PASS,PASS,NOT_APPLICABLE,PASS,contracts/operations/slo-sli-catalog.yaml;docs/05-operations/CAPACITY_AND_SCALING.md;contracts/operations/external-dependency-register.csv;contracts/operations/vendor-exit-matrix.csv;contracts/operations/cost-model.yaml;docs/05-operations/COST_AND_UNIT_ECONOMICS.md;docs/05-operations/OBSERVABILITY.md;docs/04-quality/THREAT_MODEL.md;docs/04-quality/SECURITY_PRIVACY_LGPD.md;contracts/operations/version-and-rollback-matrix.yaml,SECURITY_AND_PRIVACY_GATES,PASS
SPRINT-001,ISSUE-0677,Story,STORY-0567,TASK-0567,EPIC-092,BC-001,DevOps,CRITICAL,NOT_APPLICABLE,PASS,PASS,PASS,NOT_APPLICABLE,PASS,NOT_APPLICABLE,NOT_APPLICABLE,NOT_APPLICABLE,NOT_APPLICABLE,NOT_APPLICABLE,PASS,PASS,NOT_APPLICABLE,PASS,contracts/operations/lock-and-queue-policy.yaml;contracts/operations/external-dependency-register.csv;contracts/operations/vendor-exit-matrix.csv;contracts/operations/cost-model.yaml;docs/05-operations/COST_AND_UNIT_ECONOMICS.md;contracts/operations/slo-sli-catalog.yaml;docs/05-operations/OBSERVABILITY.md;docs/04-quality/THREAT_MODEL.md;docs/04-quality/SECURITY_PRIVACY_LGPD.md;contracts/operations/version-and-rollback-matrix.yaml,SECURITY_AND_PRIVACY_GATES,PASS
SPRINT-001,ISSUE-0678,Story,STORY-0568,TASK-0568,EPIC-092,BC-001,Tech Lead,MEDIUM,NOT_APPLICABLE,NOT_APPLICABLE,PASS,PASS,NOT_APPLICABLE,PASS,NOT_APPLICABLE,NOT_APPLICABLE,NOT_APPLICABLE,NOT_APPLICABLE,PASS,PASS,PASS,NOT_APPLICABLE,PASS,contracts/operations/external-dependency-register.csv;contracts/operations/vendor-exit-matrix.csv;contracts/operations/cost-model.yaml;docs/05-operations/COST_AND_UNIT_ECONOMICS.md;contracts/operations/version-and-rollback-matrix.yaml;docs/03-engineering/DATABASE_MIGRATIONS.md;contracts/operations/slo-sli-catalog.yaml;docs/05-operations/OBSERVABILITY.md;docs/04-quality/THREAT_MODEL.md;docs/04-quality/SECURITY_PRIVACY_LGPD.md,IMPLEMENTATION_AUTHORIZATION,PASS
SPRINT-001,ISSUE-0679,Story,STORY-0569,TASK-0569,EPIC-092,BC-001,Reviewer,MEDIUM,NOT_APPLICABLE,NOT_APPLICABLE,PASS,PASS,NOT_APPLICABLE,PASS,NOT_APPLICABLE,NOT_APPLICABLE,NOT_APPLICABLE,NOT_APPLICABLE,NOT_APPLICABLE,PASS,PASS,NOT_APPLICABLE,PASS,contracts/operations/external-dependency-register.csv;contracts/operations/vendor-exit-matrix.csv;contracts/operations/cost-model.yaml;docs/05-operations/COST_AND_UNIT_ECONOMICS.md;contracts/operations/slo-sli-catalog.yaml;docs/05-operations/OBSERVABILITY.md;docs/04-quality/THREAT_MODEL.md;docs/04-quality/SECURITY_PRIVACY_LGPD.md;contracts/operations/version-and-rollback-matrix.yaml,IMPLEMENTATION_AUTHORIZATION,PASS
SPRINT-001,ISSUE-0793,Story,STORY-0683,TASK-0683,EPIC-110,BC-001,Arquiteto,HIGH,PASS,NOT_APPLICABLE,PASS,PASS,PASS,PASS,NOT_APPLICABLE,PASS,PASS,PASS,PASS,PASS,PASS,PASS,PASS,contracts/operations/slo-sli-catalog.yaml;docs/05-operations/CAPACITY_AND_SCALING.md;contracts/operations/external-dependency-register.csv;contracts/operations/vendor-exit-matrix.csv;contracts/operations/cost-model.yaml;docs/05-operations/COST_AND_UNIT_ECONOMICS.md;contracts/operations/lock-and-queue-policy.yaml;contracts/operations/recovery-objectives.yaml;docs/05-operations/BACKUP_RESTORE.md;contracts/operations/version-and-rollback-matrix.yaml;docs/03-engineering/DATABASE_MIGRATIONS.md;docs/05-operations/OBSERVABILITY.md;docs/04-quality/THREAT_MODEL.md;docs/04-quality/SECURITY_PRIVACY_LGPD.md;contracts/privacy/lgpd-control-matrix.csv;docs/04-quality/LGPD_CONTROL_MODEL.md,BENCHMARK_AND_OPERATIONS_GATES,PASS
SPRINT-001,ISSUE-0794,Story,STORY-0684,TASK-0684,EPIC-110,BC-001,Tech Lead,MEDIUM,NOT_APPLICABLE,NOT_APPLICABLE,PASS,PASS,NOT_APPLICABLE,PASS,NOT_APPLICABLE,NOT_APPLICABLE,NOT_APPLICABLE,NOT_APPLICABLE,NOT_APPLICABLE,PASS,PASS,NOT_APPLICABLE,PASS,contracts/operations/external-dependency-register.csv;contracts/operations/vendor-exit-matrix.csv;contracts/operations/cost-model.yaml;docs/05-operations/COST_AND_UNIT_ECONOMICS.md;contracts/operations/slo-sli-catalog.yaml;docs/05-operations/OBSERVABILITY.md;docs/04-quality/THREAT_MODEL.md;docs/04-quality/SECURITY_PRIVACY_LGPD.md;contracts/operations/version-and-rollback-matrix.yaml,IMPLEMENTATION_AUTHORIZATION,PASS
SPRINT-001,ISSUE-0795,Story,STORY-0685,TASK-0685,EPIC-110,BC-001,DevOps,CRITICAL,NOT_APPLICABLE,PASS,PASS,PASS,NOT_APPLICABLE,PASS,NOT_APPLICABLE,NOT_APPLICABLE,NOT_APPLICABLE,NOT_APPLICABLE,NOT_APPLICABLE,PASS,PASS,NOT_APPLICABLE,PASS,contracts/operations/lock-and-queue-policy.yaml;contracts/operations/external-dependency-register.csv;contracts/operations/vendor-exit-matrix.csv;contracts/operations/cost-model.yaml;docs/05-operations/COST_AND_UNIT_ECONOMICS.md;contracts/operations/slo-sli-catalog.yaml;docs/05-operations/OBSERVABILITY.md;docs/04-quality/THREAT_MODEL.md;docs/04-quality/SECURITY_PRIVACY_LGPD.md;contracts/operations/version-and-rollback-matrix.yaml,SECURITY_AND_PRIVACY_GATES,PASS
SPRINT-001,ISSUE-0796,Story,STORY-0686,TASK-0686,EPIC-110,BC-001,Tech Lead,MEDIUM,NOT_APPLICABLE,NOT_APPLICABLE,PASS,PASS,NOT_APPLICABLE,PASS,NOT_APPLICABLE,NOT_APPLICABLE,NOT_APPLICABLE,NOT_APPLICABLE,PASS,PASS,PASS,NOT_APPLICABLE,PASS,contracts/operations/external-dependency-register.csv;contracts/operations/vendor-exit-matrix.csv;contracts/operations/cost-model.yaml;docs/05-operations/COST_AND_UNIT_ECONOMICS.md;contracts/operations/version-and-rollback-matrix.yaml;docs/03-engineering/DATABASE_MIGRATIONS.md;contracts/operations/slo-sli-catalog.yaml;docs/05-operations/OBSERVABILITY.md;docs/04-quality/THREAT_MODEL.md;docs/04-quality/SECURITY_PRIVACY_LGPD.md,IMPLEMENTATION_AUTHORIZATION,PASS
SPRINT-001,ISSUE-0797,Story,STORY-0687,TASK-0687,EPIC-110,BC-001,Reviewer,MEDIUM,NOT_APPLICABLE,NOT_APPLICABLE,PASS,PASS,NOT_APPLICABLE,PASS,NOT_APPLICABLE,NOT_APPLICABLE,NOT_APPLICABLE,NOT_APPLICABLE,NOT_APPLICABLE,PASS,PASS,NOT_APPLICABLE,PASS,contracts/operations/external-dependency-register.csv;contracts/operations/vendor-exit-matrix.csv;contracts/operations/cost-model.yaml;docs/05-operations/COST_AND_UNIT_ECONOMICS.md;contracts/operations/slo-sli-catalog.yaml;docs/05-operations/OBSERVABILITY.md;docs/04-quality/THREAT_MODEL.md;docs/04-quality/SECURITY_PRIVACY_LGPD.md;contracts/operations/version-and-rollback-matrix.yaml,IMPLEMENTATION_AUTHORIZATION,PASS
SPRINT-001,ISSUE-0798,Story,STORY-0688,TASK-0688,EPIC-001,BC-001,Tech Lead,CRITICAL,NOT_APPLICABLE,NOT_APPLICABLE,PASS,PASS,NOT_APPLICABLE,PASS,NOT_APPLICABLE,NOT_APPLICABLE,PASS,NOT_APPLICABLE,NOT_APPLICABLE,PASS,PASS,NOT_APPLICABLE,PASS,contracts/operations/external-dependency-register.csv;contracts/operations/vendor-exit-matrix.csv;contracts/operations/cost-model.yaml;docs/05-operations/COST_AND_UNIT_ECONOMICS.md;contracts/operations/lock-and-queue-policy.yaml;contracts/operations/slo-sli-catalog.yaml;docs/05-operations/OBSERVABILITY.md;docs/04-quality/THREAT_MODEL.md;docs/04-quality/SECURITY_PRIVACY_LGPD.md;contracts/operations/version-and-rollback-matrix.yaml,SECURITY_AND_PRIVACY_GATES,PASS
SPRINT-001,ISSUE-0799,Story,STORY-0689,TASK-0689,EPIC-001,BC-001,Tech Lead,CRITICAL,NOT_APPLICABLE,NOT_APPLICABLE,PASS,PASS,NOT_APPLICABLE,PASS,NOT_APPLICABLE,NOT_APPLICABLE,NOT_APPLICABLE,NOT_APPLICABLE,NOT_APPLICABLE,PASS,PASS,NOT_APPLICABLE,PASS,contracts/operations/external-dependency-register.csv;contracts/operations/vendor-exit-matrix.csv;contracts/operations/cost-model.yaml;docs/05-operations/COST_AND_UNIT_ECONOMICS.md;contracts/operations/slo-sli-catalog.yaml;docs/05-operations/OBSERVABILITY.md;docs/04-quality/THREAT_MODEL.md;docs/04-quality/SECURITY_PRIVACY_LGPD.md;contracts/operations/version-and-rollback-matrix.yaml,SECURITY_AND_PRIVACY_GATES,PASS
SPRINT-001,ISSUE-0800,Story,STORY-0690,TASK-0690,EPIC-002,BC-001,Arquiteto,CRITICAL,NOT_APPLICABLE,NOT_APPLICABLE,PASS,PASS,NOT_APPLICABLE,PASS,NOT_APPLICABLE,NOT_APPLICABLE,PASS,PASS,PASS,PASS,PASS,PASS,PASS,contracts/operations/external-dependency-register.csv;contracts/operations/vendor-exit-matrix.csv;contracts/operations/cost-model.yaml;docs/05-operations/COST_AND_UNIT_ECONOMICS.md;contracts/operations/lock-and-queue-policy.yaml;contracts/operations/recovery-objectives.yaml;docs/05-operations/BACKUP_RESTORE.md;contracts/operations/version-and-rollback-matrix.yaml;docs/03-engineering/DATABASE_MIGRATIONS.md;contracts/operations/slo-sli-catalog.yaml;docs/05-operations/OBSERVABILITY.md;docs/04-quality/THREAT_MODEL.md;docs/04-quality/SECURITY_PRIVACY_LGPD.md;contracts/privacy/lgpd-control-matrix.csv;docs/04-quality/LGPD_CONTROL_MODEL.md,SECURITY_AND_PRIVACY_GATES,PASS
SPRINT-001,ISSUE-0801,Story,STORY-0691,TASK-0691,EPIC-002,BC-001,Arquiteto,MEDIUM,NOT_APPLICABLE,NOT_APPLICABLE,PASS,PASS,NOT_APPLICABLE,PASS,NOT_APPLICABLE,NOT_APPLICABLE,NOT_APPLICABLE,NOT_APPLICABLE,PASS,PASS,PASS,NOT_APPLICABLE,PASS,contracts/operations/external-dependency-register.csv;contracts/operations/vendor-exit-matrix.csv;contracts/operations/cost-model.yaml;docs/05-operations/COST_AND_UNIT_ECONOMICS.md;contracts/operations/version-and-rollback-matrix.yaml;docs/03-engineering/DATABASE_MIGRATIONS.md;contracts/operations/slo-sli-catalog.yaml;docs/05-operations/OBSERVABILITY.md;docs/04-quality/THREAT_MODEL.md;docs/04-quality/SECURITY_PRIVACY_LGPD.md,IMPLEMENTATION_AUTHORIZATION,PASS
SPRINT-001,ISSUE-0802,Story,STORY-0692,TASK-0692,EPIC-002,BC-001,Tech Lead,CRITICAL,NOT_APPLICABLE,NOT_APPLICABLE,PASS,PASS,NOT_APPLICABLE,PASS,NOT_APPLICABLE,NOT_APPLICABLE,PASS,PASS,NOT_APPLICABLE,PASS,PASS,PASS,PASS,contracts/operations/external-dependency-register.csv;contracts/operations/vendor-exit-matrix.csv;contracts/operations/cost-model.yaml;docs/05-operations/COST_AND_UNIT_ECONOMICS.md;contracts/operations/lock-and-queue-policy.yaml;contracts/operations/recovery-objectives.yaml;docs/05-operations/BACKUP_RESTORE.md;contracts/operations/slo-sli-catalog.yaml;docs/05-operations/OBSERVABILITY.md;docs/04-quality/THREAT_MODEL.md;docs/04-quality/SECURITY_PRIVACY_LGPD.md;contracts/privacy/lgpd-control-matrix.csv;docs/04-quality/LGPD_CONTROL_MODEL.md;contracts/operations/version-and-rollback-matrix.yaml,SECURITY_AND_PRIVACY_GATES,PASS
SPRINT-001,ISSUE-0803,Story,STORY-0693,TASK-0693,EPIC-002,BC-001,Tech Lead,CRITICAL,NOT_APPLICABLE,NOT_APPLICABLE,PASS,PASS,NOT_APPLICABLE,PASS,NOT_APPLICABLE,NOT_APPLICABLE,PASS,PASS,NOT_APPLICABLE,PASS,PASS,PASS,PASS,contracts/operations/external-dependency-register.csv;contracts/operations/vendor-exit-matrix.csv;contracts/operations/cost-model.yaml;docs/05-operations/COST_AND_UNIT_ECONOMICS.md;contracts/operations/lock-and-queue-policy.yaml;contracts/operations/recovery-objectives.yaml;docs/05-operations/BACKUP_RESTORE.md;contracts/operations/slo-sli-catalog.yaml;docs/05-operations/OBSERVABILITY.md;docs/04-quality/THREAT_MODEL.md;docs/04-quality/SECURITY_PRIVACY_LGPD.md;contracts/privacy/lgpd-control-matrix.csv;docs/04-quality/LGPD_CONTROL_MODEL.md;contracts/operations/version-and-rollback-matrix.yaml,SECURITY_AND_PRIVACY_GATES,PASS
SPRINT-001,ISSUE-0804,Story,STORY-0694,TASK-0694,EPIC-002,BC-001,Tech Lead,CRITICAL,NOT_APPLICABLE,NOT_APPLICABLE,PASS,PASS,NOT_APPLICABLE,PASS,NOT_APPLICABLE,NOT_APPLICABLE,PASS,PASS,NOT_APPLICABLE,PASS,PASS,PASS,PASS,contracts/operations/external-dependency-register.csv;contracts/operations/vendor-exit-matrix.csv;contracts/operations/cost-model.yaml;docs/05-operations/COST_AND_UNIT_ECONOMICS.md;contracts/operations/lock-and-queue-policy.yaml;contracts/operations/recovery-objectives.yaml;docs/05-operations/BACKUP_RESTORE.md;contracts/operations/slo-sli-catalog.yaml;docs/05-operations/OBSERVABILITY.md;docs/04-quality/THREAT_MODEL.md;docs/04-quality/SECURITY_PRIVACY_LGPD.md;contracts/privacy/lgpd-control-matrix.csv;docs/04-quality/LGPD_CONTROL_MODEL.md;contracts/operations/version-and-rollback-matrix.yaml,SECURITY_AND_PRIVACY_GATES,PASS
SPRINT-001,ISSUE-0805,Story,STORY-0695,TASK-0695,EPIC-002,BC-001,Tech Lead,CRITICAL,NOT_APPLICABLE,NOT_APPLICABLE,PASS,PASS,NOT_APPLICABLE,PASS,NOT_APPLICABLE,NOT_APPLICABLE,NOT_APPLICABLE,PASS,NOT_APPLICABLE,PASS,PASS,PASS,PASS,contracts/operations/external-dependency-register.csv;contracts/operations/vendor-exit-matrix.csv;contracts/operations/cost-model.yaml;docs/05-operations/COST_AND_UNIT_ECONOMICS.md;contracts/operations/recovery-objectives.yaml;docs/05-operations/BACKUP_RESTORE.md;contracts/operations/slo-sli-catalog.yaml;docs/05-operations/OBSERVABILITY.md;docs/04-quality/THREAT_MODEL.md;docs/04-quality/SECURITY_PRIVACY_LGPD.md;contracts/privacy/lgpd-control-matrix.csv;docs/04-quality/LGPD_CONTROL_MODEL.md;contracts/operations/version-and-rollback-matrix.yaml,SECURITY_AND_PRIVACY_GATES,PASS
SPRINT-001,ISSUE-0806,Story,STORY-0696,TASK-0696,EPIC-002,BC-001,Tech Lead,CRITICAL,PASS,NOT_APPLICABLE,PASS,PASS,PASS,PASS,PASS,PASS,NOT_APPLICABLE,PASS,NOT_APPLICABLE,PASS,PASS,PASS,PASS,contracts/operations/slo-sli-catalog.yaml;docs/05-operations/CAPACITY_AND_SCALING.md;contracts/operations/external-dependency-register.csv;contracts/operations/vendor-exit-matrix.csv;contracts/operations/cost-model.yaml;docs/05-operations/COST_AND_UNIT_ECONOMICS.md;contracts/operations/recovery-objectives.yaml;docs/05-operations/BACKUP_RESTORE.md;docs/05-operations/OBSERVABILITY.md;docs/04-quality/THREAT_MODEL.md;docs/04-quality/SECURITY_PRIVACY_LGPD.md;contracts/privacy/lgpd-control-matrix.csv;docs/04-quality/LGPD_CONTROL_MODEL.md;contracts/operations/version-and-rollback-matrix.yaml,SECURITY_AND_PRIVACY_GATES,PASS
SPRINT-001,ISSUE-0807,Story,STORY-0697,TASK-0697,EPIC-002,BC-001,Tech Lead,CRITICAL,PASS,NOT_APPLICABLE,PASS,PASS,PASS,PASS,PASS,PASS,PASS,NOT_APPLICABLE,NOT_APPLICABLE,PASS,PASS,PASS,PASS,contracts/operations/slo-sli-catalog.yaml;docs/05-operations/CAPACITY_AND_SCALING.md;contracts/operations/external-dependency-register.csv;contracts/operations/vendor-exit-matrix.csv;contracts/operations/cost-model.yaml;docs/05-operations/COST_AND_UNIT_ECONOMICS.md;contracts/operations/lock-and-queue-policy.yaml;docs/05-operations/OBSERVABILITY.md;docs/04-quality/THREAT_MODEL.md;docs/04-quality/SECURITY_PRIVACY_LGPD.md;contracts/privacy/lgpd-control-matrix.csv;docs/04-quality/LGPD_CONTROL_MODEL.md;contracts/operations/version-and-rollback-matrix.yaml,SECURITY_AND_PRIVACY_GATES,PASS
SPRINT-001,ISSUE-0808,Story,STORY-0698,TASK-0698,EPIC-002,BC-001,Tech Lead,MEDIUM,NOT_APPLICABLE,NOT_APPLICABLE,PASS,PASS,NOT_APPLICABLE,PASS,NOT_APPLICABLE,NOT_APPLICABLE,NOT_APPLICABLE,NOT_APPLICABLE,NOT_APPLICABLE,PASS,PASS,NOT_APPLICABLE,PASS,contracts/operations/external-dependency-register.csv;contracts/operations/vendor-exit-matrix.csv;contracts/operations/cost-model.yaml;docs/05-operations/COST_AND_UNIT_ECONOMICS.md;contracts/operations/slo-sli-catalog.yaml;docs/05-operations/OBSERVABILITY.md;docs/04-quality/THREAT_MODEL.md;docs/04-quality/SECURITY_PRIVACY_LGPD.md;contracts/operations/version-and-rollback-matrix.yaml,IMPLEMENTATION_AUTHORIZATION,PASS
SPRINT-001,ISSUE-0809,Story,STORY-0699,TASK-0699,EPIC-002,BC-001,Tech Lead,CRITICAL,NOT_APPLICABLE,NOT_APPLICABLE,PASS,PASS,NOT_APPLICABLE,PASS,NOT_APPLICABLE,NOT_APPLICABLE,PASS,NOT_APPLICABLE,NOT_APPLICABLE,PASS,PASS,NOT_APPLICABLE,PASS,contracts/operations/external-dependency-register.csv;contracts/operations/vendor-exit-matrix.csv;contracts/operations/cost-model.yaml;docs/05-operations/COST_AND_UNIT_ECONOMICS.md;contracts/operations/lock-and-queue-policy.yaml;contracts/operations/slo-sli-catalog.yaml;docs/05-operations/OBSERVABILITY.md;docs/04-quality/THREAT_MODEL.md;docs/04-quality/SECURITY_PRIVACY_LGPD.md;contracts/operations/version-and-rollback-matrix.yaml,SECURITY_AND_PRIVACY_GATES,PASS
SPRINT-001,ISSUE-0810,Story,STORY-0700,TASK-0700,EPIC-002,BC-001,Tech Lead,MEDIUM,NOT_APPLICABLE,NOT_APPLICABLE,PASS,PASS,NOT_APPLICABLE,PASS,NOT_APPLICABLE,NOT_APPLICABLE,PASS,NOT_APPLICABLE,NOT_APPLICABLE,PASS,PASS,NOT_APPLICABLE,PASS,contracts/operations/external-dependency-register.csv;contracts/operations/vendor-exit-matrix.csv;contracts/operations/cost-model.yaml;docs/05-operations/COST_AND_UNIT_ECONOMICS.md;contracts/operations/lock-and-queue-policy.yaml;contracts/operations/slo-sli-catalog.yaml;docs/05-operations/OBSERVABILITY.md;docs/04-quality/THREAT_MODEL.md;docs/04-quality/SECURITY_PRIVACY_LGPD.md;contracts/operations/version-and-rollback-matrix.yaml,IMPLEMENTATION_AUTHORIZATION,PASS
SPRINT-001,ISSUE-0811,Story,STORY-0701,TASK-0701,EPIC-004,BC-001,Arquiteto,CRITICAL,PASS,NOT_APPLICABLE,PASS,PASS,PASS,PASS,NOT_APPLICABLE,PASS,PASS,PASS,PASS,PASS,PASS,PASS,PASS,contracts/operations/slo-sli-catalog.yaml;docs/05-operations/CAPACITY_AND_SCALING.md;contracts/operations/external-dependency-register.csv;contracts/operations/vendor-exit-matrix.csv;contracts/operations/cost-model.yaml;docs/05-operations/COST_AND_UNIT_ECONOMICS.md;contracts/operations/lock-and-queue-policy.yaml;contracts/operations/recovery-objectives.yaml;docs/05-operations/BACKUP_RESTORE.md;contracts/operations/version-and-rollback-matrix.yaml;docs/03-engineering/DATABASE_MIGRATIONS.md;docs/05-operations/OBSERVABILITY.md;docs/04-quality/THREAT_MODEL.md;docs/04-quality/SECURITY_PRIVACY_LGPD.md;contracts/privacy/lgpd-control-matrix.csv;docs/04-quality/LGPD_CONTROL_MODEL.md,SECURITY_AND_PRIVACY_GATES,PASS
SPRINT-001,ISSUE-0812,Story,STORY-0702,TASK-0702,EPIC-004,BC-001,Arquiteto,CRITICAL,PASS,NOT_APPLICABLE,PASS,PASS,PASS,PASS,PASS,PASS,NOT_APPLICABLE,PASS,PASS,PASS,PASS,PASS,PASS,contracts/operations/slo-sli-catalog.yaml;docs/05-operations/CAPACITY_AND_SCALING.md;contracts/operations/external-dependency-register.csv;contracts/operations/vendor-exit-matrix.csv;contracts/operations/cost-model.yaml;docs/05-operations/COST_AND_UNIT_ECONOMICS.md;contracts/operations/recovery-objectives.yaml;docs/05-operations/BACKUP_RESTORE.md;contracts/operations/version-and-rollback-matrix.yaml;docs/03-engineering/DATABASE_MIGRATIONS.md;docs/05-operations/OBSERVABILITY.md;docs/04-quality/THREAT_MODEL.md;docs/04-quality/SECURITY_PRIVACY_LGPD.md;contracts/privacy/lgpd-control-matrix.csv;docs/04-quality/LGPD_CONTROL_MODEL.md,SECURITY_AND_PRIVACY_GATES,PASS
SPRINT-001,ISSUE-0813,Story,STORY-0703,TASK-0703,EPIC-004,BC-001,Tech Lead,CRITICAL,PASS,NOT_APPLICABLE,PASS,PASS,PASS,PASS,NOT_APPLICABLE,PASS,PASS,PASS,PASS,PASS,PASS,PASS,PASS,contracts/operations/slo-sli-catalog.yaml;docs/05-operations/CAPACITY_AND_SCALING.md;contracts/operations/external-dependency-register.csv;contracts/operations/vendor-exit-matrix.csv;contracts/operations/cost-model.yaml;docs/05-operations/COST_AND_UNIT_ECONOMICS.md;contracts/operations/lock-and-queue-policy.yaml;contracts/operations/recovery-objectives.yaml;docs/05-operations/BACKUP_RESTORE.md;contracts/operations/version-and-rollback-matrix.yaml;docs/03-engineering/DATABASE_MIGRATIONS.md;docs/05-operations/OBSERVABILITY.md;docs/04-quality/THREAT_MODEL.md;docs/04-quality/SECURITY_PRIVACY_LGPD.md;contracts/privacy/lgpd-control-matrix.csv;docs/04-quality/LGPD_CONTROL_MODEL.md,SECURITY_AND_PRIVACY_GATES,PASS
SPRINT-001,ISSUE-0814,Story,STORY-0704,TASK-0704,EPIC-004,BC-001,Tech Lead,CRITICAL,PASS,NOT_APPLICABLE,PASS,PASS,PASS,PASS,NOT_APPLICABLE,PASS,PASS,PASS,PASS,PASS,PASS,PASS,PASS,contracts/operations/slo-sli-catalog.yaml;docs/05-operations/CAPACITY_AND_SCALING.md;contracts/operations/external-dependency-register.csv;contracts/operations/vendor-exit-matrix.csv;contracts/operations/cost-model.yaml;docs/05-operations/COST_AND_UNIT_ECONOMICS.md;contracts/operations/lock-and-queue-policy.yaml;contracts/operations/recovery-objectives.yaml;docs/05-operations/BACKUP_RESTORE.md;contracts/operations/version-and-rollback-matrix.yaml;docs/03-engineering/DATABASE_MIGRATIONS.md;docs/05-operations/OBSERVABILITY.md;docs/04-quality/THREAT_MODEL.md;docs/04-quality/SECURITY_PRIVACY_LGPD.md;contracts/privacy/lgpd-control-matrix.csv;docs/04-quality/LGPD_CONTROL_MODEL.md,SECURITY_AND_PRIVACY_GATES,PASS
SPRINT-001,ISSUE-0815,Story,STORY-0705,TASK-0705,EPIC-004,BC-001,Tech Lead,CRITICAL,PASS,NOT_APPLICABLE,PASS,PASS,PASS,PASS,NOT_APPLICABLE,PASS,NOT_APPLICABLE,PASS,PASS,PASS,PASS,PASS,PASS,contracts/operations/slo-sli-catalog.yaml;docs/05-operations/CAPACITY_AND_SCALING.md;contracts/operations/external-dependency-register.csv;contracts/operations/vendor-exit-matrix.csv;contracts/operations/cost-model.yaml;docs/05-operations/COST_AND_UNIT_ECONOMICS.md;contracts/operations/recovery-objectives.yaml;docs/05-operations/BACKUP_RESTORE.md;contracts/operations/version-and-rollback-matrix.yaml;docs/03-engineering/DATABASE_MIGRATIONS.md;docs/05-operations/OBSERVABILITY.md;docs/04-quality/THREAT_MODEL.md;docs/04-quality/SECURITY_PRIVACY_LGPD.md;contracts/privacy/lgpd-control-matrix.csv;docs/04-quality/LGPD_CONTROL_MODEL.md,SECURITY_AND_PRIVACY_GATES,PASS
SPRINT-001,ISSUE-0816,Story,STORY-0706,TASK-0706,EPIC-005,BC-001,Arquiteto,CRITICAL,PASS,PASS,PASS,PASS,PASS,PASS,PASS,PASS,PASS,PASS,PASS,PASS,PASS,NOT_APPLICABLE,PASS,contracts/operations/slo-sli-catalog.yaml;docs/05-operations/CAPACITY_AND_SCALING.md;contracts/operations/lock-and-queue-policy.yaml;contracts/operations/external-dependency-register.csv;contracts/operations/vendor-exit-matrix.csv;contracts/operations/cost-model.yaml;docs/05-operations/COST_AND_UNIT_ECONOMICS.md;contracts/operations/recovery-objectives.yaml;docs/05-operations/BACKUP_RESTORE.md;contracts/operations/version-and-rollback-matrix.yaml;docs/03-engineering/DATABASE_MIGRATIONS.md;docs/05-operations/OBSERVABILITY.md;docs/04-quality/THREAT_MODEL.md;docs/04-quality/SECURITY_PRIVACY_LGPD.md,SECURITY_AND_PRIVACY_GATES,PASS
SPRINT-001,ISSUE-0817,Story,STORY-0707,TASK-0707,EPIC-005,BC-001,Arquiteto,HIGH,PASS,PASS,PASS,PASS,PASS,PASS,NOT_APPLICABLE,PASS,NOT_APPLICABLE,PASS,PASS,PASS,PASS,NOT_APPLICABLE,PASS,contracts/operations/slo-sli-catalog.yaml;docs/05-operations/CAPACITY_AND_SCALING.md;contracts/operations/lock-and-queue-policy.yaml;contracts/operations/external-dependency-register.csv;contracts/operations/vendor-exit-matrix.csv;contracts/operations/cost-model.yaml;docs/05-operations/COST_AND_UNIT_ECONOMICS.md;contracts/operations/recovery-objectives.yaml;docs/05-operations/BACKUP_RESTORE.md;contracts/operations/version-and-rollback-matrix.yaml;docs/03-engineering/DATABASE_MIGRATIONS.md;docs/05-operations/OBSERVABILITY.md;docs/04-quality/THREAT_MODEL.md;docs/04-quality/SECURITY_PRIVACY_LGPD.md,BENCHMARK_AND_OPERATIONS_GATES,PASS
SPRINT-001,ISSUE-0818,Story,STORY-0708,TASK-0708,EPIC-005,BC-001,Tech Lead,CRITICAL,PASS,PASS,PASS,PASS,PASS,PASS,PASS,PASS,PASS,PASS,PASS,PASS,PASS,PASS,PASS,contracts/operations/slo-sli-catalog.yaml;docs/05-operations/CAPACITY_AND_SCALING.md;contracts/operations/lock-and-queue-policy.yaml;contracts/operations/external-dependency-register.csv;contracts/operations/vendor-exit-matrix.csv;contracts/operations/cost-model.yaml;docs/05-operations/COST_AND_UNIT_ECONOMICS.md;contracts/operations/recovery-objectives.yaml;docs/05-operations/BACKUP_RESTORE.md;contracts/operations/version-and-rollback-matrix.yaml;docs/03-engineering/DATABASE_MIGRATIONS.md;docs/05-operations/OBSERVABILITY.md;docs/04-quality/THREAT_MODEL.md;docs/04-quality/SECURITY_PRIVACY_LGPD.md;contracts/privacy/lgpd-control-matrix.csv;docs/04-quality/LGPD_CONTROL_MODEL.md,SECURITY_AND_PRIVACY_GATES,PASS
SPRINT-001,ISSUE-0819,Story,STORY-0709,TASK-0709,EPIC-005,BC-001,Tech Lead,CRITICAL,PASS,PASS,PASS,PASS,PASS,PASS,NOT_APPLICABLE,PASS,PASS,PASS,PASS,PASS,PASS,PASS,PASS,contracts/operations/slo-sli-catalog.yaml;docs/05-operations/CAPACITY_AND_SCALING.md;contracts/operations/lock-and-queue-policy.yaml;contracts/operations/external-dependency-register.csv;contracts/operations/vendor-exit-matrix.csv;contracts/operations/cost-model.yaml;docs/05-operations/COST_AND_UNIT_ECONOMICS.md;contracts/operations/recovery-objectives.yaml;docs/05-operations/BACKUP_RESTORE.md;contracts/operations/version-and-rollback-matrix.yaml;docs/03-engineering/DATABASE_MIGRATIONS.md;docs/05-operations/OBSERVABILITY.md;docs/04-quality/THREAT_MODEL.md;docs/04-quality/SECURITY_PRIVACY_LGPD.md;contracts/privacy/lgpd-control-matrix.csv;docs/04-quality/LGPD_CONTROL_MODEL.md,SECURITY_AND_PRIVACY_GATES,PASS
SPRINT-001,ISSUE-0820,Story,STORY-0710,TASK-0710,EPIC-005,BC-001,Tech Lead,CRITICAL,PASS,PASS,PASS,PASS,PASS,PASS,NOT_APPLICABLE,PASS,NOT_APPLICABLE,PASS,PASS,PASS,PASS,PASS,PASS,contracts/operations/slo-sli-catalog.yaml;docs/05-operations/CAPACITY_AND_SCALING.md;contracts/operations/lock-and-queue-policy.yaml;contracts/operations/external-dependency-register.csv;contracts/operations/vendor-exit-matrix.csv;contracts/operations/cost-model.yaml;docs/05-operations/COST_AND_UNIT_ECONOMICS.md;contracts/operations/recovery-objectives.yaml;docs/05-operations/BACKUP_RESTORE.md;contracts/operations/version-and-rollback-matrix.yaml;docs/03-engineering/DATABASE_MIGRATIONS.md;docs/05-operations/OBSERVABILITY.md;docs/04-quality/THREAT_MODEL.md;docs/04-quality/SECURITY_PRIVACY_LGPD.md;contracts/privacy/lgpd-control-matrix.csv;docs/04-quality/LGPD_CONTROL_MODEL.md,SECURITY_AND_PRIVACY_GATES,PASS
SPRINT-001,ISSUE-0821,Story,STORY-0711,TASK-0711,EPIC-005,BC-001,Tech Lead,CRITICAL,PASS,PASS,PASS,PASS,PASS,PASS,PASS,PASS,PASS,PASS,PASS,PASS,PASS,PASS,PASS,contracts/operations/slo-sli-catalog.yaml;docs/05-operations/CAPACITY_AND_SCALING.md;contracts/operations/lock-and-queue-policy.yaml;contracts/operations/external-dependency-register.csv;contracts/operations/vendor-exit-matrix.csv;contracts/operations/cost-model.yaml;docs/05-operations/COST_AND_UNIT_ECONOMICS.md;contracts/operations/recovery-objectives.yaml;docs/05-operations/BACKUP_RESTORE.md;contracts/operations/version-and-rollback-matrix.yaml;docs/03-engineering/DATABASE_MIGRATIONS.md;docs/05-operations/OBSERVABILITY.md;docs/04-quality/THREAT_MODEL.md;docs/04-quality/SECURITY_PRIVACY_LGPD.md;contracts/privacy/lgpd-control-matrix.csv;docs/04-quality/LGPD_CONTROL_MODEL.md,SECURITY_AND_PRIVACY_GATES,PASS
SPRINT-001,ISSUE-0862,Story,STORY-0752,TASK-0752,EPIC-086,BC-001,Tech Lead,CRITICAL,PASS,PASS,PASS,PASS,PASS,PASS,NOT_APPLICABLE,PASS,NOT_APPLICABLE,PASS,PASS,PASS,PASS,PASS,PASS,contracts/operations/slo-sli-catalog.yaml;docs/05-operations/CAPACITY_AND_SCALING.md;contracts/operations/lock-and-queue-policy.yaml;contracts/operations/external-dependency-register.csv;contracts/operations/vendor-exit-matrix.csv;contracts/operations/cost-model.yaml;docs/05-operations/COST_AND_UNIT_ECONOMICS.md;contracts/operations/recovery-objectives.yaml;docs/05-operations/BACKUP_RESTORE.md;contracts/operations/version-and-rollback-matrix.yaml;docs/03-engineering/DATABASE_MIGRATIONS.md;docs/05-operations/OBSERVABILITY.md;docs/04-quality/THREAT_MODEL.md;docs/04-quality/SECURITY_PRIVACY_LGPD.md;contracts/privacy/lgpd-control-matrix.csv;docs/04-quality/LGPD_CONTROL_MODEL.md,SECURITY_AND_PRIVACY_GATES,PASS
SPRINT-001,ISSUE-0863,Story,STORY-0753,TASK-0753,EPIC-086,BC-001,Tech Lead,CRITICAL,PASS,PASS,PASS,PASS,PASS,PASS,NOT_APPLICABLE,PASS,NOT_APPLICABLE,PASS,PASS,PASS,PASS,PASS,PASS,contracts/operations/slo-sli-catalog.yaml;docs/05-operations/CAPACITY_AND_SCALING.md;contracts/operations/lock-and-queue-policy.yaml;contracts/operations/external-dependency-register.csv;contracts/operations/vendor-exit-matrix.csv;contracts/operations/cost-model.yaml;docs/05-operations/COST_AND_UNIT_ECONOMICS.md;contracts/operations/recovery-objectives.yaml;docs/05-operations/BACKUP_RESTORE.md;contracts/operations/version-and-rollback-matrix.yaml;docs/03-engineering/DATABASE_MIGRATIONS.md;docs/05-operations/OBSERVABILITY.md;docs/04-quality/THREAT_MODEL.md;docs/04-quality/SECURITY_PRIVACY_LGPD.md;contracts/privacy/lgpd-control-matrix.csv;docs/04-quality/LGPD_CONTROL_MODEL.md,SECURITY_AND_PRIVACY_GATES,PASS
SPRINT-001,ISSUE-0864,Story,STORY-0754,TASK-0754,EPIC-110,BC-001,Tech Lead,MEDIUM,NOT_APPLICABLE,NOT_APPLICABLE,PASS,PASS,NOT_APPLICABLE,PASS,NOT_APPLICABLE,NOT_APPLICABLE,PASS,NOT_APPLICABLE,NOT_APPLICABLE,PASS,PASS,NOT_APPLICABLE,PASS,contracts/operations/external-dependency-register.csv;contracts/operations/vendor-exit-matrix.csv;contracts/operations/cost-model.yaml;docs/05-operations/COST_AND_UNIT_ECONOMICS.md;contracts/operations/lock-and-queue-policy.yaml;contracts/operations/slo-sli-catalog.yaml;docs/05-operations/OBSERVABILITY.md;docs/04-quality/THREAT_MODEL.md;docs/04-quality/SECURITY_PRIVACY_LGPD.md;contracts/operations/version-and-rollback-matrix.yaml,IMPLEMENTATION_AUTHORIZATION,PASS
SPRINT-001,ISSUE-0865,Story,STORY-0755,TASK-0755,EPIC-110,BC-001,Tech Lead,MEDIUM,NOT_APPLICABLE,NOT_APPLICABLE,PASS,PASS,NOT_APPLICABLE,PASS,NOT_APPLICABLE,NOT_APPLICABLE,PASS,NOT_APPLICABLE,NOT_APPLICABLE,PASS,PASS,NOT_APPLICABLE,PASS,contracts/operations/external-dependency-register.csv;contracts/operations/vendor-exit-matrix.csv;contracts/operations/cost-model.yaml;docs/05-operations/COST_AND_UNIT_ECONOMICS.md;contracts/operations/lock-and-queue-policy.yaml;contracts/operations/slo-sli-catalog.yaml;docs/05-operations/OBSERVABILITY.md;docs/04-quality/THREAT_MODEL.md;docs/04-quality/SECURITY_PRIVACY_LGPD.md;contracts/operations/version-and-rollback-matrix.yaml,IMPLEMENTATION_AUTHORIZATION,PASS
SPRINT-001,ISSUE-0866,Story,STORY-0756,TASK-0756,EPIC-110,BC-001,Tech Lead,HIGH,PASS,NOT_APPLICABLE,PASS,PASS,PASS,PASS,PASS,PASS,NOT_APPLICABLE,PASS,NOT_APPLICABLE,PASS,PASS,NOT_APPLICABLE,PASS,contracts/operations/slo-sli-catalog.yaml;docs/05-operations/CAPACITY_AND_SCALING.md;contracts/operations/external-dependency-register.csv;contracts/operations/vendor-exit-matrix.csv;contracts/operations/cost-model.yaml;docs/05-operations/COST_AND_UNIT_ECONOMICS.md;contracts/operations/recovery-objectives.yaml;docs/05-operations/BACKUP_RESTORE.md;docs/05-operations/OBSERVABILITY.md;docs/04-quality/THREAT_MODEL.md;docs/04-quality/SECURITY_PRIVACY_LGPD.md;contracts/operations/version-and-rollback-matrix.yaml,BENCHMARK_AND_OPERATIONS_GATES,PASS
SPRINT-001,ISSUE-0867,Story,STORY-0757,TASK-0757,EPIC-110,BC-001,Tech Lead,HIGH,PASS,NOT_APPLICABLE,PASS,PASS,PASS,PASS,PASS,PASS,NOT_APPLICABLE,NOT_APPLICABLE,NOT_APPLICABLE,PASS,PASS,NOT_APPLICABLE,PASS,contracts/operations/slo-sli-catalog.yaml;docs/05-operations/CAPACITY_AND_SCALING.md;contracts/operations/external-dependency-register.csv;contracts/operations/vendor-exit-matrix.csv;contracts/operations/cost-model.yaml;docs/05-operations/COST_AND_UNIT_ECONOMICS.md;docs/05-operations/OBSERVABILITY.md;docs/04-quality/THREAT_MODEL.md;docs/04-quality/SECURITY_PRIVACY_LGPD.md;contracts/operations/version-and-rollback-matrix.yaml,BENCHMARK_AND_OPERATIONS_GATES,PASS
SPRINT-001,ISSUE-0868,Story,STORY-0758,TASK-0758,EPIC-110,BC-001,Tech Lead,CRITICAL,NOT_APPLICABLE,NOT_APPLICABLE,PASS,PASS,NOT_APPLICABLE,PASS,NOT_APPLICABLE,NOT_APPLICABLE,NOT_APPLICABLE,NOT_APPLICABLE,NOT_APPLICABLE,PASS,PASS,NOT_APPLICABLE,PASS,contracts/operations/external-dependency-register.csv;contracts/operations/vendor-exit-matrix.csv;contracts/operations/cost-model.yaml;docs/05-operations/COST_AND_UNIT_ECONOMICS.md;contracts/operations/slo-sli-catalog.yaml;docs/05-operations/OBSERVABILITY.md;docs/04-quality/THREAT_MODEL.md;docs/04-quality/SECURITY_PRIVACY_LGPD.md;contracts/operations/version-and-rollback-matrix.yaml,SECURITY_AND_PRIVACY_GATES,PASS
SPRINT-001,ISSUE-0869,Story,STORY-0759,TASK-0759,EPIC-001,BC-001,QA,CRITICAL,NOT_APPLICABLE,PASS,PASS,PASS,NOT_APPLICABLE,PASS,NOT_APPLICABLE,NOT_APPLICABLE,NOT_APPLICABLE,NOT_APPLICABLE,NOT_APPLICABLE,PASS,PASS,NOT_APPLICABLE,PASS,contracts/operations/lock-and-queue-policy.yaml;contracts/operations/external-dependency-register.csv;contracts/operations/vendor-exit-matrix.csv;contracts/operations/cost-model.yaml;docs/05-operations/COST_AND_UNIT_ECONOMICS.md;contracts/operations/slo-sli-catalog.yaml;docs/05-operations/OBSERVABILITY.md;docs/04-quality/THREAT_MODEL.md;docs/04-quality/SECURITY_PRIVACY_LGPD.md;contracts/operations/version-and-rollback-matrix.yaml,SECURITY_AND_PRIVACY_GATES,PASS
SPRINT-001,ISSUE-0870,Story,STORY-0760,TASK-0760,EPIC-001,BC-001,Arquiteto,CRITICAL,NOT_APPLICABLE,PASS,PASS,PASS,NOT_APPLICABLE,PASS,NOT_APPLICABLE,NOT_APPLICABLE,NOT_APPLICABLE,NOT_APPLICABLE,NOT_APPLICABLE,PASS,PASS,NOT_APPLICABLE,PASS,contracts/operations/lock-and-queue-policy.yaml;contracts/operations/external-dependency-register.csv;contracts/operations/vendor-exit-matrix.csv;contracts/operations/cost-model.yaml;docs/05-operations/COST_AND_UNIT_ECONOMICS.md;contracts/operations/slo-sli-catalog.yaml;docs/05-operations/OBSERVABILITY.md;docs/04-quality/THREAT_MODEL.md;docs/04-quality/SECURITY_PRIVACY_LGPD.md;contracts/operations/version-and-rollback-matrix.yaml,SECURITY_AND_PRIVACY_GATES,PASS
SPRINT-001,ISSUE-0871,Story,STORY-0761,TASK-0761,EPIC-001,BC-001,Security,CRITICAL,NOT_APPLICABLE,PASS,PASS,PASS,NOT_APPLICABLE,PASS,NOT_APPLICABLE,NOT_APPLICABLE,NOT_APPLICABLE,NOT_APPLICABLE,NOT_APPLICABLE,PASS,PASS,NOT_APPLICABLE,PASS,contracts/operations/lock-and-queue-policy.yaml;contracts/operations/external-dependency-register.csv;contracts/operations/vendor-exit-matrix.csv;contracts/operations/cost-model.yaml;docs/05-operations/COST_AND_UNIT_ECONOMICS.md;contracts/operations/slo-sli-catalog.yaml;docs/05-operations/OBSERVABILITY.md;docs/04-quality/THREAT_MODEL.md;docs/04-quality/SECURITY_PRIVACY_LGPD.md;contracts/operations/version-and-rollback-matrix.yaml,SECURITY_AND_PRIVACY_GATES,PASS
SPRINT-002,ISSUE-0008,Epic delivery envelope,,,EPIC-008,BC-002,Backend,CRITICAL,PASS,PASS,PASS,PASS,PASS,PASS,NOT_APPLICABLE,PASS,NOT_APPLICABLE,PASS,PASS,PASS,PASS,PASS,PASS,contracts/operations/slo-sli-catalog.yaml;docs/05-operations/CAPACITY_AND_SCALING.md;contracts/operations/external-dependency-register.csv;contracts/operations/vendor-exit-matrix.csv;contracts/operations/cost-model.yaml;docs/05-operations/COST_AND_UNIT_ECONOMICS.md;contracts/operations/version-and-rollback-matrix.yaml;docs/03-engineering/DATABASE_MIGRATIONS.md;docs/05-operations/OBSERVABILITY.md;docs/04-quality/THREAT_MODEL.md;docs/04-quality/SECURITY_PRIVACY_LGPD.md;contracts/privacy/lgpd-control-matrix.csv;docs/04-quality/LGPD_CONTROL_MODEL.md;contracts/operations/lock-and-queue-policy.yaml;contracts/operations/recovery-objectives.yaml;docs/05-operations/BACKUP_RESTORE.md,SECURITY_AND_PRIVACY_GATES,PASS
SPRINT-002,ISSUE-0009,Epic delivery envelope,,,EPIC-009,BC-002,Backend,CRITICAL,PASS,PASS,PASS,PASS,PASS,PASS,NOT_APPLICABLE,PASS,NOT_APPLICABLE,PASS,PASS,PASS,PASS,PASS,PASS,contracts/operations/slo-sli-catalog.yaml;docs/05-operations/CAPACITY_AND_SCALING.md;contracts/operations/external-dependency-register.csv;contracts/operations/vendor-exit-matrix.csv;contracts/operations/cost-model.yaml;docs/05-operations/COST_AND_UNIT_ECONOMICS.md;contracts/operations/version-and-rollback-matrix.yaml;docs/03-engineering/DATABASE_MIGRATIONS.md;docs/05-operations/OBSERVABILITY.md;docs/04-quality/THREAT_MODEL.md;docs/04-quality/SECURITY_PRIVACY_LGPD.md;contracts/privacy/lgpd-control-matrix.csv;docs/04-quality/LGPD_CONTROL_MODEL.md;contracts/operations/lock-and-queue-policy.yaml;contracts/operations/recovery-objectives.yaml;docs/05-operations/BACKUP_RESTORE.md,SECURITY_AND_PRIVACY_GATES,PASS
SPRINT-002,ISSUE-0010,Epic delivery envelope,,,EPIC-010,BC-002,Backend,CRITICAL,PASS,PASS,PASS,PASS,PASS,PASS,NOT_APPLICABLE,PASS,PASS,PASS,PASS,PASS,PASS,PASS,PASS,contracts/operations/slo-sli-catalog.yaml;docs/05-operations/CAPACITY_AND_SCALING.md;contracts/operations/external-dependency-register.csv;contracts/operations/vendor-exit-matrix.csv;contracts/operations/cost-model.yaml;docs/05-operations/COST_AND_UNIT_ECONOMICS.md;contracts/operations/recovery-objectives.yaml;docs/05-operations/BACKUP_RESTORE.md;contracts/operations/version-and-rollback-matrix.yaml;docs/03-engineering/DATABASE_MIGRATIONS.md;docs/05-operations/OBSERVABILITY.md;docs/04-quality/THREAT_MODEL.md;docs/04-quality/SECURITY_PRIVACY_LGPD.md;contracts/privacy/lgpd-control-matrix.csv;docs/04-quality/LGPD_CONTROL_MODEL.md;contracts/operations/lock-and-queue-policy.yaml,SECURITY_AND_PRIVACY_GATES,PASS
SPRINT-002,ISSUE-0011,Epic delivery envelope,,,EPIC-011,BC-002,Backend,CRITICAL,PASS,PASS,PASS,PASS,PASS,PASS,NOT_APPLICABLE,PASS,NOT_APPLICABLE,PASS,PASS,PASS,PASS,PASS,PASS,contracts/operations/slo-sli-catalog.yaml;docs/05-operations/CAPACITY_AND_SCALING.md;contracts/operations/external-dependency-register.csv;contracts/operations/vendor-exit-matrix.csv;contracts/operations/cost-model.yaml;docs/05-operations/COST_AND_UNIT_ECONOMICS.md;contracts/operations/version-and-rollback-matrix.yaml;docs/03-engineering/DATABASE_MIGRATIONS.md;docs/05-operations/OBSERVABILITY.md;docs/04-quality/THREAT_MODEL.md;docs/04-quality/SECURITY_PRIVACY_LGPD.md;contracts/privacy/lgpd-control-matrix.csv;docs/04-quality/LGPD_CONTROL_MODEL.md;contracts/operations/lock-and-queue-policy.yaml;contracts/operations/recovery-objectives.yaml;docs/05-operations/BACKUP_RESTORE.md,SECURITY_AND_PRIVACY_GATES,PASS
SPRINT-002,ISSUE-0012,Epic delivery envelope,,,EPIC-012,BC-003,Backend,CRITICAL,PASS,PASS,PASS,PASS,PASS,PASS,NOT_APPLICABLE,PASS,PASS,PASS,PASS,PASS,PASS,PASS,PASS,contracts/operations/slo-sli-catalog.yaml;docs/05-operations/CAPACITY_AND_SCALING.md;contracts/operations/external-dependency-register.csv;contracts/operations/vendor-exit-matrix.csv;contracts/operations/cost-model.yaml;docs/05-operations/COST_AND_UNIT_ECONOMICS.md;contracts/operations/lock-and-queue-policy.yaml;contracts/operations/recovery-objectives.yaml;docs/05-operations/BACKUP_RESTORE.md;contracts/operations/version-and-rollback-matrix.yaml;docs/03-engineering/DATABASE_MIGRATIONS.md;docs/05-operations/OBSERVABILITY.md;docs/04-quality/THREAT_MODEL.md;docs/04-quality/SECURITY_PRIVACY_LGPD.md;contracts/privacy/lgpd-control-matrix.csv;docs/04-quality/LGPD_CONTROL_MODEL.md,SECURITY_AND_PRIVACY_GATES,PASS
SPRINT-002,ISSUE-0013,Epic delivery envelope,,,EPIC-013,BC-013,Backend,CRITICAL,PASS,PASS,PASS,PASS,PASS,PASS,NOT_APPLICABLE,PASS,NOT_APPLICABLE,PASS,PASS,PASS,PASS,PASS,PASS,contracts/operations/slo-sli-catalog.yaml;docs/05-operations/CAPACITY_AND_SCALING.md;contracts/operations/lock-and-queue-policy.yaml;contracts/operations/external-dependency-register.csv;contracts/operations/vendor-exit-matrix.csv;contracts/operations/cost-model.yaml;docs/05-operations/COST_AND_UNIT_ECONOMICS.md;contracts/operations/recovery-objectives.yaml;docs/05-operations/BACKUP_RESTORE.md;contracts/operations/version-and-rollback-matrix.yaml;docs/03-engineering/DATABASE_MIGRATIONS.md;docs/05-operations/OBSERVABILITY.md;docs/04-quality/THREAT_MODEL.md;docs/04-quality/SECURITY_PRIVACY_LGPD.md;contracts/privacy/lgpd-control-matrix.csv;docs/04-quality/LGPD_CONTROL_MODEL.md,SECURITY_AND_PRIVACY_GATES,PASS
SPRINT-002,ISSUE-0041,Epic delivery envelope,,,EPIC-041,BC-014,Security,CRITICAL,PASS,PASS,PASS,PASS,PASS,PASS,PASS,PASS,PASS,PASS,PASS,PASS,PASS,PASS,PASS,contracts/operations/slo-sli-catalog.yaml;docs/05-operations/CAPACITY_AND_SCALING.md;contracts/operations/external-dependency-register.csv;contracts/operations/vendor-exit-matrix.csv;contracts/operations/cost-model.yaml;docs/05-operations/COST_AND_UNIT_ECONOMICS.md;contracts/operations/recovery-objectives.yaml;docs/05-operations/BACKUP_RESTORE.md;docs/05-operations/OBSERVABILITY.md;docs/04-quality/THREAT_MODEL.md;docs/04-quality/SECURITY_PRIVACY_LGPD.md;contracts/privacy/lgpd-control-matrix.csv;docs/04-quality/LGPD_CONTROL_MODEL.md;contracts/operations/version-and-rollback-matrix.yaml;docs/03-engineering/DATABASE_MIGRATIONS.md;contracts/operations/lock-and-queue-policy.yaml,SECURITY_AND_PRIVACY_GATES,PASS
SPRINT-002,ISSUE-0082,Epic delivery envelope,,,EPIC-082,BC-014,Backend,CRITICAL,PASS,PASS,PASS,PASS,PASS,PASS,PASS,PASS,PASS,PASS,PASS,PASS,PASS,PASS,PASS,contracts/operations/slo-sli-catalog.yaml;docs/05-operations/CAPACITY_AND_SCALING.md;contracts/operations/external-dependency-register.csv;contracts/operations/vendor-exit-matrix.csv;contracts/operations/cost-model.yaml;docs/05-operations/COST_AND_UNIT_ECONOMICS.md;contracts/operations/recovery-objectives.yaml;docs/05-operations/BACKUP_RESTORE.md;contracts/operations/version-and-rollback-matrix.yaml;docs/03-engineering/DATABASE_MIGRATIONS.md;docs/05-operations/OBSERVABILITY.md;docs/04-quality/THREAT_MODEL.md;docs/04-quality/SECURITY_PRIVACY_LGPD.md;contracts/privacy/lgpd-control-matrix.csv;docs/04-quality/LGPD_CONTROL_MODEL.md;contracts/operations/lock-and-queue-policy.yaml,SECURITY_AND_PRIVACY_GATES,PASS
SPRINT-002,ISSUE-0146,Story,STORY-0036,TASK-0036,EPIC-008,BC-002,Arquiteto,CRITICAL,PASS,NOT_APPLICABLE,PASS,PASS,PASS,PASS,NOT_APPLICABLE,PASS,NOT_APPLICABLE,NOT_APPLICABLE,PASS,PASS,PASS,PASS,PASS,contracts/operations/slo-sli-catalog.yaml;docs/05-operations/CAPACITY_AND_SCALING.md;contracts/operations/external-dependency-register.csv;contracts/operations/vendor-exit-matrix.csv;contracts/operations/cost-model.yaml;docs/05-operations/COST_AND_UNIT_ECONOMICS.md;contracts/operations/version-and-rollback-matrix.yaml;docs/03-engineering/DATABASE_MIGRATIONS.md;docs/05-operations/OBSERVABILITY.md;docs/04-quality/THREAT_MODEL.md;docs/04-quality/SECURITY_PRIVACY_LGPD.md;contracts/privacy/lgpd-control-matrix.csv;docs/04-quality/LGPD_CONTROL_MODEL.md,SECURITY_AND_PRIVACY_GATES,PASS
SPRINT-002,ISSUE-0147,Story,STORY-0037,TASK-0037,EPIC-008,BC-002,Backend,HIGH,PASS,PASS,PASS,PASS,PASS,PASS,NOT_APPLICABLE,PASS,NOT_APPLICABLE,PASS,PASS,PASS,PASS,PASS,PASS,contracts/operations/slo-sli-catalog.yaml;docs/05-operations/CAPACITY_AND_SCALING.md;contracts/operations/lock-and-queue-policy.yaml;contracts/operations/external-dependency-register.csv;contracts/operations/vendor-exit-matrix.csv;contracts/operations/cost-model.yaml;docs/05-operations/COST_AND_UNIT_ECONOMICS.md;contracts/operations/recovery-objectives.yaml;docs/05-operations/BACKUP_RESTORE.md;contracts/operations/version-and-rollback-matrix.yaml;docs/03-engineering/DATABASE_MIGRATIONS.md;docs/05-operations/OBSERVABILITY.md;docs/04-quality/THREAT_MODEL.md;docs/04-quality/SECURITY_PRIVACY_LGPD.md;contracts/privacy/lgpd-control-matrix.csv;docs/04-quality/LGPD_CONTROL_MODEL.md,BENCHMARK_AND_OPERATIONS_GATES,PASS
SPRINT-002,ISSUE-0148,Story,STORY-0038,TASK-0038,EPIC-008,BC-002,Frontend,HIGH,PASS,NOT_APPLICABLE,PASS,PASS,PASS,PASS,NOT_APPLICABLE,PASS,NOT_APPLICABLE,NOT_APPLICABLE,PASS,PASS,PASS,PASS,PASS,contracts/operations/slo-sli-catalog.yaml;docs/05-operations/CAPACITY_AND_SCALING.md;contracts/operations/external-dependency-register.csv;contracts/operations/vendor-exit-matrix.csv;contracts/operations/cost-model.yaml;docs/05-operations/COST_AND_UNIT_ECONOMICS.md;contracts/operations/version-and-rollback-matrix.yaml;docs/03-engineering/DATABASE_MIGRATIONS.md;docs/05-operations/OBSERVABILITY.md;docs/04-quality/THREAT_MODEL.md;docs/04-quality/SECURITY_PRIVACY_LGPD.md;contracts/privacy/lgpd-control-matrix.csv;docs/04-quality/LGPD_CONTROL_MODEL.md,BENCHMARK_AND_OPERATIONS_GATES,PASS
SPRINT-002,ISSUE-0149,Story,STORY-0039,TASK-0039,EPIC-008,BC-002,Security,CRITICAL,NOT_APPLICABLE,NOT_APPLICABLE,PASS,PASS,NOT_APPLICABLE,PASS,NOT_APPLICABLE,NOT_APPLICABLE,NOT_APPLICABLE,NOT_APPLICABLE,PASS,PASS,PASS,PASS,PASS,contracts/operations/external-dependency-register.csv;contracts/operations/vendor-exit-matrix.csv;contracts/operations/cost-model.yaml;docs/05-operations/COST_AND_UNIT_ECONOMICS.md;contracts/operations/version-and-rollback-matrix.yaml;docs/03-engineering/DATABASE_MIGRATIONS.md;contracts/operations/slo-sli-catalog.yaml;docs/05-operations/OBSERVABILITY.md;docs/04-quality/THREAT_MODEL.md;docs/04-quality/SECURITY_PRIVACY_LGPD.md;contracts/privacy/lgpd-control-matrix.csv;docs/04-quality/LGPD_CONTROL_MODEL.md,SECURITY_AND_PRIVACY_GATES,PASS
SPRINT-002,ISSUE-0150,Story,STORY-0040,TASK-0040,EPIC-008,BC-002,Reviewer,MEDIUM,NOT_APPLICABLE,NOT_APPLICABLE,PASS,PASS,NOT_APPLICABLE,PASS,NOT_APPLICABLE,NOT_APPLICABLE,NOT_APPLICABLE,NOT_APPLICABLE,PASS,PASS,PASS,PASS,PASS,contracts/operations/external-dependency-register.csv;contracts/operations/vendor-exit-matrix.csv;contracts/operations/cost-model.yaml;docs/05-operations/COST_AND_UNIT_ECONOMICS.md;contracts/operations/version-and-rollback-matrix.yaml;docs/03-engineering/DATABASE_MIGRATIONS.md;contracts/operations/slo-sli-catalog.yaml;docs/05-operations/OBSERVABILITY.md;docs/04-quality/THREAT_MODEL.md;docs/04-quality/SECURITY_PRIVACY_LGPD.md;contracts/privacy/lgpd-control-matrix.csv;docs/04-quality/LGPD_CONTROL_MODEL.md,IMPLEMENTATION_AUTHORIZATION,PASS
SPRINT-002,ISSUE-0151,Story,STORY-0041,TASK-0041,EPIC-009,BC-002,Arquiteto,CRITICAL,PASS,NOT_APPLICABLE,PASS,PASS,PASS,PASS,NOT_APPLICABLE,PASS,NOT_APPLICABLE,NOT_APPLICABLE,PASS,PASS,PASS,PASS,PASS,contracts/operations/slo-sli-catalog.yaml;docs/05-operations/CAPACITY_AND_SCALING.md;contracts/operations/external-dependency-register.csv;contracts/operations/vendor-exit-matrix.csv;contracts/operations/cost-model.yaml;docs/05-operations/COST_AND_UNIT_ECONOMICS.md;contracts/operations/version-and-rollback-matrix.yaml;docs/03-engineering/DATABASE_MIGRATIONS.md;docs/05-operations/OBSERVABILITY.md;docs/04-quality/THREAT_MODEL.md;docs/04-quality/SECURITY_PRIVACY_LGPD.md;contracts/privacy/lgpd-control-matrix.csv;docs/04-quality/LGPD_CONTROL_MODEL.md,SECURITY_AND_PRIVACY_GATES,PASS
SPRINT-002,ISSUE-0152,Story,STORY-0042,TASK-0042,EPIC-009,BC-002,Backend,HIGH,PASS,PASS,PASS,PASS,PASS,PASS,NOT_APPLICABLE,PASS,NOT_APPLICABLE,PASS,PASS,PASS,PASS,PASS,PASS,contracts/operations/slo-sli-catalog.yaml;docs/05-operations/CAPACITY_AND_SCALING.md;contracts/operations/lock-and-queue-policy.yaml;contracts/operations/external-dependency-register.csv;contracts/operations/vendor-exit-matrix.csv;contracts/operations/cost-model.yaml;docs/05-operations/COST_AND_UNIT_ECONOMICS.md;contracts/operations/recovery-objectives.yaml;docs/05-operations/BACKUP_RESTORE.md;contracts/operations/version-and-rollback-matrix.yaml;docs/03-engineering/DATABASE_MIGRATIONS.md;docs/05-operations/OBSERVABILITY.md;docs/04-quality/THREAT_MODEL.md;docs/04-quality/SECURITY_PRIVACY_LGPD.md;contracts/privacy/lgpd-control-matrix.csv;docs/04-quality/LGPD_CONTROL_MODEL.md,BENCHMARK_AND_OPERATIONS_GATES,PASS
SPRINT-002,ISSUE-0153,Story,STORY-0043,TASK-0043,EPIC-009,BC-002,Frontend,HIGH,PASS,NOT_APPLICABLE,PASS,PASS,PASS,PASS,NOT_APPLICABLE,PASS,NOT_APPLICABLE,NOT_APPLICABLE,PASS,PASS,PASS,PASS,PASS,contracts/operations/slo-sli-catalog.yaml;docs/05-operations/CAPACITY_AND_SCALING.md;contracts/operations/external-dependency-register.csv;contracts/operations/vendor-exit-matrix.csv;contracts/operations/cost-model.yaml;docs/05-operations/COST_AND_UNIT_ECONOMICS.md;contracts/operations/version-and-rollback-matrix.yaml;docs/03-engineering/DATABASE_MIGRATIONS.md;docs/05-operations/OBSERVABILITY.md;docs/04-quality/THREAT_MODEL.md;docs/04-quality/SECURITY_PRIVACY_LGPD.md;contracts/privacy/lgpd-control-matrix.csv;docs/04-quality/LGPD_CONTROL_MODEL.md,BENCHMARK_AND_OPERATIONS_GATES,PASS
SPRINT-002,ISSUE-0154,Story,STORY-0044,TASK-0044,EPIC-009,BC-002,Security,CRITICAL,NOT_APPLICABLE,NOT_APPLICABLE,PASS,PASS,NOT_APPLICABLE,PASS,NOT_APPLICABLE,NOT_APPLICABLE,NOT_APPLICABLE,NOT_APPLICABLE,NOT_APPLICABLE,PASS,PASS,PASS,PASS,contracts/operations/external-dependency-register.csv;contracts/operations/vendor-exit-matrix.csv;contracts/operations/cost-model.yaml;docs/05-operations/COST_AND_UNIT_ECONOMICS.md;contracts/operations/slo-sli-catalog.yaml;docs/05-operations/OBSERVABILITY.md;docs/04-quality/THREAT_MODEL.md;docs/04-quality/SECURITY_PRIVACY_LGPD.md;contracts/privacy/lgpd-control-matrix.csv;docs/04-quality/LGPD_CONTROL_MODEL.md;contracts/operations/version-and-rollback-matrix.yaml,SECURITY_AND_PRIVACY_GATES,PASS
SPRINT-002,ISSUE-0155,Story,STORY-0045,TASK-0045,EPIC-009,BC-002,Reviewer,MEDIUM,NOT_APPLICABLE,NOT_APPLICABLE,PASS,PASS,NOT_APPLICABLE,PASS,NOT_APPLICABLE,NOT_APPLICABLE,NOT_APPLICABLE,NOT_APPLICABLE,NOT_APPLICABLE,PASS,PASS,PASS,PASS,contracts/operations/external-dependency-register.csv;contracts/operations/vendor-exit-matrix.csv;contracts/operations/cost-model.yaml;docs/05-operations/COST_AND_UNIT_ECONOMICS.md;contracts/operations/slo-sli-catalog.yaml;docs/05-operations/OBSERVABILITY.md;docs/04-quality/THREAT_MODEL.md;docs/04-quality/SECURITY_PRIVACY_LGPD.md;contracts/privacy/lgpd-control-matrix.csv;docs/04-quality/LGPD_CONTROL_MODEL.md;contracts/operations/version-and-rollback-matrix.yaml,IMPLEMENTATION_AUTHORIZATION,PASS
SPRINT-002,ISSUE-0156,Story,STORY-0046,TASK-0046,EPIC-010,BC-002,Arquiteto,CRITICAL,PASS,NOT_APPLICABLE,PASS,PASS,PASS,PASS,NOT_APPLICABLE,PASS,NOT_APPLICABLE,PASS,PASS,PASS,PASS,PASS,PASS,contracts/operations/slo-sli-catalog.yaml;docs/05-operations/CAPACITY_AND_SCALING.md;contracts/operations/external-dependency-register.csv;contracts/operations/vendor-exit-matrix.csv;contracts/operations/cost-model.yaml;docs/05-operations/COST_AND_UNIT_ECONOMICS.md;contracts/operations/recovery-objectives.yaml;docs/05-operations/BACKUP_RESTORE.md;contracts/operations/version-and-rollback-matrix.yaml;docs/03-engineering/DATABASE_MIGRATIONS.md;docs/05-operations/OBSERVABILITY.md;docs/04-quality/THREAT_MODEL.md;docs/04-quality/SECURITY_PRIVACY_LGPD.md;contracts/privacy/lgpd-control-matrix.csv;docs/04-quality/LGPD_CONTROL_MODEL.md,SECURITY_AND_PRIVACY_GATES,PASS
SPRINT-002,ISSUE-0157,Story,STORY-0047,TASK-0047,EPIC-010,BC-002,Backend,CRITICAL,PASS,PASS,PASS,PASS,PASS,PASS,NOT_APPLICABLE,PASS,NOT_APPLICABLE,PASS,PASS,PASS,PASS,PASS,PASS,contracts/operations/slo-sli-catalog.yaml;docs/05-operations/CAPACITY_AND_SCALING.md;contracts/operations/lock-and-queue-policy.yaml;contracts/operations/external-dependency-register.csv;contracts/operations/vendor-exit-matrix.csv;contracts/operations/cost-model.yaml;docs/05-operations/COST_AND_UNIT_ECONOMICS.md;contracts/operations/recovery-objectives.yaml;docs/05-operations/BACKUP_RESTORE.md;contracts/operations/version-and-rollback-matrix.yaml;docs/03-engineering/DATABASE_MIGRATIONS.md;docs/05-operations/OBSERVABILITY.md;docs/04-quality/THREAT_MODEL.md;docs/04-quality/SECURITY_PRIVACY_LGPD.md;contracts/privacy/lgpd-control-matrix.csv;docs/04-quality/LGPD_CONTROL_MODEL.md,SECURITY_AND_PRIVACY_GATES,PASS
SPRINT-002,ISSUE-0158,Story,STORY-0048,TASK-0048,EPIC-010,BC-002,Frontend,CRITICAL,PASS,NOT_APPLICABLE,PASS,PASS,PASS,PASS,NOT_APPLICABLE,PASS,NOT_APPLICABLE,PASS,PASS,PASS,PASS,PASS,PASS,contracts/operations/slo-sli-catalog.yaml;docs/05-operations/CAPACITY_AND_SCALING.md;contracts/operations/external-dependency-register.csv;contracts/operations/vendor-exit-matrix.csv;contracts/operations/cost-model.yaml;docs/05-operations/COST_AND_UNIT_ECONOMICS.md;contracts/operations/recovery-objectives.yaml;docs/05-operations/BACKUP_RESTORE.md;contracts/operations/version-and-rollback-matrix.yaml;docs/03-engineering/DATABASE_MIGRATIONS.md;docs/05-operations/OBSERVABILITY.md;docs/04-quality/THREAT_MODEL.md;docs/04-quality/SECURITY_PRIVACY_LGPD.md;contracts/privacy/lgpd-control-matrix.csv;docs/04-quality/LGPD_CONTROL_MODEL.md,SECURITY_AND_PRIVACY_GATES,PASS
SPRINT-002,ISSUE-0159,Story,STORY-0049,TASK-0049,EPIC-010,BC-002,Security,CRITICAL,NOT_APPLICABLE,NOT_APPLICABLE,PASS,PASS,NOT_APPLICABLE,PASS,NOT_APPLICABLE,NOT_APPLICABLE,NOT_APPLICABLE,PASS,NOT_APPLICABLE,PASS,PASS,PASS,PASS,contracts/operations/external-dependency-register.csv;contracts/operations/vendor-exit-matrix.csv;contracts/operations/cost-model.yaml;docs/05-operations/COST_AND_UNIT_ECONOMICS.md;contracts/operations/recovery-objectives.yaml;docs/05-operations/BACKUP_RESTORE.md;contracts/operations/slo-sli-catalog.yaml;docs/05-operations/OBSERVABILITY.md;docs/04-quality/THREAT_MODEL.md;docs/04-quality/SECURITY_PRIVACY_LGPD.md;contracts/privacy/lgpd-control-matrix.csv;docs/04-quality/LGPD_CONTROL_MODEL.md;contracts/operations/version-and-rollback-matrix.yaml,SECURITY_AND_PRIVACY_GATES,PASS
SPRINT-002,ISSUE-0160,Story,STORY-0050,TASK-0050,EPIC-010,BC-002,Reviewer,CRITICAL,NOT_APPLICABLE,NOT_APPLICABLE,PASS,PASS,NOT_APPLICABLE,PASS,NOT_APPLICABLE,NOT_APPLICABLE,NOT_APPLICABLE,PASS,NOT_APPLICABLE,PASS,PASS,PASS,PASS,contracts/operations/external-dependency-register.csv;contracts/operations/vendor-exit-matrix.csv;contracts/operations/cost-model.yaml;docs/05-operations/COST_AND_UNIT_ECONOMICS.md;contracts/operations/recovery-objectives.yaml;docs/05-operations/BACKUP_RESTORE.md;contracts/operations/slo-sli-catalog.yaml;docs/05-operations/OBSERVABILITY.md;docs/04-quality/THREAT_MODEL.md;docs/04-quality/SECURITY_PRIVACY_LGPD.md;contracts/privacy/lgpd-control-matrix.csv;docs/04-quality/LGPD_CONTROL_MODEL.md;contracts/operations/version-and-rollback-matrix.yaml,SECURITY_AND_PRIVACY_GATES,PASS
SPRINT-002,ISSUE-0161,Story,STORY-0051,TASK-0051,EPIC-011,BC-002,Arquiteto,CRITICAL,PASS,NOT_APPLICABLE,PASS,PASS,PASS,PASS,NOT_APPLICABLE,PASS,NOT_APPLICABLE,NOT_APPLICABLE,PASS,PASS,PASS,PASS,PASS,contracts/operations/slo-sli-catalog.yaml;docs/05-operations/CAPACITY_AND_SCALING.md;contracts/operations/external-dependency-register.csv;contracts/operations/vendor-exit-matrix.csv;contracts/operations/cost-model.yaml;docs/05-operations/COST_AND_UNIT_ECONOMICS.md;contracts/operations/version-and-rollback-matrix.yaml;docs/03-engineering/DATABASE_MIGRATIONS.md;docs/05-operations/OBSERVABILITY.md;docs/04-quality/THREAT_MODEL.md;docs/04-quality/SECURITY_PRIVACY_LGPD.md;contracts/privacy/lgpd-control-matrix.csv;docs/04-quality/LGPD_CONTROL_MODEL.md,SECURITY_AND_PRIVACY_GATES,PASS
SPRINT-002,ISSUE-0162,Story,STORY-0052,TASK-0052,EPIC-011,BC-002,Backend,CRITICAL,PASS,PASS,PASS,PASS,PASS,PASS,NOT_APPLICABLE,PASS,NOT_APPLICABLE,PASS,PASS,PASS,PASS,PASS,PASS,contracts/operations/slo-sli-catalog.yaml;docs/05-operations/CAPACITY_AND_SCALING.md;contracts/operations/lock-and-queue-policy.yaml;contracts/operations/external-dependency-register.csv;contracts/operations/vendor-exit-matrix.csv;contracts/operations/cost-model.yaml;docs/05-operations/COST_AND_UNIT_ECONOMICS.md;contracts/operations/recovery-objectives.yaml;docs/05-operations/BACKUP_RESTORE.md;contracts/operations/version-and-rollback-matrix.yaml;docs/03-engineering/DATABASE_MIGRATIONS.md;docs/05-operations/OBSERVABILITY.md;docs/04-quality/THREAT_MODEL.md;docs/04-quality/SECURITY_PRIVACY_LGPD.md;contracts/privacy/lgpd-control-matrix.csv;docs/04-quality/LGPD_CONTROL_MODEL.md,SECURITY_AND_PRIVACY_GATES,PASS
SPRINT-002,ISSUE-0163,Story,STORY-0053,TASK-0053,EPIC-011,BC-002,Frontend,HIGH,PASS,NOT_APPLICABLE,PASS,PASS,PASS,PASS,NOT_APPLICABLE,PASS,NOT_APPLICABLE,NOT_APPLICABLE,PASS,PASS,PASS,PASS,PASS,contracts/operations/slo-sli-catalog.yaml;docs/05-operations/CAPACITY_AND_SCALING.md;contracts/operations/external-dependency-register.csv;contracts/operations/vendor-exit-matrix.csv;contracts/operations/cost-model.yaml;docs/05-operations/COST_AND_UNIT_ECONOMICS.md;contracts/operations/version-and-rollback-matrix.yaml;docs/03-engineering/DATABASE_MIGRATIONS.md;docs/05-operations/OBSERVABILITY.md;docs/04-quality/THREAT_MODEL.md;docs/04-quality/SECURITY_PRIVACY_LGPD.md;contracts/privacy/lgpd-control-matrix.csv;docs/04-quality/LGPD_CONTROL_MODEL.md,BENCHMARK_AND_OPERATIONS_GATES,PASS
SPRINT-002,ISSUE-0164,Story,STORY-0054,TASK-0054,EPIC-011,BC-002,Security,CRITICAL,NOT_APPLICABLE,NOT_APPLICABLE,PASS,PASS,NOT_APPLICABLE,PASS,NOT_APPLICABLE,NOT_APPLICABLE,NOT_APPLICABLE,NOT_APPLICABLE,NOT_APPLICABLE,PASS,PASS,PASS,PASS,contracts/operations/external-dependency-register.csv;contracts/operations/vendor-exit-matrix.csv;contracts/operations/cost-model.yaml;docs/05-operations/COST_AND_UNIT_ECONOMICS.md;contracts/operations/slo-sli-catalog.yaml;docs/05-operations/OBSERVABILITY.md;docs/04-quality/THREAT_MODEL.md;docs/04-quality/SECURITY_PRIVACY_LGPD.md;contracts/privacy/lgpd-control-matrix.csv;docs/04-quality/LGPD_CONTROL_MODEL.md;contracts/operations/version-and-rollback-matrix.yaml,SECURITY_AND_PRIVACY_GATES,PASS
SPRINT-002,ISSUE-0165,Story,STORY-0055,TASK-0055,EPIC-011,BC-002,Reviewer,MEDIUM,NOT_APPLICABLE,NOT_APPLICABLE,PASS,PASS,NOT_APPLICABLE,PASS,NOT_APPLICABLE,NOT_APPLICABLE,NOT_APPLICABLE,NOT_APPLICABLE,NOT_APPLICABLE,PASS,PASS,PASS,PASS,contracts/operations/external-dependency-register.csv;contracts/operations/vendor-exit-matrix.csv;contracts/operations/cost-model.yaml;docs/05-operations/COST_AND_UNIT_ECONOMICS.md;contracts/operations/slo-sli-catalog.yaml;docs/05-operations/OBSERVABILITY.md;docs/04-quality/THREAT_MODEL.md;docs/04-quality/SECURITY_PRIVACY_LGPD.md;contracts/privacy/lgpd-control-matrix.csv;docs/04-quality/LGPD_CONTROL_MODEL.md;contracts/operations/version-and-rollback-matrix.yaml,IMPLEMENTATION_AUTHORIZATION,PASS
SPRINT-002,ISSUE-0166,Story,STORY-0056,TASK-0056,EPIC-012,BC-003,Arquiteto,CRITICAL,PASS,NOT_APPLICABLE,PASS,PASS,PASS,PASS,NOT_APPLICABLE,PASS,PASS,PASS,PASS,PASS,PASS,PASS,PASS,contracts/operations/slo-sli-catalog.yaml;docs/05-operations/CAPACITY_AND_SCALING.md;contracts/operations/external-dependency-register.csv;contracts/operations/vendor-exit-matrix.csv;contracts/operations/cost-model.yaml;docs/05-operations/COST_AND_UNIT_ECONOMICS.md;contracts/operations/lock-and-queue-policy.yaml;contracts/operations/recovery-objectives.yaml;docs/05-operations/BACKUP_RESTORE.md;contracts/operations/version-and-rollback-matrix.yaml;docs/03-engineering/DATABASE_MIGRATIONS.md;docs/05-operations/OBSERVABILITY.md;docs/04-quality/THREAT_MODEL.md;docs/04-quality/SECURITY_PRIVACY_LGPD.md;contracts/privacy/lgpd-control-matrix.csv;docs/04-quality/LGPD_CONTROL_MODEL.md,SECURITY_AND_PRIVACY_GATES,PASS
SPRINT-002,ISSUE-0167,Story,STORY-0057,TASK-0057,EPIC-012,BC-003,Backend,CRITICAL,PASS,PASS,PASS,PASS,PASS,PASS,NOT_APPLICABLE,PASS,NOT_APPLICABLE,PASS,PASS,PASS,PASS,PASS,PASS,contracts/operations/slo-sli-catalog.yaml;docs/05-operations/CAPACITY_AND_SCALING.md;contracts/operations/lock-and-queue-policy.yaml;contracts/operations/external-dependency-register.csv;contracts/operations/vendor-exit-matrix.csv;contracts/operations/cost-model.yaml;docs/05-operations/COST_AND_UNIT_ECONOMICS.md;contracts/operations/recovery-objectives.yaml;docs/05-operations/BACKUP_RESTORE.md;contracts/operations/version-and-rollback-matrix.yaml;docs/03-engineering/DATABASE_MIGRATIONS.md;docs/05-operations/OBSERVABILITY.md;docs/04-quality/THREAT_MODEL.md;docs/04-quality/SECURITY_PRIVACY_LGPD.md;contracts/privacy/lgpd-control-matrix.csv;docs/04-quality/LGPD_CONTROL_MODEL.md,SECURITY_AND_PRIVACY_GATES,PASS
SPRINT-002,ISSUE-0168,Story,STORY-0058,TASK-0058,EPIC-012,BC-003,Backend,CRITICAL,PASS,PASS,PASS,PASS,PASS,PASS,NOT_APPLICABLE,PASS,NOT_APPLICABLE,PASS,PASS,PASS,PASS,PASS,PASS,contracts/operations/slo-sli-catalog.yaml;docs/05-operations/CAPACITY_AND_SCALING.md;contracts/operations/lock-and-queue-policy.yaml;contracts/operations/external-dependency-register.csv;contracts/operations/vendor-exit-matrix.csv;contracts/operations/cost-model.yaml;docs/05-operations/COST_AND_UNIT_ECONOMICS.md;contracts/operations/recovery-objectives.yaml;docs/05-operations/BACKUP_RESTORE.md;contracts/operations/version-and-rollback-matrix.yaml;docs/03-engineering/DATABASE_MIGRATIONS.md;docs/05-operations/OBSERVABILITY.md;docs/04-quality/THREAT_MODEL.md;docs/04-quality/SECURITY_PRIVACY_LGPD.md;contracts/privacy/lgpd-control-matrix.csv;docs/04-quality/LGPD_CONTROL_MODEL.md,SECURITY_AND_PRIVACY_GATES,PASS
SPRINT-002,ISSUE-0169,Story,STORY-0059,TASK-0059,EPIC-012,BC-003,Backend,CRITICAL,PASS,PASS,PASS,PASS,PASS,PASS,NOT_APPLICABLE,PASS,NOT_APPLICABLE,PASS,PASS,PASS,PASS,PASS,PASS,contracts/operations/slo-sli-catalog.yaml;docs/05-operations/CAPACITY_AND_SCALING.md;contracts/operations/lock-and-queue-policy.yaml;contracts/operations/external-dependency-register.csv;contracts/operations/vendor-exit-matrix.csv;contracts/operations/cost-model.yaml;docs/05-operations/COST_AND_UNIT_ECONOMICS.md;contracts/operations/recovery-objectives.yaml;docs/05-operations/BACKUP_RESTORE.md;contracts/operations/version-and-rollback-matrix.yaml;docs/03-engineering/DATABASE_MIGRATIONS.md;docs/05-operations/OBSERVABILITY.md;docs/04-quality/THREAT_MODEL.md;docs/04-quality/SECURITY_PRIVACY_LGPD.md;contracts/privacy/lgpd-control-matrix.csv;docs/04-quality/LGPD_CONTROL_MODEL.md,SECURITY_AND_PRIVACY_GATES,PASS
SPRINT-002,ISSUE-0170,Story,STORY-0060,TASK-0060,EPIC-012,BC-003,Security,CRITICAL,PASS,NOT_APPLICABLE,PASS,PASS,PASS,PASS,NOT_APPLICABLE,PASS,NOT_APPLICABLE,PASS,PASS,PASS,PASS,PASS,PASS,contracts/operations/slo-sli-catalog.yaml;docs/05-operations/CAPACITY_AND_SCALING.md;contracts/operations/external-dependency-register.csv;contracts/operations/vendor-exit-matrix.csv;contracts/operations/cost-model.yaml;docs/05-operations/COST_AND_UNIT_ECONOMICS.md;contracts/operations/recovery-objectives.yaml;docs/05-operations/BACKUP_RESTORE.md;contracts/operations/version-and-rollback-matrix.yaml;docs/03-engineering/DATABASE_MIGRATIONS.md;docs/05-operations/OBSERVABILITY.md;docs/04-quality/THREAT_MODEL.md;docs/04-quality/SECURITY_PRIVACY_LGPD.md;contracts/privacy/lgpd-control-matrix.csv;docs/04-quality/LGPD_CONTROL_MODEL.md,SECURITY_AND_PRIVACY_GATES,PASS
SPRINT-002,ISSUE-0171,Story,STORY-0061,TASK-0061,EPIC-012,BC-003,Reviewer,CRITICAL,PASS,NOT_APPLICABLE,PASS,PASS,PASS,PASS,NOT_APPLICABLE,PASS,NOT_APPLICABLE,PASS,PASS,PASS,PASS,PASS,PASS,contracts/operations/slo-sli-catalog.yaml;docs/05-operations/CAPACITY_AND_SCALING.md;contracts/operations/external-dependency-register.csv;contracts/operations/vendor-exit-matrix.csv;contracts/operations/cost-model.yaml;docs/05-operations/COST_AND_UNIT_ECONOMICS.md;contracts/operations/recovery-objectives.yaml;docs/05-operations/BACKUP_RESTORE.md;contracts/operations/version-and-rollback-matrix.yaml;docs/03-engineering/DATABASE_MIGRATIONS.md;docs/05-operations/OBSERVABILITY.md;docs/04-quality/THREAT_MODEL.md;docs/04-quality/SECURITY_PRIVACY_LGPD.md;contracts/privacy/lgpd-control-matrix.csv;docs/04-quality/LGPD_CONTROL_MODEL.md,SECURITY_AND_PRIVACY_GATES,PASS
SPRINT-002,ISSUE-0172,Story,STORY-0062,TASK-0062,EPIC-013,BC-013,Arquiteto,CRITICAL,PASS,PASS,PASS,PASS,PASS,PASS,NOT_APPLICABLE,PASS,NOT_APPLICABLE,PASS,PASS,PASS,PASS,PASS,PASS,contracts/operations/slo-sli-catalog.yaml;docs/05-operations/CAPACITY_AND_SCALING.md;contracts/operations/lock-and-queue-policy.yaml;contracts/operations/external-dependency-register.csv;contracts/operations/vendor-exit-matrix.csv;contracts/operations/cost-model.yaml;docs/05-operations/COST_AND_UNIT_ECONOMICS.md;contracts/operations/recovery-objectives.yaml;docs/05-operations/BACKUP_RESTORE.md;contracts/operations/version-and-rollback-matrix.yaml;docs/03-engineering/DATABASE_MIGRATIONS.md;docs/05-operations/OBSERVABILITY.md;docs/04-quality/THREAT_MODEL.md;docs/04-quality/SECURITY_PRIVACY_LGPD.md;contracts/privacy/lgpd-control-matrix.csv;docs/04-quality/LGPD_CONTROL_MODEL.md,SECURITY_AND_PRIVACY_GATES,PASS
SPRINT-002,ISSUE-0173,Story,STORY-0063,TASK-0063,EPIC-013,BC-013,Backend,CRITICAL,PASS,PASS,PASS,PASS,PASS,PASS,NOT_APPLICABLE,PASS,NOT_APPLICABLE,PASS,PASS,PASS,PASS,PASS,PASS,contracts/operations/slo-sli-catalog.yaml;docs/05-operations/CAPACITY_AND_SCALING.md;contracts/operations/lock-and-queue-policy.yaml;contracts/operations/external-dependency-register.csv;contracts/operations/vendor-exit-matrix.csv;contracts/operations/cost-model.yaml;docs/05-operations/COST_AND_UNIT_ECONOMICS.md;contracts/operations/recovery-objectives.yaml;docs/05-operations/BACKUP_RESTORE.md;contracts/operations/version-and-rollback-matrix.yaml;docs/03-engineering/DATABASE_MIGRATIONS.md;docs/05-operations/OBSERVABILITY.md;docs/04-quality/THREAT_MODEL.md;docs/04-quality/SECURITY_PRIVACY_LGPD.md;contracts/privacy/lgpd-control-matrix.csv;docs/04-quality/LGPD_CONTROL_MODEL.md,SECURITY_AND_PRIVACY_GATES,PASS
SPRINT-002,ISSUE-0174,Story,STORY-0064,TASK-0064,EPIC-013,BC-013,Backend,CRITICAL,PASS,PASS,PASS,PASS,PASS,PASS,NOT_APPLICABLE,PASS,NOT_APPLICABLE,PASS,PASS,PASS,PASS,PASS,PASS,contracts/operations/slo-sli-catalog.yaml;docs/05-operations/CAPACITY_AND_SCALING.md;contracts/operations/lock-and-queue-policy.yaml;contracts/operations/external-dependency-register.csv;contracts/operations/vendor-exit-matrix.csv;contracts/operations/cost-model.yaml;docs/05-operations/COST_AND_UNIT_ECONOMICS.md;contracts/operations/recovery-objectives.yaml;docs/05-operations/BACKUP_RESTORE.md;contracts/operations/version-and-rollback-matrix.yaml;docs/03-engineering/DATABASE_MIGRATIONS.md;docs/05-operations/OBSERVABILITY.md;docs/04-quality/THREAT_MODEL.md;docs/04-quality/SECURITY_PRIVACY_LGPD.md;contracts/privacy/lgpd-control-matrix.csv;docs/04-quality/LGPD_CONTROL_MODEL.md,SECURITY_AND_PRIVACY_GATES,PASS
SPRINT-002,ISSUE-0175,Story,STORY-0065,TASK-0065,EPIC-013,BC-013,Backend,CRITICAL,PASS,PASS,PASS,PASS,PASS,PASS,NOT_APPLICABLE,PASS,NOT_APPLICABLE,PASS,PASS,PASS,PASS,PASS,PASS,contracts/operations/slo-sli-catalog.yaml;docs/05-operations/CAPACITY_AND_SCALING.md;contracts/operations/lock-and-queue-policy.yaml;contracts/operations/external-dependency-register.csv;contracts/operations/vendor-exit-matrix.csv;contracts/operations/cost-model.yaml;docs/05-operations/COST_AND_UNIT_ECONOMICS.md;contracts/operations/recovery-objectives.yaml;docs/05-operations/BACKUP_RESTORE.md;contracts/operations/version-and-rollback-matrix.yaml;docs/03-engineering/DATABASE_MIGRATIONS.md;docs/05-operations/OBSERVABILITY.md;docs/04-quality/THREAT_MODEL.md;docs/04-quality/SECURITY_PRIVACY_LGPD.md;contracts/privacy/lgpd-control-matrix.csv;docs/04-quality/LGPD_CONTROL_MODEL.md,SECURITY_AND_PRIVACY_GATES,PASS
SPRINT-002,ISSUE-0176,Story,STORY-0066,TASK-0066,EPIC-013,BC-013,Security,CRITICAL,PASS,PASS,PASS,PASS,PASS,PASS,NOT_APPLICABLE,PASS,NOT_APPLICABLE,PASS,PASS,PASS,PASS,PASS,PASS,contracts/operations/slo-sli-catalog.yaml;docs/05-operations/CAPACITY_AND_SCALING.md;contracts/operations/lock-and-queue-policy.yaml;contracts/operations/external-dependency-register.csv;contracts/operations/vendor-exit-matrix.csv;contracts/operations/cost-model.yaml;docs/05-operations/COST_AND_UNIT_ECONOMICS.md;contracts/operations/recovery-objectives.yaml;docs/05-operations/BACKUP_RESTORE.md;contracts/operations/version-and-rollback-matrix.yaml;docs/03-engineering/DATABASE_MIGRATIONS.md;docs/05-operations/OBSERVABILITY.md;docs/04-quality/THREAT_MODEL.md;docs/04-quality/SECURITY_PRIVACY_LGPD.md;contracts/privacy/lgpd-control-matrix.csv;docs/04-quality/LGPD_CONTROL_MODEL.md,SECURITY_AND_PRIVACY_GATES,PASS
SPRINT-002,ISSUE-0177,Story,STORY-0067,TASK-0067,EPIC-013,BC-013,Reviewer,CRITICAL,PASS,PASS,PASS,PASS,PASS,PASS,NOT_APPLICABLE,PASS,NOT_APPLICABLE,PASS,PASS,PASS,PASS,PASS,PASS,contracts/operations/slo-sli-catalog.yaml;docs/05-operations/CAPACITY_AND_SCALING.md;contracts/operations/lock-and-queue-policy.yaml;contracts/operations/external-dependency-register.csv;contracts/operations/vendor-exit-matrix.csv;contracts/operations/cost-model.yaml;docs/05-operations/COST_AND_UNIT_ECONOMICS.md;contracts/operations/recovery-objectives.yaml;docs/05-operations/BACKUP_RESTORE.md;contracts/operations/version-and-rollback-matrix.yaml;docs/03-engineering/DATABASE_MIGRATIONS.md;docs/05-operations/OBSERVABILITY.md;docs/04-quality/THREAT_MODEL.md;docs/04-quality/SECURITY_PRIVACY_LGPD.md;contracts/privacy/lgpd-control-matrix.csv;docs/04-quality/LGPD_CONTROL_MODEL.md,SECURITY_AND_PRIVACY_GATES,PASS
SPRINT-002,ISSUE-0354,Story,STORY-0244,TASK-0244,EPIC-041,BC-014,Security,CRITICAL,PASS,NOT_APPLICABLE,PASS,PASS,PASS,PASS,NOT_APPLICABLE,PASS,NOT_APPLICABLE,PASS,NOT_APPLICABLE,PASS,PASS,PASS,PASS,contracts/operations/slo-sli-catalog.yaml;docs/05-operations/CAPACITY_AND_SCALING.md;contracts/operations/external-dependency-register.csv;contracts/operations/vendor-exit-matrix.csv;contracts/operations/cost-model.yaml;docs/05-operations/COST_AND_UNIT_ECONOMICS.md;contracts/operations/recovery-objectives.yaml;docs/05-operations/BACKUP_RESTORE.md;docs/05-operations/OBSERVABILITY.md;docs/04-quality/THREAT_MODEL.md;docs/04-quality/SECURITY_PRIVACY_LGPD.md;contracts/privacy/lgpd-control-matrix.csv;docs/04-quality/LGPD_CONTROL_MODEL.md;contracts/operations/version-and-rollback-matrix.yaml,SECURITY_AND_PRIVACY_GATES,PASS
SPRINT-002,ISSUE-0355,Story,STORY-0245,TASK-0245,EPIC-041,BC-014,Arquiteto,CRITICAL,PASS,NOT_APPLICABLE,PASS,PASS,PASS,PASS,NOT_APPLICABLE,PASS,NOT_APPLICABLE,PASS,PASS,PASS,PASS,PASS,PASS,contracts/operations/slo-sli-catalog.yaml;docs/05-operations/CAPACITY_AND_SCALING.md;contracts/operations/external-dependency-register.csv;contracts/operations/vendor-exit-matrix.csv;contracts/operations/cost-model.yaml;docs/05-operations/COST_AND_UNIT_ECONOMICS.md;contracts/operations/recovery-objectives.yaml;docs/05-operations/BACKUP_RESTORE.md;contracts/operations/version-and-rollback-matrix.yaml;docs/03-engineering/DATABASE_MIGRATIONS.md;docs/05-operations/OBSERVABILITY.md;docs/04-quality/THREAT_MODEL.md;docs/04-quality/SECURITY_PRIVACY_LGPD.md;contracts/privacy/lgpd-control-matrix.csv;docs/04-quality/LGPD_CONTROL_MODEL.md,SECURITY_AND_PRIVACY_GATES,PASS
SPRINT-002,ISSUE-0356,Story,STORY-0246,TASK-0246,EPIC-041,BC-014,Backend,CRITICAL,PASS,PASS,PASS,PASS,PASS,PASS,NOT_APPLICABLE,PASS,NOT_APPLICABLE,PASS,PASS,PASS,PASS,PASS,PASS,contracts/operations/slo-sli-catalog.yaml;docs/05-operations/CAPACITY_AND_SCALING.md;contracts/operations/lock-and-queue-policy.yaml;contracts/operations/external-dependency-register.csv;contracts/operations/vendor-exit-matrix.csv;contracts/operations/cost-model.yaml;docs/05-operations/COST_AND_UNIT_ECONOMICS.md;contracts/operations/recovery-objectives.yaml;docs/05-operations/BACKUP_RESTORE.md;contracts/operations/version-and-rollback-matrix.yaml;docs/03-engineering/DATABASE_MIGRATIONS.md;docs/05-operations/OBSERVABILITY.md;docs/04-quality/THREAT_MODEL.md;docs/04-quality/SECURITY_PRIVACY_LGPD.md;contracts/privacy/lgpd-control-matrix.csv;docs/04-quality/LGPD_CONTROL_MODEL.md,SECURITY_AND_PRIVACY_GATES,PASS
SPRINT-002,ISSUE-0357,Story,STORY-0247,TASK-0247,EPIC-041,BC-014,Security,CRITICAL,PASS,NOT_APPLICABLE,PASS,PASS,PASS,PASS,NOT_APPLICABLE,PASS,NOT_APPLICABLE,PASS,NOT_APPLICABLE,PASS,PASS,PASS,PASS,contracts/operations/slo-sli-catalog.yaml;docs/05-operations/CAPACITY_AND_SCALING.md;contracts/operations/external-dependency-register.csv;contracts/operations/vendor-exit-matrix.csv;contracts/operations/cost-model.yaml;docs/05-operations/COST_AND_UNIT_ECONOMICS.md;contracts/operations/recovery-objectives.yaml;docs/05-operations/BACKUP_RESTORE.md;docs/05-operations/OBSERVABILITY.md;docs/04-quality/THREAT_MODEL.md;docs/04-quality/SECURITY_PRIVACY_LGPD.md;contracts/privacy/lgpd-control-matrix.csv;docs/04-quality/LGPD_CONTROL_MODEL.md;contracts/operations/version-and-rollback-matrix.yaml,SECURITY_AND_PRIVACY_GATES,PASS
SPRINT-002,ISSUE-0358,Story,STORY-0248,TASK-0248,EPIC-041,BC-014,DevOps,CRITICAL,PASS,PASS,PASS,PASS,PASS,PASS,NOT_APPLICABLE,PASS,NOT_APPLICABLE,PASS,NOT_APPLICABLE,PASS,PASS,PASS,PASS,contracts/operations/slo-sli-catalog.yaml;docs/05-operations/CAPACITY_AND_SCALING.md;contracts/operations/lock-and-queue-policy.yaml;contracts/operations/external-dependency-register.csv;contracts/operations/vendor-exit-matrix.csv;contracts/operations/cost-model.yaml;docs/05-operations/COST_AND_UNIT_ECONOMICS.md;contracts/operations/recovery-objectives.yaml;docs/05-operations/BACKUP_RESTORE.md;docs/05-operations/OBSERVABILITY.md;docs/04-quality/THREAT_MODEL.md;docs/04-quality/SECURITY_PRIVACY_LGPD.md;contracts/privacy/lgpd-control-matrix.csv;docs/04-quality/LGPD_CONTROL_MODEL.md;contracts/operations/version-and-rollback-matrix.yaml,SECURITY_AND_PRIVACY_GATES,PASS
SPRINT-002,ISSUE-0359,Story,STORY-0249,TASK-0249,EPIC-041,BC-014,Reviewer,CRITICAL,PASS,NOT_APPLICABLE,PASS,PASS,PASS,PASS,NOT_APPLICABLE,PASS,NOT_APPLICABLE,PASS,NOT_APPLICABLE,PASS,PASS,PASS,PASS,contracts/operations/slo-sli-catalog.yaml;docs/05-operations/CAPACITY_AND_SCALING.md;contracts/operations/external-dependency-register.csv;contracts/operations/vendor-exit-matrix.csv;contracts/operations/cost-model.yaml;docs/05-operations/COST_AND_UNIT_ECONOMICS.md;contracts/operations/recovery-objectives.yaml;docs/05-operations/BACKUP_RESTORE.md;docs/05-operations/OBSERVABILITY.md;docs/04-quality/THREAT_MODEL.md;docs/04-quality/SECURITY_PRIVACY_LGPD.md;contracts/privacy/lgpd-control-matrix.csv;docs/04-quality/LGPD_CONTROL_MODEL.md;contracts/operations/version-and-rollback-matrix.yaml,SECURITY_AND_PRIVACY_GATES,PASS
SPRINT-002,ISSUE-0621,Story,STORY-0511,TASK-0511,EPIC-082,BC-014,Arquiteto,CRITICAL,PASS,NOT_APPLICABLE,PASS,PASS,PASS,PASS,NOT_APPLICABLE,PASS,NOT_APPLICABLE,PASS,PASS,PASS,PASS,PASS,PASS,contracts/operations/slo-sli-catalog.yaml;docs/05-operations/CAPACITY_AND_SCALING.md;contracts/operations/external-dependency-register.csv;contracts/operations/vendor-exit-matrix.csv;contracts/operations/cost-model.yaml;docs/05-operations/COST_AND_UNIT_ECONOMICS.md;contracts/operations/recovery-objectives.yaml;docs/05-operations/BACKUP_RESTORE.md;contracts/operations/version-and-rollback-matrix.yaml;docs/03-engineering/DATABASE_MIGRATIONS.md;docs/05-operations/OBSERVABILITY.md;docs/04-quality/THREAT_MODEL.md;docs/04-quality/SECURITY_PRIVACY_LGPD.md;contracts/privacy/lgpd-control-matrix.csv;docs/04-quality/LGPD_CONTROL_MODEL.md,SECURITY_AND_PRIVACY_GATES,PASS
SPRINT-002,ISSUE-0622,Story,STORY-0512,TASK-0512,EPIC-082,BC-014,Backend,CRITICAL,PASS,PASS,PASS,PASS,PASS,PASS,PASS,PASS,PASS,PASS,PASS,PASS,PASS,PASS,PASS,contracts/operations/slo-sli-catalog.yaml;docs/05-operations/CAPACITY_AND_SCALING.md;contracts/operations/lock-and-queue-policy.yaml;contracts/operations/external-dependency-register.csv;contracts/operations/vendor-exit-matrix.csv;contracts/operations/cost-model.yaml;docs/05-operations/COST_AND_UNIT_ECONOMICS.md;contracts/operations/recovery-objectives.yaml;docs/05-operations/BACKUP_RESTORE.md;contracts/operations/version-and-rollback-matrix.yaml;docs/03-engineering/DATABASE_MIGRATIONS.md;docs/05-operations/OBSERVABILITY.md;docs/04-quality/THREAT_MODEL.md;docs/04-quality/SECURITY_PRIVACY_LGPD.md;contracts/privacy/lgpd-control-matrix.csv;docs/04-quality/LGPD_CONTROL_MODEL.md,SECURITY_AND_PRIVACY_GATES,PASS
SPRINT-002,ISSUE-0623,Story,STORY-0513,TASK-0513,EPIC-082,BC-014,Frontend,CRITICAL,PASS,NOT_APPLICABLE,PASS,PASS,PASS,PASS,NOT_APPLICABLE,PASS,NOT_APPLICABLE,PASS,PASS,PASS,PASS,PASS,PASS,contracts/operations/slo-sli-catalog.yaml;docs/05-operations/CAPACITY_AND_SCALING.md;contracts/operations/external-dependency-register.csv;contracts/operations/vendor-exit-matrix.csv;contracts/operations/cost-model.yaml;docs/05-operations/COST_AND_UNIT_ECONOMICS.md;contracts/operations/recovery-objectives.yaml;docs/05-operations/BACKUP_RESTORE.md;contracts/operations/version-and-rollback-matrix.yaml;docs/03-engineering/DATABASE_MIGRATIONS.md;docs/05-operations/OBSERVABILITY.md;docs/04-quality/THREAT_MODEL.md;docs/04-quality/SECURITY_PRIVACY_LGPD.md;contracts/privacy/lgpd-control-matrix.csv;docs/04-quality/LGPD_CONTROL_MODEL.md,SECURITY_AND_PRIVACY_GATES,PASS
SPRINT-002,ISSUE-0624,Story,STORY-0514,TASK-0514,EPIC-082,BC-014,Security,CRITICAL,PASS,NOT_APPLICABLE,PASS,PASS,PASS,PASS,NOT_APPLICABLE,PASS,NOT_APPLICABLE,PASS,NOT_APPLICABLE,PASS,PASS,PASS,PASS,contracts/operations/slo-sli-catalog.yaml;docs/05-operations/CAPACITY_AND_SCALING.md;contracts/operations/external-dependency-register.csv;contracts/operations/vendor-exit-matrix.csv;contracts/operations/cost-model.yaml;docs/05-operations/COST_AND_UNIT_ECONOMICS.md;contracts/operations/recovery-objectives.yaml;docs/05-operations/BACKUP_RESTORE.md;docs/05-operations/OBSERVABILITY.md;docs/04-quality/THREAT_MODEL.md;docs/04-quality/SECURITY_PRIVACY_LGPD.md;contracts/privacy/lgpd-control-matrix.csv;docs/04-quality/LGPD_CONTROL_MODEL.md;contracts/operations/version-and-rollback-matrix.yaml,SECURITY_AND_PRIVACY_GATES,PASS
SPRINT-002,ISSUE-0625,Story,STORY-0515,TASK-0515,EPIC-082,BC-014,Reviewer,CRITICAL,PASS,NOT_APPLICABLE,PASS,PASS,PASS,PASS,NOT_APPLICABLE,PASS,NOT_APPLICABLE,PASS,NOT_APPLICABLE,PASS,PASS,PASS,PASS,contracts/operations/slo-sli-catalog.yaml;docs/05-operations/CAPACITY_AND_SCALING.md;contracts/operations/external-dependency-register.csv;contracts/operations/vendor-exit-matrix.csv;contracts/operations/cost-model.yaml;docs/05-operations/COST_AND_UNIT_ECONOMICS.md;contracts/operations/recovery-objectives.yaml;docs/05-operations/BACKUP_RESTORE.md;docs/05-operations/OBSERVABILITY.md;docs/04-quality/THREAT_MODEL.md;docs/04-quality/SECURITY_PRIVACY_LGPD.md;contracts/privacy/lgpd-control-matrix.csv;docs/04-quality/LGPD_CONTROL_MODEL.md;contracts/operations/version-and-rollback-matrix.yaml,SECURITY_AND_PRIVACY_GATES,PASS
SPRINT-002,ISSUE-0822,Story,STORY-0712,TASK-0712,EPIC-008,BC-002,Backend,CRITICAL,PASS,PASS,PASS,PASS,PASS,PASS,NOT_APPLICABLE,PASS,NOT_APPLICABLE,PASS,PASS,PASS,PASS,PASS,PASS,contracts/operations/slo-sli-catalog.yaml;docs/05-operations/CAPACITY_AND_SCALING.md;contracts/operations/lock-and-queue-policy.yaml;contracts/operations/external-dependency-register.csv;contracts/operations/vendor-exit-matrix.csv;contracts/operations/cost-model.yaml;docs/05-operations/COST_AND_UNIT_ECONOMICS.md;contracts/operations/recovery-objectives.yaml;docs/05-operations/BACKUP_RESTORE.md;contracts/operations/version-and-rollback-matrix.yaml;docs/03-engineering/DATABASE_MIGRATIONS.md;docs/05-operations/OBSERVABILITY.md;docs/04-quality/THREAT_MODEL.md;docs/04-quality/SECURITY_PRIVACY_LGPD.md;contracts/privacy/lgpd-control-matrix.csv;docs/04-quality/LGPD_CONTROL_MODEL.md,SECURITY_AND_PRIVACY_GATES,PASS
SPRINT-002,ISSUE-0823,Story,STORY-0713,TASK-0713,EPIC-008,BC-002,Backend,HIGH,PASS,PASS,PASS,PASS,PASS,PASS,NOT_APPLICABLE,PASS,NOT_APPLICABLE,PASS,PASS,PASS,PASS,PASS,PASS,contracts/operations/slo-sli-catalog.yaml;docs/05-operations/CAPACITY_AND_SCALING.md;contracts/operations/lock-and-queue-policy.yaml;contracts/operations/external-dependency-register.csv;contracts/operations/vendor-exit-matrix.csv;contracts/operations/cost-model.yaml;docs/05-operations/COST_AND_UNIT_ECONOMICS.md;contracts/operations/recovery-objectives.yaml;docs/05-operations/BACKUP_RESTORE.md;contracts/operations/version-and-rollback-matrix.yaml;docs/03-engineering/DATABASE_MIGRATIONS.md;docs/05-operations/OBSERVABILITY.md;docs/04-quality/THREAT_MODEL.md;docs/04-quality/SECURITY_PRIVACY_LGPD.md;contracts/privacy/lgpd-control-matrix.csv;docs/04-quality/LGPD_CONTROL_MODEL.md,BENCHMARK_AND_OPERATIONS_GATES,PASS
SPRINT-002,ISSUE-0824,Story,STORY-0714,TASK-0714,EPIC-009,BC-002,Backend,CRITICAL,PASS,PASS,PASS,PASS,PASS,PASS,NOT_APPLICABLE,PASS,NOT_APPLICABLE,PASS,PASS,PASS,PASS,PASS,PASS,contracts/operations/slo-sli-catalog.yaml;docs/05-operations/CAPACITY_AND_SCALING.md;contracts/operations/lock-and-queue-policy.yaml;contracts/operations/external-dependency-register.csv;contracts/operations/vendor-exit-matrix.csv;contracts/operations/cost-model.yaml;docs/05-operations/COST_AND_UNIT_ECONOMICS.md;contracts/operations/recovery-objectives.yaml;docs/05-operations/BACKUP_RESTORE.md;contracts/operations/version-and-rollback-matrix.yaml;docs/03-engineering/DATABASE_MIGRATIONS.md;docs/05-operations/OBSERVABILITY.md;docs/04-quality/THREAT_MODEL.md;docs/04-quality/SECURITY_PRIVACY_LGPD.md;contracts/privacy/lgpd-control-matrix.csv;docs/04-quality/LGPD_CONTROL_MODEL.md,SECURITY_AND_PRIVACY_GATES,PASS
SPRINT-002,ISSUE-0825,Story,STORY-0715,TASK-0715,EPIC-009,BC-002,Backend,HIGH,PASS,PASS,PASS,PASS,PASS,PASS,NOT_APPLICABLE,PASS,NOT_APPLICABLE,PASS,PASS,PASS,PASS,PASS,PASS,contracts/operations/slo-sli-catalog.yaml;docs/05-operations/CAPACITY_AND_SCALING.md;contracts/operations/lock-and-queue-policy.yaml;contracts/operations/external-dependency-register.csv;contracts/operations/vendor-exit-matrix.csv;contracts/operations/cost-model.yaml;docs/05-operations/COST_AND_UNIT_ECONOMICS.md;contracts/operations/recovery-objectives.yaml;docs/05-operations/BACKUP_RESTORE.md;contracts/operations/version-and-rollback-matrix.yaml;docs/03-engineering/DATABASE_MIGRATIONS.md;docs/05-operations/OBSERVABILITY.md;docs/04-quality/THREAT_MODEL.md;docs/04-quality/SECURITY_PRIVACY_LGPD.md;contracts/privacy/lgpd-control-matrix.csv;docs/04-quality/LGPD_CONTROL_MODEL.md,BENCHMARK_AND_OPERATIONS_GATES,PASS
SPRINT-002,ISSUE-0826,Story,STORY-0716,TASK-0716,EPIC-010,BC-002,Backend,CRITICAL,PASS,PASS,PASS,PASS,PASS,PASS,NOT_APPLICABLE,PASS,NOT_APPLICABLE,PASS,PASS,PASS,PASS,PASS,PASS,contracts/operations/slo-sli-catalog.yaml;docs/05-operations/CAPACITY_AND_SCALING.md;contracts/operations/lock-and-queue-policy.yaml;contracts/operations/external-dependency-register.csv;contracts/operations/vendor-exit-matrix.csv;contracts/operations/cost-model.yaml;docs/05-operations/COST_AND_UNIT_ECONOMICS.md;contracts/operations/recovery-objectives.yaml;docs/05-operations/BACKUP_RESTORE.md;contracts/operations/version-and-rollback-matrix.yaml;docs/03-engineering/DATABASE_MIGRATIONS.md;docs/05-operations/OBSERVABILITY.md;docs/04-quality/THREAT_MODEL.md;docs/04-quality/SECURITY_PRIVACY_LGPD.md;contracts/privacy/lgpd-control-matrix.csv;docs/04-quality/LGPD_CONTROL_MODEL.md,SECURITY_AND_PRIVACY_GATES,PASS
SPRINT-002,ISSUE-0827,Story,STORY-0717,TASK-0717,EPIC-010,BC-002,Backend,CRITICAL,PASS,PASS,PASS,PASS,PASS,PASS,NOT_APPLICABLE,PASS,PASS,PASS,PASS,PASS,PASS,PASS,PASS,contracts/operations/slo-sli-catalog.yaml;docs/05-operations/CAPACITY_AND_SCALING.md;contracts/operations/lock-and-queue-policy.yaml;contracts/operations/external-dependency-register.csv;contracts/operations/vendor-exit-matrix.csv;contracts/operations/cost-model.yaml;docs/05-operations/COST_AND_UNIT_ECONOMICS.md;contracts/operations/recovery-objectives.yaml;docs/05-operations/BACKUP_RESTORE.md;contracts/operations/version-and-rollback-matrix.yaml;docs/03-engineering/DATABASE_MIGRATIONS.md;docs/05-operations/OBSERVABILITY.md;docs/04-quality/THREAT_MODEL.md;docs/04-quality/SECURITY_PRIVACY_LGPD.md;contracts/privacy/lgpd-control-matrix.csv;docs/04-quality/LGPD_CONTROL_MODEL.md,SECURITY_AND_PRIVACY_GATES,PASS
SPRINT-002,ISSUE-0828,Story,STORY-0718,TASK-0718,EPIC-012,BC-003,Backend,CRITICAL,PASS,PASS,PASS,PASS,PASS,PASS,NOT_APPLICABLE,PASS,NOT_APPLICABLE,PASS,PASS,PASS,PASS,PASS,PASS,contracts/operations/slo-sli-catalog.yaml;docs/05-operations/CAPACITY_AND_SCALING.md;contracts/operations/lock-and-queue-policy.yaml;contracts/operations/external-dependency-register.csv;contracts/operations/vendor-exit-matrix.csv;contracts/operations/cost-model.yaml;docs/05-operations/COST_AND_UNIT_ECONOMICS.md;contracts/operations/recovery-objectives.yaml;docs/05-operations/BACKUP_RESTORE.md;contracts/operations/version-and-rollback-matrix.yaml;docs/03-engineering/DATABASE_MIGRATIONS.md;docs/05-operations/OBSERVABILITY.md;docs/04-quality/THREAT_MODEL.md;docs/04-quality/SECURITY_PRIVACY_LGPD.md;contracts/privacy/lgpd-control-matrix.csv;docs/04-quality/LGPD_CONTROL_MODEL.md,SECURITY_AND_PRIVACY_GATES,PASS
SPRINT-002,ISSUE-0829,Story,STORY-0719,TASK-0719,EPIC-012,BC-003,Backend,CRITICAL,PASS,PASS,PASS,PASS,PASS,PASS,NOT_APPLICABLE,PASS,PASS,PASS,PASS,PASS,PASS,PASS,PASS,contracts/operations/slo-sli-catalog.yaml;docs/05-operations/CAPACITY_AND_SCALING.md;contracts/operations/lock-and-queue-policy.yaml;contracts/operations/external-dependency-register.csv;contracts/operations/vendor-exit-matrix.csv;contracts/operations/cost-model.yaml;docs/05-operations/COST_AND_UNIT_ECONOMICS.md;contracts/operations/recovery-objectives.yaml;docs/05-operations/BACKUP_RESTORE.md;contracts/operations/version-and-rollback-matrix.yaml;docs/03-engineering/DATABASE_MIGRATIONS.md;docs/05-operations/OBSERVABILITY.md;docs/04-quality/THREAT_MODEL.md;docs/04-quality/SECURITY_PRIVACY_LGPD.md;contracts/privacy/lgpd-control-matrix.csv;docs/04-quality/LGPD_CONTROL_MODEL.md,SECURITY_AND_PRIVACY_GATES,PASS
SPRINT-002,ISSUE-0830,Story,STORY-0720,TASK-0720,EPIC-012,BC-003,Backend,CRITICAL,PASS,PASS,PASS,PASS,PASS,PASS,NOT_APPLICABLE,PASS,NOT_APPLICABLE,PASS,PASS,PASS,PASS,PASS,PASS,contracts/operations/slo-sli-catalog.yaml;docs/05-operations/CAPACITY_AND_SCALING.md;contracts/operations/lock-and-queue-policy.yaml;contracts/operations/external-dependency-register.csv;contracts/operations/vendor-exit-matrix.csv;contracts/operations/cost-model.yaml;docs/05-operations/COST_AND_UNIT_ECONOMICS.md;contracts/operations/recovery-objectives.yaml;docs/05-operations/BACKUP_RESTORE.md;contracts/operations/version-and-rollback-matrix.yaml;docs/03-engineering/DATABASE_MIGRATIONS.md;docs/05-operations/OBSERVABILITY.md;docs/04-quality/THREAT_MODEL.md;docs/04-quality/SECURITY_PRIVACY_LGPD.md;contracts/privacy/lgpd-control-matrix.csv;docs/04-quality/LGPD_CONTROL_MODEL.md,SECURITY_AND_PRIVACY_GATES,PASS
SPRINT-002,ISSUE-0857,Story,STORY-0747,TASK-0747,EPIC-041,BC-014,Arquiteto,CRITICAL,PASS,NOT_APPLICABLE,PASS,PASS,PASS,PASS,PASS,PASS,PASS,PASS,PASS,PASS,PASS,PASS,PASS,contracts/operations/slo-sli-catalog.yaml;docs/05-operations/CAPACITY_AND_SCALING.md;contracts/operations/external-dependency-register.csv;contracts/operations/vendor-exit-matrix.csv;contracts/operations/cost-model.yaml;docs/05-operations/COST_AND_UNIT_ECONOMICS.md;contracts/operations/lock-and-queue-policy.yaml;contracts/operations/recovery-objectives.yaml;docs/05-operations/BACKUP_RESTORE.md;contracts/operations/version-and-rollback-matrix.yaml;docs/03-engineering/DATABASE_MIGRATIONS.md;docs/05-operations/OBSERVABILITY.md;docs/04-quality/THREAT_MODEL.md;docs/04-quality/SECURITY_PRIVACY_LGPD.md;contracts/privacy/lgpd-control-matrix.csv;docs/04-quality/LGPD_CONTROL_MODEL.md,SECURITY_AND_PRIVACY_GATES,PASS
SPRINT-002,ISSUE-0858,Story,STORY-0748,TASK-0748,EPIC-041,BC-014,Arquiteto,CRITICAL,PASS,NOT_APPLICABLE,PASS,PASS,PASS,PASS,NOT_APPLICABLE,PASS,NOT_APPLICABLE,PASS,PASS,PASS,PASS,PASS,PASS,contracts/operations/slo-sli-catalog.yaml;docs/05-operations/CAPACITY_AND_SCALING.md;contracts/operations/external-dependency-register.csv;contracts/operations/vendor-exit-matrix.csv;contracts/operations/cost-model.yaml;docs/05-operations/COST_AND_UNIT_ECONOMICS.md;contracts/operations/recovery-objectives.yaml;docs/05-operations/BACKUP_RESTORE.md;contracts/operations/version-and-rollback-matrix.yaml;docs/03-engineering/DATABASE_MIGRATIONS.md;docs/05-operations/OBSERVABILITY.md;docs/04-quality/THREAT_MODEL.md;docs/04-quality/SECURITY_PRIVACY_LGPD.md;contracts/privacy/lgpd-control-matrix.csv;docs/04-quality/LGPD_CONTROL_MODEL.md,SECURITY_AND_PRIVACY_GATES,PASS
SPRINT-002,ISSUE-0859,Story,STORY-0749,TASK-0749,EPIC-041,BC-014,Arquiteto,CRITICAL,PASS,NOT_APPLICABLE,PASS,PASS,PASS,PASS,NOT_APPLICABLE,PASS,NOT_APPLICABLE,PASS,PASS,PASS,PASS,PASS,PASS,contracts/operations/slo-sli-catalog.yaml;docs/05-operations/CAPACITY_AND_SCALING.md;contracts/operations/external-dependency-register.csv;contracts/operations/vendor-exit-matrix.csv;contracts/operations/cost-model.yaml;docs/05-operations/COST_AND_UNIT_ECONOMICS.md;contracts/operations/recovery-objectives.yaml;docs/05-operations/BACKUP_RESTORE.md;contracts/operations/version-and-rollback-matrix.yaml;docs/03-engineering/DATABASE_MIGRATIONS.md;docs/05-operations/OBSERVABILITY.md;docs/04-quality/THREAT_MODEL.md;docs/04-quality/SECURITY_PRIVACY_LGPD.md;contracts/privacy/lgpd-control-matrix.csv;docs/04-quality/LGPD_CONTROL_MODEL.md,SECURITY_AND_PRIVACY_GATES,PASS
SPRINT-003,ISSUE-0014,Epic delivery envelope,,,EPIC-014,BC-010,Backend,CRITICAL,PASS,PASS,PASS,PASS,PASS,PASS,PASS,PASS,PASS,PASS,PASS,PASS,PASS,PASS,PASS,contracts/operations/slo-sli-catalog.yaml;docs/05-operations/CAPACITY_AND_SCALING.md;contracts/operations/lock-and-queue-policy.yaml;contracts/operations/external-dependency-register.csv;contracts/operations/vendor-exit-matrix.csv;contracts/operations/cost-model.yaml;docs/05-operations/COST_AND_UNIT_ECONOMICS.md;contracts/operations/recovery-objectives.yaml;docs/05-operations/BACKUP_RESTORE.md;contracts/operations/version-and-rollback-matrix.yaml;docs/03-engineering/DATABASE_MIGRATIONS.md;docs/05-operations/OBSERVABILITY.md;docs/04-quality/THREAT_MODEL.md;docs/04-quality/SECURITY_PRIVACY_LGPD.md;contracts/privacy/lgpd-control-matrix.csv;docs/04-quality/LGPD_CONTROL_MODEL.md,SECURITY_AND_PRIVACY_GATES,PASS
SPRINT-003,ISSUE-0015,Epic delivery envelope,,,EPIC-015,BC-010,Backend,CRITICAL,PASS,PASS,PASS,PASS,PASS,PASS,NOT_APPLICABLE,PASS,PASS,PASS,PASS,PASS,PASS,PASS,PASS,contracts/operations/slo-sli-catalog.yaml;docs/05-operations/CAPACITY_AND_SCALING.md;contracts/operations/lock-and-queue-policy.yaml;contracts/operations/external-dependency-register.csv;contracts/operations/vendor-exit-matrix.csv;contracts/operations/cost-model.yaml;docs/05-operations/COST_AND_UNIT_ECONOMICS.md;contracts/operations/version-and-rollback-matrix.yaml;docs/03-engineering/DATABASE_MIGRATIONS.md;docs/05-operations/OBSERVABILITY.md;docs/04-quality/THREAT_MODEL.md;docs/04-quality/SECURITY_PRIVACY_LGPD.md;contracts/privacy/lgpd-control-matrix.csv;docs/04-quality/LGPD_CONTROL_MODEL.md;contracts/operations/recovery-objectives.yaml;docs/05-operations/BACKUP_RESTORE.md,SECURITY_AND_PRIVACY_GATES,PASS
SPRINT-003,ISSUE-0016,Epic delivery envelope,,,EPIC-016,BC-010,Backend,CRITICAL,PASS,PASS,PASS,PASS,PASS,PASS,NOT_APPLICABLE,PASS,PASS,PASS,PASS,PASS,PASS,PASS,PASS,contracts/operations/slo-sli-catalog.yaml;docs/05-operations/CAPACITY_AND_SCALING.md;contracts/operations/lock-and-queue-policy.yaml;contracts/operations/external-dependency-register.csv;contracts/operations/vendor-exit-matrix.csv;contracts/operations/cost-model.yaml;docs/05-operations/COST_AND_UNIT_ECONOMICS.md;contracts/operations/version-and-rollback-matrix.yaml;docs/03-engineering/DATABASE_MIGRATIONS.md;docs/05-operations/OBSERVABILITY.md;docs/04-quality/THREAT_MODEL.md;docs/04-quality/SECURITY_PRIVACY_LGPD.md;contracts/privacy/lgpd-control-matrix.csv;docs/04-quality/LGPD_CONTROL_MODEL.md;contracts/operations/recovery-objectives.yaml;docs/05-operations/BACKUP_RESTORE.md,SECURITY_AND_PRIVACY_GATES,PASS
SPRINT-003,ISSUE-0017,Epic delivery envelope,,,EPIC-017,BC-010,Backend,CRITICAL,PASS,PASS,PASS,PASS,PASS,PASS,NOT_APPLICABLE,PASS,PASS,PASS,PASS,PASS,PASS,PASS,PASS,contracts/operations/slo-sli-catalog.yaml;docs/05-operations/CAPACITY_AND_SCALING.md;contracts/operations/lock-and-queue-policy.yaml;contracts/operations/external-dependency-register.csv;contracts/operations/vendor-exit-matrix.csv;contracts/operations/cost-model.yaml;docs/05-operations/COST_AND_UNIT_ECONOMICS.md;contracts/operations/version-and-rollback-matrix.yaml;docs/03-engineering/DATABASE_MIGRATIONS.md;docs/05-operations/OBSERVABILITY.md;docs/04-quality/THREAT_MODEL.md;docs/04-quality/SECURITY_PRIVACY_LGPD.md;contracts/privacy/lgpd-control-matrix.csv;docs/04-quality/LGPD_CONTROL_MODEL.md;contracts/operations/recovery-objectives.yaml;docs/05-operations/BACKUP_RESTORE.md,SECURITY_AND_PRIVACY_GATES,PASS
SPRINT-003,ISSUE-0018,Epic delivery envelope,,,EPIC-018,BC-010,Backend,CRITICAL,PASS,PASS,PASS,PASS,PASS,PASS,PASS,PASS,PASS,PASS,PASS,PASS,PASS,PASS,PASS,contracts/operations/slo-sli-catalog.yaml;docs/05-operations/CAPACITY_AND_SCALING.md;contracts/operations/lock-and-queue-policy.yaml;contracts/operations/external-dependency-register.csv;contracts/operations/vendor-exit-matrix.csv;contracts/operations/cost-model.yaml;docs/05-operations/COST_AND_UNIT_ECONOMICS.md;contracts/operations/version-and-rollback-matrix.yaml;docs/03-engineering/DATABASE_MIGRATIONS.md;docs/05-operations/OBSERVABILITY.md;docs/04-quality/THREAT_MODEL.md;docs/04-quality/SECURITY_PRIVACY_LGPD.md;contracts/privacy/lgpd-control-matrix.csv;docs/04-quality/LGPD_CONTROL_MODEL.md;contracts/operations/recovery-objectives.yaml;docs/05-operations/BACKUP_RESTORE.md,SECURITY_AND_PRIVACY_GATES,PASS
SPRINT-003,ISSUE-0019,Epic delivery envelope,,,EPIC-019,BC-010,Backend,CRITICAL,PASS,PASS,PASS,PASS,PASS,PASS,PASS,PASS,PASS,PASS,PASS,PASS,PASS,PASS,PASS,contracts/operations/slo-sli-catalog.yaml;docs/05-operations/CAPACITY_AND_SCALING.md;contracts/operations/lock-and-queue-policy.yaml;contracts/operations/external-dependency-register.csv;contracts/operations/vendor-exit-matrix.csv;contracts/operations/cost-model.yaml;docs/05-operations/COST_AND_UNIT_ECONOMICS.md;contracts/operations/version-and-rollback-matrix.yaml;docs/03-engineering/DATABASE_MIGRATIONS.md;docs/05-operations/OBSERVABILITY.md;docs/04-quality/THREAT_MODEL.md;docs/04-quality/SECURITY_PRIVACY_LGPD.md;contracts/privacy/lgpd-control-matrix.csv;docs/04-quality/LGPD_CONTROL_MODEL.md;contracts/operations/recovery-objectives.yaml;docs/05-operations/BACKUP_RESTORE.md,SECURITY_AND_PRIVACY_GATES,PASS
SPRINT-003,ISSUE-0020,Epic delivery envelope,,,EPIC-020,BC-016,Backend,CRITICAL,PASS,PASS,PASS,PASS,PASS,PASS,NOT_APPLICABLE,PASS,PASS,PASS,PASS,PASS,PASS,PASS,PASS,contracts/operations/slo-sli-catalog.yaml;docs/05-operations/CAPACITY_AND_SCALING.md;contracts/operations/external-dependency-register.csv;contracts/operations/vendor-exit-matrix.csv;contracts/operations/cost-model.yaml;docs/05-operations/COST_AND_UNIT_ECONOMICS.md;contracts/operations/version-and-rollback-matrix.yaml;docs/03-engineering/DATABASE_MIGRATIONS.md;docs/05-operations/OBSERVABILITY.md;docs/04-quality/THREAT_MODEL.md;docs/04-quality/SECURITY_PRIVACY_LGPD.md;contracts/privacy/lgpd-control-matrix.csv;docs/04-quality/LGPD_CONTROL_MODEL.md;contracts/operations/lock-and-queue-policy.yaml;contracts/operations/recovery-objectives.yaml;docs/05-operations/BACKUP_RESTORE.md,SECURITY_AND_PRIVACY_GATES,PASS
SPRINT-003,ISSUE-0178,Story,STORY-0068,TASK-0068,EPIC-014,BC-010,Arquiteto,CRITICAL,PASS,PASS,PASS,PASS,PASS,PASS,PASS,PASS,PASS,PASS,PASS,PASS,PASS,PASS,PASS,contracts/operations/slo-sli-catalog.yaml;docs/05-operations/CAPACITY_AND_SCALING.md;contracts/operations/lock-and-queue-policy.yaml;contracts/operations/external-dependency-register.csv;contracts/operations/vendor-exit-matrix.csv;contracts/operations/cost-model.yaml;docs/05-operations/COST_AND_UNIT_ECONOMICS.md;contracts/operations/recovery-objectives.yaml;docs/05-operations/BACKUP_RESTORE.md;contracts/operations/version-and-rollback-matrix.yaml;docs/03-engineering/DATABASE_MIGRATIONS.md;docs/05-operations/OBSERVABILITY.md;docs/04-quality/THREAT_MODEL.md;docs/04-quality/SECURITY_PRIVACY_LGPD.md;contracts/privacy/lgpd-control-matrix.csv;docs/04-quality/LGPD_CONTROL_MODEL.md,SECURITY_AND_PRIVACY_GATES,PASS
SPRINT-003,ISSUE-0179,Story,STORY-0069,TASK-0069,EPIC-014,BC-010,Backend,HIGH,PASS,PASS,PASS,PASS,PASS,PASS,NOT_APPLICABLE,PASS,PASS,PASS,PASS,PASS,PASS,NOT_APPLICABLE,PASS,contracts/operations/slo-sli-catalog.yaml;docs/05-operations/CAPACITY_AND_SCALING.md;contracts/operations/lock-and-queue-policy.yaml;contracts/operations/external-dependency-register.csv;contracts/operations/vendor-exit-matrix.csv;contracts/operations/cost-model.yaml;docs/05-operations/COST_AND_UNIT_ECONOMICS.md;contracts/operations/recovery-objectives.yaml;docs/05-operations/BACKUP_RESTORE.md;contracts/operations/version-and-rollback-matrix.yaml;docs/03-engineering/DATABASE_MIGRATIONS.md;docs/05-operations/OBSERVABILITY.md;docs/04-quality/THREAT_MODEL.md;docs/04-quality/SECURITY_PRIVACY_LGPD.md,BENCHMARK_AND_OPERATIONS_GATES,PASS
SPRINT-003,ISSUE-0180,Story,STORY-0070,TASK-0070,EPIC-014,BC-010,Backend,HIGH,PASS,PASS,PASS,PASS,PASS,PASS,NOT_APPLICABLE,PASS,PASS,PASS,PASS,PASS,PASS,NOT_APPLICABLE,PASS,contracts/operations/slo-sli-catalog.yaml;docs/05-operations/CAPACITY_AND_SCALING.md;contracts/operations/lock-and-queue-policy.yaml;contracts/operations/external-dependency-register.csv;contracts/operations/vendor-exit-matrix.csv;contracts/operations/cost-model.yaml;docs/05-operations/COST_AND_UNIT_ECONOMICS.md;contracts/operations/recovery-objectives.yaml;docs/05-operations/BACKUP_RESTORE.md;contracts/operations/version-and-rollback-matrix.yaml;docs/03-engineering/DATABASE_MIGRATIONS.md;docs/05-operations/OBSERVABILITY.md;docs/04-quality/THREAT_MODEL.md;docs/04-quality/SECURITY_PRIVACY_LGPD.md,BENCHMARK_AND_OPERATIONS_GATES,PASS
SPRINT-003,ISSUE-0181,Story,STORY-0071,TASK-0071,EPIC-014,BC-010,Backend,HIGH,PASS,PASS,PASS,PASS,PASS,PASS,NOT_APPLICABLE,PASS,PASS,PASS,PASS,PASS,PASS,PASS,PASS,contracts/operations/slo-sli-catalog.yaml;docs/05-operations/CAPACITY_AND_SCALING.md;contracts/operations/lock-and-queue-policy.yaml;contracts/operations/external-dependency-register.csv;contracts/operations/vendor-exit-matrix.csv;contracts/operations/cost-model.yaml;docs/05-operations/COST_AND_UNIT_ECONOMICS.md;contracts/operations/recovery-objectives.yaml;docs/05-operations/BACKUP_RESTORE.md;contracts/operations/version-and-rollback-matrix.yaml;docs/03-engineering/DATABASE_MIGRATIONS.md;docs/05-operations/OBSERVABILITY.md;docs/04-quality/THREAT_MODEL.md;docs/04-quality/SECURITY_PRIVACY_LGPD.md;contracts/privacy/lgpd-control-matrix.csv;docs/04-quality/LGPD_CONTROL_MODEL.md,BENCHMARK_AND_OPERATIONS_GATES,PASS
SPRINT-003,ISSUE-0182,Story,STORY-0072,TASK-0072,EPIC-014,BC-010,DevOps,CRITICAL,PASS,PASS,PASS,PASS,PASS,PASS,NOT_APPLICABLE,PASS,PASS,PASS,PASS,PASS,PASS,NOT_APPLICABLE,PASS,contracts/operations/slo-sli-catalog.yaml;docs/05-operations/CAPACITY_AND_SCALING.md;contracts/operations/lock-and-queue-policy.yaml;contracts/operations/external-dependency-register.csv;contracts/operations/vendor-exit-matrix.csv;contracts/operations/cost-model.yaml;docs/05-operations/COST_AND_UNIT_ECONOMICS.md;contracts/operations/recovery-objectives.yaml;docs/05-operations/BACKUP_RESTORE.md;contracts/operations/version-and-rollback-matrix.yaml;docs/03-engineering/DATABASE_MIGRATIONS.md;docs/05-operations/OBSERVABILITY.md;docs/04-quality/THREAT_MODEL.md;docs/04-quality/SECURITY_PRIVACY_LGPD.md,SECURITY_AND_PRIVACY_GATES,PASS
SPRINT-003,ISSUE-0183,Story,STORY-0073,TASK-0073,EPIC-014,BC-010,QA,CRITICAL,PASS,PASS,PASS,PASS,PASS,PASS,NOT_APPLICABLE,PASS,PASS,PASS,PASS,PASS,PASS,PASS,PASS,contracts/operations/slo-sli-catalog.yaml;docs/05-operations/CAPACITY_AND_SCALING.md;contracts/operations/lock-and-queue-policy.yaml;contracts/operations/external-dependency-register.csv;contracts/operations/vendor-exit-matrix.csv;contracts/operations/cost-model.yaml;docs/05-operations/COST_AND_UNIT_ECONOMICS.md;contracts/operations/recovery-objectives.yaml;docs/05-operations/BACKUP_RESTORE.md;contracts/operations/version-and-rollback-matrix.yaml;docs/03-engineering/DATABASE_MIGRATIONS.md;docs/05-operations/OBSERVABILITY.md;docs/04-quality/THREAT_MODEL.md;docs/04-quality/SECURITY_PRIVACY_LGPD.md;contracts/privacy/lgpd-control-matrix.csv;docs/04-quality/LGPD_CONTROL_MODEL.md,SECURITY_AND_PRIVACY_GATES,PASS
SPRINT-003,ISSUE-0184,Story,STORY-0074,TASK-0074,EPIC-014,BC-010,Reviewer,HIGH,PASS,PASS,PASS,PASS,PASS,PASS,NOT_APPLICABLE,PASS,PASS,PASS,PASS,PASS,PASS,NOT_APPLICABLE,PASS,contracts/operations/slo-sli-catalog.yaml;docs/05-operations/CAPACITY_AND_SCALING.md;contracts/operations/lock-and-queue-policy.yaml;contracts/operations/external-dependency-register.csv;contracts/operations/vendor-exit-matrix.csv;contracts/operations/cost-model.yaml;docs/05-operations/COST_AND_UNIT_ECONOMICS.md;contracts/operations/recovery-objectives.yaml;docs/05-operations/BACKUP_RESTORE.md;contracts/operations/version-and-rollback-matrix.yaml;docs/03-engineering/DATABASE_MIGRATIONS.md;docs/05-operations/OBSERVABILITY.md;docs/04-quality/THREAT_MODEL.md;docs/04-quality/SECURITY_PRIVACY_LGPD.md,BENCHMARK_AND_OPERATIONS_GATES,PASS
SPRINT-003,ISSUE-0185,Story,STORY-0075,TASK-0075,EPIC-015,BC-010,Arquiteto,HIGH,PASS,PASS,PASS,PASS,PASS,PASS,NOT_APPLICABLE,PASS,PASS,NOT_APPLICABLE,PASS,PASS,PASS,PASS,PASS,contracts/operations/slo-sli-catalog.yaml;docs/05-operations/CAPACITY_AND_SCALING.md;contracts/operations/lock-and-queue-policy.yaml;contracts/operations/external-dependency-register.csv;contracts/operations/vendor-exit-matrix.csv;contracts/operations/cost-model.yaml;docs/05-operations/COST_AND_UNIT_ECONOMICS.md;contracts/operations/version-and-rollback-matrix.yaml;docs/03-engineering/DATABASE_MIGRATIONS.md;docs/05-operations/OBSERVABILITY.md;docs/04-quality/THREAT_MODEL.md;docs/04-quality/SECURITY_PRIVACY_LGPD.md;contracts/privacy/lgpd-control-matrix.csv;docs/04-quality/LGPD_CONTROL_MODEL.md,BENCHMARK_AND_OPERATIONS_GATES,PASS
SPRINT-003,ISSUE-0186,Story,STORY-0076,TASK-0076,EPIC-015,BC-010,Backend,HIGH,PASS,PASS,PASS,PASS,PASS,PASS,NOT_APPLICABLE,PASS,PASS,PASS,PASS,PASS,PASS,NOT_APPLICABLE,PASS,contracts/operations/slo-sli-catalog.yaml;docs/05-operations/CAPACITY_AND_SCALING.md;contracts/operations/lock-and-queue-policy.yaml;contracts/operations/external-dependency-register.csv;contracts/operations/vendor-exit-matrix.csv;contracts/operations/cost-model.yaml;docs/05-operations/COST_AND_UNIT_ECONOMICS.md;contracts/operations/recovery-objectives.yaml;docs/05-operations/BACKUP_RESTORE.md;contracts/operations/version-and-rollback-matrix.yaml;docs/03-engineering/DATABASE_MIGRATIONS.md;docs/05-operations/OBSERVABILITY.md;docs/04-quality/THREAT_MODEL.md;docs/04-quality/SECURITY_PRIVACY_LGPD.md,BENCHMARK_AND_OPERATIONS_GATES,PASS
SPRINT-003,ISSUE-0187,Story,STORY-0077,TASK-0077,EPIC-015,BC-010,Backend,HIGH,PASS,PASS,PASS,PASS,PASS,PASS,NOT_APPLICABLE,PASS,PASS,PASS,PASS,PASS,PASS,NOT_APPLICABLE,PASS,contracts/operations/slo-sli-catalog.yaml;docs/05-operations/CAPACITY_AND_SCALING.md;contracts/operations/lock-and-queue-policy.yaml;contracts/operations/external-dependency-register.csv;contracts/operations/vendor-exit-matrix.csv;contracts/operations/cost-model.yaml;docs/05-operations/COST_AND_UNIT_ECONOMICS.md;contracts/operations/recovery-objectives.yaml;docs/05-operations/BACKUP_RESTORE.md;contracts/operations/version-and-rollback-matrix.yaml;docs/03-engineering/DATABASE_MIGRATIONS.md;docs/05-operations/OBSERVABILITY.md;docs/04-quality/THREAT_MODEL.md;docs/04-quality/SECURITY_PRIVACY_LGPD.md,BENCHMARK_AND_OPERATIONS_GATES,PASS
SPRINT-003,ISSUE-0188,Story,STORY-0078,TASK-0078,EPIC-015,BC-010,Backend,HIGH,PASS,PASS,PASS,PASS,PASS,PASS,NOT_APPLICABLE,PASS,PASS,PASS,PASS,PASS,PASS,PASS,PASS,contracts/operations/slo-sli-catalog.yaml;docs/05-operations/CAPACITY_AND_SCALING.md;contracts/operations/lock-and-queue-policy.yaml;contracts/operations/external-dependency-register.csv;contracts/operations/vendor-exit-matrix.csv;contracts/operations/cost-model.yaml;docs/05-operations/COST_AND_UNIT_ECONOMICS.md;contracts/operations/recovery-objectives.yaml;docs/05-operations/BACKUP_RESTORE.md;contracts/operations/version-and-rollback-matrix.yaml;docs/03-engineering/DATABASE_MIGRATIONS.md;docs/05-operations/OBSERVABILITY.md;docs/04-quality/THREAT_MODEL.md;docs/04-quality/SECURITY_PRIVACY_LGPD.md;contracts/privacy/lgpd-control-matrix.csv;docs/04-quality/LGPD_CONTROL_MODEL.md,BENCHMARK_AND_OPERATIONS_GATES,PASS
SPRINT-003,ISSUE-0189,Story,STORY-0079,TASK-0079,EPIC-015,BC-010,DevOps,CRITICAL,PASS,PASS,PASS,PASS,PASS,PASS,NOT_APPLICABLE,PASS,PASS,NOT_APPLICABLE,NOT_APPLICABLE,PASS,PASS,NOT_APPLICABLE,PASS,contracts/operations/slo-sli-catalog.yaml;docs/05-operations/CAPACITY_AND_SCALING.md;contracts/operations/lock-and-queue-policy.yaml;contracts/operations/external-dependency-register.csv;contracts/operations/vendor-exit-matrix.csv;contracts/operations/cost-model.yaml;docs/05-operations/COST_AND_UNIT_ECONOMICS.md;docs/05-operations/OBSERVABILITY.md;docs/04-quality/THREAT_MODEL.md;docs/04-quality/SECURITY_PRIVACY_LGPD.md;contracts/operations/version-and-rollback-matrix.yaml,SECURITY_AND_PRIVACY_GATES,PASS
SPRINT-003,ISSUE-0190,Story,STORY-0080,TASK-0080,EPIC-015,BC-010,QA,HIGH,PASS,PASS,PASS,PASS,PASS,PASS,NOT_APPLICABLE,PASS,PASS,NOT_APPLICABLE,NOT_APPLICABLE,PASS,PASS,NOT_APPLICABLE,PASS,contracts/operations/slo-sli-catalog.yaml;docs/05-operations/CAPACITY_AND_SCALING.md;contracts/operations/lock-and-queue-policy.yaml;contracts/operations/external-dependency-register.csv;contracts/operations/vendor-exit-matrix.csv;contracts/operations/cost-model.yaml;docs/05-operations/COST_AND_UNIT_ECONOMICS.md;docs/05-operations/OBSERVABILITY.md;docs/04-quality/THREAT_MODEL.md;docs/04-quality/SECURITY_PRIVACY_LGPD.md;contracts/operations/version-and-rollback-matrix.yaml,BENCHMARK_AND_OPERATIONS_GATES,PASS
SPRINT-003,ISSUE-0191,Story,STORY-0081,TASK-0081,EPIC-015,BC-010,Reviewer,HIGH,PASS,PASS,PASS,PASS,PASS,PASS,NOT_APPLICABLE,PASS,PASS,NOT_APPLICABLE,NOT_APPLICABLE,PASS,PASS,NOT_APPLICABLE,PASS,contracts/operations/slo-sli-catalog.yaml;docs/05-operations/CAPACITY_AND_SCALING.md;contracts/operations/lock-and-queue-policy.yaml;contracts/operations/external-dependency-register.csv;contracts/operations/vendor-exit-matrix.csv;contracts/operations/cost-model.yaml;docs/05-operations/COST_AND_UNIT_ECONOMICS.md;docs/05-operations/OBSERVABILITY.md;docs/04-quality/THREAT_MODEL.md;docs/04-quality/SECURITY_PRIVACY_LGPD.md;contracts/operations/version-and-rollback-matrix.yaml,BENCHMARK_AND_OPERATIONS_GATES,PASS
SPRINT-003,ISSUE-0192,Story,STORY-0082,TASK-0082,EPIC-016,BC-010,Arquiteto,HIGH,PASS,PASS,PASS,PASS,PASS,PASS,NOT_APPLICABLE,PASS,PASS,NOT_APPLICABLE,PASS,PASS,PASS,PASS,PASS,contracts/operations/slo-sli-catalog.yaml;docs/05-operations/CAPACITY_AND_SCALING.md;contracts/operations/lock-and-queue-policy.yaml;contracts/operations/external-dependency-register.csv;contracts/operations/vendor-exit-matrix.csv;contracts/operations/cost-model.yaml;docs/05-operations/COST_AND_UNIT_ECONOMICS.md;contracts/operations/version-and-rollback-matrix.yaml;docs/03-engineering/DATABASE_MIGRATIONS.md;docs/05-operations/OBSERVABILITY.md;docs/04-quality/THREAT_MODEL.md;docs/04-quality/SECURITY_PRIVACY_LGPD.md;contracts/privacy/lgpd-control-matrix.csv;docs/04-quality/LGPD_CONTROL_MODEL.md,BENCHMARK_AND_OPERATIONS_GATES,PASS
SPRINT-003,ISSUE-0193,Story,STORY-0083,TASK-0083,EPIC-016,BC-010,Backend,HIGH,PASS,PASS,PASS,PASS,PASS,PASS,NOT_APPLICABLE,PASS,PASS,PASS,PASS,PASS,PASS,NOT_APPLICABLE,PASS,contracts/operations/slo-sli-catalog.yaml;docs/05-operations/CAPACITY_AND_SCALING.md;contracts/operations/lock-and-queue-policy.yaml;contracts/operations/external-dependency-register.csv;contracts/operations/vendor-exit-matrix.csv;contracts/operations/cost-model.yaml;docs/05-operations/COST_AND_UNIT_ECONOMICS.md;contracts/operations/recovery-objectives.yaml;docs/05-operations/BACKUP_RESTORE.md;contracts/operations/version-and-rollback-matrix.yaml;docs/03-engineering/DATABASE_MIGRATIONS.md;docs/05-operations/OBSERVABILITY.md;docs/04-quality/THREAT_MODEL.md;docs/04-quality/SECURITY_PRIVACY_LGPD.md,BENCHMARK_AND_OPERATIONS_GATES,PASS
SPRINT-003,ISSUE-0194,Story,STORY-0084,TASK-0084,EPIC-016,BC-010,Backend,HIGH,PASS,PASS,PASS,PASS,PASS,PASS,NOT_APPLICABLE,PASS,PASS,PASS,PASS,PASS,PASS,NOT_APPLICABLE,PASS,contracts/operations/slo-sli-catalog.yaml;docs/05-operations/CAPACITY_AND_SCALING.md;contracts/operations/lock-and-queue-policy.yaml;contracts/operations/external-dependency-register.csv;contracts/operations/vendor-exit-matrix.csv;contracts/operations/cost-model.yaml;docs/05-operations/COST_AND_UNIT_ECONOMICS.md;contracts/operations/recovery-objectives.yaml;docs/05-operations/BACKUP_RESTORE.md;contracts/operations/version-and-rollback-matrix.yaml;docs/03-engineering/DATABASE_MIGRATIONS.md;docs/05-operations/OBSERVABILITY.md;docs/04-quality/THREAT_MODEL.md;docs/04-quality/SECURITY_PRIVACY_LGPD.md,BENCHMARK_AND_OPERATIONS_GATES,PASS
SPRINT-003,ISSUE-0195,Story,STORY-0085,TASK-0085,EPIC-016,BC-010,Backend,HIGH,PASS,PASS,PASS,PASS,PASS,PASS,NOT_APPLICABLE,PASS,PASS,PASS,PASS,PASS,PASS,PASS,PASS,contracts/operations/slo-sli-catalog.yaml;docs/05-operations/CAPACITY_AND_SCALING.md;contracts/operations/lock-and-queue-policy.yaml;contracts/operations/external-dependency-register.csv;contracts/operations/vendor-exit-matrix.csv;contracts/operations/cost-model.yaml;docs/05-operations/COST_AND_UNIT_ECONOMICS.md;contracts/operations/recovery-objectives.yaml;docs/05-operations/BACKUP_RESTORE.md;contracts/operations/version-and-rollback-matrix.yaml;docs/03-engineering/DATABASE_MIGRATIONS.md;docs/05-operations/OBSERVABILITY.md;docs/04-quality/THREAT_MODEL.md;docs/04-quality/SECURITY_PRIVACY_LGPD.md;contracts/privacy/lgpd-control-matrix.csv;docs/04-quality/LGPD_CONTROL_MODEL.md,BENCHMARK_AND_OPERATIONS_GATES,PASS
SPRINT-003,ISSUE-0196,Story,STORY-0086,TASK-0086,EPIC-016,BC-010,DevOps,CRITICAL,PASS,PASS,PASS,PASS,PASS,PASS,NOT_APPLICABLE,PASS,PASS,NOT_APPLICABLE,NOT_APPLICABLE,PASS,PASS,NOT_APPLICABLE,PASS,contracts/operations/slo-sli-catalog.yaml;docs/05-operations/CAPACITY_AND_SCALING.md;contracts/operations/lock-and-queue-policy.yaml;contracts/operations/external-dependency-register.csv;contracts/operations/vendor-exit-matrix.csv;contracts/operations/cost-model.yaml;docs/05-operations/COST_AND_UNIT_ECONOMICS.md;docs/05-operations/OBSERVABILITY.md;docs/04-quality/THREAT_MODEL.md;docs/04-quality/SECURITY_PRIVACY_LGPD.md;contracts/operations/version-and-rollback-matrix.yaml,SECURITY_AND_PRIVACY_GATES,PASS
SPRINT-003,ISSUE-0197,Story,STORY-0087,TASK-0087,EPIC-016,BC-010,QA,HIGH,PASS,PASS,PASS,PASS,PASS,PASS,NOT_APPLICABLE,PASS,PASS,NOT_APPLICABLE,NOT_APPLICABLE,PASS,PASS,NOT_APPLICABLE,PASS,contracts/operations/slo-sli-catalog.yaml;docs/05-operations/CAPACITY_AND_SCALING.md;contracts/operations/lock-and-queue-policy.yaml;contracts/operations/external-dependency-register.csv;contracts/operations/vendor-exit-matrix.csv;contracts/operations/cost-model.yaml;docs/05-operations/COST_AND_UNIT_ECONOMICS.md;docs/05-operations/OBSERVABILITY.md;docs/04-quality/THREAT_MODEL.md;docs/04-quality/SECURITY_PRIVACY_LGPD.md;contracts/operations/version-and-rollback-matrix.yaml,BENCHMARK_AND_OPERATIONS_GATES,PASS
SPRINT-003,ISSUE-0198,Story,STORY-0088,TASK-0088,EPIC-016,BC-010,Reviewer,HIGH,PASS,PASS,PASS,PASS,PASS,PASS,NOT_APPLICABLE,PASS,PASS,NOT_APPLICABLE,NOT_APPLICABLE,PASS,PASS,NOT_APPLICABLE,PASS,contracts/operations/slo-sli-catalog.yaml;docs/05-operations/CAPACITY_AND_SCALING.md;contracts/operations/lock-and-queue-policy.yaml;contracts/operations/external-dependency-register.csv;contracts/operations/vendor-exit-matrix.csv;contracts/operations/cost-model.yaml;docs/05-operations/COST_AND_UNIT_ECONOMICS.md;docs/05-operations/OBSERVABILITY.md;docs/04-quality/THREAT_MODEL.md;docs/04-quality/SECURITY_PRIVACY_LGPD.md;contracts/operations/version-and-rollback-matrix.yaml,BENCHMARK_AND_OPERATIONS_GATES,PASS
SPRINT-003,ISSUE-0199,Story,STORY-0089,TASK-0089,EPIC-017,BC-010,Arquiteto,HIGH,PASS,PASS,PASS,PASS,PASS,PASS,NOT_APPLICABLE,PASS,PASS,NOT_APPLICABLE,PASS,PASS,PASS,PASS,PASS,contracts/operations/slo-sli-catalog.yaml;docs/05-operations/CAPACITY_AND_SCALING.md;contracts/operations/lock-and-queue-policy.yaml;contracts/operations/external-dependency-register.csv;contracts/operations/vendor-exit-matrix.csv;contracts/operations/cost-model.yaml;docs/05-operations/COST_AND_UNIT_ECONOMICS.md;contracts/operations/version-and-rollback-matrix.yaml;docs/03-engineering/DATABASE_MIGRATIONS.md;docs/05-operations/OBSERVABILITY.md;docs/04-quality/THREAT_MODEL.md;docs/04-quality/SECURITY_PRIVACY_LGPD.md;contracts/privacy/lgpd-control-matrix.csv;docs/04-quality/LGPD_CONTROL_MODEL.md,BENCHMARK_AND_OPERATIONS_GATES,PASS
SPRINT-003,ISSUE-0200,Story,STORY-0090,TASK-0090,EPIC-017,BC-010,Backend,HIGH,PASS,PASS,PASS,PASS,PASS,PASS,NOT_APPLICABLE,PASS,PASS,PASS,PASS,PASS,PASS,PASS,PASS,contracts/operations/slo-sli-catalog.yaml;docs/05-operations/CAPACITY_AND_SCALING.md;contracts/operations/lock-and-queue-policy.yaml;contracts/operations/external-dependency-register.csv;contracts/operations/vendor-exit-matrix.csv;contracts/operations/cost-model.yaml;docs/05-operations/COST_AND_UNIT_ECONOMICS.md;contracts/operations/recovery-objectives.yaml;docs/05-operations/BACKUP_RESTORE.md;contracts/operations/version-and-rollback-matrix.yaml;docs/03-engineering/DATABASE_MIGRATIONS.md;docs/05-operations/OBSERVABILITY.md;docs/04-quality/THREAT_MODEL.md;docs/04-quality/SECURITY_PRIVACY_LGPD.md;contracts/privacy/lgpd-control-matrix.csv;docs/04-quality/LGPD_CONTROL_MODEL.md,BENCHMARK_AND_OPERATIONS_GATES,PASS
SPRINT-003,ISSUE-0201,Story,STORY-0091,TASK-0091,EPIC-017,BC-010,Backend,HIGH,PASS,PASS,PASS,PASS,PASS,PASS,NOT_APPLICABLE,PASS,PASS,PASS,PASS,PASS,PASS,PASS,PASS,contracts/operations/slo-sli-catalog.yaml;docs/05-operations/CAPACITY_AND_SCALING.md;contracts/operations/lock-and-queue-policy.yaml;contracts/operations/external-dependency-register.csv;contracts/operations/vendor-exit-matrix.csv;contracts/operations/cost-model.yaml;docs/05-operations/COST_AND_UNIT_ECONOMICS.md;contracts/operations/recovery-objectives.yaml;docs/05-operations/BACKUP_RESTORE.md;contracts/operations/version-and-rollback-matrix.yaml;docs/03-engineering/DATABASE_MIGRATIONS.md;docs/05-operations/OBSERVABILITY.md;docs/04-quality/THREAT_MODEL.md;docs/04-quality/SECURITY_PRIVACY_LGPD.md;contracts/privacy/lgpd-control-matrix.csv;docs/04-quality/LGPD_CONTROL_MODEL.md,BENCHMARK_AND_OPERATIONS_GATES,PASS
SPRINT-003,ISSUE-0202,Story,STORY-0092,TASK-0092,EPIC-017,BC-010,Backend,HIGH,PASS,PASS,PASS,PASS,PASS,PASS,NOT_APPLICABLE,PASS,PASS,PASS,PASS,PASS,PASS,PASS,PASS,contracts/operations/slo-sli-catalog.yaml;docs/05-operations/CAPACITY_AND_SCALING.md;contracts/operations/lock-and-queue-policy.yaml;contracts/operations/external-dependency-register.csv;contracts/operations/vendor-exit-matrix.csv;contracts/operations/cost-model.yaml;docs/05-operations/COST_AND_UNIT_ECONOMICS.md;contracts/operations/recovery-objectives.yaml;docs/05-operations/BACKUP_RESTORE.md;contracts/operations/version-and-rollback-matrix.yaml;docs/03-engineering/DATABASE_MIGRATIONS.md;docs/05-operations/OBSERVABILITY.md;docs/04-quality/THREAT_MODEL.md;docs/04-quality/SECURITY_PRIVACY_LGPD.md;contracts/privacy/lgpd-control-matrix.csv;docs/04-quality/LGPD_CONTROL_MODEL.md,BENCHMARK_AND_OPERATIONS_GATES,PASS
SPRINT-003,ISSUE-0203,Story,STORY-0093,TASK-0093,EPIC-017,BC-010,DevOps,CRITICAL,PASS,PASS,PASS,PASS,PASS,PASS,NOT_APPLICABLE,PASS,PASS,NOT_APPLICABLE,PASS,PASS,PASS,PASS,PASS,contracts/operations/slo-sli-catalog.yaml;docs/05-operations/CAPACITY_AND_SCALING.md;contracts/operations/lock-and-queue-policy.yaml;contracts/operations/external-dependency-register.csv;contracts/operations/vendor-exit-matrix.csv;contracts/operations/cost-model.yaml;docs/05-operations/COST_AND_UNIT_ECONOMICS.md;contracts/operations/version-and-rollback-matrix.yaml;docs/03-engineering/DATABASE_MIGRATIONS.md;docs/05-operations/OBSERVABILITY.md;docs/04-quality/THREAT_MODEL.md;docs/04-quality/SECURITY_PRIVACY_LGPD.md;contracts/privacy/lgpd-control-matrix.csv;docs/04-quality/LGPD_CONTROL_MODEL.md,SECURITY_AND_PRIVACY_GATES,PASS
SPRINT-003,ISSUE-0204,Story,STORY-0094,TASK-0094,EPIC-017,BC-010,QA,HIGH,PASS,PASS,PASS,PASS,PASS,PASS,NOT_APPLICABLE,PASS,PASS,NOT_APPLICABLE,PASS,PASS,PASS,PASS,PASS,contracts/operations/slo-sli-catalog.yaml;docs/05-operations/CAPACITY_AND_SCALING.md;contracts/operations/lock-and-queue-policy.yaml;contracts/operations/external-dependency-register.csv;contracts/operations/vendor-exit-matrix.csv;contracts/operations/cost-model.yaml;docs/05-operations/COST_AND_UNIT_ECONOMICS.md;contracts/operations/version-and-rollback-matrix.yaml;docs/03-engineering/DATABASE_MIGRATIONS.md;docs/05-operations/OBSERVABILITY.md;docs/04-quality/THREAT_MODEL.md;docs/04-quality/SECURITY_PRIVACY_LGPD.md;contracts/privacy/lgpd-control-matrix.csv;docs/04-quality/LGPD_CONTROL_MODEL.md,BENCHMARK_AND_OPERATIONS_GATES,PASS
SPRINT-003,ISSUE-0205,Story,STORY-0095,TASK-0095,EPIC-017,BC-010,Reviewer,HIGH,PASS,PASS,PASS,PASS,PASS,PASS,NOT_APPLICABLE,PASS,PASS,NOT_APPLICABLE,PASS,PASS,PASS,PASS,PASS,contracts/operations/slo-sli-catalog.yaml;docs/05-operations/CAPACITY_AND_SCALING.md;contracts/operations/lock-and-queue-policy.yaml;contracts/operations/external-dependency-register.csv;contracts/operations/vendor-exit-matrix.csv;contracts/operations/cost-model.yaml;docs/05-operations/COST_AND_UNIT_ECONOMICS.md;contracts/operations/version-and-rollback-matrix.yaml;docs/03-engineering/DATABASE_MIGRATIONS.md;docs/05-operations/OBSERVABILITY.md;docs/04-quality/THREAT_MODEL.md;docs/04-quality/SECURITY_PRIVACY_LGPD.md;contracts/privacy/lgpd-control-matrix.csv;docs/04-quality/LGPD_CONTROL_MODEL.md,BENCHMARK_AND_OPERATIONS_GATES,PASS
SPRINT-003,ISSUE-0206,Story,STORY-0096,TASK-0096,EPIC-018,BC-010,Arquiteto,CRITICAL,PASS,PASS,PASS,PASS,PASS,PASS,NOT_APPLICABLE,PASS,PASS,NOT_APPLICABLE,PASS,PASS,PASS,PASS,PASS,contracts/operations/slo-sli-catalog.yaml;docs/05-operations/CAPACITY_AND_SCALING.md;contracts/operations/lock-and-queue-policy.yaml;contracts/operations/external-dependency-register.csv;contracts/operations/vendor-exit-matrix.csv;contracts/operations/cost-model.yaml;docs/05-operations/COST_AND_UNIT_ECONOMICS.md;contracts/operations/version-and-rollback-matrix.yaml;docs/03-engineering/DATABASE_MIGRATIONS.md;docs/05-operations/OBSERVABILITY.md;docs/04-quality/THREAT_MODEL.md;docs/04-quality/SECURITY_PRIVACY_LGPD.md;contracts/privacy/lgpd-control-matrix.csv;docs/04-quality/LGPD_CONTROL_MODEL.md,SECURITY_AND_PRIVACY_GATES,PASS
SPRINT-003,ISSUE-0207,Story,STORY-0097,TASK-0097,EPIC-018,BC-010,Backend,HIGH,PASS,PASS,PASS,PASS,PASS,PASS,NOT_APPLICABLE,PASS,PASS,PASS,PASS,PASS,PASS,NOT_APPLICABLE,PASS,contracts/operations/slo-sli-catalog.yaml;docs/05-operations/CAPACITY_AND_SCALING.md;contracts/operations/lock-and-queue-policy.yaml;contracts/operations/external-dependency-register.csv;contracts/operations/vendor-exit-matrix.csv;contracts/operations/cost-model.yaml;docs/05-operations/COST_AND_UNIT_ECONOMICS.md;contracts/operations/recovery-objectives.yaml;docs/05-operations/BACKUP_RESTORE.md;contracts/operations/version-and-rollback-matrix.yaml;docs/03-engineering/DATABASE_MIGRATIONS.md;docs/05-operations/OBSERVABILITY.md;docs/04-quality/THREAT_MODEL.md;docs/04-quality/SECURITY_PRIVACY_LGPD.md,BENCHMARK_AND_OPERATIONS_GATES,PASS
SPRINT-003,ISSUE-0208,Story,STORY-0098,TASK-0098,EPIC-018,BC-010,Backend,HIGH,PASS,PASS,PASS,PASS,PASS,PASS,NOT_APPLICABLE,PASS,PASS,PASS,PASS,PASS,PASS,NOT_APPLICABLE,PASS,contracts/operations/slo-sli-catalog.yaml;docs/05-operations/CAPACITY_AND_SCALING.md;contracts/operations/lock-and-queue-policy.yaml;contracts/operations/external-dependency-register.csv;contracts/operations/vendor-exit-matrix.csv;contracts/operations/cost-model.yaml;docs/05-operations/COST_AND_UNIT_ECONOMICS.md;contracts/operations/recovery-objectives.yaml;docs/05-operations/BACKUP_RESTORE.md;contracts/operations/version-and-rollback-matrix.yaml;docs/03-engineering/DATABASE_MIGRATIONS.md;docs/05-operations/OBSERVABILITY.md;docs/04-quality/THREAT_MODEL.md;docs/04-quality/SECURITY_PRIVACY_LGPD.md,BENCHMARK_AND_OPERATIONS_GATES,PASS
SPRINT-003,ISSUE-0209,Story,STORY-0099,TASK-0099,EPIC-018,BC-010,Backend,HIGH,PASS,PASS,PASS,PASS,PASS,PASS,PASS,PASS,PASS,PASS,PASS,PASS,PASS,PASS,PASS,contracts/operations/slo-sli-catalog.yaml;docs/05-operations/CAPACITY_AND_SCALING.md;contracts/operations/lock-and-queue-policy.yaml;contracts/operations/external-dependency-register.csv;contracts/operations/vendor-exit-matrix.csv;contracts/operations/cost-model.yaml;docs/05-operations/COST_AND_UNIT_ECONOMICS.md;contracts/operations/recovery-objectives.yaml;docs/05-operations/BACKUP_RESTORE.md;contracts/operations/version-and-rollback-matrix.yaml;docs/03-engineering/DATABASE_MIGRATIONS.md;docs/05-operations/OBSERVABILITY.md;docs/04-quality/THREAT_MODEL.md;docs/04-quality/SECURITY_PRIVACY_LGPD.md;contracts/privacy/lgpd-control-matrix.csv;docs/04-quality/LGPD_CONTROL_MODEL.md,BENCHMARK_AND_OPERATIONS_GATES,PASS
SPRINT-003,ISSUE-0210,Story,STORY-0100,TASK-0100,EPIC-018,BC-010,DevOps,CRITICAL,PASS,PASS,PASS,PASS,PASS,PASS,NOT_APPLICABLE,PASS,PASS,NOT_APPLICABLE,NOT_APPLICABLE,PASS,PASS,NOT_APPLICABLE,PASS,contracts/operations/slo-sli-catalog.yaml;docs/05-operations/CAPACITY_AND_SCALING.md;contracts/operations/lock-and-queue-policy.yaml;contracts/operations/external-dependency-register.csv;contracts/operations/vendor-exit-matrix.csv;contracts/operations/cost-model.yaml;docs/05-operations/COST_AND_UNIT_ECONOMICS.md;docs/05-operations/OBSERVABILITY.md;docs/04-quality/THREAT_MODEL.md;docs/04-quality/SECURITY_PRIVACY_LGPD.md;contracts/operations/version-and-rollback-matrix.yaml,SECURITY_AND_PRIVACY_GATES,PASS
SPRINT-003,ISSUE-0211,Story,STORY-0101,TASK-0101,EPIC-018,BC-010,QA,HIGH,PASS,PASS,PASS,PASS,PASS,PASS,NOT_APPLICABLE,PASS,PASS,NOT_APPLICABLE,NOT_APPLICABLE,PASS,PASS,NOT_APPLICABLE,PASS,contracts/operations/slo-sli-catalog.yaml;docs/05-operations/CAPACITY_AND_SCALING.md;contracts/operations/lock-and-queue-policy.yaml;contracts/operations/external-dependency-register.csv;contracts/operations/vendor-exit-matrix.csv;contracts/operations/cost-model.yaml;docs/05-operations/COST_AND_UNIT_ECONOMICS.md;docs/05-operations/OBSERVABILITY.md;docs/04-quality/THREAT_MODEL.md;docs/04-quality/SECURITY_PRIVACY_LGPD.md;contracts/operations/version-and-rollback-matrix.yaml,BENCHMARK_AND_OPERATIONS_GATES,PASS
SPRINT-003,ISSUE-0212,Story,STORY-0102,TASK-0102,EPIC-018,BC-010,Reviewer,HIGH,PASS,PASS,PASS,PASS,PASS,PASS,NOT_APPLICABLE,PASS,PASS,NOT_APPLICABLE,NOT_APPLICABLE,PASS,PASS,NOT_APPLICABLE,PASS,contracts/operations/slo-sli-catalog.yaml;docs/05-operations/CAPACITY_AND_SCALING.md;contracts/operations/lock-and-queue-policy.yaml;contracts/operations/external-dependency-register.csv;contracts/operations/vendor-exit-matrix.csv;contracts/operations/cost-model.yaml;docs/05-operations/COST_AND_UNIT_ECONOMICS.md;docs/05-operations/OBSERVABILITY.md;docs/04-quality/THREAT_MODEL.md;docs/04-quality/SECURITY_PRIVACY_LGPD.md;contracts/operations/version-and-rollback-matrix.yaml,BENCHMARK_AND_OPERATIONS_GATES,PASS
SPRINT-003,ISSUE-0213,Story,STORY-0103,TASK-0103,EPIC-019,BC-010,Arquiteto,CRITICAL,PASS,PASS,PASS,PASS,PASS,PASS,NOT_APPLICABLE,PASS,PASS,NOT_APPLICABLE,PASS,PASS,PASS,PASS,PASS,contracts/operations/slo-sli-catalog.yaml;docs/05-operations/CAPACITY_AND_SCALING.md;contracts/operations/lock-and-queue-policy.yaml;contracts/operations/external-dependency-register.csv;contracts/operations/vendor-exit-matrix.csv;contracts/operations/cost-model.yaml;docs/05-operations/COST_AND_UNIT_ECONOMICS.md;contracts/operations/version-and-rollback-matrix.yaml;docs/03-engineering/DATABASE_MIGRATIONS.md;docs/05-operations/OBSERVABILITY.md;docs/04-quality/THREAT_MODEL.md;docs/04-quality/SECURITY_PRIVACY_LGPD.md;contracts/privacy/lgpd-control-matrix.csv;docs/04-quality/LGPD_CONTROL_MODEL.md,SECURITY_AND_PRIVACY_GATES,PASS
SPRINT-003,ISSUE-0214,Story,STORY-0104,TASK-0104,EPIC-019,BC-010,Backend,HIGH,PASS,PASS,PASS,PASS,PASS,PASS,NOT_APPLICABLE,PASS,PASS,PASS,PASS,PASS,PASS,NOT_APPLICABLE,PASS,contracts/operations/slo-sli-catalog.yaml;docs/05-operations/CAPACITY_AND_SCALING.md;contracts/operations/lock-and-queue-policy.yaml;contracts/operations/external-dependency-register.csv;contracts/operations/vendor-exit-matrix.csv;contracts/operations/cost-model.yaml;docs/05-operations/COST_AND_UNIT_ECONOMICS.md;contracts/operations/recovery-objectives.yaml;docs/05-operations/BACKUP_RESTORE.md;contracts/operations/version-and-rollback-matrix.yaml;docs/03-engineering/DATABASE_MIGRATIONS.md;docs/05-operations/OBSERVABILITY.md;docs/04-quality/THREAT_MODEL.md;docs/04-quality/SECURITY_PRIVACY_LGPD.md,BENCHMARK_AND_OPERATIONS_GATES,PASS
SPRINT-003,ISSUE-0215,Story,STORY-0105,TASK-0105,EPIC-019,BC-010,Backend,HIGH,PASS,PASS,PASS,PASS,PASS,PASS,NOT_APPLICABLE,PASS,PASS,PASS,PASS,PASS,PASS,NOT_APPLICABLE,PASS,contracts/operations/slo-sli-catalog.yaml;docs/05-operations/CAPACITY_AND_SCALING.md;contracts/operations/lock-and-queue-policy.yaml;contracts/operations/external-dependency-register.csv;contracts/operations/vendor-exit-matrix.csv;contracts/operations/cost-model.yaml;docs/05-operations/COST_AND_UNIT_ECONOMICS.md;contracts/operations/recovery-objectives.yaml;docs/05-operations/BACKUP_RESTORE.md;contracts/operations/version-and-rollback-matrix.yaml;docs/03-engineering/DATABASE_MIGRATIONS.md;docs/05-operations/OBSERVABILITY.md;docs/04-quality/THREAT_MODEL.md;docs/04-quality/SECURITY_PRIVACY_LGPD.md,BENCHMARK_AND_OPERATIONS_GATES,PASS
SPRINT-003,ISSUE-0216,Story,STORY-0106,TASK-0106,EPIC-019,BC-010,Backend,HIGH,PASS,PASS,PASS,PASS,PASS,PASS,PASS,PASS,PASS,PASS,PASS,PASS,PASS,PASS,PASS,contracts/operations/slo-sli-catalog.yaml;docs/05-operations/CAPACITY_AND_SCALING.md;contracts/operations/lock-and-queue-policy.yaml;contracts/operations/external-dependency-register.csv;contracts/operations/vendor-exit-matrix.csv;contracts/operations/cost-model.yaml;docs/05-operations/COST_AND_UNIT_ECONOMICS.md;contracts/operations/recovery-objectives.yaml;docs/05-operations/BACKUP_RESTORE.md;contracts/operations/version-and-rollback-matrix.yaml;docs/03-engineering/DATABASE_MIGRATIONS.md;docs/05-operations/OBSERVABILITY.md;docs/04-quality/THREAT_MODEL.md;docs/04-quality/SECURITY_PRIVACY_LGPD.md;contracts/privacy/lgpd-control-matrix.csv;docs/04-quality/LGPD_CONTROL_MODEL.md,BENCHMARK_AND_OPERATIONS_GATES,PASS
SPRINT-003,ISSUE-0217,Story,STORY-0107,TASK-0107,EPIC-019,BC-010,DevOps,CRITICAL,PASS,PASS,PASS,PASS,PASS,PASS,NOT_APPLICABLE,PASS,PASS,NOT_APPLICABLE,NOT_APPLICABLE,PASS,PASS,NOT_APPLICABLE,PASS,contracts/operations/slo-sli-catalog.yaml;docs/05-operations/CAPACITY_AND_SCALING.md;contracts/operations/lock-and-queue-policy.yaml;contracts/operations/external-dependency-register.csv;contracts/operations/vendor-exit-matrix.csv;contracts/operations/cost-model.yaml;docs/05-operations/COST_AND_UNIT_ECONOMICS.md;docs/05-operations/OBSERVABILITY.md;docs/04-quality/THREAT_MODEL.md;docs/04-quality/SECURITY_PRIVACY_LGPD.md;contracts/operations/version-and-rollback-matrix.yaml,SECURITY_AND_PRIVACY_GATES,PASS
SPRINT-003,ISSUE-0218,Story,STORY-0108,TASK-0108,EPIC-019,BC-010,QA,HIGH,PASS,PASS,PASS,PASS,PASS,PASS,NOT_APPLICABLE,PASS,PASS,NOT_APPLICABLE,NOT_APPLICABLE,PASS,PASS,NOT_APPLICABLE,PASS,contracts/operations/slo-sli-catalog.yaml;docs/05-operations/CAPACITY_AND_SCALING.md;contracts/operations/lock-and-queue-policy.yaml;contracts/operations/external-dependency-register.csv;contracts/operations/vendor-exit-matrix.csv;contracts/operations/cost-model.yaml;docs/05-operations/COST_AND_UNIT_ECONOMICS.md;docs/05-operations/OBSERVABILITY.md;docs/04-quality/THREAT_MODEL.md;docs/04-quality/SECURITY_PRIVACY_LGPD.md;contracts/operations/version-and-rollback-matrix.yaml,BENCHMARK_AND_OPERATIONS_GATES,PASS
SPRINT-003,ISSUE-0219,Story,STORY-0109,TASK-0109,EPIC-019,BC-010,Reviewer,HIGH,PASS,PASS,PASS,PASS,PASS,PASS,NOT_APPLICABLE,PASS,PASS,NOT_APPLICABLE,NOT_APPLICABLE,PASS,PASS,NOT_APPLICABLE,PASS,contracts/operations/slo-sli-catalog.yaml;docs/05-operations/CAPACITY_AND_SCALING.md;contracts/operations/lock-and-queue-policy.yaml;contracts/operations/external-dependency-register.csv;contracts/operations/vendor-exit-matrix.csv;contracts/operations/cost-model.yaml;docs/05-operations/COST_AND_UNIT_ECONOMICS.md;docs/05-operations/OBSERVABILITY.md;docs/04-quality/THREAT_MODEL.md;docs/04-quality/SECURITY_PRIVACY_LGPD.md;contracts/operations/version-and-rollback-matrix.yaml,BENCHMARK_AND_OPERATIONS_GATES,PASS
SPRINT-003,ISSUE-0220,Story,STORY-0110,TASK-0110,EPIC-020,BC-016,Arquiteto,HIGH,PASS,NOT_APPLICABLE,PASS,PASS,PASS,PASS,NOT_APPLICABLE,PASS,NOT_APPLICABLE,NOT_APPLICABLE,PASS,PASS,PASS,PASS,PASS,contracts/operations/slo-sli-catalog.yaml;docs/05-operations/CAPACITY_AND_SCALING.md;contracts/operations/external-dependency-register.csv;contracts/operations/vendor-exit-matrix.csv;contracts/operations/cost-model.yaml;docs/05-operations/COST_AND_UNIT_ECONOMICS.md;contracts/operations/version-and-rollback-matrix.yaml;docs/03-engineering/DATABASE_MIGRATIONS.md;docs/05-operations/OBSERVABILITY.md;docs/04-quality/THREAT_MODEL.md;docs/04-quality/SECURITY_PRIVACY_LGPD.md;contracts/privacy/lgpd-control-matrix.csv;docs/04-quality/LGPD_CONTROL_MODEL.md,BENCHMARK_AND_OPERATIONS_GATES,PASS
SPRINT-003,ISSUE-0221,Story,STORY-0111,TASK-0111,EPIC-020,BC-016,Backend,CRITICAL,PASS,PASS,PASS,PASS,PASS,PASS,NOT_APPLICABLE,PASS,PASS,PASS,PASS,PASS,PASS,PASS,PASS,contracts/operations/slo-sli-catalog.yaml;docs/05-operations/CAPACITY_AND_SCALING.md;contracts/operations/lock-and-queue-policy.yaml;contracts/operations/external-dependency-register.csv;contracts/operations/vendor-exit-matrix.csv;contracts/operations/cost-model.yaml;docs/05-operations/COST_AND_UNIT_ECONOMICS.md;contracts/operations/recovery-objectives.yaml;docs/05-operations/BACKUP_RESTORE.md;contracts/operations/version-and-rollback-matrix.yaml;docs/03-engineering/DATABASE_MIGRATIONS.md;docs/05-operations/OBSERVABILITY.md;docs/04-quality/THREAT_MODEL.md;docs/04-quality/SECURITY_PRIVACY_LGPD.md;contracts/privacy/lgpd-control-matrix.csv;docs/04-quality/LGPD_CONTROL_MODEL.md,SECURITY_AND_PRIVACY_GATES,PASS
SPRINT-003,ISSUE-0222,Story,STORY-0112,TASK-0112,EPIC-020,BC-016,Backend,HIGH,PASS,PASS,PASS,PASS,PASS,PASS,NOT_APPLICABLE,PASS,NOT_APPLICABLE,PASS,PASS,PASS,PASS,PASS,PASS,contracts/operations/slo-sli-catalog.yaml;docs/05-operations/CAPACITY_AND_SCALING.md;contracts/operations/lock-and-queue-policy.yaml;contracts/operations/external-dependency-register.csv;contracts/operations/vendor-exit-matrix.csv;contracts/operations/cost-model.yaml;docs/05-operations/COST_AND_UNIT_ECONOMICS.md;contracts/operations/recovery-objectives.yaml;docs/05-operations/BACKUP_RESTORE.md;contracts/operations/version-and-rollback-matrix.yaml;docs/03-engineering/DATABASE_MIGRATIONS.md;docs/05-operations/OBSERVABILITY.md;docs/04-quality/THREAT_MODEL.md;docs/04-quality/SECURITY_PRIVACY_LGPD.md;contracts/privacy/lgpd-control-matrix.csv;docs/04-quality/LGPD_CONTROL_MODEL.md,BENCHMARK_AND_OPERATIONS_GATES,PASS
SPRINT-003,ISSUE-0223,Story,STORY-0113,TASK-0113,EPIC-020,BC-016,QA,CRITICAL,PASS,NOT_APPLICABLE,PASS,PASS,PASS,PASS,NOT_APPLICABLE,PASS,NOT_APPLICABLE,NOT_APPLICABLE,PASS,PASS,PASS,PASS,PASS,contracts/operations/slo-sli-catalog.yaml;docs/05-operations/CAPACITY_AND_SCALING.md;contracts/operations/external-dependency-register.csv;contracts/operations/vendor-exit-matrix.csv;contracts/operations/cost-model.yaml;docs/05-operations/COST_AND_UNIT_ECONOMICS.md;contracts/operations/version-and-rollback-matrix.yaml;docs/03-engineering/DATABASE_MIGRATIONS.md;docs/05-operations/OBSERVABILITY.md;docs/04-quality/THREAT_MODEL.md;docs/04-quality/SECURITY_PRIVACY_LGPD.md;contracts/privacy/lgpd-control-matrix.csv;docs/04-quality/LGPD_CONTROL_MODEL.md,SECURITY_AND_PRIVACY_GATES,PASS
SPRINT-003,ISSUE-0224,Story,STORY-0114,TASK-0114,EPIC-020,BC-016,Reviewer,MEDIUM,PASS,NOT_APPLICABLE,PASS,PASS,PASS,PASS,NOT_APPLICABLE,PASS,NOT_APPLICABLE,NOT_APPLICABLE,NOT_APPLICABLE,PASS,PASS,PASS,PASS,contracts/operations/slo-sli-catalog.yaml;docs/05-operations/CAPACITY_AND_SCALING.md;contracts/operations/external-dependency-register.csv;contracts/operations/vendor-exit-matrix.csv;contracts/operations/cost-model.yaml;docs/05-operations/COST_AND_UNIT_ECONOMICS.md;docs/05-operations/OBSERVABILITY.md;docs/04-quality/THREAT_MODEL.md;docs/04-quality/SECURITY_PRIVACY_LGPD.md;contracts/privacy/lgpd-control-matrix.csv;docs/04-quality/LGPD_CONTROL_MODEL.md;contracts/operations/version-and-rollback-matrix.yaml,IMPLEMENTATION_AUTHORIZATION,PASS
SPRINT-003,ISSUE-0831,Story,STORY-0721,TASK-0721,EPIC-014,BC-010,Backend,CRITICAL,PASS,PASS,PASS,PASS,PASS,PASS,PASS,PASS,PASS,PASS,PASS,PASS,PASS,PASS,PASS,contracts/operations/slo-sli-catalog.yaml;docs/05-operations/CAPACITY_AND_SCALING.md;contracts/operations/lock-and-queue-policy.yaml;contracts/operations/external-dependency-register.csv;contracts/operations/vendor-exit-matrix.csv;contracts/operations/cost-model.yaml;docs/05-operations/COST_AND_UNIT_ECONOMICS.md;contracts/operations/recovery-objectives.yaml;docs/05-operations/BACKUP_RESTORE.md;contracts/operations/version-and-rollback-matrix.yaml;docs/03-engineering/DATABASE_MIGRATIONS.md;docs/05-operations/OBSERVABILITY.md;docs/04-quality/THREAT_MODEL.md;docs/04-quality/SECURITY_PRIVACY_LGPD.md;contracts/privacy/lgpd-control-matrix.csv;docs/04-quality/LGPD_CONTROL_MODEL.md,SECURITY_AND_PRIVACY_GATES,PASS
SPRINT-003,ISSUE-0832,Story,STORY-0722,TASK-0722,EPIC-014,BC-010,Backend,CRITICAL,PASS,PASS,PASS,PASS,PASS,PASS,NOT_APPLICABLE,PASS,PASS,PASS,PASS,PASS,PASS,PASS,PASS,contracts/operations/slo-sli-catalog.yaml;docs/05-operations/CAPACITY_AND_SCALING.md;contracts/operations/lock-and-queue-policy.yaml;contracts/operations/external-dependency-register.csv;contracts/operations/vendor-exit-matrix.csv;contracts/operations/cost-model.yaml;docs/05-operations/COST_AND_UNIT_ECONOMICS.md;contracts/operations/recovery-objectives.yaml;docs/05-operations/BACKUP_RESTORE.md;contracts/operations/version-and-rollback-matrix.yaml;docs/03-engineering/DATABASE_MIGRATIONS.md;docs/05-operations/OBSERVABILITY.md;docs/04-quality/THREAT_MODEL.md;docs/04-quality/SECURITY_PRIVACY_LGPD.md;contracts/privacy/lgpd-control-matrix.csv;docs/04-quality/LGPD_CONTROL_MODEL.md,SECURITY_AND_PRIVACY_GATES,PASS
SPRINT-004,ISSUE-0065,Epic delivery envelope,,,EPIC-065,BC-010,Backend,CRITICAL,PASS,PASS,PASS,PASS,PASS,PASS,NOT_APPLICABLE,PASS,PASS,PASS,PASS,PASS,PASS,PASS,PASS,contracts/operations/slo-sli-catalog.yaml;docs/05-operations/CAPACITY_AND_SCALING.md;contracts/operations/lock-and-queue-policy.yaml;contracts/operations/external-dependency-register.csv;contracts/operations/vendor-exit-matrix.csv;contracts/operations/cost-model.yaml;docs/05-operations/COST_AND_UNIT_ECONOMICS.md;contracts/operations/version-and-rollback-matrix.yaml;docs/03-engineering/DATABASE_MIGRATIONS.md;docs/05-operations/OBSERVABILITY.md;docs/04-quality/THREAT_MODEL.md;docs/04-quality/SECURITY_PRIVACY_LGPD.md;contracts/privacy/lgpd-control-matrix.csv;docs/04-quality/LGPD_CONTROL_MODEL.md;contracts/operations/recovery-objectives.yaml;docs/05-operations/BACKUP_RESTORE.md,SECURITY_AND_PRIVACY_GATES,PASS
SPRINT-004,ISSUE-0066,Epic delivery envelope,,,EPIC-066,BC-010,Backend,CRITICAL,PASS,PASS,PASS,PASS,PASS,PASS,NOT_APPLICABLE,PASS,PASS,PASS,PASS,PASS,PASS,PASS,PASS,contracts/operations/slo-sli-catalog.yaml;docs/05-operations/CAPACITY_AND_SCALING.md;contracts/operations/lock-and-queue-policy.yaml;contracts/operations/external-dependency-register.csv;contracts/operations/vendor-exit-matrix.csv;contracts/operations/cost-model.yaml;docs/05-operations/COST_AND_UNIT_ECONOMICS.md;contracts/operations/recovery-objectives.yaml;docs/05-operations/BACKUP_RESTORE.md;contracts/operations/version-and-rollback-matrix.yaml;docs/03-engineering/DATABASE_MIGRATIONS.md;docs/05-operations/OBSERVABILITY.md;docs/04-quality/THREAT_MODEL.md;docs/04-quality/SECURITY_PRIVACY_LGPD.md;contracts/privacy/lgpd-control-matrix.csv;docs/04-quality/LGPD_CONTROL_MODEL.md,SECURITY_AND_PRIVACY_GATES,PASS
SPRINT-004,ISSUE-0067,Epic delivery envelope,,,EPIC-067,BC-010,Backend,CRITICAL,PASS,PASS,PASS,PASS,PASS,PASS,NOT_APPLICABLE,PASS,PASS,PASS,PASS,PASS,PASS,PASS,PASS,contracts/operations/slo-sli-catalog.yaml;docs/05-operations/CAPACITY_AND_SCALING.md;contracts/operations/lock-and-queue-policy.yaml;contracts/operations/external-dependency-register.csv;contracts/operations/vendor-exit-matrix.csv;contracts/operations/cost-model.yaml;docs/05-operations/COST_AND_UNIT_ECONOMICS.md;contracts/operations/version-and-rollback-matrix.yaml;docs/03-engineering/DATABASE_MIGRATIONS.md;docs/05-operations/OBSERVABILITY.md;docs/04-quality/THREAT_MODEL.md;docs/04-quality/SECURITY_PRIVACY_LGPD.md;contracts/privacy/lgpd-control-matrix.csv;docs/04-quality/LGPD_CONTROL_MODEL.md;contracts/operations/recovery-objectives.yaml;docs/05-operations/BACKUP_RESTORE.md,SECURITY_AND_PRIVACY_GATES,PASS
SPRINT-004,ISSUE-0068,Epic delivery envelope,,,EPIC-068,BC-010,Backend,CRITICAL,PASS,PASS,PASS,PASS,PASS,PASS,NOT_APPLICABLE,PASS,PASS,PASS,PASS,PASS,PASS,PASS,PASS,contracts/operations/slo-sli-catalog.yaml;docs/05-operations/CAPACITY_AND_SCALING.md;contracts/operations/lock-and-queue-policy.yaml;contracts/operations/external-dependency-register.csv;contracts/operations/vendor-exit-matrix.csv;contracts/operations/cost-model.yaml;docs/05-operations/COST_AND_UNIT_ECONOMICS.md;contracts/operations/version-and-rollback-matrix.yaml;docs/03-engineering/DATABASE_MIGRATIONS.md;docs/05-operations/OBSERVABILITY.md;docs/04-quality/THREAT_MODEL.md;docs/04-quality/SECURITY_PRIVACY_LGPD.md;contracts/privacy/lgpd-control-matrix.csv;docs/04-quality/LGPD_CONTROL_MODEL.md;contracts/operations/recovery-objectives.yaml;docs/05-operations/BACKUP_RESTORE.md,SECURITY_AND_PRIVACY_GATES,PASS
SPRINT-004,ISSUE-0069,Epic delivery envelope,,,EPIC-069,BC-010,Backend,CRITICAL,PASS,PASS,PASS,PASS,PASS,PASS,NOT_APPLICABLE,PASS,PASS,PASS,PASS,PASS,PASS,PASS,PASS,contracts/operations/slo-sli-catalog.yaml;docs/05-operations/CAPACITY_AND_SCALING.md;contracts/operations/lock-and-queue-policy.yaml;contracts/operations/external-dependency-register.csv;contracts/operations/vendor-exit-matrix.csv;contracts/operations/cost-model.yaml;docs/05-operations/COST_AND_UNIT_ECONOMICS.md;contracts/operations/version-and-rollback-matrix.yaml;docs/03-engineering/DATABASE_MIGRATIONS.md;docs/05-operations/OBSERVABILITY.md;docs/04-quality/THREAT_MODEL.md;docs/04-quality/SECURITY_PRIVACY_LGPD.md;contracts/privacy/lgpd-control-matrix.csv;docs/04-quality/LGPD_CONTROL_MODEL.md;contracts/operations/recovery-objectives.yaml;docs/05-operations/BACKUP_RESTORE.md,SECURITY_AND_PRIVACY_GATES,PASS
SPRINT-004,ISSUE-0104,Epic delivery envelope,,,EPIC-104,BC-010,Backend,CRITICAL,PASS,PASS,PASS,PASS,PASS,PASS,PASS,PASS,PASS,PASS,PASS,PASS,PASS,PASS,PASS,contracts/operations/slo-sli-catalog.yaml;docs/05-operations/CAPACITY_AND_SCALING.md;contracts/operations/lock-and-queue-policy.yaml;contracts/operations/external-dependency-register.csv;contracts/operations/vendor-exit-matrix.csv;contracts/operations/cost-model.yaml;docs/05-operations/COST_AND_UNIT_ECONOMICS.md;contracts/operations/version-and-rollback-matrix.yaml;docs/03-engineering/DATABASE_MIGRATIONS.md;docs/05-operations/OBSERVABILITY.md;docs/04-quality/THREAT_MODEL.md;docs/04-quality/SECURITY_PRIVACY_LGPD.md;contracts/privacy/lgpd-control-matrix.csv;docs/04-quality/LGPD_CONTROL_MODEL.md;contracts/operations/recovery-objectives.yaml;docs/05-operations/BACKUP_RESTORE.md,SECURITY_AND_PRIVACY_GATES,PASS
SPRINT-004,ISSUE-0514,Story,STORY-0404,TASK-0404,EPIC-065,BC-010,Arquiteto,CRITICAL,PASS,PASS,PASS,PASS,PASS,PASS,NOT_APPLICABLE,PASS,PASS,NOT_APPLICABLE,PASS,PASS,PASS,PASS,PASS,contracts/operations/slo-sli-catalog.yaml;docs/05-operations/CAPACITY_AND_SCALING.md;contracts/operations/lock-and-queue-policy.yaml;contracts/operations/external-dependency-register.csv;contracts/operations/vendor-exit-matrix.csv;contracts/operations/cost-model.yaml;docs/05-operations/COST_AND_UNIT_ECONOMICS.md;contracts/operations/version-and-rollback-matrix.yaml;docs/03-engineering/DATABASE_MIGRATIONS.md;docs/05-operations/OBSERVABILITY.md;docs/04-quality/THREAT_MODEL.md;docs/04-quality/SECURITY_PRIVACY_LGPD.md;contracts/privacy/lgpd-control-matrix.csv;docs/04-quality/LGPD_CONTROL_MODEL.md,SECURITY_AND_PRIVACY_GATES,PASS
SPRINT-004,ISSUE-0515,Story,STORY-0405,TASK-0405,EPIC-065,BC-010,Backend,HIGH,PASS,PASS,PASS,PASS,PASS,PASS,NOT_APPLICABLE,PASS,PASS,PASS,PASS,PASS,PASS,NOT_APPLICABLE,PASS,contracts/operations/slo-sli-catalog.yaml;docs/05-operations/CAPACITY_AND_SCALING.md;contracts/operations/lock-and-queue-policy.yaml;contracts/operations/external-dependency-register.csv;contracts/operations/vendor-exit-matrix.csv;contracts/operations/cost-model.yaml;docs/05-operations/COST_AND_UNIT_ECONOMICS.md;contracts/operations/recovery-objectives.yaml;docs/05-operations/BACKUP_RESTORE.md;contracts/operations/version-and-rollback-matrix.yaml;docs/03-engineering/DATABASE_MIGRATIONS.md;docs/05-operations/OBSERVABILITY.md;docs/04-quality/THREAT_MODEL.md;docs/04-quality/SECURITY_PRIVACY_LGPD.md,BENCHMARK_AND_OPERATIONS_GATES,PASS
SPRINT-004,ISSUE-0516,Story,STORY-0406,TASK-0406,EPIC-065,BC-010,Backend,HIGH,PASS,PASS,PASS,PASS,PASS,PASS,NOT_APPLICABLE,PASS,PASS,PASS,PASS,PASS,PASS,NOT_APPLICABLE,PASS,contracts/operations/slo-sli-catalog.yaml;docs/05-operations/CAPACITY_AND_SCALING.md;contracts/operations/lock-and-queue-policy.yaml;contracts/operations/external-dependency-register.csv;contracts/operations/vendor-exit-matrix.csv;contracts/operations/cost-model.yaml;docs/05-operations/COST_AND_UNIT_ECONOMICS.md;contracts/operations/recovery-objectives.yaml;docs/05-operations/BACKUP_RESTORE.md;contracts/operations/version-and-rollback-matrix.yaml;docs/03-engineering/DATABASE_MIGRATIONS.md;docs/05-operations/OBSERVABILITY.md;docs/04-quality/THREAT_MODEL.md;docs/04-quality/SECURITY_PRIVACY_LGPD.md,BENCHMARK_AND_OPERATIONS_GATES,PASS
SPRINT-004,ISSUE-0517,Story,STORY-0407,TASK-0407,EPIC-065,BC-010,Backend,HIGH,PASS,PASS,PASS,PASS,PASS,PASS,NOT_APPLICABLE,PASS,PASS,PASS,PASS,PASS,PASS,PASS,PASS,contracts/operations/slo-sli-catalog.yaml;docs/05-operations/CAPACITY_AND_SCALING.md;contracts/operations/lock-and-queue-policy.yaml;contracts/operations/external-dependency-register.csv;contracts/operations/vendor-exit-matrix.csv;contracts/operations/cost-model.yaml;docs/05-operations/COST_AND_UNIT_ECONOMICS.md;contracts/operations/recovery-objectives.yaml;docs/05-operations/BACKUP_RESTORE.md;contracts/operations/version-and-rollback-matrix.yaml;docs/03-engineering/DATABASE_MIGRATIONS.md;docs/05-operations/OBSERVABILITY.md;docs/04-quality/THREAT_MODEL.md;docs/04-quality/SECURITY_PRIVACY_LGPD.md;contracts/privacy/lgpd-control-matrix.csv;docs/04-quality/LGPD_CONTROL_MODEL.md,BENCHMARK_AND_OPERATIONS_GATES,PASS
SPRINT-004,ISSUE-0518,Story,STORY-0408,TASK-0408,EPIC-065,BC-010,DevOps,CRITICAL,PASS,PASS,PASS,PASS,PASS,PASS,NOT_APPLICABLE,PASS,PASS,NOT_APPLICABLE,NOT_APPLICABLE,PASS,PASS,NOT_APPLICABLE,PASS,contracts/operations/slo-sli-catalog.yaml;docs/05-operations/CAPACITY_AND_SCALING.md;contracts/operations/lock-and-queue-policy.yaml;contracts/operations/external-dependency-register.csv;contracts/operations/vendor-exit-matrix.csv;contracts/operations/cost-model.yaml;docs/05-operations/COST_AND_UNIT_ECONOMICS.md;docs/05-operations/OBSERVABILITY.md;docs/04-quality/THREAT_MODEL.md;docs/04-quality/SECURITY_PRIVACY_LGPD.md;contracts/operations/version-and-rollback-matrix.yaml,SECURITY_AND_PRIVACY_GATES,PASS
SPRINT-004,ISSUE-0519,Story,STORY-0409,TASK-0409,EPIC-065,BC-010,QA,HIGH,PASS,PASS,PASS,PASS,PASS,PASS,NOT_APPLICABLE,PASS,PASS,NOT_APPLICABLE,NOT_APPLICABLE,PASS,PASS,NOT_APPLICABLE,PASS,contracts/operations/slo-sli-catalog.yaml;docs/05-operations/CAPACITY_AND_SCALING.md;contracts/operations/lock-and-queue-policy.yaml;contracts/operations/external-dependency-register.csv;contracts/operations/vendor-exit-matrix.csv;contracts/operations/cost-model.yaml;docs/05-operations/COST_AND_UNIT_ECONOMICS.md;docs/05-operations/OBSERVABILITY.md;docs/04-quality/THREAT_MODEL.md;docs/04-quality/SECURITY_PRIVACY_LGPD.md;contracts/operations/version-and-rollback-matrix.yaml,BENCHMARK_AND_OPERATIONS_GATES,PASS
SPRINT-004,ISSUE-0520,Story,STORY-0410,TASK-0410,EPIC-065,BC-010,Reviewer,HIGH,PASS,PASS,PASS,PASS,PASS,PASS,NOT_APPLICABLE,PASS,PASS,NOT_APPLICABLE,NOT_APPLICABLE,PASS,PASS,NOT_APPLICABLE,PASS,contracts/operations/slo-sli-catalog.yaml;docs/05-operations/CAPACITY_AND_SCALING.md;contracts/operations/lock-and-queue-policy.yaml;contracts/operations/external-dependency-register.csv;contracts/operations/vendor-exit-matrix.csv;contracts/operations/cost-model.yaml;docs/05-operations/COST_AND_UNIT_ECONOMICS.md;docs/05-operations/OBSERVABILITY.md;docs/04-quality/THREAT_MODEL.md;docs/04-quality/SECURITY_PRIVACY_LGPD.md;contracts/operations/version-and-rollback-matrix.yaml,BENCHMARK_AND_OPERATIONS_GATES,PASS
SPRINT-004,ISSUE-0521,Story,STORY-0411,TASK-0411,EPIC-066,BC-010,Arquiteto,CRITICAL,PASS,PASS,PASS,PASS,PASS,PASS,NOT_APPLICABLE,PASS,PASS,PASS,PASS,PASS,PASS,PASS,PASS,contracts/operations/slo-sli-catalog.yaml;docs/05-operations/CAPACITY_AND_SCALING.md;contracts/operations/lock-and-queue-policy.yaml;contracts/operations/external-dependency-register.csv;contracts/operations/vendor-exit-matrix.csv;contracts/operations/cost-model.yaml;docs/05-operations/COST_AND_UNIT_ECONOMICS.md;contracts/operations/recovery-objectives.yaml;docs/05-operations/BACKUP_RESTORE.md;contracts/operations/version-and-rollback-matrix.yaml;docs/03-engineering/DATABASE_MIGRATIONS.md;docs/05-operations/OBSERVABILITY.md;docs/04-quality/THREAT_MODEL.md;docs/04-quality/SECURITY_PRIVACY_LGPD.md;contracts/privacy/lgpd-control-matrix.csv;docs/04-quality/LGPD_CONTROL_MODEL.md,SECURITY_AND_PRIVACY_GATES,PASS
SPRINT-004,ISSUE-0522,Story,STORY-0412,TASK-0412,EPIC-066,BC-010,Backend,HIGH,PASS,PASS,PASS,PASS,PASS,PASS,NOT_APPLICABLE,PASS,PASS,PASS,PASS,PASS,PASS,NOT_APPLICABLE,PASS,contracts/operations/slo-sli-catalog.yaml;docs/05-operations/CAPACITY_AND_SCALING.md;contracts/operations/lock-and-queue-policy.yaml;contracts/operations/external-dependency-register.csv;contracts/operations/vendor-exit-matrix.csv;contracts/operations/cost-model.yaml;docs/05-operations/COST_AND_UNIT_ECONOMICS.md;contracts/operations/recovery-objectives.yaml;docs/05-operations/BACKUP_RESTORE.md;contracts/operations/version-and-rollback-matrix.yaml;docs/03-engineering/DATABASE_MIGRATIONS.md;docs/05-operations/OBSERVABILITY.md;docs/04-quality/THREAT_MODEL.md;docs/04-quality/SECURITY_PRIVACY_LGPD.md,BENCHMARK_AND_OPERATIONS_GATES,PASS
SPRINT-004,ISSUE-0523,Story,STORY-0413,TASK-0413,EPIC-066,BC-010,Backend,HIGH,PASS,PASS,PASS,PASS,PASS,PASS,NOT_APPLICABLE,PASS,PASS,PASS,PASS,PASS,PASS,NOT_APPLICABLE,PASS,contracts/operations/slo-sli-catalog.yaml;docs/05-operations/CAPACITY_AND_SCALING.md;contracts/operations/lock-and-queue-policy.yaml;contracts/operations/external-dependency-register.csv;contracts/operations/vendor-exit-matrix.csv;contracts/operations/cost-model.yaml;docs/05-operations/COST_AND_UNIT_ECONOMICS.md;contracts/operations/recovery-objectives.yaml;docs/05-operations/BACKUP_RESTORE.md;contracts/operations/version-and-rollback-matrix.yaml;docs/03-engineering/DATABASE_MIGRATIONS.md;docs/05-operations/OBSERVABILITY.md;docs/04-quality/THREAT_MODEL.md;docs/04-quality/SECURITY_PRIVACY_LGPD.md,BENCHMARK_AND_OPERATIONS_GATES,PASS
SPRINT-004,ISSUE-0524,Story,STORY-0414,TASK-0414,EPIC-066,BC-010,Backend,HIGH,PASS,PASS,PASS,PASS,PASS,PASS,NOT_APPLICABLE,PASS,PASS,PASS,PASS,PASS,PASS,PASS,PASS,contracts/operations/slo-sli-catalog.yaml;docs/05-operations/CAPACITY_AND_SCALING.md;contracts/operations/lock-and-queue-policy.yaml;contracts/operations/external-dependency-register.csv;contracts/operations/vendor-exit-matrix.csv;contracts/operations/cost-model.yaml;docs/05-operations/COST_AND_UNIT_ECONOMICS.md;contracts/operations/recovery-objectives.yaml;docs/05-operations/BACKUP_RESTORE.md;contracts/operations/version-and-rollback-matrix.yaml;docs/03-engineering/DATABASE_MIGRATIONS.md;docs/05-operations/OBSERVABILITY.md;docs/04-quality/THREAT_MODEL.md;docs/04-quality/SECURITY_PRIVACY_LGPD.md;contracts/privacy/lgpd-control-matrix.csv;docs/04-quality/LGPD_CONTROL_MODEL.md,BENCHMARK_AND_OPERATIONS_GATES,PASS
SPRINT-004,ISSUE-0525,Story,STORY-0415,TASK-0415,EPIC-066,BC-010,DevOps,CRITICAL,PASS,PASS,PASS,PASS,PASS,PASS,NOT_APPLICABLE,PASS,PASS,PASS,NOT_APPLICABLE,PASS,PASS,NOT_APPLICABLE,PASS,contracts/operations/slo-sli-catalog.yaml;docs/05-operations/CAPACITY_AND_SCALING.md;contracts/operations/lock-and-queue-policy.yaml;contracts/operations/external-dependency-register.csv;contracts/operations/vendor-exit-matrix.csv;contracts/operations/cost-model.yaml;docs/05-operations/COST_AND_UNIT_ECONOMICS.md;contracts/operations/recovery-objectives.yaml;docs/05-operations/BACKUP_RESTORE.md;docs/05-operations/OBSERVABILITY.md;docs/04-quality/THREAT_MODEL.md;docs/04-quality/SECURITY_PRIVACY_LGPD.md;contracts/operations/version-and-rollback-matrix.yaml,SECURITY_AND_PRIVACY_GATES,PASS
SPRINT-004,ISSUE-0526,Story,STORY-0416,TASK-0416,EPIC-066,BC-010,QA,HIGH,PASS,PASS,PASS,PASS,PASS,PASS,NOT_APPLICABLE,PASS,PASS,PASS,NOT_APPLICABLE,PASS,PASS,NOT_APPLICABLE,PASS,contracts/operations/slo-sli-catalog.yaml;docs/05-operations/CAPACITY_AND_SCALING.md;contracts/operations/lock-and-queue-policy.yaml;contracts/operations/external-dependency-register.csv;contracts/operations/vendor-exit-matrix.csv;contracts/operations/cost-model.yaml;docs/05-operations/COST_AND_UNIT_ECONOMICS.md;contracts/operations/recovery-objectives.yaml;docs/05-operations/BACKUP_RESTORE.md;docs/05-operations/OBSERVABILITY.md;docs/04-quality/THREAT_MODEL.md;docs/04-quality/SECURITY_PRIVACY_LGPD.md;contracts/operations/version-and-rollback-matrix.yaml,BENCHMARK_AND_OPERATIONS_GATES,PASS
SPRINT-004,ISSUE-0527,Story,STORY-0417,TASK-0417,EPIC-066,BC-010,Reviewer,HIGH,PASS,PASS,PASS,PASS,PASS,PASS,NOT_APPLICABLE,PASS,PASS,PASS,NOT_APPLICABLE,PASS,PASS,NOT_APPLICABLE,PASS,contracts/operations/slo-sli-catalog.yaml;docs/05-operations/CAPACITY_AND_SCALING.md;contracts/operations/lock-and-queue-policy.yaml;contracts/operations/external-dependency-register.csv;contracts/operations/vendor-exit-matrix.csv;contracts/operations/cost-model.yaml;docs/05-operations/COST_AND_UNIT_ECONOMICS.md;contracts/operations/recovery-objectives.yaml;docs/05-operations/BACKUP_RESTORE.md;docs/05-operations/OBSERVABILITY.md;docs/04-quality/THREAT_MODEL.md;docs/04-quality/SECURITY_PRIVACY_LGPD.md;contracts/operations/version-and-rollback-matrix.yaml,BENCHMARK_AND_OPERATIONS_GATES,PASS
SPRINT-004,ISSUE-0528,Story,STORY-0418,TASK-0418,EPIC-067,BC-010,Arquiteto,CRITICAL,PASS,PASS,PASS,PASS,PASS,PASS,NOT_APPLICABLE,PASS,PASS,NOT_APPLICABLE,PASS,PASS,PASS,PASS,PASS,contracts/operations/slo-sli-catalog.yaml;docs/05-operations/CAPACITY_AND_SCALING.md;contracts/operations/lock-and-queue-policy.yaml;contracts/operations/external-dependency-register.csv;contracts/operations/vendor-exit-matrix.csv;contracts/operations/cost-model.yaml;docs/05-operations/COST_AND_UNIT_ECONOMICS.md;contracts/operations/version-and-rollback-matrix.yaml;docs/03-engineering/DATABASE_MIGRATIONS.md;docs/05-operations/OBSERVABILITY.md;docs/04-quality/THREAT_MODEL.md;docs/04-quality/SECURITY_PRIVACY_LGPD.md;contracts/privacy/lgpd-control-matrix.csv;docs/04-quality/LGPD_CONTROL_MODEL.md,SECURITY_AND_PRIVACY_GATES,PASS
SPRINT-004,ISSUE-0529,Story,STORY-0419,TASK-0419,EPIC-067,BC-010,Backend,HIGH,PASS,PASS,PASS,PASS,PASS,PASS,NOT_APPLICABLE,PASS,PASS,PASS,PASS,PASS,PASS,NOT_APPLICABLE,PASS,contracts/operations/slo-sli-catalog.yaml;docs/05-operations/CAPACITY_AND_SCALING.md;contracts/operations/lock-and-queue-policy.yaml;contracts/operations/external-dependency-register.csv;contracts/operations/vendor-exit-matrix.csv;contracts/operations/cost-model.yaml;docs/05-operations/COST_AND_UNIT_ECONOMICS.md;contracts/operations/recovery-objectives.yaml;docs/05-operations/BACKUP_RESTORE.md;contracts/operations/version-and-rollback-matrix.yaml;docs/03-engineering/DATABASE_MIGRATIONS.md;docs/05-operations/OBSERVABILITY.md;docs/04-quality/THREAT_MODEL.md;docs/04-quality/SECURITY_PRIVACY_LGPD.md,BENCHMARK_AND_OPERATIONS_GATES,PASS
SPRINT-004,ISSUE-0530,Story,STORY-0420,TASK-0420,EPIC-067,BC-010,Backend,HIGH,PASS,PASS,PASS,PASS,PASS,PASS,NOT_APPLICABLE,PASS,PASS,PASS,PASS,PASS,PASS,NOT_APPLICABLE,PASS,contracts/operations/slo-sli-catalog.yaml;docs/05-operations/CAPACITY_AND_SCALING.md;contracts/operations/lock-and-queue-policy.yaml;contracts/operations/external-dependency-register.csv;contracts/operations/vendor-exit-matrix.csv;contracts/operations/cost-model.yaml;docs/05-operations/COST_AND_UNIT_ECONOMICS.md;contracts/operations/recovery-objectives.yaml;docs/05-operations/BACKUP_RESTORE.md;contracts/operations/version-and-rollback-matrix.yaml;docs/03-engineering/DATABASE_MIGRATIONS.md;docs/05-operations/OBSERVABILITY.md;docs/04-quality/THREAT_MODEL.md;docs/04-quality/SECURITY_PRIVACY_LGPD.md,BENCHMARK_AND_OPERATIONS_GATES,PASS
SPRINT-004,ISSUE-0531,Story,STORY-0421,TASK-0421,EPIC-067,BC-010,Backend,HIGH,PASS,PASS,PASS,PASS,PASS,PASS,NOT_APPLICABLE,PASS,PASS,PASS,PASS,PASS,PASS,PASS,PASS,contracts/operations/slo-sli-catalog.yaml;docs/05-operations/CAPACITY_AND_SCALING.md;contracts/operations/lock-and-queue-policy.yaml;contracts/operations/external-dependency-register.csv;contracts/operations/vendor-exit-matrix.csv;contracts/operations/cost-model.yaml;docs/05-operations/COST_AND_UNIT_ECONOMICS.md;contracts/operations/recovery-objectives.yaml;docs/05-operations/BACKUP_RESTORE.md;contracts/operations/version-and-rollback-matrix.yaml;docs/03-engineering/DATABASE_MIGRATIONS.md;docs/05-operations/OBSERVABILITY.md;docs/04-quality/THREAT_MODEL.md;docs/04-quality/SECURITY_PRIVACY_LGPD.md;contracts/privacy/lgpd-control-matrix.csv;docs/04-quality/LGPD_CONTROL_MODEL.md,BENCHMARK_AND_OPERATIONS_GATES,PASS
SPRINT-004,ISSUE-0532,Story,STORY-0422,TASK-0422,EPIC-067,BC-010,DevOps,CRITICAL,PASS,PASS,PASS,PASS,PASS,PASS,NOT_APPLICABLE,PASS,PASS,NOT_APPLICABLE,NOT_APPLICABLE,PASS,PASS,NOT_APPLICABLE,PASS,contracts/operations/slo-sli-catalog.yaml;docs/05-operations/CAPACITY_AND_SCALING.md;contracts/operations/lock-and-queue-policy.yaml;contracts/operations/external-dependency-register.csv;contracts/operations/vendor-exit-matrix.csv;contracts/operations/cost-model.yaml;docs/05-operations/COST_AND_UNIT_ECONOMICS.md;docs/05-operations/OBSERVABILITY.md;docs/04-quality/THREAT_MODEL.md;docs/04-quality/SECURITY_PRIVACY_LGPD.md;contracts/operations/version-and-rollback-matrix.yaml,SECURITY_AND_PRIVACY_GATES,PASS
SPRINT-004,ISSUE-0533,Story,STORY-0423,TASK-0423,EPIC-067,BC-010,QA,HIGH,PASS,PASS,PASS,PASS,PASS,PASS,NOT_APPLICABLE,PASS,PASS,NOT_APPLICABLE,NOT_APPLICABLE,PASS,PASS,NOT_APPLICABLE,PASS,contracts/operations/slo-sli-catalog.yaml;docs/05-operations/CAPACITY_AND_SCALING.md;contracts/operations/lock-and-queue-policy.yaml;contracts/operations/external-dependency-register.csv;contracts/operations/vendor-exit-matrix.csv;contracts/operations/cost-model.yaml;docs/05-operations/COST_AND_UNIT_ECONOMICS.md;docs/05-operations/OBSERVABILITY.md;docs/04-quality/THREAT_MODEL.md;docs/04-quality/SECURITY_PRIVACY_LGPD.md;contracts/operations/version-and-rollback-matrix.yaml,BENCHMARK_AND_OPERATIONS_GATES,PASS
SPRINT-004,ISSUE-0534,Story,STORY-0424,TASK-0424,EPIC-067,BC-010,Reviewer,HIGH,PASS,PASS,PASS,PASS,PASS,PASS,NOT_APPLICABLE,PASS,PASS,NOT_APPLICABLE,NOT_APPLICABLE,PASS,PASS,NOT_APPLICABLE,PASS,contracts/operations/slo-sli-catalog.yaml;docs/05-operations/CAPACITY_AND_SCALING.md;contracts/operations/lock-and-queue-policy.yaml;contracts/operations/external-dependency-register.csv;contracts/operations/vendor-exit-matrix.csv;contracts/operations/cost-model.yaml;docs/05-operations/COST_AND_UNIT_ECONOMICS.md;docs/05-operations/OBSERVABILITY.md;docs/04-quality/THREAT_MODEL.md;docs/04-quality/SECURITY_PRIVACY_LGPD.md;contracts/operations/version-and-rollback-matrix.yaml,BENCHMARK_AND_OPERATIONS_GATES,PASS
SPRINT-004,ISSUE-0535,Story,STORY-0425,TASK-0425,EPIC-068,BC-010,Arquiteto,CRITICAL,PASS,PASS,PASS,PASS,PASS,PASS,NOT_APPLICABLE,PASS,PASS,NOT_APPLICABLE,PASS,PASS,PASS,PASS,PASS,contracts/operations/slo-sli-catalog.yaml;docs/05-operations/CAPACITY_AND_SCALING.md;contracts/operations/lock-and-queue-policy.yaml;contracts/operations/external-dependency-register.csv;contracts/operations/vendor-exit-matrix.csv;contracts/operations/cost-model.yaml;docs/05-operations/COST_AND_UNIT_ECONOMICS.md;contracts/operations/version-and-rollback-matrix.yaml;docs/03-engineering/DATABASE_MIGRATIONS.md;docs/05-operations/OBSERVABILITY.md;docs/04-quality/THREAT_MODEL.md;docs/04-quality/SECURITY_PRIVACY_LGPD.md;contracts/privacy/lgpd-control-matrix.csv;docs/04-quality/LGPD_CONTROL_MODEL.md,SECURITY_AND_PRIVACY_GATES,PASS
SPRINT-004,ISSUE-0536,Story,STORY-0426,TASK-0426,EPIC-068,BC-010,Backend,HIGH,PASS,PASS,PASS,PASS,PASS,PASS,NOT_APPLICABLE,PASS,PASS,PASS,PASS,PASS,PASS,NOT_APPLICABLE,PASS,contracts/operations/slo-sli-catalog.yaml;docs/05-operations/CAPACITY_AND_SCALING.md;contracts/operations/lock-and-queue-policy.yaml;contracts/operations/external-dependency-register.csv;contracts/operations/vendor-exit-matrix.csv;contracts/operations/cost-model.yaml;docs/05-operations/COST_AND_UNIT_ECONOMICS.md;contracts/operations/recovery-objectives.yaml;docs/05-operations/BACKUP_RESTORE.md;contracts/operations/version-and-rollback-matrix.yaml;docs/03-engineering/DATABASE_MIGRATIONS.md;docs/05-operations/OBSERVABILITY.md;docs/04-quality/THREAT_MODEL.md;docs/04-quality/SECURITY_PRIVACY_LGPD.md,BENCHMARK_AND_OPERATIONS_GATES,PASS
SPRINT-004,ISSUE-0537,Story,STORY-0427,TASK-0427,EPIC-068,BC-010,Backend,HIGH,PASS,PASS,PASS,PASS,PASS,PASS,NOT_APPLICABLE,PASS,PASS,PASS,PASS,PASS,PASS,NOT_APPLICABLE,PASS,contracts/operations/slo-sli-catalog.yaml;docs/05-operations/CAPACITY_AND_SCALING.md;contracts/operations/lock-and-queue-policy.yaml;contracts/operations/external-dependency-register.csv;contracts/operations/vendor-exit-matrix.csv;contracts/operations/cost-model.yaml;docs/05-operations/COST_AND_UNIT_ECONOMICS.md;contracts/operations/recovery-objectives.yaml;docs/05-operations/BACKUP_RESTORE.md;contracts/operations/version-and-rollback-matrix.yaml;docs/03-engineering/DATABASE_MIGRATIONS.md;docs/05-operations/OBSERVABILITY.md;docs/04-quality/THREAT_MODEL.md;docs/04-quality/SECURITY_PRIVACY_LGPD.md,BENCHMARK_AND_OPERATIONS_GATES,PASS
SPRINT-004,ISSUE-0538,Story,STORY-0428,TASK-0428,EPIC-068,BC-010,Backend,HIGH,PASS,PASS,PASS,PASS,PASS,PASS,NOT_APPLICABLE,PASS,PASS,PASS,PASS,PASS,PASS,PASS,PASS,contracts/operations/slo-sli-catalog.yaml;docs/05-operations/CAPACITY_AND_SCALING.md;contracts/operations/lock-and-queue-policy.yaml;contracts/operations/external-dependency-register.csv;contracts/operations/vendor-exit-matrix.csv;contracts/operations/cost-model.yaml;docs/05-operations/COST_AND_UNIT_ECONOMICS.md;contracts/operations/recovery-objectives.yaml;docs/05-operations/BACKUP_RESTORE.md;contracts/operations/version-and-rollback-matrix.yaml;docs/03-engineering/DATABASE_MIGRATIONS.md;docs/05-operations/OBSERVABILITY.md;docs/04-quality/THREAT_MODEL.md;docs/04-quality/SECURITY_PRIVACY_LGPD.md;contracts/privacy/lgpd-control-matrix.csv;docs/04-quality/LGPD_CONTROL_MODEL.md,BENCHMARK_AND_OPERATIONS_GATES,PASS
SPRINT-004,ISSUE-0539,Story,STORY-0429,TASK-0429,EPIC-068,BC-010,DevOps,CRITICAL,PASS,PASS,PASS,PASS,PASS,PASS,NOT_APPLICABLE,PASS,PASS,NOT_APPLICABLE,NOT_APPLICABLE,PASS,PASS,NOT_APPLICABLE,PASS,contracts/operations/slo-sli-catalog.yaml;docs/05-operations/CAPACITY_AND_SCALING.md;contracts/operations/lock-and-queue-policy.yaml;contracts/operations/external-dependency-register.csv;contracts/operations/vendor-exit-matrix.csv;contracts/operations/cost-model.yaml;docs/05-operations/COST_AND_UNIT_ECONOMICS.md;docs/05-operations/OBSERVABILITY.md;docs/04-quality/THREAT_MODEL.md;docs/04-quality/SECURITY_PRIVACY_LGPD.md;contracts/operations/version-and-rollback-matrix.yaml,SECURITY_AND_PRIVACY_GATES,PASS
SPRINT-004,ISSUE-0540,Story,STORY-0430,TASK-0430,EPIC-068,BC-010,QA,HIGH,PASS,PASS,PASS,PASS,PASS,PASS,NOT_APPLICABLE,PASS,PASS,NOT_APPLICABLE,NOT_APPLICABLE,PASS,PASS,NOT_APPLICABLE,PASS,contracts/operations/slo-sli-catalog.yaml;docs/05-operations/CAPACITY_AND_SCALING.md;contracts/operations/lock-and-queue-policy.yaml;contracts/operations/external-dependency-register.csv;contracts/operations/vendor-exit-matrix.csv;contracts/operations/cost-model.yaml;docs/05-operations/COST_AND_UNIT_ECONOMICS.md;docs/05-operations/OBSERVABILITY.md;docs/04-quality/THREAT_MODEL.md;docs/04-quality/SECURITY_PRIVACY_LGPD.md;contracts/operations/version-and-rollback-matrix.yaml,BENCHMARK_AND_OPERATIONS_GATES,PASS
SPRINT-004,ISSUE-0541,Story,STORY-0431,TASK-0431,EPIC-068,BC-010,Reviewer,HIGH,PASS,PASS,PASS,PASS,PASS,PASS,NOT_APPLICABLE,PASS,PASS,NOT_APPLICABLE,NOT_APPLICABLE,PASS,PASS,NOT_APPLICABLE,PASS,contracts/operations/slo-sli-catalog.yaml;docs/05-operations/CAPACITY_AND_SCALING.md;contracts/operations/lock-and-queue-policy.yaml;contracts/operations/external-dependency-register.csv;contracts/operations/vendor-exit-matrix.csv;contracts/operations/cost-model.yaml;docs/05-operations/COST_AND_UNIT_ECONOMICS.md;docs/05-operations/OBSERVABILITY.md;docs/04-quality/THREAT_MODEL.md;docs/04-quality/SECURITY_PRIVACY_LGPD.md;contracts/operations/version-and-rollback-matrix.yaml,BENCHMARK_AND_OPERATIONS_GATES,PASS
SPRINT-004,ISSUE-0542,Story,STORY-0432,TASK-0432,EPIC-069,BC-010,Arquiteto,CRITICAL,PASS,PASS,PASS,PASS,PASS,PASS,NOT_APPLICABLE,PASS,PASS,NOT_APPLICABLE,PASS,PASS,PASS,PASS,PASS,contracts/operations/slo-sli-catalog.yaml;docs/05-operations/CAPACITY_AND_SCALING.md;contracts/operations/lock-and-queue-policy.yaml;contracts/operations/external-dependency-register.csv;contracts/operations/vendor-exit-matrix.csv;contracts/operations/cost-model.yaml;docs/05-operations/COST_AND_UNIT_ECONOMICS.md;contracts/operations/version-and-rollback-matrix.yaml;docs/03-engineering/DATABASE_MIGRATIONS.md;docs/05-operations/OBSERVABILITY.md;docs/04-quality/THREAT_MODEL.md;docs/04-quality/SECURITY_PRIVACY_LGPD.md;contracts/privacy/lgpd-control-matrix.csv;docs/04-quality/LGPD_CONTROL_MODEL.md,SECURITY_AND_PRIVACY_GATES,PASS
SPRINT-004,ISSUE-0543,Story,STORY-0433,TASK-0433,EPIC-069,BC-010,Backend,CRITICAL,PASS,PASS,PASS,PASS,PASS,PASS,NOT_APPLICABLE,PASS,PASS,PASS,PASS,PASS,PASS,PASS,PASS,contracts/operations/slo-sli-catalog.yaml;docs/05-operations/CAPACITY_AND_SCALING.md;contracts/operations/lock-and-queue-policy.yaml;contracts/operations/external-dependency-register.csv;contracts/operations/vendor-exit-matrix.csv;contracts/operations/cost-model.yaml;docs/05-operations/COST_AND_UNIT_ECONOMICS.md;contracts/operations/recovery-objectives.yaml;docs/05-operations/BACKUP_RESTORE.md;contracts/operations/version-and-rollback-matrix.yaml;docs/03-engineering/DATABASE_MIGRATIONS.md;docs/05-operations/OBSERVABILITY.md;docs/04-quality/THREAT_MODEL.md;docs/04-quality/SECURITY_PRIVACY_LGPD.md;contracts/privacy/lgpd-control-matrix.csv;docs/04-quality/LGPD_CONTROL_MODEL.md,SECURITY_AND_PRIVACY_GATES,PASS
SPRINT-004,ISSUE-0544,Story,STORY-0434,TASK-0434,EPIC-069,BC-010,Backend,HIGH,PASS,PASS,PASS,PASS,PASS,PASS,NOT_APPLICABLE,PASS,PASS,PASS,PASS,PASS,PASS,NOT_APPLICABLE,PASS,contracts/operations/slo-sli-catalog.yaml;docs/05-operations/CAPACITY_AND_SCALING.md;contracts/operations/lock-and-queue-policy.yaml;contracts/operations/external-dependency-register.csv;contracts/operations/vendor-exit-matrix.csv;contracts/operations/cost-model.yaml;docs/05-operations/COST_AND_UNIT_ECONOMICS.md;contracts/operations/recovery-objectives.yaml;docs/05-operations/BACKUP_RESTORE.md;contracts/operations/version-and-rollback-matrix.yaml;docs/03-engineering/DATABASE_MIGRATIONS.md;docs/05-operations/OBSERVABILITY.md;docs/04-quality/THREAT_MODEL.md;docs/04-quality/SECURITY_PRIVACY_LGPD.md,BENCHMARK_AND_OPERATIONS_GATES,PASS
SPRINT-004,ISSUE-0545,Story,STORY-0435,TASK-0435,EPIC-069,BC-010,Backend,HIGH,PASS,PASS,PASS,PASS,PASS,PASS,NOT_APPLICABLE,PASS,PASS,PASS,PASS,PASS,PASS,PASS,PASS,contracts/operations/slo-sli-catalog.yaml;docs/05-operations/CAPACITY_AND_SCALING.md;contracts/operations/lock-and-queue-policy.yaml;contracts/operations/external-dependency-register.csv;contracts/operations/vendor-exit-matrix.csv;contracts/operations/cost-model.yaml;docs/05-operations/COST_AND_UNIT_ECONOMICS.md;contracts/operations/recovery-objectives.yaml;docs/05-operations/BACKUP_RESTORE.md;contracts/operations/version-and-rollback-matrix.yaml;docs/03-engineering/DATABASE_MIGRATIONS.md;docs/05-operations/OBSERVABILITY.md;docs/04-quality/THREAT_MODEL.md;docs/04-quality/SECURITY_PRIVACY_LGPD.md;contracts/privacy/lgpd-control-matrix.csv;docs/04-quality/LGPD_CONTROL_MODEL.md,BENCHMARK_AND_OPERATIONS_GATES,PASS
SPRINT-004,ISSUE-0546,Story,STORY-0436,TASK-0436,EPIC-069,BC-010,DevOps,CRITICAL,PASS,PASS,PASS,PASS,PASS,PASS,NOT_APPLICABLE,PASS,PASS,NOT_APPLICABLE,NOT_APPLICABLE,PASS,PASS,NOT_APPLICABLE,PASS,contracts/operations/slo-sli-catalog.yaml;docs/05-operations/CAPACITY_AND_SCALING.md;contracts/operations/lock-and-queue-policy.yaml;contracts/operations/external-dependency-register.csv;contracts/operations/vendor-exit-matrix.csv;contracts/operations/cost-model.yaml;docs/05-operations/COST_AND_UNIT_ECONOMICS.md;docs/05-operations/OBSERVABILITY.md;docs/04-quality/THREAT_MODEL.md;docs/04-quality/SECURITY_PRIVACY_LGPD.md;contracts/operations/version-and-rollback-matrix.yaml,SECURITY_AND_PRIVACY_GATES,PASS
SPRINT-004,ISSUE-0547,Story,STORY-0437,TASK-0437,EPIC-069,BC-010,QA,HIGH,PASS,PASS,PASS,PASS,PASS,PASS,NOT_APPLICABLE,PASS,PASS,NOT_APPLICABLE,NOT_APPLICABLE,PASS,PASS,NOT_APPLICABLE,PASS,contracts/operations/slo-sli-catalog.yaml;docs/05-operations/CAPACITY_AND_SCALING.md;contracts/operations/lock-and-queue-policy.yaml;contracts/operations/external-dependency-register.csv;contracts/operations/vendor-exit-matrix.csv;contracts/operations/cost-model.yaml;docs/05-operations/COST_AND_UNIT_ECONOMICS.md;docs/05-operations/OBSERVABILITY.md;docs/04-quality/THREAT_MODEL.md;docs/04-quality/SECURITY_PRIVACY_LGPD.md;contracts/operations/version-and-rollback-matrix.yaml,BENCHMARK_AND_OPERATIONS_GATES,PASS
SPRINT-004,ISSUE-0548,Story,STORY-0438,TASK-0438,EPIC-069,BC-010,Reviewer,HIGH,PASS,PASS,PASS,PASS,PASS,PASS,NOT_APPLICABLE,PASS,PASS,NOT_APPLICABLE,NOT_APPLICABLE,PASS,PASS,NOT_APPLICABLE,PASS,contracts/operations/slo-sli-catalog.yaml;docs/05-operations/CAPACITY_AND_SCALING.md;contracts/operations/lock-and-queue-policy.yaml;contracts/operations/external-dependency-register.csv;contracts/operations/vendor-exit-matrix.csv;contracts/operations/cost-model.yaml;docs/05-operations/COST_AND_UNIT_ECONOMICS.md;docs/05-operations/OBSERVABILITY.md;docs/04-quality/THREAT_MODEL.md;docs/04-quality/SECURITY_PRIVACY_LGPD.md;contracts/operations/version-and-rollback-matrix.yaml,BENCHMARK_AND_OPERATIONS_GATES,PASS
SPRINT-004,ISSUE-0757,Story,STORY-0647,TASK-0647,EPIC-104,BC-010,Arquiteto,HIGH,PASS,PASS,PASS,PASS,PASS,PASS,NOT_APPLICABLE,PASS,PASS,NOT_APPLICABLE,PASS,PASS,PASS,PASS,PASS,contracts/operations/slo-sli-catalog.yaml;docs/05-operations/CAPACITY_AND_SCALING.md;contracts/operations/lock-and-queue-policy.yaml;contracts/operations/external-dependency-register.csv;contracts/operations/vendor-exit-matrix.csv;contracts/operations/cost-model.yaml;docs/05-operations/COST_AND_UNIT_ECONOMICS.md;contracts/operations/version-and-rollback-matrix.yaml;docs/03-engineering/DATABASE_MIGRATIONS.md;docs/05-operations/OBSERVABILITY.md;docs/04-quality/THREAT_MODEL.md;docs/04-quality/SECURITY_PRIVACY_LGPD.md;contracts/privacy/lgpd-control-matrix.csv;docs/04-quality/LGPD_CONTROL_MODEL.md,BENCHMARK_AND_OPERATIONS_GATES,PASS
SPRINT-004,ISSUE-0758,Story,STORY-0648,TASK-0648,EPIC-104,BC-010,Backend,HIGH,PASS,PASS,PASS,PASS,PASS,PASS,PASS,PASS,PASS,PASS,PASS,PASS,PASS,NOT_APPLICABLE,PASS,contracts/operations/slo-sli-catalog.yaml;docs/05-operations/CAPACITY_AND_SCALING.md;contracts/operations/lock-and-queue-policy.yaml;contracts/operations/external-dependency-register.csv;contracts/operations/vendor-exit-matrix.csv;contracts/operations/cost-model.yaml;docs/05-operations/COST_AND_UNIT_ECONOMICS.md;contracts/operations/recovery-objectives.yaml;docs/05-operations/BACKUP_RESTORE.md;contracts/operations/version-and-rollback-matrix.yaml;docs/03-engineering/DATABASE_MIGRATIONS.md;docs/05-operations/OBSERVABILITY.md;docs/04-quality/THREAT_MODEL.md;docs/04-quality/SECURITY_PRIVACY_LGPD.md,BENCHMARK_AND_OPERATIONS_GATES,PASS
SPRINT-004,ISSUE-0759,Story,STORY-0649,TASK-0649,EPIC-104,BC-010,Backend,HIGH,PASS,PASS,PASS,PASS,PASS,PASS,NOT_APPLICABLE,PASS,PASS,PASS,PASS,PASS,PASS,NOT_APPLICABLE,PASS,contracts/operations/slo-sli-catalog.yaml;docs/05-operations/CAPACITY_AND_SCALING.md;contracts/operations/lock-and-queue-policy.yaml;contracts/operations/external-dependency-register.csv;contracts/operations/vendor-exit-matrix.csv;contracts/operations/cost-model.yaml;docs/05-operations/COST_AND_UNIT_ECONOMICS.md;contracts/operations/recovery-objectives.yaml;docs/05-operations/BACKUP_RESTORE.md;contracts/operations/version-and-rollback-matrix.yaml;docs/03-engineering/DATABASE_MIGRATIONS.md;docs/05-operations/OBSERVABILITY.md;docs/04-quality/THREAT_MODEL.md;docs/04-quality/SECURITY_PRIVACY_LGPD.md,BENCHMARK_AND_OPERATIONS_GATES,PASS
SPRINT-004,ISSUE-0760,Story,STORY-0650,TASK-0650,EPIC-104,BC-010,Backend,HIGH,PASS,PASS,PASS,PASS,PASS,PASS,NOT_APPLICABLE,PASS,PASS,PASS,PASS,PASS,PASS,PASS,PASS,contracts/operations/slo-sli-catalog.yaml;docs/05-operations/CAPACITY_AND_SCALING.md;contracts/operations/lock-and-queue-policy.yaml;contracts/operations/external-dependency-register.csv;contracts/operations/vendor-exit-matrix.csv;contracts/operations/cost-model.yaml;docs/05-operations/COST_AND_UNIT_ECONOMICS.md;contracts/operations/recovery-objectives.yaml;docs/05-operations/BACKUP_RESTORE.md;contracts/operations/version-and-rollback-matrix.yaml;docs/03-engineering/DATABASE_MIGRATIONS.md;docs/05-operations/OBSERVABILITY.md;docs/04-quality/THREAT_MODEL.md;docs/04-quality/SECURITY_PRIVACY_LGPD.md;contracts/privacy/lgpd-control-matrix.csv;docs/04-quality/LGPD_CONTROL_MODEL.md,BENCHMARK_AND_OPERATIONS_GATES,PASS
SPRINT-004,ISSUE-0761,Story,STORY-0651,TASK-0651,EPIC-104,BC-010,DevOps,CRITICAL,PASS,PASS,PASS,PASS,PASS,PASS,NOT_APPLICABLE,PASS,PASS,NOT_APPLICABLE,NOT_APPLICABLE,PASS,PASS,NOT_APPLICABLE,PASS,contracts/operations/slo-sli-catalog.yaml;docs/05-operations/CAPACITY_AND_SCALING.md;contracts/operations/lock-and-queue-policy.yaml;contracts/operations/external-dependency-register.csv;contracts/operations/vendor-exit-matrix.csv;contracts/operations/cost-model.yaml;docs/05-operations/COST_AND_UNIT_ECONOMICS.md;docs/05-operations/OBSERVABILITY.md;docs/04-quality/THREAT_MODEL.md;docs/04-quality/SECURITY_PRIVACY_LGPD.md;contracts/operations/version-and-rollback-matrix.yaml,SECURITY_AND_PRIVACY_GATES,PASS
SPRINT-004,ISSUE-0762,Story,STORY-0652,TASK-0652,EPIC-104,BC-010,QA,HIGH,PASS,PASS,PASS,PASS,PASS,PASS,PASS,PASS,PASS,NOT_APPLICABLE,NOT_APPLICABLE,PASS,PASS,NOT_APPLICABLE,PASS,contracts/operations/slo-sli-catalog.yaml;docs/05-operations/CAPACITY_AND_SCALING.md;contracts/operations/lock-and-queue-policy.yaml;contracts/operations/external-dependency-register.csv;contracts/operations/vendor-exit-matrix.csv;contracts/operations/cost-model.yaml;docs/05-operations/COST_AND_UNIT_ECONOMICS.md;docs/05-operations/OBSERVABILITY.md;docs/04-quality/THREAT_MODEL.md;docs/04-quality/SECURITY_PRIVACY_LGPD.md;contracts/operations/version-and-rollback-matrix.yaml,BENCHMARK_AND_OPERATIONS_GATES,PASS
SPRINT-004,ISSUE-0763,Story,STORY-0653,TASK-0653,EPIC-104,BC-010,Reviewer,HIGH,PASS,PASS,PASS,PASS,PASS,PASS,NOT_APPLICABLE,PASS,PASS,NOT_APPLICABLE,NOT_APPLICABLE,PASS,PASS,NOT_APPLICABLE,PASS,contracts/operations/slo-sli-catalog.yaml;docs/05-operations/CAPACITY_AND_SCALING.md;contracts/operations/lock-and-queue-policy.yaml;contracts/operations/external-dependency-register.csv;contracts/operations/vendor-exit-matrix.csv;contracts/operations/cost-model.yaml;docs/05-operations/COST_AND_UNIT_ECONOMICS.md;docs/05-operations/OBSERVABILITY.md;docs/04-quality/THREAT_MODEL.md;docs/04-quality/SECURITY_PRIVACY_LGPD.md;contracts/operations/version-and-rollback-matrix.yaml,BENCHMARK_AND_OPERATIONS_GATES,PASS
SPRINT-005,ISSUE-0021,Epic delivery envelope,,,EPIC-021,BC-007,Geoprocessamento,CRITICAL,PASS,NOT_APPLICABLE,PASS,PASS,PASS,PASS,PASS,PASS,PASS,PASS,PASS,PASS,PASS,PASS,PASS,contracts/operations/slo-sli-catalog.yaml;docs/05-operations/CAPACITY_AND_SCALING.md;contracts/operations/external-dependency-register.csv;contracts/operations/vendor-exit-matrix.csv;contracts/operations/cost-model.yaml;docs/05-operations/COST_AND_UNIT_ECONOMICS.md;contracts/operations/version-and-rollback-matrix.yaml;docs/03-engineering/DATABASE_MIGRATIONS.md;docs/05-operations/OBSERVABILITY.md;docs/04-quality/THREAT_MODEL.md;docs/04-quality/SECURITY_PRIVACY_LGPD.md;contracts/privacy/lgpd-control-matrix.csv;docs/04-quality/LGPD_CONTROL_MODEL.md;contracts/operations/recovery-objectives.yaml;docs/05-operations/BACKUP_RESTORE.md;contracts/operations/lock-and-queue-policy.yaml,SECURITY_AND_PRIVACY_GATES,PASS
SPRINT-005,ISSUE-0022,Epic delivery envelope,,,EPIC-022,BC-005,Geoprocessamento,CRITICAL,PASS,NOT_APPLICABLE,PASS,PASS,PASS,PASS,PASS,PASS,PASS,PASS,PASS,PASS,PASS,PASS,PASS,contracts/operations/slo-sli-catalog.yaml;docs/05-operations/CAPACITY_AND_SCALING.md;contracts/operations/external-dependency-register.csv;contracts/operations/vendor-exit-matrix.csv;contracts/operations/cost-model.yaml;docs/05-operations/COST_AND_UNIT_ECONOMICS.md;contracts/operations/lock-and-queue-policy.yaml;contracts/operations/version-and-rollback-matrix.yaml;docs/03-engineering/DATABASE_MIGRATIONS.md;docs/05-operations/OBSERVABILITY.md;docs/04-quality/THREAT_MODEL.md;docs/04-quality/SECURITY_PRIVACY_LGPD.md;contracts/privacy/lgpd-control-matrix.csv;docs/04-quality/LGPD_CONTROL_MODEL.md;contracts/operations/recovery-objectives.yaml;docs/05-operations/BACKUP_RESTORE.md,SECURITY_AND_PRIVACY_GATES,PASS
SPRINT-005,ISSUE-0023,Epic delivery envelope,,,EPIC-023,BC-006,Geoprocessamento,CRITICAL,PASS,NOT_APPLICABLE,PASS,PASS,PASS,PASS,PASS,PASS,PASS,PASS,PASS,PASS,PASS,PASS,PASS,contracts/operations/slo-sli-catalog.yaml;docs/05-operations/CAPACITY_AND_SCALING.md;contracts/operations/external-dependency-register.csv;contracts/operations/vendor-exit-matrix.csv;contracts/operations/cost-model.yaml;docs/05-operations/COST_AND_UNIT_ECONOMICS.md;contracts/operations/version-and-rollback-matrix.yaml;docs/03-engineering/DATABASE_MIGRATIONS.md;docs/05-operations/OBSERVABILITY.md;docs/04-quality/THREAT_MODEL.md;docs/04-quality/SECURITY_PRIVACY_LGPD.md;contracts/privacy/lgpd-control-matrix.csv;docs/04-quality/LGPD_CONTROL_MODEL.md;contracts/operations/lock-and-queue-policy.yaml;contracts/operations/recovery-objectives.yaml;docs/05-operations/BACKUP_RESTORE.md,SECURITY_AND_PRIVACY_GATES,PASS
SPRINT-005,ISSUE-0024,Epic delivery envelope,,,EPIC-024,BC-007,Geoprocessamento,CRITICAL,PASS,NOT_APPLICABLE,PASS,PASS,PASS,PASS,PASS,PASS,PASS,PASS,PASS,PASS,PASS,PASS,PASS,contracts/operations/slo-sli-catalog.yaml;docs/05-operations/CAPACITY_AND_SCALING.md;contracts/operations/external-dependency-register.csv;contracts/operations/vendor-exit-matrix.csv;contracts/operations/cost-model.yaml;docs/05-operations/COST_AND_UNIT_ECONOMICS.md;contracts/operations/lock-and-queue-policy.yaml;contracts/operations/version-and-rollback-matrix.yaml;docs/03-engineering/DATABASE_MIGRATIONS.md;docs/05-operations/OBSERVABILITY.md;docs/04-quality/THREAT_MODEL.md;docs/04-quality/SECURITY_PRIVACY_LGPD.md;contracts/privacy/lgpd-control-matrix.csv;docs/04-quality/LGPD_CONTROL_MODEL.md;contracts/operations/recovery-objectives.yaml;docs/05-operations/BACKUP_RESTORE.md,SECURITY_AND_PRIVACY_GATES,PASS
SPRINT-005,ISSUE-0025,Epic delivery envelope,,,EPIC-025,BC-007,Geoprocessamento,CRITICAL,PASS,NOT_APPLICABLE,PASS,PASS,PASS,PASS,PASS,PASS,NOT_APPLICABLE,PASS,PASS,PASS,PASS,PASS,PASS,contracts/operations/slo-sli-catalog.yaml;docs/05-operations/CAPACITY_AND_SCALING.md;contracts/operations/external-dependency-register.csv;contracts/operations/vendor-exit-matrix.csv;contracts/operations/cost-model.yaml;docs/05-operations/COST_AND_UNIT_ECONOMICS.md;contracts/operations/version-and-rollback-matrix.yaml;docs/03-engineering/DATABASE_MIGRATIONS.md;docs/05-operations/OBSERVABILITY.md;docs/04-quality/THREAT_MODEL.md;docs/04-quality/SECURITY_PRIVACY_LGPD.md;contracts/privacy/lgpd-control-matrix.csv;docs/04-quality/LGPD_CONTROL_MODEL.md;contracts/operations/recovery-objectives.yaml;docs/05-operations/BACKUP_RESTORE.md,SECURITY_AND_PRIVACY_GATES,PASS
SPRINT-005,ISSUE-0026,Epic delivery envelope,,,EPIC-026,BC-013,Geoprocessamento,CRITICAL,PASS,NOT_APPLICABLE,PASS,PASS,PASS,PASS,PASS,PASS,PASS,PASS,PASS,PASS,PASS,PASS,PASS,contracts/operations/slo-sli-catalog.yaml;docs/05-operations/CAPACITY_AND_SCALING.md;contracts/operations/external-dependency-register.csv;contracts/operations/vendor-exit-matrix.csv;contracts/operations/cost-model.yaml;docs/05-operations/COST_AND_UNIT_ECONOMICS.md;contracts/operations/recovery-objectives.yaml;docs/05-operations/BACKUP_RESTORE.md;contracts/operations/version-and-rollback-matrix.yaml;docs/03-engineering/DATABASE_MIGRATIONS.md;docs/05-operations/OBSERVABILITY.md;docs/04-quality/THREAT_MODEL.md;docs/04-quality/SECURITY_PRIVACY_LGPD.md;contracts/privacy/lgpd-control-matrix.csv;docs/04-quality/LGPD_CONTROL_MODEL.md;contracts/operations/lock-and-queue-policy.yaml,SECURITY_AND_PRIVACY_GATES,PASS
SPRINT-005,ISSUE-0027,Epic delivery envelope,,,EPIC-027,BC-005,Geoprocessamento,HIGH,PASS,NOT_APPLICABLE,PASS,PASS,PASS,PASS,PASS,PASS,NOT_APPLICABLE,PASS,PASS,PASS,PASS,PASS,PASS,contracts/operations/slo-sli-catalog.yaml;docs/05-operations/CAPACITY_AND_SCALING.md;contracts/operations/external-dependency-register.csv;contracts/operations/vendor-exit-matrix.csv;contracts/operations/cost-model.yaml;docs/05-operations/COST_AND_UNIT_ECONOMICS.md;contracts/operations/version-and-rollback-matrix.yaml;docs/03-engineering/DATABASE_MIGRATIONS.md;docs/05-operations/OBSERVABILITY.md;docs/04-quality/THREAT_MODEL.md;docs/04-quality/SECURITY_PRIVACY_LGPD.md;contracts/privacy/lgpd-control-matrix.csv;docs/04-quality/LGPD_CONTROL_MODEL.md;contracts/operations/recovery-objectives.yaml;docs/05-operations/BACKUP_RESTORE.md,BENCHMARK_AND_OPERATIONS_GATES,PASS
SPRINT-005,ISSUE-0028,Epic delivery envelope,,,EPIC-028,BC-007,Geoprocessamento,CRITICAL,PASS,NOT_APPLICABLE,PASS,PASS,PASS,PASS,PASS,PASS,PASS,PASS,PASS,PASS,PASS,PASS,PASS,contracts/operations/slo-sli-catalog.yaml;docs/05-operations/CAPACITY_AND_SCALING.md;contracts/operations/external-dependency-register.csv;contracts/operations/vendor-exit-matrix.csv;contracts/operations/cost-model.yaml;docs/05-operations/COST_AND_UNIT_ECONOMICS.md;contracts/operations/lock-and-queue-policy.yaml;contracts/operations/version-and-rollback-matrix.yaml;docs/03-engineering/DATABASE_MIGRATIONS.md;docs/05-operations/OBSERVABILITY.md;docs/04-quality/THREAT_MODEL.md;docs/04-quality/SECURITY_PRIVACY_LGPD.md;contracts/privacy/lgpd-control-matrix.csv;docs/04-quality/LGPD_CONTROL_MODEL.md;contracts/operations/recovery-objectives.yaml;docs/05-operations/BACKUP_RESTORE.md,SECURITY_AND_PRIVACY_GATES,PASS
SPRINT-005,ISSUE-0029,Epic delivery envelope,,,EPIC-029,BC-004,Geoprocessamento,CRITICAL,PASS,NOT_APPLICABLE,PASS,PASS,PASS,PASS,PASS,PASS,NOT_APPLICABLE,PASS,PASS,PASS,PASS,PASS,PASS,contracts/operations/slo-sli-catalog.yaml;docs/05-operations/CAPACITY_AND_SCALING.md;contracts/operations/external-dependency-register.csv;contracts/operations/vendor-exit-matrix.csv;contracts/operations/cost-model.yaml;docs/05-operations/COST_AND_UNIT_ECONOMICS.md;contracts/operations/version-and-rollback-matrix.yaml;docs/03-engineering/DATABASE_MIGRATIONS.md;docs/05-operations/OBSERVABILITY.md;docs/04-quality/THREAT_MODEL.md;docs/04-quality/SECURITY_PRIVACY_LGPD.md;contracts/privacy/lgpd-control-matrix.csv;docs/04-quality/LGPD_CONTROL_MODEL.md;contracts/operations/recovery-objectives.yaml;docs/05-operations/BACKUP_RESTORE.md,SECURITY_AND_PRIVACY_GATES,PASS
SPRINT-005,ISSUE-0030,Epic delivery envelope,,,EPIC-030,BC-012,Geoprocessamento,HIGH,PASS,NOT_APPLICABLE,PASS,PASS,PASS,PASS,PASS,PASS,PASS,PASS,PASS,PASS,PASS,PASS,PASS,contracts/operations/slo-sli-catalog.yaml;docs/05-operations/CAPACITY_AND_SCALING.md;contracts/operations/external-dependency-register.csv;contracts/operations/vendor-exit-matrix.csv;contracts/operations/cost-model.yaml;docs/05-operations/COST_AND_UNIT_ECONOMICS.md;contracts/operations/lock-and-queue-policy.yaml;contracts/operations/recovery-objectives.yaml;docs/05-operations/BACKUP_RESTORE.md;contracts/operations/version-and-rollback-matrix.yaml;docs/03-engineering/DATABASE_MIGRATIONS.md;docs/05-operations/OBSERVABILITY.md;docs/04-quality/THREAT_MODEL.md;docs/04-quality/SECURITY_PRIVACY_LGPD.md;contracts/privacy/lgpd-control-matrix.csv;docs/04-quality/LGPD_CONTROL_MODEL.md,BENCHMARK_AND_OPERATIONS_GATES,PASS
SPRINT-005,ISSUE-0044,Epic delivery envelope,,,EPIC-044,BC-006,Geoprocessamento,HIGH,PASS,NOT_APPLICABLE,PASS,PASS,PASS,PASS,PASS,PASS,NOT_APPLICABLE,PASS,PASS,PASS,PASS,PASS,PASS,contracts/operations/slo-sli-catalog.yaml;docs/05-operations/CAPACITY_AND_SCALING.md;contracts/operations/external-dependency-register.csv;contracts/operations/vendor-exit-matrix.csv;contracts/operations/cost-model.yaml;docs/05-operations/COST_AND_UNIT_ECONOMICS.md;contracts/operations/recovery-objectives.yaml;docs/05-operations/BACKUP_RESTORE.md;contracts/operations/version-and-rollback-matrix.yaml;docs/03-engineering/DATABASE_MIGRATIONS.md;docs/05-operations/OBSERVABILITY.md;docs/04-quality/THREAT_MODEL.md;docs/04-quality/SECURITY_PRIVACY_LGPD.md;contracts/privacy/lgpd-control-matrix.csv;docs/04-quality/LGPD_CONTROL_MODEL.md,BENCHMARK_AND_OPERATIONS_GATES,PASS
SPRINT-005,ISSUE-0045,Epic delivery envelope,,,EPIC-045,BC-006,Geoprocessamento,CRITICAL,PASS,NOT_APPLICABLE,PASS,PASS,PASS,PASS,PASS,PASS,PASS,PASS,PASS,PASS,PASS,PASS,PASS,contracts/operations/slo-sli-catalog.yaml;docs/05-operations/CAPACITY_AND_SCALING.md;contracts/operations/external-dependency-register.csv;contracts/operations/vendor-exit-matrix.csv;contracts/operations/cost-model.yaml;docs/05-operations/COST_AND_UNIT_ECONOMICS.md;contracts/operations/recovery-objectives.yaml;docs/05-operations/BACKUP_RESTORE.md;contracts/operations/version-and-rollback-matrix.yaml;docs/03-engineering/DATABASE_MIGRATIONS.md;docs/05-operations/OBSERVABILITY.md;docs/04-quality/THREAT_MODEL.md;docs/04-quality/SECURITY_PRIVACY_LGPD.md;contracts/privacy/lgpd-control-matrix.csv;docs/04-quality/LGPD_CONTROL_MODEL.md;contracts/operations/lock-and-queue-policy.yaml,SECURITY_AND_PRIVACY_GATES,PASS
SPRINT-005,ISSUE-0046,Epic delivery envelope,,,EPIC-046,BC-013,Geoprocessamento,HIGH,PASS,NOT_APPLICABLE,PASS,PASS,PASS,PASS,PASS,PASS,PASS,PASS,PASS,PASS,PASS,PASS,PASS,contracts/operations/slo-sli-catalog.yaml;docs/05-operations/CAPACITY_AND_SCALING.md;contracts/operations/external-dependency-register.csv;contracts/operations/vendor-exit-matrix.csv;contracts/operations/cost-model.yaml;docs/05-operations/COST_AND_UNIT_ECONOMICS.md;contracts/operations/recovery-objectives.yaml;docs/05-operations/BACKUP_RESTORE.md;contracts/operations/version-and-rollback-matrix.yaml;docs/03-engineering/DATABASE_MIGRATIONS.md;docs/05-operations/OBSERVABILITY.md;docs/04-quality/THREAT_MODEL.md;docs/04-quality/SECURITY_PRIVACY_LGPD.md;contracts/privacy/lgpd-control-matrix.csv;docs/04-quality/LGPD_CONTROL_MODEL.md;contracts/operations/lock-and-queue-policy.yaml,BENCHMARK_AND_OPERATIONS_GATES,PASS
SPRINT-005,ISSUE-0047,Epic delivery envelope,,,EPIC-047,BC-006,Geoprocessamento,HIGH,PASS,NOT_APPLICABLE,PASS,PASS,PASS,PASS,PASS,PASS,NOT_APPLICABLE,PASS,PASS,PASS,PASS,PASS,PASS,contracts/operations/slo-sli-catalog.yaml;docs/05-operations/CAPACITY_AND_SCALING.md;contracts/operations/external-dependency-register.csv;contracts/operations/vendor-exit-matrix.csv;contracts/operations/cost-model.yaml;docs/05-operations/COST_AND_UNIT_ECONOMICS.md;contracts/operations/version-and-rollback-matrix.yaml;docs/03-engineering/DATABASE_MIGRATIONS.md;docs/05-operations/OBSERVABILITY.md;docs/04-quality/THREAT_MODEL.md;docs/04-quality/SECURITY_PRIVACY_LGPD.md;contracts/privacy/lgpd-control-matrix.csv;docs/04-quality/LGPD_CONTROL_MODEL.md;contracts/operations/recovery-objectives.yaml;docs/05-operations/BACKUP_RESTORE.md,BENCHMARK_AND_OPERATIONS_GATES,PASS
SPRINT-005,ISSUE-0048,Epic delivery envelope,,,EPIC-048,BC-006,Geoprocessamento,HIGH,PASS,NOT_APPLICABLE,PASS,PASS,PASS,PASS,PASS,PASS,PASS,PASS,PASS,PASS,PASS,PASS,PASS,contracts/operations/slo-sli-catalog.yaml;docs/05-operations/CAPACITY_AND_SCALING.md;contracts/operations/external-dependency-register.csv;contracts/operations/vendor-exit-matrix.csv;contracts/operations/cost-model.yaml;docs/05-operations/COST_AND_UNIT_ECONOMICS.md;contracts/operations/recovery-objectives.yaml;docs/05-operations/BACKUP_RESTORE.md;contracts/operations/version-and-rollback-matrix.yaml;docs/03-engineering/DATABASE_MIGRATIONS.md;docs/05-operations/OBSERVABILITY.md;docs/04-quality/THREAT_MODEL.md;docs/04-quality/SECURITY_PRIVACY_LGPD.md;contracts/privacy/lgpd-control-matrix.csv;docs/04-quality/LGPD_CONTROL_MODEL.md;contracts/operations/lock-and-queue-policy.yaml,BENCHMARK_AND_OPERATIONS_GATES,PASS
SPRINT-005,ISSUE-0225,Story,STORY-0115,TASK-0115,EPIC-021,BC-007,Arquiteto,CRITICAL,PASS,NOT_APPLICABLE,PASS,PASS,PASS,PASS,PASS,PASS,NOT_APPLICABLE,NOT_APPLICABLE,PASS,PASS,PASS,PASS,PASS,contracts/operations/slo-sli-catalog.yaml;docs/05-operations/CAPACITY_AND_SCALING.md;contracts/operations/external-dependency-register.csv;contracts/operations/vendor-exit-matrix.csv;contracts/operations/cost-model.yaml;docs/05-operations/COST_AND_UNIT_ECONOMICS.md;contracts/operations/version-and-rollback-matrix.yaml;docs/03-engineering/DATABASE_MIGRATIONS.md;docs/05-operations/OBSERVABILITY.md;docs/04-quality/THREAT_MODEL.md;docs/04-quality/SECURITY_PRIVACY_LGPD.md;contracts/privacy/lgpd-control-matrix.csv;docs/04-quality/LGPD_CONTROL_MODEL.md,SECURITY_AND_PRIVACY_GATES,PASS
SPRINT-005,ISSUE-0226,Story,STORY-0116,TASK-0116,EPIC-021,BC-007,Geoprocessamento,CRITICAL,PASS,NOT_APPLICABLE,PASS,PASS,PASS,PASS,PASS,PASS,NOT_APPLICABLE,PASS,NOT_APPLICABLE,PASS,PASS,PASS,PASS,contracts/operations/slo-sli-catalog.yaml;docs/05-operations/CAPACITY_AND_SCALING.md;contracts/operations/external-dependency-register.csv;contracts/operations/vendor-exit-matrix.csv;contracts/operations/cost-model.yaml;docs/05-operations/COST_AND_UNIT_ECONOMICS.md;contracts/operations/recovery-objectives.yaml;docs/05-operations/BACKUP_RESTORE.md;docs/05-operations/OBSERVABILITY.md;docs/04-quality/THREAT_MODEL.md;docs/04-quality/SECURITY_PRIVACY_LGPD.md;contracts/privacy/lgpd-control-matrix.csv;docs/04-quality/LGPD_CONTROL_MODEL.md;contracts/operations/version-and-rollback-matrix.yaml,SECURITY_AND_PRIVACY_GATES,PASS
SPRINT-005,ISSUE-0227,Story,STORY-0117,TASK-0117,EPIC-021,BC-007,Geoprocessamento,CRITICAL,PASS,NOT_APPLICABLE,PASS,PASS,PASS,PASS,PASS,PASS,NOT_APPLICABLE,PASS,NOT_APPLICABLE,PASS,PASS,PASS,PASS,contracts/operations/slo-sli-catalog.yaml;docs/05-operations/CAPACITY_AND_SCALING.md;contracts/operations/external-dependency-register.csv;contracts/operations/vendor-exit-matrix.csv;contracts/operations/cost-model.yaml;docs/05-operations/COST_AND_UNIT_ECONOMICS.md;contracts/operations/recovery-objectives.yaml;docs/05-operations/BACKUP_RESTORE.md;docs/05-operations/OBSERVABILITY.md;docs/04-quality/THREAT_MODEL.md;docs/04-quality/SECURITY_PRIVACY_LGPD.md;contracts/privacy/lgpd-control-matrix.csv;docs/04-quality/LGPD_CONTROL_MODEL.md;contracts/operations/version-and-rollback-matrix.yaml,SECURITY_AND_PRIVACY_GATES,PASS
SPRINT-005,ISSUE-0228,Story,STORY-0118,TASK-0118,EPIC-021,BC-007,Geoprocessamento,CRITICAL,PASS,NOT_APPLICABLE,PASS,PASS,PASS,PASS,PASS,PASS,NOT_APPLICABLE,PASS,PASS,PASS,PASS,PASS,PASS,contracts/operations/slo-sli-catalog.yaml;docs/05-operations/CAPACITY_AND_SCALING.md;contracts/operations/external-dependency-register.csv;contracts/operations/vendor-exit-matrix.csv;contracts/operations/cost-model.yaml;docs/05-operations/COST_AND_UNIT_ECONOMICS.md;contracts/operations/recovery-objectives.yaml;docs/05-operations/BACKUP_RESTORE.md;contracts/operations/version-and-rollback-matrix.yaml;docs/03-engineering/DATABASE_MIGRATIONS.md;docs/05-operations/OBSERVABILITY.md;docs/04-quality/THREAT_MODEL.md;docs/04-quality/SECURITY_PRIVACY_LGPD.md;contracts/privacy/lgpd-control-matrix.csv;docs/04-quality/LGPD_CONTROL_MODEL.md,SECURITY_AND_PRIVACY_GATES,PASS
SPRINT-005,ISSUE-0229,Story,STORY-0119,TASK-0119,EPIC-021,BC-007,Geoprocessamento,CRITICAL,PASS,NOT_APPLICABLE,PASS,PASS,PASS,PASS,PASS,PASS,NOT_APPLICABLE,PASS,NOT_APPLICABLE,PASS,PASS,PASS,PASS,contracts/operations/slo-sli-catalog.yaml;docs/05-operations/CAPACITY_AND_SCALING.md;contracts/operations/external-dependency-register.csv;contracts/operations/vendor-exit-matrix.csv;contracts/operations/cost-model.yaml;docs/05-operations/COST_AND_UNIT_ECONOMICS.md;contracts/operations/recovery-objectives.yaml;docs/05-operations/BACKUP_RESTORE.md;docs/05-operations/OBSERVABILITY.md;docs/04-quality/THREAT_MODEL.md;docs/04-quality/SECURITY_PRIVACY_LGPD.md;contracts/privacy/lgpd-control-matrix.csv;docs/04-quality/LGPD_CONTROL_MODEL.md;contracts/operations/version-and-rollback-matrix.yaml,SECURITY_AND_PRIVACY_GATES,PASS
SPRINT-005,ISSUE-0230,Story,STORY-0120,TASK-0120,EPIC-021,BC-007,QA,CRITICAL,PASS,NOT_APPLICABLE,PASS,PASS,PASS,PASS,PASS,PASS,NOT_APPLICABLE,NOT_APPLICABLE,NOT_APPLICABLE,PASS,PASS,PASS,PASS,contracts/operations/slo-sli-catalog.yaml;docs/05-operations/CAPACITY_AND_SCALING.md;contracts/operations/external-dependency-register.csv;contracts/operations/vendor-exit-matrix.csv;contracts/operations/cost-model.yaml;docs/05-operations/COST_AND_UNIT_ECONOMICS.md;docs/05-operations/OBSERVABILITY.md;docs/04-quality/THREAT_MODEL.md;docs/04-quality/SECURITY_PRIVACY_LGPD.md;contracts/privacy/lgpd-control-matrix.csv;docs/04-quality/LGPD_CONTROL_MODEL.md;contracts/operations/version-and-rollback-matrix.yaml,SECURITY_AND_PRIVACY_GATES,PASS
SPRINT-005,ISSUE-0231,Story,STORY-0121,TASK-0121,EPIC-021,BC-007,Reviewer,CRITICAL,PASS,NOT_APPLICABLE,PASS,PASS,PASS,PASS,PASS,PASS,NOT_APPLICABLE,NOT_APPLICABLE,NOT_APPLICABLE,PASS,PASS,NOT_APPLICABLE,PASS,contracts/operations/slo-sli-catalog.yaml;docs/05-operations/CAPACITY_AND_SCALING.md;contracts/operations/external-dependency-register.csv;contracts/operations/vendor-exit-matrix.csv;contracts/operations/cost-model.yaml;docs/05-operations/COST_AND_UNIT_ECONOMICS.md;docs/05-operations/OBSERVABILITY.md;docs/04-quality/THREAT_MODEL.md;docs/04-quality/SECURITY_PRIVACY_LGPD.md;contracts/operations/version-and-rollback-matrix.yaml,SECURITY_AND_PRIVACY_GATES,PASS
SPRINT-005,ISSUE-0232,Story,STORY-0122,TASK-0122,EPIC-022,BC-005,Arquiteto,CRITICAL,PASS,NOT_APPLICABLE,PASS,PASS,PASS,PASS,PASS,PASS,PASS,NOT_APPLICABLE,PASS,PASS,PASS,PASS,PASS,contracts/operations/slo-sli-catalog.yaml;docs/05-operations/CAPACITY_AND_SCALING.md;contracts/operations/external-dependency-register.csv;contracts/operations/vendor-exit-matrix.csv;contracts/operations/cost-model.yaml;docs/05-operations/COST_AND_UNIT_ECONOMICS.md;contracts/operations/lock-and-queue-policy.yaml;contracts/operations/version-and-rollback-matrix.yaml;docs/03-engineering/DATABASE_MIGRATIONS.md;docs/05-operations/OBSERVABILITY.md;docs/04-quality/THREAT_MODEL.md;docs/04-quality/SECURITY_PRIVACY_LGPD.md;contracts/privacy/lgpd-control-matrix.csv;docs/04-quality/LGPD_CONTROL_MODEL.md,SECURITY_AND_PRIVACY_GATES,PASS
SPRINT-005,ISSUE-0233,Story,STORY-0123,TASK-0123,EPIC-022,BC-005,Geoprocessamento,CRITICAL,PASS,NOT_APPLICABLE,PASS,PASS,PASS,PASS,PASS,PASS,NOT_APPLICABLE,PASS,NOT_APPLICABLE,PASS,PASS,PASS,PASS,contracts/operations/slo-sli-catalog.yaml;docs/05-operations/CAPACITY_AND_SCALING.md;contracts/operations/external-dependency-register.csv;contracts/operations/vendor-exit-matrix.csv;contracts/operations/cost-model.yaml;docs/05-operations/COST_AND_UNIT_ECONOMICS.md;contracts/operations/recovery-objectives.yaml;docs/05-operations/BACKUP_RESTORE.md;docs/05-operations/OBSERVABILITY.md;docs/04-quality/THREAT_MODEL.md;docs/04-quality/SECURITY_PRIVACY_LGPD.md;contracts/privacy/lgpd-control-matrix.csv;docs/04-quality/LGPD_CONTROL_MODEL.md;contracts/operations/version-and-rollback-matrix.yaml,SECURITY_AND_PRIVACY_GATES,PASS
SPRINT-005,ISSUE-0234,Story,STORY-0124,TASK-0124,EPIC-022,BC-005,Geoprocessamento,CRITICAL,PASS,NOT_APPLICABLE,PASS,PASS,PASS,PASS,PASS,PASS,NOT_APPLICABLE,PASS,NOT_APPLICABLE,PASS,PASS,PASS,PASS,contracts/operations/slo-sli-catalog.yaml;docs/05-operations/CAPACITY_AND_SCALING.md;contracts/operations/external-dependency-register.csv;contracts/operations/vendor-exit-matrix.csv;contracts/operations/cost-model.yaml;docs/05-operations/COST_AND_UNIT_ECONOMICS.md;contracts/operations/recovery-objectives.yaml;docs/05-operations/BACKUP_RESTORE.md;docs/05-operations/OBSERVABILITY.md;docs/04-quality/THREAT_MODEL.md;docs/04-quality/SECURITY_PRIVACY_LGPD.md;contracts/privacy/lgpd-control-matrix.csv;docs/04-quality/LGPD_CONTROL_MODEL.md;contracts/operations/version-and-rollback-matrix.yaml,SECURITY_AND_PRIVACY_GATES,PASS
SPRINT-005,ISSUE-0235,Story,STORY-0125,TASK-0125,EPIC-022,BC-005,Geoprocessamento,CRITICAL,PASS,NOT_APPLICABLE,PASS,PASS,PASS,PASS,PASS,PASS,NOT_APPLICABLE,PASS,PASS,PASS,PASS,PASS,PASS,contracts/operations/slo-sli-catalog.yaml;docs/05-operations/CAPACITY_AND_SCALING.md;contracts/operations/external-dependency-register.csv;contracts/operations/vendor-exit-matrix.csv;contracts/operations/cost-model.yaml;docs/05-operations/COST_AND_UNIT_ECONOMICS.md;contracts/operations/recovery-objectives.yaml;docs/05-operations/BACKUP_RESTORE.md;contracts/operations/version-and-rollback-matrix.yaml;docs/03-engineering/DATABASE_MIGRATIONS.md;docs/05-operations/OBSERVABILITY.md;docs/04-quality/THREAT_MODEL.md;docs/04-quality/SECURITY_PRIVACY_LGPD.md;contracts/privacy/lgpd-control-matrix.csv;docs/04-quality/LGPD_CONTROL_MODEL.md,SECURITY_AND_PRIVACY_GATES,PASS
SPRINT-005,ISSUE-0236,Story,STORY-0126,TASK-0126,EPIC-022,BC-005,Geoprocessamento,CRITICAL,PASS,NOT_APPLICABLE,PASS,PASS,PASS,PASS,PASS,PASS,NOT_APPLICABLE,PASS,NOT_APPLICABLE,PASS,PASS,PASS,PASS,contracts/operations/slo-sli-catalog.yaml;docs/05-operations/CAPACITY_AND_SCALING.md;contracts/operations/external-dependency-register.csv;contracts/operations/vendor-exit-matrix.csv;contracts/operations/cost-model.yaml;docs/05-operations/COST_AND_UNIT_ECONOMICS.md;contracts/operations/recovery-objectives.yaml;docs/05-operations/BACKUP_RESTORE.md;docs/05-operations/OBSERVABILITY.md;docs/04-quality/THREAT_MODEL.md;docs/04-quality/SECURITY_PRIVACY_LGPD.md;contracts/privacy/lgpd-control-matrix.csv;docs/04-quality/LGPD_CONTROL_MODEL.md;contracts/operations/version-and-rollback-matrix.yaml,SECURITY_AND_PRIVACY_GATES,PASS
SPRINT-005,ISSUE-0237,Story,STORY-0127,TASK-0127,EPIC-022,BC-005,QA,CRITICAL,PASS,NOT_APPLICABLE,PASS,PASS,PASS,PASS,PASS,PASS,NOT_APPLICABLE,NOT_APPLICABLE,NOT_APPLICABLE,PASS,PASS,PASS,PASS,contracts/operations/slo-sli-catalog.yaml;docs/05-operations/CAPACITY_AND_SCALING.md;contracts/operations/external-dependency-register.csv;contracts/operations/vendor-exit-matrix.csv;contracts/operations/cost-model.yaml;docs/05-operations/COST_AND_UNIT_ECONOMICS.md;docs/05-operations/OBSERVABILITY.md;docs/04-quality/THREAT_MODEL.md;docs/04-quality/SECURITY_PRIVACY_LGPD.md;contracts/privacy/lgpd-control-matrix.csv;docs/04-quality/LGPD_CONTROL_MODEL.md;contracts/operations/version-and-rollback-matrix.yaml,SECURITY_AND_PRIVACY_GATES,PASS
SPRINT-005,ISSUE-0238,Story,STORY-0128,TASK-0128,EPIC-022,BC-005,Reviewer,CRITICAL,PASS,NOT_APPLICABLE,PASS,PASS,PASS,PASS,PASS,PASS,NOT_APPLICABLE,NOT_APPLICABLE,NOT_APPLICABLE,PASS,PASS,PASS,PASS,contracts/operations/slo-sli-catalog.yaml;docs/05-operations/CAPACITY_AND_SCALING.md;contracts/operations/external-dependency-register.csv;contracts/operations/vendor-exit-matrix.csv;contracts/operations/cost-model.yaml;docs/05-operations/COST_AND_UNIT_ECONOMICS.md;docs/05-operations/OBSERVABILITY.md;docs/04-quality/THREAT_MODEL.md;docs/04-quality/SECURITY_PRIVACY_LGPD.md;contracts/privacy/lgpd-control-matrix.csv;docs/04-quality/LGPD_CONTROL_MODEL.md;contracts/operations/version-and-rollback-matrix.yaml,SECURITY_AND_PRIVACY_GATES,PASS
SPRINT-005,ISSUE-0239,Story,STORY-0129,TASK-0129,EPIC-023,BC-006,Arquiteto,CRITICAL,PASS,NOT_APPLICABLE,PASS,PASS,PASS,PASS,PASS,PASS,NOT_APPLICABLE,NOT_APPLICABLE,PASS,PASS,PASS,PASS,PASS,contracts/operations/slo-sli-catalog.yaml;docs/05-operations/CAPACITY_AND_SCALING.md;contracts/operations/external-dependency-register.csv;contracts/operations/vendor-exit-matrix.csv;contracts/operations/cost-model.yaml;docs/05-operations/COST_AND_UNIT_ECONOMICS.md;contracts/operations/version-and-rollback-matrix.yaml;docs/03-engineering/DATABASE_MIGRATIONS.md;docs/05-operations/OBSERVABILITY.md;docs/04-quality/THREAT_MODEL.md;docs/04-quality/SECURITY_PRIVACY_LGPD.md;contracts/privacy/lgpd-control-matrix.csv;docs/04-quality/LGPD_CONTROL_MODEL.md,SECURITY_AND_PRIVACY_GATES,PASS
SPRINT-005,ISSUE-0240,Story,STORY-0130,TASK-0130,EPIC-023,BC-006,Geoprocessamento,CRITICAL,PASS,NOT_APPLICABLE,PASS,PASS,PASS,PASS,PASS,PASS,PASS,PASS,NOT_APPLICABLE,PASS,PASS,PASS,PASS,contracts/operations/slo-sli-catalog.yaml;docs/05-operations/CAPACITY_AND_SCALING.md;contracts/operations/external-dependency-register.csv;contracts/operations/vendor-exit-matrix.csv;contracts/operations/cost-model.yaml;docs/05-operations/COST_AND_UNIT_ECONOMICS.md;contracts/operations/lock-and-queue-policy.yaml;contracts/operations/recovery-objectives.yaml;docs/05-operations/BACKUP_RESTORE.md;docs/05-operations/OBSERVABILITY.md;docs/04-quality/THREAT_MODEL.md;docs/04-quality/SECURITY_PRIVACY_LGPD.md;contracts/privacy/lgpd-control-matrix.csv;docs/04-quality/LGPD_CONTROL_MODEL.md;contracts/operations/version-and-rollback-matrix.yaml,SECURITY_AND_PRIVACY_GATES,PASS
SPRINT-005,ISSUE-0241,Story,STORY-0131,TASK-0131,EPIC-023,BC-006,Geoprocessamento,CRITICAL,PASS,NOT_APPLICABLE,PASS,PASS,PASS,PASS,PASS,PASS,NOT_APPLICABLE,PASS,NOT_APPLICABLE,PASS,PASS,PASS,PASS,contracts/operations/slo-sli-catalog.yaml;docs/05-operations/CAPACITY_AND_SCALING.md;contracts/operations/external-dependency-register.csv;contracts/operations/vendor-exit-matrix.csv;contracts/operations/cost-model.yaml;docs/05-operations/COST_AND_UNIT_ECONOMICS.md;contracts/operations/recovery-objectives.yaml;docs/05-operations/BACKUP_RESTORE.md;docs/05-operations/OBSERVABILITY.md;docs/04-quality/THREAT_MODEL.md;docs/04-quality/SECURITY_PRIVACY_LGPD.md;contracts/privacy/lgpd-control-matrix.csv;docs/04-quality/LGPD_CONTROL_MODEL.md;contracts/operations/version-and-rollback-matrix.yaml,SECURITY_AND_PRIVACY_GATES,PASS
SPRINT-005,ISSUE-0242,Story,STORY-0132,TASK-0132,EPIC-023,BC-006,Geoprocessamento,CRITICAL,PASS,NOT_APPLICABLE,PASS,PASS,PASS,PASS,PASS,PASS,NOT_APPLICABLE,PASS,PASS,PASS,PASS,PASS,PASS,contracts/operations/slo-sli-catalog.yaml;docs/05-operations/CAPACITY_AND_SCALING.md;contracts/operations/external-dependency-register.csv;contracts/operations/vendor-exit-matrix.csv;contracts/operations/cost-model.yaml;docs/05-operations/COST_AND_UNIT_ECONOMICS.md;contracts/operations/recovery-objectives.yaml;docs/05-operations/BACKUP_RESTORE.md;contracts/operations/version-and-rollback-matrix.yaml;docs/03-engineering/DATABASE_MIGRATIONS.md;docs/05-operations/OBSERVABILITY.md;docs/04-quality/THREAT_MODEL.md;docs/04-quality/SECURITY_PRIVACY_LGPD.md;contracts/privacy/lgpd-control-matrix.csv;docs/04-quality/LGPD_CONTROL_MODEL.md,SECURITY_AND_PRIVACY_GATES,PASS
SPRINT-005,ISSUE-0243,Story,STORY-0133,TASK-0133,EPIC-023,BC-006,Geoprocessamento,CRITICAL,PASS,NOT_APPLICABLE,PASS,PASS,PASS,PASS,PASS,PASS,NOT_APPLICABLE,PASS,NOT_APPLICABLE,PASS,PASS,PASS,PASS,contracts/operations/slo-sli-catalog.yaml;docs/05-operations/CAPACITY_AND_SCALING.md;contracts/operations/external-dependency-register.csv;contracts/operations/vendor-exit-matrix.csv;contracts/operations/cost-model.yaml;docs/05-operations/COST_AND_UNIT_ECONOMICS.md;contracts/operations/recovery-objectives.yaml;docs/05-operations/BACKUP_RESTORE.md;docs/05-operations/OBSERVABILITY.md;docs/04-quality/THREAT_MODEL.md;docs/04-quality/SECURITY_PRIVACY_LGPD.md;contracts/privacy/lgpd-control-matrix.csv;docs/04-quality/LGPD_CONTROL_MODEL.md;contracts/operations/version-and-rollback-matrix.yaml,SECURITY_AND_PRIVACY_GATES,PASS
SPRINT-005,ISSUE-0244,Story,STORY-0134,TASK-0134,EPIC-023,BC-006,QA,CRITICAL,PASS,NOT_APPLICABLE,PASS,PASS,PASS,PASS,PASS,PASS,NOT_APPLICABLE,PASS,NOT_APPLICABLE,PASS,PASS,PASS,PASS,contracts/operations/slo-sli-catalog.yaml;docs/05-operations/CAPACITY_AND_SCALING.md;contracts/operations/external-dependency-register.csv;contracts/operations/vendor-exit-matrix.csv;contracts/operations/cost-model.yaml;docs/05-operations/COST_AND_UNIT_ECONOMICS.md;contracts/operations/recovery-objectives.yaml;docs/05-operations/BACKUP_RESTORE.md;docs/05-operations/OBSERVABILITY.md;docs/04-quality/THREAT_MODEL.md;docs/04-quality/SECURITY_PRIVACY_LGPD.md;contracts/privacy/lgpd-control-matrix.csv;docs/04-quality/LGPD_CONTROL_MODEL.md;contracts/operations/version-and-rollback-matrix.yaml,SECURITY_AND_PRIVACY_GATES,PASS
SPRINT-005,ISSUE-0245,Story,STORY-0135,TASK-0135,EPIC-023,BC-006,Reviewer,CRITICAL,PASS,NOT_APPLICABLE,PASS,PASS,PASS,PASS,PASS,PASS,NOT_APPLICABLE,NOT_APPLICABLE,NOT_APPLICABLE,PASS,PASS,PASS,PASS,contracts/operations/slo-sli-catalog.yaml;docs/05-operations/CAPACITY_AND_SCALING.md;contracts/operations/external-dependency-register.csv;contracts/operations/vendor-exit-matrix.csv;contracts/operations/cost-model.yaml;docs/05-operations/COST_AND_UNIT_ECONOMICS.md;docs/05-operations/OBSERVABILITY.md;docs/04-quality/THREAT_MODEL.md;docs/04-quality/SECURITY_PRIVACY_LGPD.md;contracts/privacy/lgpd-control-matrix.csv;docs/04-quality/LGPD_CONTROL_MODEL.md;contracts/operations/version-and-rollback-matrix.yaml,SECURITY_AND_PRIVACY_GATES,PASS
SPRINT-005,ISSUE-0246,Story,STORY-0136,TASK-0136,EPIC-024,BC-007,Arquiteto,CRITICAL,PASS,NOT_APPLICABLE,PASS,PASS,PASS,PASS,PASS,PASS,PASS,NOT_APPLICABLE,PASS,PASS,PASS,PASS,PASS,contracts/operations/slo-sli-catalog.yaml;docs/05-operations/CAPACITY_AND_SCALING.md;contracts/operations/external-dependency-register.csv;contracts/operations/vendor-exit-matrix.csv;contracts/operations/cost-model.yaml;docs/05-operations/COST_AND_UNIT_ECONOMICS.md;contracts/operations/lock-and-queue-policy.yaml;contracts/operations/version-and-rollback-matrix.yaml;docs/03-engineering/DATABASE_MIGRATIONS.md;docs/05-operations/OBSERVABILITY.md;docs/04-quality/THREAT_MODEL.md;docs/04-quality/SECURITY_PRIVACY_LGPD.md;contracts/privacy/lgpd-control-matrix.csv;docs/04-quality/LGPD_CONTROL_MODEL.md,SECURITY_AND_PRIVACY_GATES,PASS
SPRINT-005,ISSUE-0247,Story,STORY-0137,TASK-0137,EPIC-024,BC-007,Geoprocessamento,CRITICAL,PASS,NOT_APPLICABLE,PASS,PASS,PASS,PASS,PASS,PASS,NOT_APPLICABLE,PASS,NOT_APPLICABLE,PASS,PASS,PASS,PASS,contracts/operations/slo-sli-catalog.yaml;docs/05-operations/CAPACITY_AND_SCALING.md;contracts/operations/external-dependency-register.csv;contracts/operations/vendor-exit-matrix.csv;contracts/operations/cost-model.yaml;docs/05-operations/COST_AND_UNIT_ECONOMICS.md;contracts/operations/recovery-objectives.yaml;docs/05-operations/BACKUP_RESTORE.md;docs/05-operations/OBSERVABILITY.md;docs/04-quality/THREAT_MODEL.md;docs/04-quality/SECURITY_PRIVACY_LGPD.md;contracts/privacy/lgpd-control-matrix.csv;docs/04-quality/LGPD_CONTROL_MODEL.md;contracts/operations/version-and-rollback-matrix.yaml,SECURITY_AND_PRIVACY_GATES,PASS
SPRINT-005,ISSUE-0248,Story,STORY-0138,TASK-0138,EPIC-024,BC-007,Geoprocessamento,CRITICAL,PASS,NOT_APPLICABLE,PASS,PASS,PASS,PASS,PASS,PASS,NOT_APPLICABLE,PASS,NOT_APPLICABLE,PASS,PASS,PASS,PASS,contracts/operations/slo-sli-catalog.yaml;docs/05-operations/CAPACITY_AND_SCALING.md;contracts/operations/external-dependency-register.csv;contracts/operations/vendor-exit-matrix.csv;contracts/operations/cost-model.yaml;docs/05-operations/COST_AND_UNIT_ECONOMICS.md;contracts/operations/recovery-objectives.yaml;docs/05-operations/BACKUP_RESTORE.md;docs/05-operations/OBSERVABILITY.md;docs/04-quality/THREAT_MODEL.md;docs/04-quality/SECURITY_PRIVACY_LGPD.md;contracts/privacy/lgpd-control-matrix.csv;docs/04-quality/LGPD_CONTROL_MODEL.md;contracts/operations/version-and-rollback-matrix.yaml,SECURITY_AND_PRIVACY_GATES,PASS
SPRINT-005,ISSUE-0249,Story,STORY-0139,TASK-0139,EPIC-024,BC-007,Geoprocessamento,CRITICAL,PASS,NOT_APPLICABLE,PASS,PASS,PASS,PASS,PASS,PASS,NOT_APPLICABLE,PASS,PASS,PASS,PASS,PASS,PASS,contracts/operations/slo-sli-catalog.yaml;docs/05-operations/CAPACITY_AND_SCALING.md;contracts/operations/external-dependency-register.csv;contracts/operations/vendor-exit-matrix.csv;contracts/operations/cost-model.yaml;docs/05-operations/COST_AND_UNIT_ECONOMICS.md;contracts/operations/recovery-objectives.yaml;docs/05-operations/BACKUP_RESTORE.md;contracts/operations/version-and-rollback-matrix.yaml;docs/03-engineering/DATABASE_MIGRATIONS.md;docs/05-operations/OBSERVABILITY.md;docs/04-quality/THREAT_MODEL.md;docs/04-quality/SECURITY_PRIVACY_LGPD.md;contracts/privacy/lgpd-control-matrix.csv;docs/04-quality/LGPD_CONTROL_MODEL.md,SECURITY_AND_PRIVACY_GATES,PASS
SPRINT-005,ISSUE-0250,Story,STORY-0140,TASK-0140,EPIC-024,BC-007,Geoprocessamento,CRITICAL,PASS,NOT_APPLICABLE,PASS,PASS,PASS,PASS,PASS,PASS,NOT_APPLICABLE,PASS,NOT_APPLICABLE,PASS,PASS,PASS,PASS,contracts/operations/slo-sli-catalog.yaml;docs/05-operations/CAPACITY_AND_SCALING.md;contracts/operations/external-dependency-register.csv;contracts/operations/vendor-exit-matrix.csv;contracts/operations/cost-model.yaml;docs/05-operations/COST_AND_UNIT_ECONOMICS.md;contracts/operations/recovery-objectives.yaml;docs/05-operations/BACKUP_RESTORE.md;docs/05-operations/OBSERVABILITY.md;docs/04-quality/THREAT_MODEL.md;docs/04-quality/SECURITY_PRIVACY_LGPD.md;contracts/privacy/lgpd-control-matrix.csv;docs/04-quality/LGPD_CONTROL_MODEL.md;contracts/operations/version-and-rollback-matrix.yaml,SECURITY_AND_PRIVACY_GATES,PASS
SPRINT-005,ISSUE-0251,Story,STORY-0141,TASK-0141,EPIC-024,BC-007,QA,CRITICAL,PASS,NOT_APPLICABLE,PASS,PASS,PASS,PASS,PASS,PASS,PASS,PASS,NOT_APPLICABLE,PASS,PASS,PASS,PASS,contracts/operations/slo-sli-catalog.yaml;docs/05-operations/CAPACITY_AND_SCALING.md;contracts/operations/external-dependency-register.csv;contracts/operations/vendor-exit-matrix.csv;contracts/operations/cost-model.yaml;docs/05-operations/COST_AND_UNIT_ECONOMICS.md;contracts/operations/lock-and-queue-policy.yaml;contracts/operations/recovery-objectives.yaml;docs/05-operations/BACKUP_RESTORE.md;docs/05-operations/OBSERVABILITY.md;docs/04-quality/THREAT_MODEL.md;docs/04-quality/SECURITY_PRIVACY_LGPD.md;contracts/privacy/lgpd-control-matrix.csv;docs/04-quality/LGPD_CONTROL_MODEL.md;contracts/operations/version-and-rollback-matrix.yaml,SECURITY_AND_PRIVACY_GATES,PASS
SPRINT-005,ISSUE-0252,Story,STORY-0142,TASK-0142,EPIC-024,BC-007,Reviewer,CRITICAL,PASS,NOT_APPLICABLE,PASS,PASS,PASS,PASS,PASS,PASS,NOT_APPLICABLE,NOT_APPLICABLE,NOT_APPLICABLE,PASS,PASS,NOT_APPLICABLE,PASS,contracts/operations/slo-sli-catalog.yaml;docs/05-operations/CAPACITY_AND_SCALING.md;contracts/operations/external-dependency-register.csv;contracts/operations/vendor-exit-matrix.csv;contracts/operations/cost-model.yaml;docs/05-operations/COST_AND_UNIT_ECONOMICS.md;docs/05-operations/OBSERVABILITY.md;docs/04-quality/THREAT_MODEL.md;docs/04-quality/SECURITY_PRIVACY_LGPD.md;contracts/operations/version-and-rollback-matrix.yaml,SECURITY_AND_PRIVACY_GATES,PASS
SPRINT-005,ISSUE-0253,Story,STORY-0143,TASK-0143,EPIC-025,BC-007,Arquiteto,CRITICAL,PASS,NOT_APPLICABLE,PASS,PASS,PASS,PASS,PASS,PASS,NOT_APPLICABLE,NOT_APPLICABLE,PASS,PASS,PASS,PASS,PASS,contracts/operations/slo-sli-catalog.yaml;docs/05-operations/CAPACITY_AND_SCALING.md;contracts/operations/external-dependency-register.csv;contracts/operations/vendor-exit-matrix.csv;contracts/operations/cost-model.yaml;docs/05-operations/COST_AND_UNIT_ECONOMICS.md;contracts/operations/version-and-rollback-matrix.yaml;docs/03-engineering/DATABASE_MIGRATIONS.md;docs/05-operations/OBSERVABILITY.md;docs/04-quality/THREAT_MODEL.md;docs/04-quality/SECURITY_PRIVACY_LGPD.md;contracts/privacy/lgpd-control-matrix.csv;docs/04-quality/LGPD_CONTROL_MODEL.md,SECURITY_AND_PRIVACY_GATES,PASS
SPRINT-005,ISSUE-0254,Story,STORY-0144,TASK-0144,EPIC-025,BC-007,Geoprocessamento,CRITICAL,PASS,NOT_APPLICABLE,PASS,PASS,PASS,PASS,PASS,PASS,NOT_APPLICABLE,PASS,NOT_APPLICABLE,PASS,PASS,NOT_APPLICABLE,PASS,contracts/operations/slo-sli-catalog.yaml;docs/05-operations/CAPACITY_AND_SCALING.md;contracts/operations/external-dependency-register.csv;contracts/operations/vendor-exit-matrix.csv;contracts/operations/cost-model.yaml;docs/05-operations/COST_AND_UNIT_ECONOMICS.md;contracts/operations/recovery-objectives.yaml;docs/05-operations/BACKUP_RESTORE.md;docs/05-operations/OBSERVABILITY.md;docs/04-quality/THREAT_MODEL.md;docs/04-quality/SECURITY_PRIVACY_LGPD.md;contracts/operations/version-and-rollback-matrix.yaml,SECURITY_AND_PRIVACY_GATES,PASS
SPRINT-005,ISSUE-0255,Story,STORY-0145,TASK-0145,EPIC-025,BC-007,Geoprocessamento,CRITICAL,PASS,NOT_APPLICABLE,PASS,PASS,PASS,PASS,PASS,PASS,NOT_APPLICABLE,PASS,NOT_APPLICABLE,PASS,PASS,NOT_APPLICABLE,PASS,contracts/operations/slo-sli-catalog.yaml;docs/05-operations/CAPACITY_AND_SCALING.md;contracts/operations/external-dependency-register.csv;contracts/operations/vendor-exit-matrix.csv;contracts/operations/cost-model.yaml;docs/05-operations/COST_AND_UNIT_ECONOMICS.md;contracts/operations/recovery-objectives.yaml;docs/05-operations/BACKUP_RESTORE.md;docs/05-operations/OBSERVABILITY.md;docs/04-quality/THREAT_MODEL.md;docs/04-quality/SECURITY_PRIVACY_LGPD.md;contracts/operations/version-and-rollback-matrix.yaml,SECURITY_AND_PRIVACY_GATES,PASS
SPRINT-005,ISSUE-0256,Story,STORY-0146,TASK-0146,EPIC-025,BC-007,Geoprocessamento,CRITICAL,PASS,NOT_APPLICABLE,PASS,PASS,PASS,PASS,PASS,PASS,NOT_APPLICABLE,PASS,PASS,PASS,PASS,NOT_APPLICABLE,PASS,contracts/operations/slo-sli-catalog.yaml;docs/05-operations/CAPACITY_AND_SCALING.md;contracts/operations/external-dependency-register.csv;contracts/operations/vendor-exit-matrix.csv;contracts/operations/cost-model.yaml;docs/05-operations/COST_AND_UNIT_ECONOMICS.md;contracts/operations/recovery-objectives.yaml;docs/05-operations/BACKUP_RESTORE.md;contracts/operations/version-and-rollback-matrix.yaml;docs/03-engineering/DATABASE_MIGRATIONS.md;docs/05-operations/OBSERVABILITY.md;docs/04-quality/THREAT_MODEL.md;docs/04-quality/SECURITY_PRIVACY_LGPD.md,SECURITY_AND_PRIVACY_GATES,PASS
SPRINT-005,ISSUE-0257,Story,STORY-0147,TASK-0147,EPIC-025,BC-007,Geoprocessamento,CRITICAL,PASS,NOT_APPLICABLE,PASS,PASS,PASS,PASS,PASS,PASS,NOT_APPLICABLE,PASS,NOT_APPLICABLE,PASS,PASS,NOT_APPLICABLE,PASS,contracts/operations/slo-sli-catalog.yaml;docs/05-operations/CAPACITY_AND_SCALING.md;contracts/operations/external-dependency-register.csv;contracts/operations/vendor-exit-matrix.csv;contracts/operations/cost-model.yaml;docs/05-operations/COST_AND_UNIT_ECONOMICS.md;contracts/operations/recovery-objectives.yaml;docs/05-operations/BACKUP_RESTORE.md;docs/05-operations/OBSERVABILITY.md;docs/04-quality/THREAT_MODEL.md;docs/04-quality/SECURITY_PRIVACY_LGPD.md;contracts/operations/version-and-rollback-matrix.yaml,SECURITY_AND_PRIVACY_GATES,PASS
SPRINT-005,ISSUE-0258,Story,STORY-0148,TASK-0148,EPIC-025,BC-007,QA,CRITICAL,PASS,NOT_APPLICABLE,PASS,PASS,PASS,PASS,PASS,PASS,NOT_APPLICABLE,NOT_APPLICABLE,NOT_APPLICABLE,PASS,PASS,NOT_APPLICABLE,PASS,contracts/operations/slo-sli-catalog.yaml;docs/05-operations/CAPACITY_AND_SCALING.md;contracts/operations/external-dependency-register.csv;contracts/operations/vendor-exit-matrix.csv;contracts/operations/cost-model.yaml;docs/05-operations/COST_AND_UNIT_ECONOMICS.md;docs/05-operations/OBSERVABILITY.md;docs/04-quality/THREAT_MODEL.md;docs/04-quality/SECURITY_PRIVACY_LGPD.md;contracts/operations/version-and-rollback-matrix.yaml,SECURITY_AND_PRIVACY_GATES,PASS
SPRINT-005,ISSUE-0259,Story,STORY-0149,TASK-0149,EPIC-025,BC-007,Reviewer,CRITICAL,PASS,NOT_APPLICABLE,PASS,PASS,PASS,PASS,PASS,PASS,NOT_APPLICABLE,NOT_APPLICABLE,NOT_APPLICABLE,PASS,PASS,NOT_APPLICABLE,PASS,contracts/operations/slo-sli-catalog.yaml;docs/05-operations/CAPACITY_AND_SCALING.md;contracts/operations/external-dependency-register.csv;contracts/operations/vendor-exit-matrix.csv;contracts/operations/cost-model.yaml;docs/05-operations/COST_AND_UNIT_ECONOMICS.md;docs/05-operations/OBSERVABILITY.md;docs/04-quality/THREAT_MODEL.md;docs/04-quality/SECURITY_PRIVACY_LGPD.md;contracts/operations/version-and-rollback-matrix.yaml,SECURITY_AND_PRIVACY_GATES,PASS
SPRINT-005,ISSUE-0260,Story,STORY-0150,TASK-0150,EPIC-026,BC-013,Arquiteto,CRITICAL,PASS,NOT_APPLICABLE,PASS,PASS,PASS,PASS,PASS,PASS,NOT_APPLICABLE,PASS,PASS,PASS,PASS,PASS,PASS,contracts/operations/slo-sli-catalog.yaml;docs/05-operations/CAPACITY_AND_SCALING.md;contracts/operations/external-dependency-register.csv;contracts/operations/vendor-exit-matrix.csv;contracts/operations/cost-model.yaml;docs/05-operations/COST_AND_UNIT_ECONOMICS.md;contracts/operations/recovery-objectives.yaml;docs/05-operations/BACKUP_RESTORE.md;contracts/operations/version-and-rollback-matrix.yaml;docs/03-engineering/DATABASE_MIGRATIONS.md;docs/05-operations/OBSERVABILITY.md;docs/04-quality/THREAT_MODEL.md;docs/04-quality/SECURITY_PRIVACY_LGPD.md;contracts/privacy/lgpd-control-matrix.csv;docs/04-quality/LGPD_CONTROL_MODEL.md,SECURITY_AND_PRIVACY_GATES,PASS
SPRINT-005,ISSUE-0261,Story,STORY-0151,TASK-0151,EPIC-026,BC-013,Geoprocessamento,CRITICAL,PASS,NOT_APPLICABLE,PASS,PASS,PASS,PASS,PASS,PASS,NOT_APPLICABLE,PASS,NOT_APPLICABLE,PASS,PASS,PASS,PASS,contracts/operations/slo-sli-catalog.yaml;docs/05-operations/CAPACITY_AND_SCALING.md;contracts/operations/external-dependency-register.csv;contracts/operations/vendor-exit-matrix.csv;contracts/operations/cost-model.yaml;docs/05-operations/COST_AND_UNIT_ECONOMICS.md;contracts/operations/recovery-objectives.yaml;docs/05-operations/BACKUP_RESTORE.md;docs/05-operations/OBSERVABILITY.md;docs/04-quality/THREAT_MODEL.md;docs/04-quality/SECURITY_PRIVACY_LGPD.md;contracts/privacy/lgpd-control-matrix.csv;docs/04-quality/LGPD_CONTROL_MODEL.md;contracts/operations/version-and-rollback-matrix.yaml,SECURITY_AND_PRIVACY_GATES,PASS
SPRINT-005,ISSUE-0262,Story,STORY-0152,TASK-0152,EPIC-026,BC-013,Geoprocessamento,CRITICAL,PASS,NOT_APPLICABLE,PASS,PASS,PASS,PASS,PASS,PASS,NOT_APPLICABLE,PASS,NOT_APPLICABLE,PASS,PASS,PASS,PASS,contracts/operations/slo-sli-catalog.yaml;docs/05-operations/CAPACITY_AND_SCALING.md;contracts/operations/external-dependency-register.csv;contracts/operations/vendor-exit-matrix.csv;contracts/operations/cost-model.yaml;docs/05-operations/COST_AND_UNIT_ECONOMICS.md;contracts/operations/recovery-objectives.yaml;docs/05-operations/BACKUP_RESTORE.md;docs/05-operations/OBSERVABILITY.md;docs/04-quality/THREAT_MODEL.md;docs/04-quality/SECURITY_PRIVACY_LGPD.md;contracts/privacy/lgpd-control-matrix.csv;docs/04-quality/LGPD_CONTROL_MODEL.md;contracts/operations/version-and-rollback-matrix.yaml,SECURITY_AND_PRIVACY_GATES,PASS
SPRINT-005,ISSUE-0263,Story,STORY-0153,TASK-0153,EPIC-026,BC-013,Geoprocessamento,CRITICAL,PASS,NOT_APPLICABLE,PASS,PASS,PASS,PASS,PASS,PASS,NOT_APPLICABLE,PASS,PASS,PASS,PASS,PASS,PASS,contracts/operations/slo-sli-catalog.yaml;docs/05-operations/CAPACITY_AND_SCALING.md;contracts/operations/external-dependency-register.csv;contracts/operations/vendor-exit-matrix.csv;contracts/operations/cost-model.yaml;docs/05-operations/COST_AND_UNIT_ECONOMICS.md;contracts/operations/recovery-objectives.yaml;docs/05-operations/BACKUP_RESTORE.md;contracts/operations/version-and-rollback-matrix.yaml;docs/03-engineering/DATABASE_MIGRATIONS.md;docs/05-operations/OBSERVABILITY.md;docs/04-quality/THREAT_MODEL.md;docs/04-quality/SECURITY_PRIVACY_LGPD.md;contracts/privacy/lgpd-control-matrix.csv;docs/04-quality/LGPD_CONTROL_MODEL.md,SECURITY_AND_PRIVACY_GATES,PASS
SPRINT-005,ISSUE-0264,Story,STORY-0154,TASK-0154,EPIC-026,BC-013,Geoprocessamento,CRITICAL,PASS,NOT_APPLICABLE,PASS,PASS,PASS,PASS,PASS,PASS,NOT_APPLICABLE,PASS,NOT_APPLICABLE,PASS,PASS,PASS,PASS,contracts/operations/slo-sli-catalog.yaml;docs/05-operations/CAPACITY_AND_SCALING.md;contracts/operations/external-dependency-register.csv;contracts/operations/vendor-exit-matrix.csv;contracts/operations/cost-model.yaml;docs/05-operations/COST_AND_UNIT_ECONOMICS.md;contracts/operations/recovery-objectives.yaml;docs/05-operations/BACKUP_RESTORE.md;docs/05-operations/OBSERVABILITY.md;docs/04-quality/THREAT_MODEL.md;docs/04-quality/SECURITY_PRIVACY_LGPD.md;contracts/privacy/lgpd-control-matrix.csv;docs/04-quality/LGPD_CONTROL_MODEL.md;contracts/operations/version-and-rollback-matrix.yaml,SECURITY_AND_PRIVACY_GATES,PASS
SPRINT-005,ISSUE-0265,Story,STORY-0155,TASK-0155,EPIC-026,BC-013,QA,CRITICAL,PASS,NOT_APPLICABLE,PASS,PASS,PASS,PASS,PASS,PASS,NOT_APPLICABLE,PASS,NOT_APPLICABLE,PASS,PASS,PASS,PASS,contracts/operations/slo-sli-catalog.yaml;docs/05-operations/CAPACITY_AND_SCALING.md;contracts/operations/external-dependency-register.csv;contracts/operations/vendor-exit-matrix.csv;contracts/operations/cost-model.yaml;docs/05-operations/COST_AND_UNIT_ECONOMICS.md;contracts/operations/recovery-objectives.yaml;docs/05-operations/BACKUP_RESTORE.md;docs/05-operations/OBSERVABILITY.md;docs/04-quality/THREAT_MODEL.md;docs/04-quality/SECURITY_PRIVACY_LGPD.md;contracts/privacy/lgpd-control-matrix.csv;docs/04-quality/LGPD_CONTROL_MODEL.md;contracts/operations/version-and-rollback-matrix.yaml,SECURITY_AND_PRIVACY_GATES,PASS
SPRINT-005,ISSUE-0266,Story,STORY-0156,TASK-0156,EPIC-026,BC-013,Reviewer,CRITICAL,PASS,NOT_APPLICABLE,PASS,PASS,PASS,PASS,NOT_APPLICABLE,PASS,NOT_APPLICABLE,PASS,NOT_APPLICABLE,PASS,PASS,PASS,PASS,contracts/operations/slo-sli-catalog.yaml;docs/05-operations/CAPACITY_AND_SCALING.md;contracts/operations/external-dependency-register.csv;contracts/operations/vendor-exit-matrix.csv;contracts/operations/cost-model.yaml;docs/05-operations/COST_AND_UNIT_ECONOMICS.md;contracts/operations/recovery-objectives.yaml;docs/05-operations/BACKUP_RESTORE.md;docs/05-operations/OBSERVABILITY.md;docs/04-quality/THREAT_MODEL.md;docs/04-quality/SECURITY_PRIVACY_LGPD.md;contracts/privacy/lgpd-control-matrix.csv;docs/04-quality/LGPD_CONTROL_MODEL.md;contracts/operations/version-and-rollback-matrix.yaml,SECURITY_AND_PRIVACY_GATES,PASS
SPRINT-005,ISSUE-0267,Story,STORY-0157,TASK-0157,EPIC-027,BC-005,Arquiteto,HIGH,PASS,NOT_APPLICABLE,PASS,PASS,PASS,PASS,PASS,PASS,NOT_APPLICABLE,NOT_APPLICABLE,PASS,PASS,PASS,PASS,PASS,contracts/operations/slo-sli-catalog.yaml;docs/05-operations/CAPACITY_AND_SCALING.md;contracts/operations/external-dependency-register.csv;contracts/operations/vendor-exit-matrix.csv;contracts/operations/cost-model.yaml;docs/05-operations/COST_AND_UNIT_ECONOMICS.md;contracts/operations/version-and-rollback-matrix.yaml;docs/03-engineering/DATABASE_MIGRATIONS.md;docs/05-operations/OBSERVABILITY.md;docs/04-quality/THREAT_MODEL.md;docs/04-quality/SECURITY_PRIVACY_LGPD.md;contracts/privacy/lgpd-control-matrix.csv;docs/04-quality/LGPD_CONTROL_MODEL.md,BENCHMARK_AND_OPERATIONS_GATES,PASS
SPRINT-005,ISSUE-0268,Story,STORY-0158,TASK-0158,EPIC-027,BC-005,Geoprocessamento,HIGH,PASS,NOT_APPLICABLE,PASS,PASS,PASS,PASS,PASS,PASS,NOT_APPLICABLE,PASS,NOT_APPLICABLE,PASS,PASS,PASS,PASS,contracts/operations/slo-sli-catalog.yaml;docs/05-operations/CAPACITY_AND_SCALING.md;contracts/operations/external-dependency-register.csv;contracts/operations/vendor-exit-matrix.csv;contracts/operations/cost-model.yaml;docs/05-operations/COST_AND_UNIT_ECONOMICS.md;contracts/operations/recovery-objectives.yaml;docs/05-operations/BACKUP_RESTORE.md;docs/05-operations/OBSERVABILITY.md;docs/04-quality/THREAT_MODEL.md;docs/04-quality/SECURITY_PRIVACY_LGPD.md;contracts/privacy/lgpd-control-matrix.csv;docs/04-quality/LGPD_CONTROL_MODEL.md;contracts/operations/version-and-rollback-matrix.yaml,BENCHMARK_AND_OPERATIONS_GATES,PASS
SPRINT-005,ISSUE-0269,Story,STORY-0159,TASK-0159,EPIC-027,BC-005,Geoprocessamento,HIGH,PASS,NOT_APPLICABLE,PASS,PASS,PASS,PASS,PASS,PASS,NOT_APPLICABLE,PASS,NOT_APPLICABLE,PASS,PASS,PASS,PASS,contracts/operations/slo-sli-catalog.yaml;docs/05-operations/CAPACITY_AND_SCALING.md;contracts/operations/external-dependency-register.csv;contracts/operations/vendor-exit-matrix.csv;contracts/operations/cost-model.yaml;docs/05-operations/COST_AND_UNIT_ECONOMICS.md;contracts/operations/recovery-objectives.yaml;docs/05-operations/BACKUP_RESTORE.md;docs/05-operations/OBSERVABILITY.md;docs/04-quality/THREAT_MODEL.md;docs/04-quality/SECURITY_PRIVACY_LGPD.md;contracts/privacy/lgpd-control-matrix.csv;docs/04-quality/LGPD_CONTROL_MODEL.md;contracts/operations/version-and-rollback-matrix.yaml,BENCHMARK_AND_OPERATIONS_GATES,PASS
SPRINT-005,ISSUE-0270,Story,STORY-0160,TASK-0160,EPIC-027,BC-005,Geoprocessamento,HIGH,PASS,NOT_APPLICABLE,PASS,PASS,PASS,PASS,PASS,PASS,NOT_APPLICABLE,PASS,PASS,PASS,PASS,PASS,PASS,contracts/operations/slo-sli-catalog.yaml;docs/05-operations/CAPACITY_AND_SCALING.md;contracts/operations/external-dependency-register.csv;contracts/operations/vendor-exit-matrix.csv;contracts/operations/cost-model.yaml;docs/05-operations/COST_AND_UNIT_ECONOMICS.md;contracts/operations/recovery-objectives.yaml;docs/05-operations/BACKUP_RESTORE.md;contracts/operations/version-and-rollback-matrix.yaml;docs/03-engineering/DATABASE_MIGRATIONS.md;docs/05-operations/OBSERVABILITY.md;docs/04-quality/THREAT_MODEL.md;docs/04-quality/SECURITY_PRIVACY_LGPD.md;contracts/privacy/lgpd-control-matrix.csv;docs/04-quality/LGPD_CONTROL_MODEL.md,BENCHMARK_AND_OPERATIONS_GATES,PASS
SPRINT-005,ISSUE-0271,Story,STORY-0161,TASK-0161,EPIC-027,BC-005,Geoprocessamento,HIGH,PASS,NOT_APPLICABLE,PASS,PASS,PASS,PASS,PASS,PASS,NOT_APPLICABLE,PASS,NOT_APPLICABLE,PASS,PASS,PASS,PASS,contracts/operations/slo-sli-catalog.yaml;docs/05-operations/CAPACITY_AND_SCALING.md;contracts/operations/external-dependency-register.csv;contracts/operations/vendor-exit-matrix.csv;contracts/operations/cost-model.yaml;docs/05-operations/COST_AND_UNIT_ECONOMICS.md;contracts/operations/recovery-objectives.yaml;docs/05-operations/BACKUP_RESTORE.md;docs/05-operations/OBSERVABILITY.md;docs/04-quality/THREAT_MODEL.md;docs/04-quality/SECURITY_PRIVACY_LGPD.md;contracts/privacy/lgpd-control-matrix.csv;docs/04-quality/LGPD_CONTROL_MODEL.md;contracts/operations/version-and-rollback-matrix.yaml,BENCHMARK_AND_OPERATIONS_GATES,PASS
SPRINT-005,ISSUE-0272,Story,STORY-0162,TASK-0162,EPIC-027,BC-005,QA,HIGH,PASS,NOT_APPLICABLE,PASS,PASS,PASS,PASS,PASS,PASS,NOT_APPLICABLE,NOT_APPLICABLE,NOT_APPLICABLE,PASS,PASS,PASS,PASS,contracts/operations/slo-sli-catalog.yaml;docs/05-operations/CAPACITY_AND_SCALING.md;contracts/operations/external-dependency-register.csv;contracts/operations/vendor-exit-matrix.csv;contracts/operations/cost-model.yaml;docs/05-operations/COST_AND_UNIT_ECONOMICS.md;docs/05-operations/OBSERVABILITY.md;docs/04-quality/THREAT_MODEL.md;docs/04-quality/SECURITY_PRIVACY_LGPD.md;contracts/privacy/lgpd-control-matrix.csv;docs/04-quality/LGPD_CONTROL_MODEL.md;contracts/operations/version-and-rollback-matrix.yaml,BENCHMARK_AND_OPERATIONS_GATES,PASS
SPRINT-005,ISSUE-0273,Story,STORY-0163,TASK-0163,EPIC-027,BC-005,Reviewer,HIGH,PASS,NOT_APPLICABLE,PASS,PASS,PASS,PASS,PASS,PASS,NOT_APPLICABLE,NOT_APPLICABLE,NOT_APPLICABLE,PASS,PASS,PASS,PASS,contracts/operations/slo-sli-catalog.yaml;docs/05-operations/CAPACITY_AND_SCALING.md;contracts/operations/external-dependency-register.csv;contracts/operations/vendor-exit-matrix.csv;contracts/operations/cost-model.yaml;docs/05-operations/COST_AND_UNIT_ECONOMICS.md;docs/05-operations/OBSERVABILITY.md;docs/04-quality/THREAT_MODEL.md;docs/04-quality/SECURITY_PRIVACY_LGPD.md;contracts/privacy/lgpd-control-matrix.csv;docs/04-quality/LGPD_CONTROL_MODEL.md;contracts/operations/version-and-rollback-matrix.yaml,BENCHMARK_AND_OPERATIONS_GATES,PASS
SPRINT-005,ISSUE-0274,Story,STORY-0164,TASK-0164,EPIC-028,BC-007,Arquiteto,CRITICAL,PASS,NOT_APPLICABLE,PASS,PASS,PASS,PASS,PASS,PASS,PASS,NOT_APPLICABLE,PASS,PASS,PASS,PASS,PASS,contracts/operations/slo-sli-catalog.yaml;docs/05-operations/CAPACITY_AND_SCALING.md;contracts/operations/external-dependency-register.csv;contracts/operations/vendor-exit-matrix.csv;contracts/operations/cost-model.yaml;docs/05-operations/COST_AND_UNIT_ECONOMICS.md;contracts/operations/lock-and-queue-policy.yaml;contracts/operations/version-and-rollback-matrix.yaml;docs/03-engineering/DATABASE_MIGRATIONS.md;docs/05-operations/OBSERVABILITY.md;docs/04-quality/THREAT_MODEL.md;docs/04-quality/SECURITY_PRIVACY_LGPD.md;contracts/privacy/lgpd-control-matrix.csv;docs/04-quality/LGPD_CONTROL_MODEL.md,SECURITY_AND_PRIVACY_GATES,PASS
SPRINT-005,ISSUE-0275,Story,STORY-0165,TASK-0165,EPIC-028,BC-007,Geoprocessamento,CRITICAL,PASS,NOT_APPLICABLE,PASS,PASS,PASS,PASS,PASS,PASS,NOT_APPLICABLE,PASS,NOT_APPLICABLE,PASS,PASS,NOT_APPLICABLE,PASS,contracts/operations/slo-sli-catalog.yaml;docs/05-operations/CAPACITY_AND_SCALING.md;contracts/operations/external-dependency-register.csv;contracts/operations/vendor-exit-matrix.csv;contracts/operations/cost-model.yaml;docs/05-operations/COST_AND_UNIT_ECONOMICS.md;contracts/operations/recovery-objectives.yaml;docs/05-operations/BACKUP_RESTORE.md;docs/05-operations/OBSERVABILITY.md;docs/04-quality/THREAT_MODEL.md;docs/04-quality/SECURITY_PRIVACY_LGPD.md;contracts/operations/version-and-rollback-matrix.yaml,SECURITY_AND_PRIVACY_GATES,PASS
SPRINT-005,ISSUE-0276,Story,STORY-0166,TASK-0166,EPIC-028,BC-007,Geoprocessamento,CRITICAL,PASS,NOT_APPLICABLE,PASS,PASS,PASS,PASS,PASS,PASS,NOT_APPLICABLE,PASS,NOT_APPLICABLE,PASS,PASS,NOT_APPLICABLE,PASS,contracts/operations/slo-sli-catalog.yaml;docs/05-operations/CAPACITY_AND_SCALING.md;contracts/operations/external-dependency-register.csv;contracts/operations/vendor-exit-matrix.csv;contracts/operations/cost-model.yaml;docs/05-operations/COST_AND_UNIT_ECONOMICS.md;contracts/operations/recovery-objectives.yaml;docs/05-operations/BACKUP_RESTORE.md;docs/05-operations/OBSERVABILITY.md;docs/04-quality/THREAT_MODEL.md;docs/04-quality/SECURITY_PRIVACY_LGPD.md;contracts/operations/version-and-rollback-matrix.yaml,SECURITY_AND_PRIVACY_GATES,PASS
SPRINT-005,ISSUE-0277,Story,STORY-0167,TASK-0167,EPIC-028,BC-007,Geoprocessamento,CRITICAL,PASS,NOT_APPLICABLE,PASS,PASS,PASS,PASS,PASS,PASS,NOT_APPLICABLE,PASS,PASS,PASS,PASS,NOT_APPLICABLE,PASS,contracts/operations/slo-sli-catalog.yaml;docs/05-operations/CAPACITY_AND_SCALING.md;contracts/operations/external-dependency-register.csv;contracts/operations/vendor-exit-matrix.csv;contracts/operations/cost-model.yaml;docs/05-operations/COST_AND_UNIT_ECONOMICS.md;contracts/operations/recovery-objectives.yaml;docs/05-operations/BACKUP_RESTORE.md;contracts/operations/version-and-rollback-matrix.yaml;docs/03-engineering/DATABASE_MIGRATIONS.md;docs/05-operations/OBSERVABILITY.md;docs/04-quality/THREAT_MODEL.md;docs/04-quality/SECURITY_PRIVACY_LGPD.md,SECURITY_AND_PRIVACY_GATES,PASS
SPRINT-005,ISSUE-0278,Story,STORY-0168,TASK-0168,EPIC-028,BC-007,Geoprocessamento,CRITICAL,PASS,NOT_APPLICABLE,PASS,PASS,PASS,PASS,PASS,PASS,NOT_APPLICABLE,PASS,NOT_APPLICABLE,PASS,PASS,NOT_APPLICABLE,PASS,contracts/operations/slo-sli-catalog.yaml;docs/05-operations/CAPACITY_AND_SCALING.md;contracts/operations/external-dependency-register.csv;contracts/operations/vendor-exit-matrix.csv;contracts/operations/cost-model.yaml;docs/05-operations/COST_AND_UNIT_ECONOMICS.md;contracts/operations/recovery-objectives.yaml;docs/05-operations/BACKUP_RESTORE.md;docs/05-operations/OBSERVABILITY.md;docs/04-quality/THREAT_MODEL.md;docs/04-quality/SECURITY_PRIVACY_LGPD.md;contracts/operations/version-and-rollback-matrix.yaml,SECURITY_AND_PRIVACY_GATES,PASS
SPRINT-005,ISSUE-0279,Story,STORY-0169,TASK-0169,EPIC-028,BC-007,QA,CRITICAL,PASS,NOT_APPLICABLE,PASS,PASS,PASS,PASS,PASS,PASS,NOT_APPLICABLE,NOT_APPLICABLE,NOT_APPLICABLE,PASS,PASS,NOT_APPLICABLE,PASS,contracts/operations/slo-sli-catalog.yaml;docs/05-operations/CAPACITY_AND_SCALING.md;contracts/operations/external-dependency-register.csv;contracts/operations/vendor-exit-matrix.csv;contracts/operations/cost-model.yaml;docs/05-operations/COST_AND_UNIT_ECONOMICS.md;docs/05-operations/OBSERVABILITY.md;docs/04-quality/THREAT_MODEL.md;docs/04-quality/SECURITY_PRIVACY_LGPD.md;contracts/operations/version-and-rollback-matrix.yaml,SECURITY_AND_PRIVACY_GATES,PASS
SPRINT-005,ISSUE-0280,Story,STORY-0170,TASK-0170,EPIC-028,BC-007,Reviewer,CRITICAL,PASS,NOT_APPLICABLE,PASS,PASS,PASS,PASS,PASS,PASS,NOT_APPLICABLE,NOT_APPLICABLE,NOT_APPLICABLE,PASS,PASS,NOT_APPLICABLE,PASS,contracts/operations/slo-sli-catalog.yaml;docs/05-operations/CAPACITY_AND_SCALING.md;contracts/operations/external-dependency-register.csv;contracts/operations/vendor-exit-matrix.csv;contracts/operations/cost-model.yaml;docs/05-operations/COST_AND_UNIT_ECONOMICS.md;docs/05-operations/OBSERVABILITY.md;docs/04-quality/THREAT_MODEL.md;docs/04-quality/SECURITY_PRIVACY_LGPD.md;contracts/operations/version-and-rollback-matrix.yaml,SECURITY_AND_PRIVACY_GATES,PASS
SPRINT-005,ISSUE-0281,Story,STORY-0171,TASK-0171,EPIC-029,BC-004,Arquiteto,HIGH,PASS,NOT_APPLICABLE,PASS,PASS,PASS,PASS,NOT_APPLICABLE,PASS,NOT_APPLICABLE,NOT_APPLICABLE,PASS,PASS,PASS,PASS,PASS,contracts/operations/slo-sli-catalog.yaml;docs/05-operations/CAPACITY_AND_SCALING.md;contracts/operations/external-dependency-register.csv;contracts/operations/vendor-exit-matrix.csv;contracts/operations/cost-model.yaml;docs/05-operations/COST_AND_UNIT_ECONOMICS.md;contracts/operations/version-and-rollback-matrix.yaml;docs/03-engineering/DATABASE_MIGRATIONS.md;docs/05-operations/OBSERVABILITY.md;docs/04-quality/THREAT_MODEL.md;docs/04-quality/SECURITY_PRIVACY_LGPD.md;contracts/privacy/lgpd-control-matrix.csv;docs/04-quality/LGPD_CONTROL_MODEL.md,BENCHMARK_AND_OPERATIONS_GATES,PASS
SPRINT-005,ISSUE-0282,Story,STORY-0172,TASK-0172,EPIC-029,BC-004,Geoprocessamento,CRITICAL,PASS,NOT_APPLICABLE,PASS,PASS,PASS,PASS,PASS,PASS,NOT_APPLICABLE,PASS,NOT_APPLICABLE,PASS,PASS,NOT_APPLICABLE,PASS,contracts/operations/slo-sli-catalog.yaml;docs/05-operations/CAPACITY_AND_SCALING.md;contracts/operations/external-dependency-register.csv;contracts/operations/vendor-exit-matrix.csv;contracts/operations/cost-model.yaml;docs/05-operations/COST_AND_UNIT_ECONOMICS.md;contracts/operations/recovery-objectives.yaml;docs/05-operations/BACKUP_RESTORE.md;docs/05-operations/OBSERVABILITY.md;docs/04-quality/THREAT_MODEL.md;docs/04-quality/SECURITY_PRIVACY_LGPD.md;contracts/operations/version-and-rollback-matrix.yaml,SECURITY_AND_PRIVACY_GATES,PASS
SPRINT-005,ISSUE-0283,Story,STORY-0173,TASK-0173,EPIC-029,BC-004,Geoprocessamento,HIGH,PASS,NOT_APPLICABLE,PASS,PASS,PASS,PASS,PASS,PASS,NOT_APPLICABLE,PASS,NOT_APPLICABLE,PASS,PASS,NOT_APPLICABLE,PASS,contracts/operations/slo-sli-catalog.yaml;docs/05-operations/CAPACITY_AND_SCALING.md;contracts/operations/external-dependency-register.csv;contracts/operations/vendor-exit-matrix.csv;contracts/operations/cost-model.yaml;docs/05-operations/COST_AND_UNIT_ECONOMICS.md;contracts/operations/recovery-objectives.yaml;docs/05-operations/BACKUP_RESTORE.md;docs/05-operations/OBSERVABILITY.md;docs/04-quality/THREAT_MODEL.md;docs/04-quality/SECURITY_PRIVACY_LGPD.md;contracts/operations/version-and-rollback-matrix.yaml,BENCHMARK_AND_OPERATIONS_GATES,PASS
SPRINT-005,ISSUE-0284,Story,STORY-0174,TASK-0174,EPIC-029,BC-004,Geoprocessamento,HIGH,PASS,NOT_APPLICABLE,PASS,PASS,PASS,PASS,PASS,PASS,NOT_APPLICABLE,PASS,PASS,PASS,PASS,NOT_APPLICABLE,PASS,contracts/operations/slo-sli-catalog.yaml;docs/05-operations/CAPACITY_AND_SCALING.md;contracts/operations/external-dependency-register.csv;contracts/operations/vendor-exit-matrix.csv;contracts/operations/cost-model.yaml;docs/05-operations/COST_AND_UNIT_ECONOMICS.md;contracts/operations/recovery-objectives.yaml;docs/05-operations/BACKUP_RESTORE.md;contracts/operations/version-and-rollback-matrix.yaml;docs/03-engineering/DATABASE_MIGRATIONS.md;docs/05-operations/OBSERVABILITY.md;docs/04-quality/THREAT_MODEL.md;docs/04-quality/SECURITY_PRIVACY_LGPD.md,BENCHMARK_AND_OPERATIONS_GATES,PASS
SPRINT-005,ISSUE-0285,Story,STORY-0175,TASK-0175,EPIC-029,BC-004,Geoprocessamento,HIGH,PASS,NOT_APPLICABLE,PASS,PASS,PASS,PASS,PASS,PASS,NOT_APPLICABLE,PASS,NOT_APPLICABLE,PASS,PASS,NOT_APPLICABLE,PASS,contracts/operations/slo-sli-catalog.yaml;docs/05-operations/CAPACITY_AND_SCALING.md;contracts/operations/external-dependency-register.csv;contracts/operations/vendor-exit-matrix.csv;contracts/operations/cost-model.yaml;docs/05-operations/COST_AND_UNIT_ECONOMICS.md;contracts/operations/recovery-objectives.yaml;docs/05-operations/BACKUP_RESTORE.md;docs/05-operations/OBSERVABILITY.md;docs/04-quality/THREAT_MODEL.md;docs/04-quality/SECURITY_PRIVACY_LGPD.md;contracts/operations/version-and-rollback-matrix.yaml,BENCHMARK_AND_OPERATIONS_GATES,PASS
SPRINT-005,ISSUE-0286,Story,STORY-0176,TASK-0176,EPIC-029,BC-004,QA,HIGH,PASS,NOT_APPLICABLE,PASS,PASS,PASS,PASS,PASS,PASS,NOT_APPLICABLE,NOT_APPLICABLE,NOT_APPLICABLE,PASS,PASS,NOT_APPLICABLE,PASS,contracts/operations/slo-sli-catalog.yaml;docs/05-operations/CAPACITY_AND_SCALING.md;contracts/operations/external-dependency-register.csv;contracts/operations/vendor-exit-matrix.csv;contracts/operations/cost-model.yaml;docs/05-operations/COST_AND_UNIT_ECONOMICS.md;docs/05-operations/OBSERVABILITY.md;docs/04-quality/THREAT_MODEL.md;docs/04-quality/SECURITY_PRIVACY_LGPD.md;contracts/operations/version-and-rollback-matrix.yaml,BENCHMARK_AND_OPERATIONS_GATES,PASS
SPRINT-005,ISSUE-0287,Story,STORY-0177,TASK-0177,EPIC-029,BC-004,Reviewer,MEDIUM,NOT_APPLICABLE,NOT_APPLICABLE,PASS,PASS,NOT_APPLICABLE,PASS,NOT_APPLICABLE,NOT_APPLICABLE,NOT_APPLICABLE,NOT_APPLICABLE,NOT_APPLICABLE,PASS,PASS,NOT_APPLICABLE,PASS,contracts/operations/external-dependency-register.csv;contracts/operations/vendor-exit-matrix.csv;contracts/operations/cost-model.yaml;docs/05-operations/COST_AND_UNIT_ECONOMICS.md;contracts/operations/slo-sli-catalog.yaml;docs/05-operations/OBSERVABILITY.md;docs/04-quality/THREAT_MODEL.md;docs/04-quality/SECURITY_PRIVACY_LGPD.md;contracts/operations/version-and-rollback-matrix.yaml,IMPLEMENTATION_AUTHORIZATION,PASS
SPRINT-005,ISSUE-0288,Story,STORY-0178,TASK-0178,EPIC-030,BC-012,Arquiteto,HIGH,PASS,NOT_APPLICABLE,PASS,PASS,PASS,PASS,NOT_APPLICABLE,PASS,PASS,PASS,PASS,PASS,PASS,PASS,PASS,contracts/operations/slo-sli-catalog.yaml;docs/05-operations/CAPACITY_AND_SCALING.md;contracts/operations/external-dependency-register.csv;contracts/operations/vendor-exit-matrix.csv;contracts/operations/cost-model.yaml;docs/05-operations/COST_AND_UNIT_ECONOMICS.md;contracts/operations/lock-and-queue-policy.yaml;contracts/operations/recovery-objectives.yaml;docs/05-operations/BACKUP_RESTORE.md;contracts/operations/version-and-rollback-matrix.yaml;docs/03-engineering/DATABASE_MIGRATIONS.md;docs/05-operations/OBSERVABILITY.md;docs/04-quality/THREAT_MODEL.md;docs/04-quality/SECURITY_PRIVACY_LGPD.md;contracts/privacy/lgpd-control-matrix.csv;docs/04-quality/LGPD_CONTROL_MODEL.md,BENCHMARK_AND_OPERATIONS_GATES,PASS
SPRINT-005,ISSUE-0289,Story,STORY-0179,TASK-0179,EPIC-030,BC-012,Geoprocessamento,HIGH,PASS,NOT_APPLICABLE,PASS,PASS,PASS,PASS,PASS,PASS,NOT_APPLICABLE,PASS,PASS,PASS,PASS,NOT_APPLICABLE,PASS,contracts/operations/slo-sli-catalog.yaml;docs/05-operations/CAPACITY_AND_SCALING.md;contracts/operations/external-dependency-register.csv;contracts/operations/vendor-exit-matrix.csv;contracts/operations/cost-model.yaml;docs/05-operations/COST_AND_UNIT_ECONOMICS.md;contracts/operations/recovery-objectives.yaml;docs/05-operations/BACKUP_RESTORE.md;contracts/operations/version-and-rollback-matrix.yaml;docs/03-engineering/DATABASE_MIGRATIONS.md;docs/05-operations/OBSERVABILITY.md;docs/04-quality/THREAT_MODEL.md;docs/04-quality/SECURITY_PRIVACY_LGPD.md,BENCHMARK_AND_OPERATIONS_GATES,PASS
SPRINT-005,ISSUE-0290,Story,STORY-0180,TASK-0180,EPIC-030,BC-012,Geoprocessamento,HIGH,PASS,NOT_APPLICABLE,PASS,PASS,PASS,PASS,PASS,PASS,NOT_APPLICABLE,PASS,PASS,PASS,PASS,NOT_APPLICABLE,PASS,contracts/operations/slo-sli-catalog.yaml;docs/05-operations/CAPACITY_AND_SCALING.md;contracts/operations/external-dependency-register.csv;contracts/operations/vendor-exit-matrix.csv;contracts/operations/cost-model.yaml;docs/05-operations/COST_AND_UNIT_ECONOMICS.md;contracts/operations/recovery-objectives.yaml;docs/05-operations/BACKUP_RESTORE.md;contracts/operations/version-and-rollback-matrix.yaml;docs/03-engineering/DATABASE_MIGRATIONS.md;docs/05-operations/OBSERVABILITY.md;docs/04-quality/THREAT_MODEL.md;docs/04-quality/SECURITY_PRIVACY_LGPD.md,BENCHMARK_AND_OPERATIONS_GATES,PASS
SPRINT-005,ISSUE-0291,Story,STORY-0181,TASK-0181,EPIC-030,BC-012,Geoprocessamento,HIGH,PASS,NOT_APPLICABLE,PASS,PASS,PASS,PASS,PASS,PASS,NOT_APPLICABLE,PASS,PASS,PASS,PASS,NOT_APPLICABLE,PASS,contracts/operations/slo-sli-catalog.yaml;docs/05-operations/CAPACITY_AND_SCALING.md;contracts/operations/external-dependency-register.csv;contracts/operations/vendor-exit-matrix.csv;contracts/operations/cost-model.yaml;docs/05-operations/COST_AND_UNIT_ECONOMICS.md;contracts/operations/recovery-objectives.yaml;docs/05-operations/BACKUP_RESTORE.md;contracts/operations/version-and-rollback-matrix.yaml;docs/03-engineering/DATABASE_MIGRATIONS.md;docs/05-operations/OBSERVABILITY.md;docs/04-quality/THREAT_MODEL.md;docs/04-quality/SECURITY_PRIVACY_LGPD.md,BENCHMARK_AND_OPERATIONS_GATES,PASS
SPRINT-005,ISSUE-0292,Story,STORY-0182,TASK-0182,EPIC-030,BC-012,Geoprocessamento,HIGH,PASS,NOT_APPLICABLE,PASS,PASS,PASS,PASS,PASS,PASS,NOT_APPLICABLE,PASS,PASS,PASS,PASS,NOT_APPLICABLE,PASS,contracts/operations/slo-sli-catalog.yaml;docs/05-operations/CAPACITY_AND_SCALING.md;contracts/operations/external-dependency-register.csv;contracts/operations/vendor-exit-matrix.csv;contracts/operations/cost-model.yaml;docs/05-operations/COST_AND_UNIT_ECONOMICS.md;contracts/operations/recovery-objectives.yaml;docs/05-operations/BACKUP_RESTORE.md;contracts/operations/version-and-rollback-matrix.yaml;docs/03-engineering/DATABASE_MIGRATIONS.md;docs/05-operations/OBSERVABILITY.md;docs/04-quality/THREAT_MODEL.md;docs/04-quality/SECURITY_PRIVACY_LGPD.md,BENCHMARK_AND_OPERATIONS_GATES,PASS
SPRINT-005,ISSUE-0293,Story,STORY-0183,TASK-0183,EPIC-030,BC-012,QA,HIGH,PASS,NOT_APPLICABLE,PASS,PASS,PASS,PASS,PASS,PASS,NOT_APPLICABLE,PASS,PASS,PASS,PASS,NOT_APPLICABLE,PASS,contracts/operations/slo-sli-catalog.yaml;docs/05-operations/CAPACITY_AND_SCALING.md;contracts/operations/external-dependency-register.csv;contracts/operations/vendor-exit-matrix.csv;contracts/operations/cost-model.yaml;docs/05-operations/COST_AND_UNIT_ECONOMICS.md;contracts/operations/recovery-objectives.yaml;docs/05-operations/BACKUP_RESTORE.md;contracts/operations/version-and-rollback-matrix.yaml;docs/03-engineering/DATABASE_MIGRATIONS.md;docs/05-operations/OBSERVABILITY.md;docs/04-quality/THREAT_MODEL.md;docs/04-quality/SECURITY_PRIVACY_LGPD.md,BENCHMARK_AND_OPERATIONS_GATES,PASS
SPRINT-005,ISSUE-0294,Story,STORY-0184,TASK-0184,EPIC-030,BC-012,Reviewer,HIGH,NOT_APPLICABLE,NOT_APPLICABLE,PASS,PASS,NOT_APPLICABLE,PASS,NOT_APPLICABLE,NOT_APPLICABLE,NOT_APPLICABLE,PASS,PASS,PASS,PASS,NOT_APPLICABLE,PASS,contracts/operations/external-dependency-register.csv;contracts/operations/vendor-exit-matrix.csv;contracts/operations/cost-model.yaml;docs/05-operations/COST_AND_UNIT_ECONOMICS.md;contracts/operations/recovery-objectives.yaml;docs/05-operations/BACKUP_RESTORE.md;contracts/operations/version-and-rollback-matrix.yaml;docs/03-engineering/DATABASE_MIGRATIONS.md;contracts/operations/slo-sli-catalog.yaml;docs/05-operations/OBSERVABILITY.md;docs/04-quality/THREAT_MODEL.md;docs/04-quality/SECURITY_PRIVACY_LGPD.md,BENCHMARK_AND_OPERATIONS_GATES,PASS
SPRINT-005,ISSUE-0371,Story,STORY-0261,TASK-0261,EPIC-044,BC-006,Arquiteto,HIGH,PASS,NOT_APPLICABLE,PASS,PASS,PASS,PASS,PASS,PASS,NOT_APPLICABLE,PASS,PASS,PASS,PASS,PASS,PASS,contracts/operations/slo-sli-catalog.yaml;docs/05-operations/CAPACITY_AND_SCALING.md;contracts/operations/external-dependency-register.csv;contracts/operations/vendor-exit-matrix.csv;contracts/operations/cost-model.yaml;docs/05-operations/COST_AND_UNIT_ECONOMICS.md;contracts/operations/recovery-objectives.yaml;docs/05-operations/BACKUP_RESTORE.md;contracts/operations/version-and-rollback-matrix.yaml;docs/03-engineering/DATABASE_MIGRATIONS.md;docs/05-operations/OBSERVABILITY.md;docs/04-quality/THREAT_MODEL.md;docs/04-quality/SECURITY_PRIVACY_LGPD.md;contracts/privacy/lgpd-control-matrix.csv;docs/04-quality/LGPD_CONTROL_MODEL.md,BENCHMARK_AND_OPERATIONS_GATES,PASS
SPRINT-005,ISSUE-0372,Story,STORY-0262,TASK-0262,EPIC-044,BC-006,Geoprocessamento,HIGH,PASS,NOT_APPLICABLE,PASS,PASS,PASS,PASS,PASS,PASS,NOT_APPLICABLE,PASS,NOT_APPLICABLE,PASS,PASS,PASS,PASS,contracts/operations/slo-sli-catalog.yaml;docs/05-operations/CAPACITY_AND_SCALING.md;contracts/operations/external-dependency-register.csv;contracts/operations/vendor-exit-matrix.csv;contracts/operations/cost-model.yaml;docs/05-operations/COST_AND_UNIT_ECONOMICS.md;contracts/operations/recovery-objectives.yaml;docs/05-operations/BACKUP_RESTORE.md;docs/05-operations/OBSERVABILITY.md;docs/04-quality/THREAT_MODEL.md;docs/04-quality/SECURITY_PRIVACY_LGPD.md;contracts/privacy/lgpd-control-matrix.csv;docs/04-quality/LGPD_CONTROL_MODEL.md;contracts/operations/version-and-rollback-matrix.yaml,BENCHMARK_AND_OPERATIONS_GATES,PASS
SPRINT-005,ISSUE-0373,Story,STORY-0263,TASK-0263,EPIC-044,BC-006,Geoprocessamento,HIGH,PASS,NOT_APPLICABLE,PASS,PASS,PASS,PASS,PASS,PASS,NOT_APPLICABLE,PASS,NOT_APPLICABLE,PASS,PASS,PASS,PASS,contracts/operations/slo-sli-catalog.yaml;docs/05-operations/CAPACITY_AND_SCALING.md;contracts/operations/external-dependency-register.csv;contracts/operations/vendor-exit-matrix.csv;contracts/operations/cost-model.yaml;docs/05-operations/COST_AND_UNIT_ECONOMICS.md;contracts/operations/recovery-objectives.yaml;docs/05-operations/BACKUP_RESTORE.md;docs/05-operations/OBSERVABILITY.md;docs/04-quality/THREAT_MODEL.md;docs/04-quality/SECURITY_PRIVACY_LGPD.md;contracts/privacy/lgpd-control-matrix.csv;docs/04-quality/LGPD_CONTROL_MODEL.md;contracts/operations/version-and-rollback-matrix.yaml,BENCHMARK_AND_OPERATIONS_GATES,PASS
SPRINT-005,ISSUE-0374,Story,STORY-0264,TASK-0264,EPIC-044,BC-006,Geoprocessamento,HIGH,PASS,NOT_APPLICABLE,PASS,PASS,PASS,PASS,PASS,PASS,NOT_APPLICABLE,PASS,PASS,PASS,PASS,PASS,PASS,contracts/operations/slo-sli-catalog.yaml;docs/05-operations/CAPACITY_AND_SCALING.md;contracts/operations/external-dependency-register.csv;contracts/operations/vendor-exit-matrix.csv;contracts/operations/cost-model.yaml;docs/05-operations/COST_AND_UNIT_ECONOMICS.md;contracts/operations/recovery-objectives.yaml;docs/05-operations/BACKUP_RESTORE.md;contracts/operations/version-and-rollback-matrix.yaml;docs/03-engineering/DATABASE_MIGRATIONS.md;docs/05-operations/OBSERVABILITY.md;docs/04-quality/THREAT_MODEL.md;docs/04-quality/SECURITY_PRIVACY_LGPD.md;contracts/privacy/lgpd-control-matrix.csv;docs/04-quality/LGPD_CONTROL_MODEL.md,BENCHMARK_AND_OPERATIONS_GATES,PASS
SPRINT-005,ISSUE-0375,Story,STORY-0265,TASK-0265,EPIC-044,BC-006,Geoprocessamento,HIGH,PASS,NOT_APPLICABLE,PASS,PASS,PASS,PASS,PASS,PASS,NOT_APPLICABLE,PASS,NOT_APPLICABLE,PASS,PASS,PASS,PASS,contracts/operations/slo-sli-catalog.yaml;docs/05-operations/CAPACITY_AND_SCALING.md;contracts/operations/external-dependency-register.csv;contracts/operations/vendor-exit-matrix.csv;contracts/operations/cost-model.yaml;docs/05-operations/COST_AND_UNIT_ECONOMICS.md;contracts/operations/recovery-objectives.yaml;docs/05-operations/BACKUP_RESTORE.md;docs/05-operations/OBSERVABILITY.md;docs/04-quality/THREAT_MODEL.md;docs/04-quality/SECURITY_PRIVACY_LGPD.md;contracts/privacy/lgpd-control-matrix.csv;docs/04-quality/LGPD_CONTROL_MODEL.md;contracts/operations/version-and-rollback-matrix.yaml,BENCHMARK_AND_OPERATIONS_GATES,PASS
SPRINT-005,ISSUE-0376,Story,STORY-0266,TASK-0266,EPIC-044,BC-006,QA,HIGH,PASS,NOT_APPLICABLE,PASS,PASS,PASS,PASS,PASS,PASS,NOT_APPLICABLE,PASS,NOT_APPLICABLE,PASS,PASS,PASS,PASS,contracts/operations/slo-sli-catalog.yaml;docs/05-operations/CAPACITY_AND_SCALING.md;contracts/operations/external-dependency-register.csv;contracts/operations/vendor-exit-matrix.csv;contracts/operations/cost-model.yaml;docs/05-operations/COST_AND_UNIT_ECONOMICS.md;contracts/operations/recovery-objectives.yaml;docs/05-operations/BACKUP_RESTORE.md;docs/05-operations/OBSERVABILITY.md;docs/04-quality/THREAT_MODEL.md;docs/04-quality/SECURITY_PRIVACY_LGPD.md;contracts/privacy/lgpd-control-matrix.csv;docs/04-quality/LGPD_CONTROL_MODEL.md;contracts/operations/version-and-rollback-matrix.yaml,BENCHMARK_AND_OPERATIONS_GATES,PASS
SPRINT-005,ISSUE-0377,Story,STORY-0267,TASK-0267,EPIC-044,BC-006,Reviewer,HIGH,PASS,NOT_APPLICABLE,PASS,PASS,PASS,PASS,PASS,PASS,NOT_APPLICABLE,PASS,NOT_APPLICABLE,PASS,PASS,PASS,PASS,contracts/operations/slo-sli-catalog.yaml;docs/05-operations/CAPACITY_AND_SCALING.md;contracts/operations/external-dependency-register.csv;contracts/operations/vendor-exit-matrix.csv;contracts/operations/cost-model.yaml;docs/05-operations/COST_AND_UNIT_ECONOMICS.md;contracts/operations/recovery-objectives.yaml;docs/05-operations/BACKUP_RESTORE.md;docs/05-operations/OBSERVABILITY.md;docs/04-quality/THREAT_MODEL.md;docs/04-quality/SECURITY_PRIVACY_LGPD.md;contracts/privacy/lgpd-control-matrix.csv;docs/04-quality/LGPD_CONTROL_MODEL.md;contracts/operations/version-and-rollback-matrix.yaml,BENCHMARK_AND_OPERATIONS_GATES,PASS
SPRINT-005,ISSUE-0378,Story,STORY-0268,TASK-0268,EPIC-045,BC-006,Arquiteto,CRITICAL,PASS,NOT_APPLICABLE,PASS,PASS,PASS,PASS,PASS,PASS,NOT_APPLICABLE,PASS,PASS,PASS,PASS,PASS,PASS,contracts/operations/slo-sli-catalog.yaml;docs/05-operations/CAPACITY_AND_SCALING.md;contracts/operations/external-dependency-register.csv;contracts/operations/vendor-exit-matrix.csv;contracts/operations/cost-model.yaml;docs/05-operations/COST_AND_UNIT_ECONOMICS.md;contracts/operations/recovery-objectives.yaml;docs/05-operations/BACKUP_RESTORE.md;contracts/operations/version-and-rollback-matrix.yaml;docs/03-engineering/DATABASE_MIGRATIONS.md;docs/05-operations/OBSERVABILITY.md;docs/04-quality/THREAT_MODEL.md;docs/04-quality/SECURITY_PRIVACY_LGPD.md;contracts/privacy/lgpd-control-matrix.csv;docs/04-quality/LGPD_CONTROL_MODEL.md,SECURITY_AND_PRIVACY_GATES,PASS
SPRINT-005,ISSUE-0379,Story,STORY-0269,TASK-0269,EPIC-045,BC-006,Geoprocessamento,CRITICAL,PASS,NOT_APPLICABLE,PASS,PASS,PASS,PASS,PASS,PASS,PASS,PASS,NOT_APPLICABLE,PASS,PASS,PASS,PASS,contracts/operations/slo-sli-catalog.yaml;docs/05-operations/CAPACITY_AND_SCALING.md;contracts/operations/external-dependency-register.csv;contracts/operations/vendor-exit-matrix.csv;contracts/operations/cost-model.yaml;docs/05-operations/COST_AND_UNIT_ECONOMICS.md;contracts/operations/lock-and-queue-policy.yaml;contracts/operations/recovery-objectives.yaml;docs/05-operations/BACKUP_RESTORE.md;docs/05-operations/OBSERVABILITY.md;docs/04-quality/THREAT_MODEL.md;docs/04-quality/SECURITY_PRIVACY_LGPD.md;contracts/privacy/lgpd-control-matrix.csv;docs/04-quality/LGPD_CONTROL_MODEL.md;contracts/operations/version-and-rollback-matrix.yaml,SECURITY_AND_PRIVACY_GATES,PASS
SPRINT-005,ISSUE-0380,Story,STORY-0270,TASK-0270,EPIC-045,BC-006,Geoprocessamento,CRITICAL,PASS,NOT_APPLICABLE,PASS,PASS,PASS,PASS,PASS,PASS,NOT_APPLICABLE,PASS,NOT_APPLICABLE,PASS,PASS,PASS,PASS,contracts/operations/slo-sli-catalog.yaml;docs/05-operations/CAPACITY_AND_SCALING.md;contracts/operations/external-dependency-register.csv;contracts/operations/vendor-exit-matrix.csv;contracts/operations/cost-model.yaml;docs/05-operations/COST_AND_UNIT_ECONOMICS.md;contracts/operations/recovery-objectives.yaml;docs/05-operations/BACKUP_RESTORE.md;docs/05-operations/OBSERVABILITY.md;docs/04-quality/THREAT_MODEL.md;docs/04-quality/SECURITY_PRIVACY_LGPD.md;contracts/privacy/lgpd-control-matrix.csv;docs/04-quality/LGPD_CONTROL_MODEL.md;contracts/operations/version-and-rollback-matrix.yaml,SECURITY_AND_PRIVACY_GATES,PASS
SPRINT-005,ISSUE-0381,Story,STORY-0271,TASK-0271,EPIC-045,BC-006,Geoprocessamento,CRITICAL,PASS,NOT_APPLICABLE,PASS,PASS,PASS,PASS,PASS,PASS,NOT_APPLICABLE,PASS,PASS,PASS,PASS,PASS,PASS,contracts/operations/slo-sli-catalog.yaml;docs/05-operations/CAPACITY_AND_SCALING.md;contracts/operations/external-dependency-register.csv;contracts/operations/vendor-exit-matrix.csv;contracts/operations/cost-model.yaml;docs/05-operations/COST_AND_UNIT_ECONOMICS.md;contracts/operations/recovery-objectives.yaml;docs/05-operations/BACKUP_RESTORE.md;contracts/operations/version-and-rollback-matrix.yaml;docs/03-engineering/DATABASE_MIGRATIONS.md;docs/05-operations/OBSERVABILITY.md;docs/04-quality/THREAT_MODEL.md;docs/04-quality/SECURITY_PRIVACY_LGPD.md;contracts/privacy/lgpd-control-matrix.csv;docs/04-quality/LGPD_CONTROL_MODEL.md,SECURITY_AND_PRIVACY_GATES,PASS
SPRINT-005,ISSUE-0382,Story,STORY-0272,TASK-0272,EPIC-045,BC-006,Geoprocessamento,CRITICAL,PASS,NOT_APPLICABLE,PASS,PASS,PASS,PASS,PASS,PASS,NOT_APPLICABLE,PASS,NOT_APPLICABLE,PASS,PASS,PASS,PASS,contracts/operations/slo-sli-catalog.yaml;docs/05-operations/CAPACITY_AND_SCALING.md;contracts/operations/external-dependency-register.csv;contracts/operations/vendor-exit-matrix.csv;contracts/operations/cost-model.yaml;docs/05-operations/COST_AND_UNIT_ECONOMICS.md;contracts/operations/recovery-objectives.yaml;docs/05-operations/BACKUP_RESTORE.md;docs/05-operations/OBSERVABILITY.md;docs/04-quality/THREAT_MODEL.md;docs/04-quality/SECURITY_PRIVACY_LGPD.md;contracts/privacy/lgpd-control-matrix.csv;docs/04-quality/LGPD_CONTROL_MODEL.md;contracts/operations/version-and-rollback-matrix.yaml,SECURITY_AND_PRIVACY_GATES,PASS
SPRINT-005,ISSUE-0383,Story,STORY-0273,TASK-0273,EPIC-045,BC-006,QA,CRITICAL,PASS,NOT_APPLICABLE,PASS,PASS,PASS,PASS,PASS,PASS,NOT_APPLICABLE,PASS,NOT_APPLICABLE,PASS,PASS,PASS,PASS,contracts/operations/slo-sli-catalog.yaml;docs/05-operations/CAPACITY_AND_SCALING.md;contracts/operations/external-dependency-register.csv;contracts/operations/vendor-exit-matrix.csv;contracts/operations/cost-model.yaml;docs/05-operations/COST_AND_UNIT_ECONOMICS.md;contracts/operations/recovery-objectives.yaml;docs/05-operations/BACKUP_RESTORE.md;docs/05-operations/OBSERVABILITY.md;docs/04-quality/THREAT_MODEL.md;docs/04-quality/SECURITY_PRIVACY_LGPD.md;contracts/privacy/lgpd-control-matrix.csv;docs/04-quality/LGPD_CONTROL_MODEL.md;contracts/operations/version-and-rollback-matrix.yaml,SECURITY_AND_PRIVACY_GATES,PASS
SPRINT-005,ISSUE-0384,Story,STORY-0274,TASK-0274,EPIC-045,BC-006,Reviewer,CRITICAL,PASS,NOT_APPLICABLE,PASS,PASS,PASS,PASS,PASS,PASS,NOT_APPLICABLE,PASS,NOT_APPLICABLE,PASS,PASS,PASS,PASS,contracts/operations/slo-sli-catalog.yaml;docs/05-operations/CAPACITY_AND_SCALING.md;contracts/operations/external-dependency-register.csv;contracts/operations/vendor-exit-matrix.csv;contracts/operations/cost-model.yaml;docs/05-operations/COST_AND_UNIT_ECONOMICS.md;contracts/operations/recovery-objectives.yaml;docs/05-operations/BACKUP_RESTORE.md;docs/05-operations/OBSERVABILITY.md;docs/04-quality/THREAT_MODEL.md;docs/04-quality/SECURITY_PRIVACY_LGPD.md;contracts/privacy/lgpd-control-matrix.csv;docs/04-quality/LGPD_CONTROL_MODEL.md;contracts/operations/version-and-rollback-matrix.yaml,SECURITY_AND_PRIVACY_GATES,PASS
SPRINT-005,ISSUE-0385,Story,STORY-0275,TASK-0275,EPIC-046,BC-013,Arquiteto,HIGH,PASS,NOT_APPLICABLE,PASS,PASS,PASS,PASS,NOT_APPLICABLE,PASS,NOT_APPLICABLE,PASS,PASS,PASS,PASS,PASS,PASS,contracts/operations/slo-sli-catalog.yaml;docs/05-operations/CAPACITY_AND_SCALING.md;contracts/operations/external-dependency-register.csv;contracts/operations/vendor-exit-matrix.csv;contracts/operations/cost-model.yaml;docs/05-operations/COST_AND_UNIT_ECONOMICS.md;contracts/operations/recovery-objectives.yaml;docs/05-operations/BACKUP_RESTORE.md;contracts/operations/version-and-rollback-matrix.yaml;docs/03-engineering/DATABASE_MIGRATIONS.md;docs/05-operations/OBSERVABILITY.md;docs/04-quality/THREAT_MODEL.md;docs/04-quality/SECURITY_PRIVACY_LGPD.md;contracts/privacy/lgpd-control-matrix.csv;docs/04-quality/LGPD_CONTROL_MODEL.md,BENCHMARK_AND_OPERATIONS_GATES,PASS
SPRINT-005,ISSUE-0386,Story,STORY-0276,TASK-0276,EPIC-046,BC-013,Geoprocessamento,HIGH,PASS,NOT_APPLICABLE,PASS,PASS,PASS,PASS,PASS,PASS,PASS,PASS,NOT_APPLICABLE,PASS,PASS,NOT_APPLICABLE,PASS,contracts/operations/slo-sli-catalog.yaml;docs/05-operations/CAPACITY_AND_SCALING.md;contracts/operations/external-dependency-register.csv;contracts/operations/vendor-exit-matrix.csv;contracts/operations/cost-model.yaml;docs/05-operations/COST_AND_UNIT_ECONOMICS.md;contracts/operations/lock-and-queue-policy.yaml;contracts/operations/recovery-objectives.yaml;docs/05-operations/BACKUP_RESTORE.md;docs/05-operations/OBSERVABILITY.md;docs/04-quality/THREAT_MODEL.md;docs/04-quality/SECURITY_PRIVACY_LGPD.md;contracts/operations/version-and-rollback-matrix.yaml,BENCHMARK_AND_OPERATIONS_GATES,PASS
SPRINT-005,ISSUE-0387,Story,STORY-0277,TASK-0277,EPIC-046,BC-013,Geoprocessamento,HIGH,PASS,NOT_APPLICABLE,PASS,PASS,PASS,PASS,PASS,PASS,NOT_APPLICABLE,PASS,NOT_APPLICABLE,PASS,PASS,NOT_APPLICABLE,PASS,contracts/operations/slo-sli-catalog.yaml;docs/05-operations/CAPACITY_AND_SCALING.md;contracts/operations/external-dependency-register.csv;contracts/operations/vendor-exit-matrix.csv;contracts/operations/cost-model.yaml;docs/05-operations/COST_AND_UNIT_ECONOMICS.md;contracts/operations/recovery-objectives.yaml;docs/05-operations/BACKUP_RESTORE.md;docs/05-operations/OBSERVABILITY.md;docs/04-quality/THREAT_MODEL.md;docs/04-quality/SECURITY_PRIVACY_LGPD.md;contracts/operations/version-and-rollback-matrix.yaml,BENCHMARK_AND_OPERATIONS_GATES,PASS
SPRINT-005,ISSUE-0388,Story,STORY-0278,TASK-0278,EPIC-046,BC-013,Geoprocessamento,HIGH,PASS,NOT_APPLICABLE,PASS,PASS,PASS,PASS,PASS,PASS,NOT_APPLICABLE,PASS,PASS,PASS,PASS,NOT_APPLICABLE,PASS,contracts/operations/slo-sli-catalog.yaml;docs/05-operations/CAPACITY_AND_SCALING.md;contracts/operations/external-dependency-register.csv;contracts/operations/vendor-exit-matrix.csv;contracts/operations/cost-model.yaml;docs/05-operations/COST_AND_UNIT_ECONOMICS.md;contracts/operations/recovery-objectives.yaml;docs/05-operations/BACKUP_RESTORE.md;contracts/operations/version-and-rollback-matrix.yaml;docs/03-engineering/DATABASE_MIGRATIONS.md;docs/05-operations/OBSERVABILITY.md;docs/04-quality/THREAT_MODEL.md;docs/04-quality/SECURITY_PRIVACY_LGPD.md,BENCHMARK_AND_OPERATIONS_GATES,PASS
SPRINT-005,ISSUE-0389,Story,STORY-0279,TASK-0279,EPIC-046,BC-013,Geoprocessamento,HIGH,PASS,NOT_APPLICABLE,PASS,PASS,PASS,PASS,PASS,PASS,NOT_APPLICABLE,PASS,NOT_APPLICABLE,PASS,PASS,NOT_APPLICABLE,PASS,contracts/operations/slo-sli-catalog.yaml;docs/05-operations/CAPACITY_AND_SCALING.md;contracts/operations/external-dependency-register.csv;contracts/operations/vendor-exit-matrix.csv;contracts/operations/cost-model.yaml;docs/05-operations/COST_AND_UNIT_ECONOMICS.md;contracts/operations/recovery-objectives.yaml;docs/05-operations/BACKUP_RESTORE.md;docs/05-operations/OBSERVABILITY.md;docs/04-quality/THREAT_MODEL.md;docs/04-quality/SECURITY_PRIVACY_LGPD.md;contracts/operations/version-and-rollback-matrix.yaml,BENCHMARK_AND_OPERATIONS_GATES,PASS
SPRINT-005,ISSUE-0390,Story,STORY-0280,TASK-0280,EPIC-046,BC-013,QA,HIGH,PASS,NOT_APPLICABLE,PASS,PASS,PASS,PASS,PASS,PASS,NOT_APPLICABLE,PASS,NOT_APPLICABLE,PASS,PASS,NOT_APPLICABLE,PASS,contracts/operations/slo-sli-catalog.yaml;docs/05-operations/CAPACITY_AND_SCALING.md;contracts/operations/external-dependency-register.csv;contracts/operations/vendor-exit-matrix.csv;contracts/operations/cost-model.yaml;docs/05-operations/COST_AND_UNIT_ECONOMICS.md;contracts/operations/recovery-objectives.yaml;docs/05-operations/BACKUP_RESTORE.md;docs/05-operations/OBSERVABILITY.md;docs/04-quality/THREAT_MODEL.md;docs/04-quality/SECURITY_PRIVACY_LGPD.md;contracts/operations/version-and-rollback-matrix.yaml,BENCHMARK_AND_OPERATIONS_GATES,PASS
SPRINT-005,ISSUE-0391,Story,STORY-0281,TASK-0281,EPIC-046,BC-013,Reviewer,HIGH,PASS,NOT_APPLICABLE,PASS,PASS,PASS,PASS,NOT_APPLICABLE,PASS,NOT_APPLICABLE,PASS,NOT_APPLICABLE,PASS,PASS,NOT_APPLICABLE,PASS,contracts/operations/slo-sli-catalog.yaml;docs/05-operations/CAPACITY_AND_SCALING.md;contracts/operations/external-dependency-register.csv;contracts/operations/vendor-exit-matrix.csv;contracts/operations/cost-model.yaml;docs/05-operations/COST_AND_UNIT_ECONOMICS.md;contracts/operations/recovery-objectives.yaml;docs/05-operations/BACKUP_RESTORE.md;docs/05-operations/OBSERVABILITY.md;docs/04-quality/THREAT_MODEL.md;docs/04-quality/SECURITY_PRIVACY_LGPD.md;contracts/operations/version-and-rollback-matrix.yaml,BENCHMARK_AND_OPERATIONS_GATES,PASS
SPRINT-005,ISSUE-0392,Story,STORY-0282,TASK-0282,EPIC-047,BC-006,Arquiteto,HIGH,PASS,NOT_APPLICABLE,PASS,PASS,PASS,PASS,PASS,PASS,NOT_APPLICABLE,NOT_APPLICABLE,PASS,PASS,PASS,PASS,PASS,contracts/operations/slo-sli-catalog.yaml;docs/05-operations/CAPACITY_AND_SCALING.md;contracts/operations/external-dependency-register.csv;contracts/operations/vendor-exit-matrix.csv;contracts/operations/cost-model.yaml;docs/05-operations/COST_AND_UNIT_ECONOMICS.md;contracts/operations/version-and-rollback-matrix.yaml;docs/03-engineering/DATABASE_MIGRATIONS.md;docs/05-operations/OBSERVABILITY.md;docs/04-quality/THREAT_MODEL.md;docs/04-quality/SECURITY_PRIVACY_LGPD.md;contracts/privacy/lgpd-control-matrix.csv;docs/04-quality/LGPD_CONTROL_MODEL.md,BENCHMARK_AND_OPERATIONS_GATES,PASS
SPRINT-005,ISSUE-0393,Story,STORY-0283,TASK-0283,EPIC-047,BC-006,Geoprocessamento,HIGH,PASS,NOT_APPLICABLE,PASS,PASS,PASS,PASS,PASS,PASS,NOT_APPLICABLE,PASS,NOT_APPLICABLE,PASS,PASS,PASS,PASS,contracts/operations/slo-sli-catalog.yaml;docs/05-operations/CAPACITY_AND_SCALING.md;contracts/operations/external-dependency-register.csv;contracts/operations/vendor-exit-matrix.csv;contracts/operations/cost-model.yaml;docs/05-operations/COST_AND_UNIT_ECONOMICS.md;contracts/operations/recovery-objectives.yaml;docs/05-operations/BACKUP_RESTORE.md;docs/05-operations/OBSERVABILITY.md;docs/04-quality/THREAT_MODEL.md;docs/04-quality/SECURITY_PRIVACY_LGPD.md;contracts/privacy/lgpd-control-matrix.csv;docs/04-quality/LGPD_CONTROL_MODEL.md;contracts/operations/version-and-rollback-matrix.yaml,BENCHMARK_AND_OPERATIONS_GATES,PASS
SPRINT-005,ISSUE-0394,Story,STORY-0284,TASK-0284,EPIC-047,BC-006,Geoprocessamento,HIGH,PASS,NOT_APPLICABLE,PASS,PASS,PASS,PASS,PASS,PASS,NOT_APPLICABLE,PASS,NOT_APPLICABLE,PASS,PASS,PASS,PASS,contracts/operations/slo-sli-catalog.yaml;docs/05-operations/CAPACITY_AND_SCALING.md;contracts/operations/external-dependency-register.csv;contracts/operations/vendor-exit-matrix.csv;contracts/operations/cost-model.yaml;docs/05-operations/COST_AND_UNIT_ECONOMICS.md;contracts/operations/recovery-objectives.yaml;docs/05-operations/BACKUP_RESTORE.md;docs/05-operations/OBSERVABILITY.md;docs/04-quality/THREAT_MODEL.md;docs/04-quality/SECURITY_PRIVACY_LGPD.md;contracts/privacy/lgpd-control-matrix.csv;docs/04-quality/LGPD_CONTROL_MODEL.md;contracts/operations/version-and-rollback-matrix.yaml,BENCHMARK_AND_OPERATIONS_GATES,PASS
SPRINT-005,ISSUE-0395,Story,STORY-0285,TASK-0285,EPIC-047,BC-006,Geoprocessamento,HIGH,PASS,NOT_APPLICABLE,PASS,PASS,PASS,PASS,PASS,PASS,NOT_APPLICABLE,PASS,PASS,PASS,PASS,PASS,PASS,contracts/operations/slo-sli-catalog.yaml;docs/05-operations/CAPACITY_AND_SCALING.md;contracts/operations/external-dependency-register.csv;contracts/operations/vendor-exit-matrix.csv;contracts/operations/cost-model.yaml;docs/05-operations/COST_AND_UNIT_ECONOMICS.md;contracts/operations/recovery-objectives.yaml;docs/05-operations/BACKUP_RESTORE.md;contracts/operations/version-and-rollback-matrix.yaml;docs/03-engineering/DATABASE_MIGRATIONS.md;docs/05-operations/OBSERVABILITY.md;docs/04-quality/THREAT_MODEL.md;docs/04-quality/SECURITY_PRIVACY_LGPD.md;contracts/privacy/lgpd-control-matrix.csv;docs/04-quality/LGPD_CONTROL_MODEL.md,BENCHMARK_AND_OPERATIONS_GATES,PASS
SPRINT-005,ISSUE-0396,Story,STORY-0286,TASK-0286,EPIC-047,BC-006,Geoprocessamento,HIGH,PASS,NOT_APPLICABLE,PASS,PASS,PASS,PASS,PASS,PASS,NOT_APPLICABLE,PASS,NOT_APPLICABLE,PASS,PASS,PASS,PASS,contracts/operations/slo-sli-catalog.yaml;docs/05-operations/CAPACITY_AND_SCALING.md;contracts/operations/external-dependency-register.csv;contracts/operations/vendor-exit-matrix.csv;contracts/operations/cost-model.yaml;docs/05-operations/COST_AND_UNIT_ECONOMICS.md;contracts/operations/recovery-objectives.yaml;docs/05-operations/BACKUP_RESTORE.md;docs/05-operations/OBSERVABILITY.md;docs/04-quality/THREAT_MODEL.md;docs/04-quality/SECURITY_PRIVACY_LGPD.md;contracts/privacy/lgpd-control-matrix.csv;docs/04-quality/LGPD_CONTROL_MODEL.md;contracts/operations/version-and-rollback-matrix.yaml,BENCHMARK_AND_OPERATIONS_GATES,PASS
SPRINT-005,ISSUE-0397,Story,STORY-0287,TASK-0287,EPIC-047,BC-006,QA,HIGH,PASS,NOT_APPLICABLE,PASS,PASS,PASS,PASS,PASS,PASS,NOT_APPLICABLE,NOT_APPLICABLE,NOT_APPLICABLE,PASS,PASS,PASS,PASS,contracts/operations/slo-sli-catalog.yaml;docs/05-operations/CAPACITY_AND_SCALING.md;contracts/operations/external-dependency-register.csv;contracts/operations/vendor-exit-matrix.csv;contracts/operations/cost-model.yaml;docs/05-operations/COST_AND_UNIT_ECONOMICS.md;docs/05-operations/OBSERVABILITY.md;docs/04-quality/THREAT_MODEL.md;docs/04-quality/SECURITY_PRIVACY_LGPD.md;contracts/privacy/lgpd-control-matrix.csv;docs/04-quality/LGPD_CONTROL_MODEL.md;contracts/operations/version-and-rollback-matrix.yaml,BENCHMARK_AND_OPERATIONS_GATES,PASS
SPRINT-005,ISSUE-0398,Story,STORY-0288,TASK-0288,EPIC-047,BC-006,Reviewer,HIGH,PASS,NOT_APPLICABLE,PASS,PASS,PASS,PASS,PASS,PASS,NOT_APPLICABLE,NOT_APPLICABLE,NOT_APPLICABLE,PASS,PASS,PASS,PASS,contracts/operations/slo-sli-catalog.yaml;docs/05-operations/CAPACITY_AND_SCALING.md;contracts/operations/external-dependency-register.csv;contracts/operations/vendor-exit-matrix.csv;contracts/operations/cost-model.yaml;docs/05-operations/COST_AND_UNIT_ECONOMICS.md;docs/05-operations/OBSERVABILITY.md;docs/04-quality/THREAT_MODEL.md;docs/04-quality/SECURITY_PRIVACY_LGPD.md;contracts/privacy/lgpd-control-matrix.csv;docs/04-quality/LGPD_CONTROL_MODEL.md;contracts/operations/version-and-rollback-matrix.yaml,BENCHMARK_AND_OPERATIONS_GATES,PASS
SPRINT-005,ISSUE-0399,Story,STORY-0289,TASK-0289,EPIC-048,BC-006,Arquiteto,HIGH,PASS,NOT_APPLICABLE,PASS,PASS,PASS,PASS,PASS,PASS,NOT_APPLICABLE,PASS,PASS,PASS,PASS,PASS,PASS,contracts/operations/slo-sli-catalog.yaml;docs/05-operations/CAPACITY_AND_SCALING.md;contracts/operations/external-dependency-register.csv;contracts/operations/vendor-exit-matrix.csv;contracts/operations/cost-model.yaml;docs/05-operations/COST_AND_UNIT_ECONOMICS.md;contracts/operations/recovery-objectives.yaml;docs/05-operations/BACKUP_RESTORE.md;contracts/operations/version-and-rollback-matrix.yaml;docs/03-engineering/DATABASE_MIGRATIONS.md;docs/05-operations/OBSERVABILITY.md;docs/04-quality/THREAT_MODEL.md;docs/04-quality/SECURITY_PRIVACY_LGPD.md;contracts/privacy/lgpd-control-matrix.csv;docs/04-quality/LGPD_CONTROL_MODEL.md,BENCHMARK_AND_OPERATIONS_GATES,PASS
SPRINT-005,ISSUE-0400,Story,STORY-0290,TASK-0290,EPIC-048,BC-006,Geoprocessamento,HIGH,PASS,NOT_APPLICABLE,PASS,PASS,PASS,PASS,PASS,PASS,PASS,PASS,NOT_APPLICABLE,PASS,PASS,PASS,PASS,contracts/operations/slo-sli-catalog.yaml;docs/05-operations/CAPACITY_AND_SCALING.md;contracts/operations/external-dependency-register.csv;contracts/operations/vendor-exit-matrix.csv;contracts/operations/cost-model.yaml;docs/05-operations/COST_AND_UNIT_ECONOMICS.md;contracts/operations/lock-and-queue-policy.yaml;contracts/operations/recovery-objectives.yaml;docs/05-operations/BACKUP_RESTORE.md;docs/05-operations/OBSERVABILITY.md;docs/04-quality/THREAT_MODEL.md;docs/04-quality/SECURITY_PRIVACY_LGPD.md;contracts/privacy/lgpd-control-matrix.csv;docs/04-quality/LGPD_CONTROL_MODEL.md;contracts/operations/version-and-rollback-matrix.yaml,BENCHMARK_AND_OPERATIONS_GATES,PASS
SPRINT-005,ISSUE-0401,Story,STORY-0291,TASK-0291,EPIC-048,BC-006,Geoprocessamento,HIGH,PASS,NOT_APPLICABLE,PASS,PASS,PASS,PASS,PASS,PASS,NOT_APPLICABLE,PASS,NOT_APPLICABLE,PASS,PASS,PASS,PASS,contracts/operations/slo-sli-catalog.yaml;docs/05-operations/CAPACITY_AND_SCALING.md;contracts/operations/external-dependency-register.csv;contracts/operations/vendor-exit-matrix.csv;contracts/operations/cost-model.yaml;docs/05-operations/COST_AND_UNIT_ECONOMICS.md;contracts/operations/recovery-objectives.yaml;docs/05-operations/BACKUP_RESTORE.md;docs/05-operations/OBSERVABILITY.md;docs/04-quality/THREAT_MODEL.md;docs/04-quality/SECURITY_PRIVACY_LGPD.md;contracts/privacy/lgpd-control-matrix.csv;docs/04-quality/LGPD_CONTROL_MODEL.md;contracts/operations/version-and-rollback-matrix.yaml,BENCHMARK_AND_OPERATIONS_GATES,PASS
SPRINT-005,ISSUE-0402,Story,STORY-0292,TASK-0292,EPIC-048,BC-006,Geoprocessamento,HIGH,PASS,NOT_APPLICABLE,PASS,PASS,PASS,PASS,PASS,PASS,NOT_APPLICABLE,PASS,PASS,PASS,PASS,PASS,PASS,contracts/operations/slo-sli-catalog.yaml;docs/05-operations/CAPACITY_AND_SCALING.md;contracts/operations/external-dependency-register.csv;contracts/operations/vendor-exit-matrix.csv;contracts/operations/cost-model.yaml;docs/05-operations/COST_AND_UNIT_ECONOMICS.md;contracts/operations/recovery-objectives.yaml;docs/05-operations/BACKUP_RESTORE.md;contracts/operations/version-and-rollback-matrix.yaml;docs/03-engineering/DATABASE_MIGRATIONS.md;docs/05-operations/OBSERVABILITY.md;docs/04-quality/THREAT_MODEL.md;docs/04-quality/SECURITY_PRIVACY_LGPD.md;contracts/privacy/lgpd-control-matrix.csv;docs/04-quality/LGPD_CONTROL_MODEL.md,BENCHMARK_AND_OPERATIONS_GATES,PASS
SPRINT-005,ISSUE-0403,Story,STORY-0293,TASK-0293,EPIC-048,BC-006,Geoprocessamento,HIGH,PASS,NOT_APPLICABLE,PASS,PASS,PASS,PASS,PASS,PASS,NOT_APPLICABLE,PASS,NOT_APPLICABLE,PASS,PASS,PASS,PASS,contracts/operations/slo-sli-catalog.yaml;docs/05-operations/CAPACITY_AND_SCALING.md;contracts/operations/external-dependency-register.csv;contracts/operations/vendor-exit-matrix.csv;contracts/operations/cost-model.yaml;docs/05-operations/COST_AND_UNIT_ECONOMICS.md;contracts/operations/recovery-objectives.yaml;docs/05-operations/BACKUP_RESTORE.md;docs/05-operations/OBSERVABILITY.md;docs/04-quality/THREAT_MODEL.md;docs/04-quality/SECURITY_PRIVACY_LGPD.md;contracts/privacy/lgpd-control-matrix.csv;docs/04-quality/LGPD_CONTROL_MODEL.md;contracts/operations/version-and-rollback-matrix.yaml,BENCHMARK_AND_OPERATIONS_GATES,PASS
SPRINT-005,ISSUE-0404,Story,STORY-0294,TASK-0294,EPIC-048,BC-006,QA,HIGH,PASS,NOT_APPLICABLE,PASS,PASS,PASS,PASS,PASS,PASS,NOT_APPLICABLE,PASS,NOT_APPLICABLE,PASS,PASS,PASS,PASS,contracts/operations/slo-sli-catalog.yaml;docs/05-operations/CAPACITY_AND_SCALING.md;contracts/operations/external-dependency-register.csv;contracts/operations/vendor-exit-matrix.csv;contracts/operations/cost-model.yaml;docs/05-operations/COST_AND_UNIT_ECONOMICS.md;contracts/operations/recovery-objectives.yaml;docs/05-operations/BACKUP_RESTORE.md;docs/05-operations/OBSERVABILITY.md;docs/04-quality/THREAT_MODEL.md;docs/04-quality/SECURITY_PRIVACY_LGPD.md;contracts/privacy/lgpd-control-matrix.csv;docs/04-quality/LGPD_CONTROL_MODEL.md;contracts/operations/version-and-rollback-matrix.yaml,BENCHMARK_AND_OPERATIONS_GATES,PASS
SPRINT-005,ISSUE-0405,Story,STORY-0295,TASK-0295,EPIC-048,BC-006,Reviewer,HIGH,PASS,NOT_APPLICABLE,PASS,PASS,PASS,PASS,PASS,PASS,NOT_APPLICABLE,PASS,NOT_APPLICABLE,PASS,PASS,PASS,PASS,contracts/operations/slo-sli-catalog.yaml;docs/05-operations/CAPACITY_AND_SCALING.md;contracts/operations/external-dependency-register.csv;contracts/operations/vendor-exit-matrix.csv;contracts/operations/cost-model.yaml;docs/05-operations/COST_AND_UNIT_ECONOMICS.md;contracts/operations/recovery-objectives.yaml;docs/05-operations/BACKUP_RESTORE.md;docs/05-operations/OBSERVABILITY.md;docs/04-quality/THREAT_MODEL.md;docs/04-quality/SECURITY_PRIVACY_LGPD.md;contracts/privacy/lgpd-control-matrix.csv;docs/04-quality/LGPD_CONTROL_MODEL.md;contracts/operations/version-and-rollback-matrix.yaml,BENCHMARK_AND_OPERATIONS_GATES,PASS
SPRINT-005,ISSUE-0833,Story,STORY-0723,TASK-0723,EPIC-021,BC-007,Geoprocessamento,CRITICAL,PASS,NOT_APPLICABLE,PASS,PASS,PASS,PASS,PASS,PASS,PASS,PASS,NOT_APPLICABLE,PASS,PASS,PASS,PASS,contracts/operations/slo-sli-catalog.yaml;docs/05-operations/CAPACITY_AND_SCALING.md;contracts/operations/external-dependency-register.csv;contracts/operations/vendor-exit-matrix.csv;contracts/operations/cost-model.yaml;docs/05-operations/COST_AND_UNIT_ECONOMICS.md;contracts/operations/lock-and-queue-policy.yaml;contracts/operations/recovery-objectives.yaml;docs/05-operations/BACKUP_RESTORE.md;docs/05-operations/OBSERVABILITY.md;docs/04-quality/THREAT_MODEL.md;docs/04-quality/SECURITY_PRIVACY_LGPD.md;contracts/privacy/lgpd-control-matrix.csv;docs/04-quality/LGPD_CONTROL_MODEL.md;contracts/operations/version-and-rollback-matrix.yaml,SECURITY_AND_PRIVACY_GATES,PASS
SPRINT-005,ISSUE-0834,Story,STORY-0724,TASK-0724,EPIC-021,BC-007,Geoprocessamento,CRITICAL,PASS,NOT_APPLICABLE,PASS,PASS,PASS,PASS,PASS,PASS,NOT_APPLICABLE,PASS,NOT_APPLICABLE,PASS,PASS,PASS,PASS,contracts/operations/slo-sli-catalog.yaml;docs/05-operations/CAPACITY_AND_SCALING.md;contracts/operations/external-dependency-register.csv;contracts/operations/vendor-exit-matrix.csv;contracts/operations/cost-model.yaml;docs/05-operations/COST_AND_UNIT_ECONOMICS.md;contracts/operations/recovery-objectives.yaml;docs/05-operations/BACKUP_RESTORE.md;docs/05-operations/OBSERVABILITY.md;docs/04-quality/THREAT_MODEL.md;docs/04-quality/SECURITY_PRIVACY_LGPD.md;contracts/privacy/lgpd-control-matrix.csv;docs/04-quality/LGPD_CONTROL_MODEL.md;contracts/operations/version-and-rollback-matrix.yaml,SECURITY_AND_PRIVACY_GATES,PASS
SPRINT-005,ISSUE-0835,Story,STORY-0725,TASK-0725,EPIC-022,BC-005,Geoprocessamento,CRITICAL,PASS,NOT_APPLICABLE,PASS,PASS,PASS,PASS,PASS,PASS,PASS,PASS,NOT_APPLICABLE,PASS,PASS,PASS,PASS,contracts/operations/slo-sli-catalog.yaml;docs/05-operations/CAPACITY_AND_SCALING.md;contracts/operations/external-dependency-register.csv;contracts/operations/vendor-exit-matrix.csv;contracts/operations/cost-model.yaml;docs/05-operations/COST_AND_UNIT_ECONOMICS.md;contracts/operations/lock-and-queue-policy.yaml;contracts/operations/recovery-objectives.yaml;docs/05-operations/BACKUP_RESTORE.md;docs/05-operations/OBSERVABILITY.md;docs/04-quality/THREAT_MODEL.md;docs/04-quality/SECURITY_PRIVACY_LGPD.md;contracts/privacy/lgpd-control-matrix.csv;docs/04-quality/LGPD_CONTROL_MODEL.md;contracts/operations/version-and-rollback-matrix.yaml,SECURITY_AND_PRIVACY_GATES,PASS
SPRINT-005,ISSUE-0836,Story,STORY-0726,TASK-0726,EPIC-022,BC-005,Geoprocessamento,CRITICAL,PASS,NOT_APPLICABLE,PASS,PASS,PASS,PASS,PASS,PASS,PASS,PASS,NOT_APPLICABLE,PASS,PASS,PASS,PASS,contracts/operations/slo-sli-catalog.yaml;docs/05-operations/CAPACITY_AND_SCALING.md;contracts/operations/external-dependency-register.csv;contracts/operations/vendor-exit-matrix.csv;contracts/operations/cost-model.yaml;docs/05-operations/COST_AND_UNIT_ECONOMICS.md;contracts/operations/lock-and-queue-policy.yaml;contracts/operations/recovery-objectives.yaml;docs/05-operations/BACKUP_RESTORE.md;docs/05-operations/OBSERVABILITY.md;docs/04-quality/THREAT_MODEL.md;docs/04-quality/SECURITY_PRIVACY_LGPD.md;contracts/privacy/lgpd-control-matrix.csv;docs/04-quality/LGPD_CONTROL_MODEL.md;contracts/operations/version-and-rollback-matrix.yaml,SECURITY_AND_PRIVACY_GATES,PASS
SPRINT-005,ISSUE-0837,Story,STORY-0727,TASK-0727,EPIC-022,BC-005,Geoprocessamento,CRITICAL,PASS,NOT_APPLICABLE,PASS,PASS,PASS,PASS,PASS,PASS,NOT_APPLICABLE,PASS,NOT_APPLICABLE,PASS,PASS,PASS,PASS,contracts/operations/slo-sli-catalog.yaml;docs/05-operations/CAPACITY_AND_SCALING.md;contracts/operations/external-dependency-register.csv;contracts/operations/vendor-exit-matrix.csv;contracts/operations/cost-model.yaml;docs/05-operations/COST_AND_UNIT_ECONOMICS.md;contracts/operations/recovery-objectives.yaml;docs/05-operations/BACKUP_RESTORE.md;docs/05-operations/OBSERVABILITY.md;docs/04-quality/THREAT_MODEL.md;docs/04-quality/SECURITY_PRIVACY_LGPD.md;contracts/privacy/lgpd-control-matrix.csv;docs/04-quality/LGPD_CONTROL_MODEL.md;contracts/operations/version-and-rollback-matrix.yaml,SECURITY_AND_PRIVACY_GATES,PASS
SPRINT-005,ISSUE-0838,Story,STORY-0728,TASK-0728,EPIC-022,BC-005,Geoprocessamento,CRITICAL,PASS,NOT_APPLICABLE,PASS,PASS,PASS,PASS,PASS,PASS,NOT_APPLICABLE,PASS,NOT_APPLICABLE,PASS,PASS,PASS,PASS,contracts/operations/slo-sli-catalog.yaml;docs/05-operations/CAPACITY_AND_SCALING.md;contracts/operations/external-dependency-register.csv;contracts/operations/vendor-exit-matrix.csv;contracts/operations/cost-model.yaml;docs/05-operations/COST_AND_UNIT_ECONOMICS.md;contracts/operations/recovery-objectives.yaml;docs/05-operations/BACKUP_RESTORE.md;docs/05-operations/OBSERVABILITY.md;docs/04-quality/THREAT_MODEL.md;docs/04-quality/SECURITY_PRIVACY_LGPD.md;contracts/privacy/lgpd-control-matrix.csv;docs/04-quality/LGPD_CONTROL_MODEL.md;contracts/operations/version-and-rollback-matrix.yaml,SECURITY_AND_PRIVACY_GATES,PASS
SPRINT-005,ISSUE-0839,Story,STORY-0729,TASK-0729,EPIC-024,BC-007,Geoprocessamento,CRITICAL,PASS,NOT_APPLICABLE,PASS,PASS,PASS,PASS,PASS,PASS,PASS,PASS,NOT_APPLICABLE,PASS,PASS,PASS,PASS,contracts/operations/slo-sli-catalog.yaml;docs/05-operations/CAPACITY_AND_SCALING.md;contracts/operations/external-dependency-register.csv;contracts/operations/vendor-exit-matrix.csv;contracts/operations/cost-model.yaml;docs/05-operations/COST_AND_UNIT_ECONOMICS.md;contracts/operations/lock-and-queue-policy.yaml;contracts/operations/recovery-objectives.yaml;docs/05-operations/BACKUP_RESTORE.md;docs/05-operations/OBSERVABILITY.md;docs/04-quality/THREAT_MODEL.md;docs/04-quality/SECURITY_PRIVACY_LGPD.md;contracts/privacy/lgpd-control-matrix.csv;docs/04-quality/LGPD_CONTROL_MODEL.md;contracts/operations/version-and-rollback-matrix.yaml,SECURITY_AND_PRIVACY_GATES,PASS
SPRINT-005,ISSUE-0840,Story,STORY-0730,TASK-0730,EPIC-024,BC-007,Geoprocessamento,CRITICAL,PASS,NOT_APPLICABLE,PASS,PASS,PASS,PASS,PASS,PASS,PASS,PASS,NOT_APPLICABLE,PASS,PASS,PASS,PASS,contracts/operations/slo-sli-catalog.yaml;docs/05-operations/CAPACITY_AND_SCALING.md;contracts/operations/external-dependency-register.csv;contracts/operations/vendor-exit-matrix.csv;contracts/operations/cost-model.yaml;docs/05-operations/COST_AND_UNIT_ECONOMICS.md;contracts/operations/lock-and-queue-policy.yaml;contracts/operations/recovery-objectives.yaml;docs/05-operations/BACKUP_RESTORE.md;docs/05-operations/OBSERVABILITY.md;docs/04-quality/THREAT_MODEL.md;docs/04-quality/SECURITY_PRIVACY_LGPD.md;contracts/privacy/lgpd-control-matrix.csv;docs/04-quality/LGPD_CONTROL_MODEL.md;contracts/operations/version-and-rollback-matrix.yaml,SECURITY_AND_PRIVACY_GATES,PASS
SPRINT-005,ISSUE-0841,Story,STORY-0731,TASK-0731,EPIC-024,BC-007,Geoprocessamento,CRITICAL,PASS,NOT_APPLICABLE,PASS,PASS,PASS,PASS,PASS,PASS,NOT_APPLICABLE,PASS,NOT_APPLICABLE,PASS,PASS,PASS,PASS,contracts/operations/slo-sli-catalog.yaml;docs/05-operations/CAPACITY_AND_SCALING.md;contracts/operations/external-dependency-register.csv;contracts/operations/vendor-exit-matrix.csv;contracts/operations/cost-model.yaml;docs/05-operations/COST_AND_UNIT_ECONOMICS.md;contracts/operations/recovery-objectives.yaml;docs/05-operations/BACKUP_RESTORE.md;docs/05-operations/OBSERVABILITY.md;docs/04-quality/THREAT_MODEL.md;docs/04-quality/SECURITY_PRIVACY_LGPD.md;contracts/privacy/lgpd-control-matrix.csv;docs/04-quality/LGPD_CONTROL_MODEL.md;contracts/operations/version-and-rollback-matrix.yaml,SECURITY_AND_PRIVACY_GATES,PASS
SPRINT-005,ISSUE-0842,Story,STORY-0732,TASK-0732,EPIC-026,BC-013,Geoprocessamento,CRITICAL,PASS,NOT_APPLICABLE,PASS,PASS,PASS,PASS,PASS,PASS,PASS,PASS,NOT_APPLICABLE,PASS,PASS,PASS,PASS,contracts/operations/slo-sli-catalog.yaml;docs/05-operations/CAPACITY_AND_SCALING.md;contracts/operations/external-dependency-register.csv;contracts/operations/vendor-exit-matrix.csv;contracts/operations/cost-model.yaml;docs/05-operations/COST_AND_UNIT_ECONOMICS.md;contracts/operations/lock-and-queue-policy.yaml;contracts/operations/recovery-objectives.yaml;docs/05-operations/BACKUP_RESTORE.md;docs/05-operations/OBSERVABILITY.md;docs/04-quality/THREAT_MODEL.md;docs/04-quality/SECURITY_PRIVACY_LGPD.md;contracts/privacy/lgpd-control-matrix.csv;docs/04-quality/LGPD_CONTROL_MODEL.md;contracts/operations/version-and-rollback-matrix.yaml,SECURITY_AND_PRIVACY_GATES,PASS
SPRINT-005,ISSUE-0843,Story,STORY-0733,TASK-0733,EPIC-026,BC-013,Geoprocessamento,CRITICAL,PASS,NOT_APPLICABLE,PASS,PASS,PASS,PASS,PASS,PASS,PASS,PASS,NOT_APPLICABLE,PASS,PASS,PASS,PASS,contracts/operations/slo-sli-catalog.yaml;docs/05-operations/CAPACITY_AND_SCALING.md;contracts/operations/external-dependency-register.csv;contracts/operations/vendor-exit-matrix.csv;contracts/operations/cost-model.yaml;docs/05-operations/COST_AND_UNIT_ECONOMICS.md;contracts/operations/lock-and-queue-policy.yaml;contracts/operations/recovery-objectives.yaml;docs/05-operations/BACKUP_RESTORE.md;docs/05-operations/OBSERVABILITY.md;docs/04-quality/THREAT_MODEL.md;docs/04-quality/SECURITY_PRIVACY_LGPD.md;contracts/privacy/lgpd-control-matrix.csv;docs/04-quality/LGPD_CONTROL_MODEL.md;contracts/operations/version-and-rollback-matrix.yaml,SECURITY_AND_PRIVACY_GATES,PASS
SPRINT-005,ISSUE-0844,Story,STORY-0734,TASK-0734,EPIC-026,BC-013,Geoprocessamento,CRITICAL,PASS,NOT_APPLICABLE,PASS,PASS,PASS,PASS,PASS,PASS,NOT_APPLICABLE,PASS,NOT_APPLICABLE,PASS,PASS,PASS,PASS,contracts/operations/slo-sli-catalog.yaml;docs/05-operations/CAPACITY_AND_SCALING.md;contracts/operations/external-dependency-register.csv;contracts/operations/vendor-exit-matrix.csv;contracts/operations/cost-model.yaml;docs/05-operations/COST_AND_UNIT_ECONOMICS.md;contracts/operations/recovery-objectives.yaml;docs/05-operations/BACKUP_RESTORE.md;docs/05-operations/OBSERVABILITY.md;docs/04-quality/THREAT_MODEL.md;docs/04-quality/SECURITY_PRIVACY_LGPD.md;contracts/privacy/lgpd-control-matrix.csv;docs/04-quality/LGPD_CONTROL_MODEL.md;contracts/operations/version-and-rollback-matrix.yaml,SECURITY_AND_PRIVACY_GATES,PASS
SPRINT-005,ISSUE-0845,Story,STORY-0735,TASK-0735,EPIC-028,BC-007,Geoprocessamento,CRITICAL,PASS,NOT_APPLICABLE,PASS,PASS,PASS,PASS,PASS,PASS,PASS,PASS,NOT_APPLICABLE,PASS,PASS,PASS,PASS,contracts/operations/slo-sli-catalog.yaml;docs/05-operations/CAPACITY_AND_SCALING.md;contracts/operations/external-dependency-register.csv;contracts/operations/vendor-exit-matrix.csv;contracts/operations/cost-model.yaml;docs/05-operations/COST_AND_UNIT_ECONOMICS.md;contracts/operations/lock-and-queue-policy.yaml;contracts/operations/recovery-objectives.yaml;docs/05-operations/BACKUP_RESTORE.md;docs/05-operations/OBSERVABILITY.md;docs/04-quality/THREAT_MODEL.md;docs/04-quality/SECURITY_PRIVACY_LGPD.md;contracts/privacy/lgpd-control-matrix.csv;docs/04-quality/LGPD_CONTROL_MODEL.md;contracts/operations/version-and-rollback-matrix.yaml,SECURITY_AND_PRIVACY_GATES,PASS
SPRINT-005,ISSUE-0846,Story,STORY-0736,TASK-0736,EPIC-028,BC-007,Geoprocessamento,CRITICAL,PASS,NOT_APPLICABLE,PASS,PASS,PASS,PASS,PASS,PASS,NOT_APPLICABLE,PASS,NOT_APPLICABLE,PASS,PASS,NOT_APPLICABLE,PASS,contracts/operations/slo-sli-catalog.yaml;docs/05-operations/CAPACITY_AND_SCALING.md;contracts/operations/external-dependency-register.csv;contracts/operations/vendor-exit-matrix.csv;contracts/operations/cost-model.yaml;docs/05-operations/COST_AND_UNIT_ECONOMICS.md;contracts/operations/recovery-objectives.yaml;docs/05-operations/BACKUP_RESTORE.md;docs/05-operations/OBSERVABILITY.md;docs/04-quality/THREAT_MODEL.md;docs/04-quality/SECURITY_PRIVACY_LGPD.md;contracts/operations/version-and-rollback-matrix.yaml,SECURITY_AND_PRIVACY_GATES,PASS
SPRINT-005,ISSUE-0847,Story,STORY-0737,TASK-0737,EPIC-028,BC-007,Geoprocessamento,CRITICAL,PASS,NOT_APPLICABLE,PASS,PASS,PASS,PASS,PASS,PASS,NOT_APPLICABLE,PASS,NOT_APPLICABLE,PASS,PASS,NOT_APPLICABLE,PASS,contracts/operations/slo-sli-catalog.yaml;docs/05-operations/CAPACITY_AND_SCALING.md;contracts/operations/external-dependency-register.csv;contracts/operations/vendor-exit-matrix.csv;contracts/operations/cost-model.yaml;docs/05-operations/COST_AND_UNIT_ECONOMICS.md;contracts/operations/recovery-objectives.yaml;docs/05-operations/BACKUP_RESTORE.md;docs/05-operations/OBSERVABILITY.md;docs/04-quality/THREAT_MODEL.md;docs/04-quality/SECURITY_PRIVACY_LGPD.md;contracts/operations/version-and-rollback-matrix.yaml,SECURITY_AND_PRIVACY_GATES,PASS
SPRINT-006,ISSUE-0050,Epic delivery envelope,,,EPIC-050,BC-009,Geoprocessamento,CRITICAL,PASS,NOT_APPLICABLE,PASS,PASS,PASS,PASS,PASS,PASS,PASS,PASS,PASS,PASS,PASS,PASS,PASS,contracts/operations/slo-sli-catalog.yaml;docs/05-operations/CAPACITY_AND_SCALING.md;contracts/operations/external-dependency-register.csv;contracts/operations/vendor-exit-matrix.csv;contracts/operations/cost-model.yaml;docs/05-operations/COST_AND_UNIT_ECONOMICS.md;contracts/operations/lock-and-queue-policy.yaml;contracts/operations/recovery-objectives.yaml;docs/05-operations/BACKUP_RESTORE.md;contracts/operations/version-and-rollback-matrix.yaml;docs/03-engineering/DATABASE_MIGRATIONS.md;docs/05-operations/OBSERVABILITY.md;docs/04-quality/THREAT_MODEL.md;docs/04-quality/SECURITY_PRIVACY_LGPD.md;contracts/privacy/lgpd-control-matrix.csv;docs/04-quality/LGPD_CONTROL_MODEL.md,SECURITY_AND_PRIVACY_GATES,PASS
SPRINT-006,ISSUE-0051,Epic delivery envelope,,,EPIC-051,BC-006,Geoprocessamento,HIGH,PASS,NOT_APPLICABLE,PASS,PASS,PASS,PASS,PASS,PASS,NOT_APPLICABLE,PASS,PASS,PASS,PASS,PASS,PASS,contracts/operations/slo-sli-catalog.yaml;docs/05-operations/CAPACITY_AND_SCALING.md;contracts/operations/external-dependency-register.csv;contracts/operations/vendor-exit-matrix.csv;contracts/operations/cost-model.yaml;docs/05-operations/COST_AND_UNIT_ECONOMICS.md;contracts/operations/recovery-objectives.yaml;docs/05-operations/BACKUP_RESTORE.md;contracts/operations/version-and-rollback-matrix.yaml;docs/03-engineering/DATABASE_MIGRATIONS.md;docs/05-operations/OBSERVABILITY.md;docs/04-quality/THREAT_MODEL.md;docs/04-quality/SECURITY_PRIVACY_LGPD.md;contracts/privacy/lgpd-control-matrix.csv;docs/04-quality/LGPD_CONTROL_MODEL.md,BENCHMARK_AND_OPERATIONS_GATES,PASS
SPRINT-006,ISSUE-0052,Epic delivery envelope,,,EPIC-052,BC-006,Geoprocessamento,HIGH,PASS,NOT_APPLICABLE,PASS,PASS,PASS,PASS,PASS,PASS,NOT_APPLICABLE,PASS,PASS,PASS,PASS,PASS,PASS,contracts/operations/slo-sli-catalog.yaml;docs/05-operations/CAPACITY_AND_SCALING.md;contracts/operations/external-dependency-register.csv;contracts/operations/vendor-exit-matrix.csv;contracts/operations/cost-model.yaml;docs/05-operations/COST_AND_UNIT_ECONOMICS.md;contracts/operations/version-and-rollback-matrix.yaml;docs/03-engineering/DATABASE_MIGRATIONS.md;docs/05-operations/OBSERVABILITY.md;docs/04-quality/THREAT_MODEL.md;docs/04-quality/SECURITY_PRIVACY_LGPD.md;contracts/privacy/lgpd-control-matrix.csv;docs/04-quality/LGPD_CONTROL_MODEL.md;contracts/operations/recovery-objectives.yaml;docs/05-operations/BACKUP_RESTORE.md,BENCHMARK_AND_OPERATIONS_GATES,PASS
SPRINT-006,ISSUE-0053,Epic delivery envelope,,,EPIC-053,BC-005,Geoprocessamento,HIGH,PASS,NOT_APPLICABLE,PASS,PASS,PASS,PASS,PASS,PASS,PASS,PASS,PASS,PASS,PASS,PASS,PASS,contracts/operations/slo-sli-catalog.yaml;docs/05-operations/CAPACITY_AND_SCALING.md;contracts/operations/external-dependency-register.csv;contracts/operations/vendor-exit-matrix.csv;contracts/operations/cost-model.yaml;docs/05-operations/COST_AND_UNIT_ECONOMICS.md;contracts/operations/version-and-rollback-matrix.yaml;docs/03-engineering/DATABASE_MIGRATIONS.md;docs/05-operations/OBSERVABILITY.md;docs/04-quality/THREAT_MODEL.md;docs/04-quality/SECURITY_PRIVACY_LGPD.md;contracts/privacy/lgpd-control-matrix.csv;docs/04-quality/LGPD_CONTROL_MODEL.md;contracts/operations/lock-and-queue-policy.yaml;contracts/operations/recovery-objectives.yaml;docs/05-operations/BACKUP_RESTORE.md,BENCHMARK_AND_OPERATIONS_GATES,PASS
SPRINT-006,ISSUE-0054,Epic delivery envelope,,,EPIC-054,BC-005,Geoprocessamento,HIGH,PASS,NOT_APPLICABLE,PASS,PASS,PASS,PASS,PASS,PASS,NOT_APPLICABLE,PASS,PASS,PASS,PASS,PASS,PASS,contracts/operations/slo-sli-catalog.yaml;docs/05-operations/CAPACITY_AND_SCALING.md;contracts/operations/external-dependency-register.csv;contracts/operations/vendor-exit-matrix.csv;contracts/operations/cost-model.yaml;docs/05-operations/COST_AND_UNIT_ECONOMICS.md;contracts/operations/recovery-objectives.yaml;docs/05-operations/BACKUP_RESTORE.md;contracts/operations/version-and-rollback-matrix.yaml;docs/03-engineering/DATABASE_MIGRATIONS.md;docs/05-operations/OBSERVABILITY.md;docs/04-quality/THREAT_MODEL.md;docs/04-quality/SECURITY_PRIVACY_LGPD.md;contracts/privacy/lgpd-control-matrix.csv;docs/04-quality/LGPD_CONTROL_MODEL.md,BENCHMARK_AND_OPERATIONS_GATES,PASS
SPRINT-006,ISSUE-0055,Epic delivery envelope,,,EPIC-055,BC-005,Geoprocessamento,HIGH,PASS,NOT_APPLICABLE,PASS,PASS,PASS,PASS,PASS,PASS,PASS,PASS,PASS,PASS,PASS,PASS,PASS,contracts/operations/slo-sli-catalog.yaml;docs/05-operations/CAPACITY_AND_SCALING.md;contracts/operations/external-dependency-register.csv;contracts/operations/vendor-exit-matrix.csv;contracts/operations/cost-model.yaml;docs/05-operations/COST_AND_UNIT_ECONOMICS.md;contracts/operations/version-and-rollback-matrix.yaml;docs/03-engineering/DATABASE_MIGRATIONS.md;docs/05-operations/OBSERVABILITY.md;docs/04-quality/THREAT_MODEL.md;docs/04-quality/SECURITY_PRIVACY_LGPD.md;contracts/privacy/lgpd-control-matrix.csv;docs/04-quality/LGPD_CONTROL_MODEL.md;contracts/operations/lock-and-queue-policy.yaml;contracts/operations/recovery-objectives.yaml;docs/05-operations/BACKUP_RESTORE.md,BENCHMARK_AND_OPERATIONS_GATES,PASS
SPRINT-006,ISSUE-0056,Epic delivery envelope,,,EPIC-056,BC-005,Geoprocessamento,HIGH,PASS,NOT_APPLICABLE,PASS,PASS,PASS,PASS,PASS,PASS,PASS,PASS,PASS,PASS,PASS,PASS,PASS,contracts/operations/slo-sli-catalog.yaml;docs/05-operations/CAPACITY_AND_SCALING.md;contracts/operations/external-dependency-register.csv;contracts/operations/vendor-exit-matrix.csv;contracts/operations/cost-model.yaml;docs/05-operations/COST_AND_UNIT_ECONOMICS.md;contracts/operations/recovery-objectives.yaml;docs/05-operations/BACKUP_RESTORE.md;contracts/operations/version-and-rollback-matrix.yaml;docs/03-engineering/DATABASE_MIGRATIONS.md;docs/05-operations/OBSERVABILITY.md;docs/04-quality/THREAT_MODEL.md;docs/04-quality/SECURITY_PRIVACY_LGPD.md;contracts/privacy/lgpd-control-matrix.csv;docs/04-quality/LGPD_CONTROL_MODEL.md;contracts/operations/lock-and-queue-policy.yaml,BENCHMARK_AND_OPERATIONS_GATES,PASS
SPRINT-006,ISSUE-0057,Epic delivery envelope,,,EPIC-057,BC-012,Geoprocessamento,HIGH,PASS,NOT_APPLICABLE,PASS,PASS,PASS,PASS,PASS,PASS,PASS,PASS,PASS,PASS,PASS,PASS,PASS,contracts/operations/slo-sli-catalog.yaml;docs/05-operations/CAPACITY_AND_SCALING.md;contracts/operations/external-dependency-register.csv;contracts/operations/vendor-exit-matrix.csv;contracts/operations/cost-model.yaml;docs/05-operations/COST_AND_UNIT_ECONOMICS.md;contracts/operations/recovery-objectives.yaml;docs/05-operations/BACKUP_RESTORE.md;contracts/operations/version-and-rollback-matrix.yaml;docs/03-engineering/DATABASE_MIGRATIONS.md;docs/05-operations/OBSERVABILITY.md;docs/04-quality/THREAT_MODEL.md;docs/04-quality/SECURITY_PRIVACY_LGPD.md;contracts/privacy/lgpd-control-matrix.csv;docs/04-quality/LGPD_CONTROL_MODEL.md;contracts/operations/lock-and-queue-policy.yaml,BENCHMARK_AND_OPERATIONS_GATES,PASS
SPRINT-006,ISSUE-0058,Epic delivery envelope,,,EPIC-058,BC-005,Geoprocessamento,CRITICAL,PASS,NOT_APPLICABLE,PASS,PASS,PASS,PASS,PASS,PASS,NOT_APPLICABLE,PASS,PASS,PASS,PASS,PASS,PASS,contracts/operations/slo-sli-catalog.yaml;docs/05-operations/CAPACITY_AND_SCALING.md;contracts/operations/external-dependency-register.csv;contracts/operations/vendor-exit-matrix.csv;contracts/operations/cost-model.yaml;docs/05-operations/COST_AND_UNIT_ECONOMICS.md;contracts/operations/version-and-rollback-matrix.yaml;docs/03-engineering/DATABASE_MIGRATIONS.md;docs/05-operations/OBSERVABILITY.md;docs/04-quality/THREAT_MODEL.md;docs/04-quality/SECURITY_PRIVACY_LGPD.md;contracts/privacy/lgpd-control-matrix.csv;docs/04-quality/LGPD_CONTROL_MODEL.md;contracts/operations/recovery-objectives.yaml;docs/05-operations/BACKUP_RESTORE.md,SECURITY_AND_PRIVACY_GATES,PASS
SPRINT-006,ISSUE-0059,Epic delivery envelope,,,EPIC-059,BC-005,Geoprocessamento,HIGH,PASS,NOT_APPLICABLE,PASS,PASS,PASS,PASS,PASS,PASS,NOT_APPLICABLE,PASS,PASS,PASS,PASS,PASS,PASS,contracts/operations/slo-sli-catalog.yaml;docs/05-operations/CAPACITY_AND_SCALING.md;contracts/operations/external-dependency-register.csv;contracts/operations/vendor-exit-matrix.csv;contracts/operations/cost-model.yaml;docs/05-operations/COST_AND_UNIT_ECONOMICS.md;contracts/operations/version-and-rollback-matrix.yaml;docs/03-engineering/DATABASE_MIGRATIONS.md;docs/05-operations/OBSERVABILITY.md;docs/04-quality/THREAT_MODEL.md;docs/04-quality/SECURITY_PRIVACY_LGPD.md;contracts/privacy/lgpd-control-matrix.csv;docs/04-quality/LGPD_CONTROL_MODEL.md;contracts/operations/recovery-objectives.yaml;docs/05-operations/BACKUP_RESTORE.md,BENCHMARK_AND_OPERATIONS_GATES,PASS
SPRINT-006,ISSUE-0060,Epic delivery envelope,,,EPIC-060,BC-005,Geoprocessamento,HIGH,PASS,NOT_APPLICABLE,PASS,PASS,PASS,PASS,PASS,PASS,NOT_APPLICABLE,PASS,PASS,PASS,PASS,PASS,PASS,contracts/operations/slo-sli-catalog.yaml;docs/05-operations/CAPACITY_AND_SCALING.md;contracts/operations/external-dependency-register.csv;contracts/operations/vendor-exit-matrix.csv;contracts/operations/cost-model.yaml;docs/05-operations/COST_AND_UNIT_ECONOMICS.md;contracts/operations/recovery-objectives.yaml;docs/05-operations/BACKUP_RESTORE.md;contracts/operations/version-and-rollback-matrix.yaml;docs/03-engineering/DATABASE_MIGRATIONS.md;docs/05-operations/OBSERVABILITY.md;docs/04-quality/THREAT_MODEL.md;docs/04-quality/SECURITY_PRIVACY_LGPD.md;contracts/privacy/lgpd-control-matrix.csv;docs/04-quality/LGPD_CONTROL_MODEL.md,BENCHMARK_AND_OPERATIONS_GATES,PASS
SPRINT-006,ISSUE-0063,Epic delivery envelope,,,EPIC-063,BC-011,Geoprocessamento,HIGH,PASS,NOT_APPLICABLE,PASS,PASS,PASS,PASS,PASS,PASS,NOT_APPLICABLE,PASS,PASS,PASS,PASS,PASS,PASS,contracts/operations/slo-sli-catalog.yaml;docs/05-operations/CAPACITY_AND_SCALING.md;contracts/operations/external-dependency-register.csv;contracts/operations/vendor-exit-matrix.csv;contracts/operations/cost-model.yaml;docs/05-operations/COST_AND_UNIT_ECONOMICS.md;contracts/operations/recovery-objectives.yaml;docs/05-operations/BACKUP_RESTORE.md;contracts/operations/version-and-rollback-matrix.yaml;docs/03-engineering/DATABASE_MIGRATIONS.md;docs/05-operations/OBSERVABILITY.md;docs/04-quality/THREAT_MODEL.md;docs/04-quality/SECURITY_PRIVACY_LGPD.md;contracts/privacy/lgpd-control-matrix.csv;docs/04-quality/LGPD_CONTROL_MODEL.md,BENCHMARK_AND_OPERATIONS_GATES,PASS
SPRINT-006,ISSUE-0412,Story,STORY-0302,TASK-0302,EPIC-050,BC-009,Arquiteto,CRITICAL,PASS,NOT_APPLICABLE,PASS,PASS,PASS,PASS,PASS,PASS,PASS,PASS,PASS,PASS,PASS,PASS,PASS,contracts/operations/slo-sli-catalog.yaml;docs/05-operations/CAPACITY_AND_SCALING.md;contracts/operations/external-dependency-register.csv;contracts/operations/vendor-exit-matrix.csv;contracts/operations/cost-model.yaml;docs/05-operations/COST_AND_UNIT_ECONOMICS.md;contracts/operations/lock-and-queue-policy.yaml;contracts/operations/recovery-objectives.yaml;docs/05-operations/BACKUP_RESTORE.md;contracts/operations/version-and-rollback-matrix.yaml;docs/03-engineering/DATABASE_MIGRATIONS.md;docs/05-operations/OBSERVABILITY.md;docs/04-quality/THREAT_MODEL.md;docs/04-quality/SECURITY_PRIVACY_LGPD.md;contracts/privacy/lgpd-control-matrix.csv;docs/04-quality/LGPD_CONTROL_MODEL.md,SECURITY_AND_PRIVACY_GATES,PASS
SPRINT-006,ISSUE-0413,Story,STORY-0303,TASK-0303,EPIC-050,BC-009,Geoprocessamento,CRITICAL,PASS,NOT_APPLICABLE,PASS,PASS,PASS,PASS,PASS,PASS,NOT_APPLICABLE,PASS,NOT_APPLICABLE,PASS,PASS,PASS,PASS,contracts/operations/slo-sli-catalog.yaml;docs/05-operations/CAPACITY_AND_SCALING.md;contracts/operations/external-dependency-register.csv;contracts/operations/vendor-exit-matrix.csv;contracts/operations/cost-model.yaml;docs/05-operations/COST_AND_UNIT_ECONOMICS.md;contracts/operations/recovery-objectives.yaml;docs/05-operations/BACKUP_RESTORE.md;docs/05-operations/OBSERVABILITY.md;docs/04-quality/THREAT_MODEL.md;docs/04-quality/SECURITY_PRIVACY_LGPD.md;contracts/privacy/lgpd-control-matrix.csv;docs/04-quality/LGPD_CONTROL_MODEL.md;contracts/operations/version-and-rollback-matrix.yaml,SECURITY_AND_PRIVACY_GATES,PASS
SPRINT-006,ISSUE-0414,Story,STORY-0304,TASK-0304,EPIC-050,BC-009,Geoprocessamento,CRITICAL,PASS,NOT_APPLICABLE,PASS,PASS,PASS,PASS,PASS,PASS,NOT_APPLICABLE,PASS,NOT_APPLICABLE,PASS,PASS,PASS,PASS,contracts/operations/slo-sli-catalog.yaml;docs/05-operations/CAPACITY_AND_SCALING.md;contracts/operations/external-dependency-register.csv;contracts/operations/vendor-exit-matrix.csv;contracts/operations/cost-model.yaml;docs/05-operations/COST_AND_UNIT_ECONOMICS.md;contracts/operations/recovery-objectives.yaml;docs/05-operations/BACKUP_RESTORE.md;docs/05-operations/OBSERVABILITY.md;docs/04-quality/THREAT_MODEL.md;docs/04-quality/SECURITY_PRIVACY_LGPD.md;contracts/privacy/lgpd-control-matrix.csv;docs/04-quality/LGPD_CONTROL_MODEL.md;contracts/operations/version-and-rollback-matrix.yaml,SECURITY_AND_PRIVACY_GATES,PASS
SPRINT-006,ISSUE-0415,Story,STORY-0305,TASK-0305,EPIC-050,BC-009,Geoprocessamento,CRITICAL,PASS,NOT_APPLICABLE,PASS,PASS,PASS,PASS,PASS,PASS,NOT_APPLICABLE,PASS,PASS,PASS,PASS,PASS,PASS,contracts/operations/slo-sli-catalog.yaml;docs/05-operations/CAPACITY_AND_SCALING.md;contracts/operations/external-dependency-register.csv;contracts/operations/vendor-exit-matrix.csv;contracts/operations/cost-model.yaml;docs/05-operations/COST_AND_UNIT_ECONOMICS.md;contracts/operations/recovery-objectives.yaml;docs/05-operations/BACKUP_RESTORE.md;contracts/operations/version-and-rollback-matrix.yaml;docs/03-engineering/DATABASE_MIGRATIONS.md;docs/05-operations/OBSERVABILITY.md;docs/04-quality/THREAT_MODEL.md;docs/04-quality/SECURITY_PRIVACY_LGPD.md;contracts/privacy/lgpd-control-matrix.csv;docs/04-quality/LGPD_CONTROL_MODEL.md,SECURITY_AND_PRIVACY_GATES,PASS
SPRINT-006,ISSUE-0416,Story,STORY-0306,TASK-0306,EPIC-050,BC-009,Geoprocessamento,CRITICAL,PASS,NOT_APPLICABLE,PASS,PASS,PASS,PASS,PASS,PASS,NOT_APPLICABLE,PASS,NOT_APPLICABLE,PASS,PASS,PASS,PASS,contracts/operations/slo-sli-catalog.yaml;docs/05-operations/CAPACITY_AND_SCALING.md;contracts/operations/external-dependency-register.csv;contracts/operations/vendor-exit-matrix.csv;contracts/operations/cost-model.yaml;docs/05-operations/COST_AND_UNIT_ECONOMICS.md;contracts/operations/recovery-objectives.yaml;docs/05-operations/BACKUP_RESTORE.md;docs/05-operations/OBSERVABILITY.md;docs/04-quality/THREAT_MODEL.md;docs/04-quality/SECURITY_PRIVACY_LGPD.md;contracts/privacy/lgpd-control-matrix.csv;docs/04-quality/LGPD_CONTROL_MODEL.md;contracts/operations/version-and-rollback-matrix.yaml,SECURITY_AND_PRIVACY_GATES,PASS
SPRINT-006,ISSUE-0417,Story,STORY-0307,TASK-0307,EPIC-050,BC-009,QA,CRITICAL,PASS,NOT_APPLICABLE,PASS,PASS,PASS,PASS,PASS,PASS,NOT_APPLICABLE,PASS,NOT_APPLICABLE,PASS,PASS,PASS,PASS,contracts/operations/slo-sli-catalog.yaml;docs/05-operations/CAPACITY_AND_SCALING.md;contracts/operations/external-dependency-register.csv;contracts/operations/vendor-exit-matrix.csv;contracts/operations/cost-model.yaml;docs/05-operations/COST_AND_UNIT_ECONOMICS.md;contracts/operations/recovery-objectives.yaml;docs/05-operations/BACKUP_RESTORE.md;docs/05-operations/OBSERVABILITY.md;docs/04-quality/THREAT_MODEL.md;docs/04-quality/SECURITY_PRIVACY_LGPD.md;contracts/privacy/lgpd-control-matrix.csv;docs/04-quality/LGPD_CONTROL_MODEL.md;contracts/operations/version-and-rollback-matrix.yaml,SECURITY_AND_PRIVACY_GATES,PASS
SPRINT-006,ISSUE-0418,Story,STORY-0308,TASK-0308,EPIC-050,BC-009,Reviewer,CRITICAL,PASS,NOT_APPLICABLE,PASS,PASS,PASS,PASS,PASS,PASS,NOT_APPLICABLE,PASS,NOT_APPLICABLE,PASS,PASS,PASS,PASS,contracts/operations/slo-sli-catalog.yaml;docs/05-operations/CAPACITY_AND_SCALING.md;contracts/operations/external-dependency-register.csv;contracts/operations/vendor-exit-matrix.csv;contracts/operations/cost-model.yaml;docs/05-operations/COST_AND_UNIT_ECONOMICS.md;contracts/operations/recovery-objectives.yaml;docs/05-operations/BACKUP_RESTORE.md;docs/05-operations/OBSERVABILITY.md;docs/04-quality/THREAT_MODEL.md;docs/04-quality/SECURITY_PRIVACY_LGPD.md;contracts/privacy/lgpd-control-matrix.csv;docs/04-quality/LGPD_CONTROL_MODEL.md;contracts/operations/version-and-rollback-matrix.yaml,SECURITY_AND_PRIVACY_GATES,PASS
SPRINT-006,ISSUE-0419,Story,STORY-0309,TASK-0309,EPIC-051,BC-006,Arquiteto,HIGH,PASS,NOT_APPLICABLE,PASS,PASS,PASS,PASS,PASS,PASS,NOT_APPLICABLE,PASS,PASS,PASS,PASS,PASS,PASS,contracts/operations/slo-sli-catalog.yaml;docs/05-operations/CAPACITY_AND_SCALING.md;contracts/operations/external-dependency-register.csv;contracts/operations/vendor-exit-matrix.csv;contracts/operations/cost-model.yaml;docs/05-operations/COST_AND_UNIT_ECONOMICS.md;contracts/operations/recovery-objectives.yaml;docs/05-operations/BACKUP_RESTORE.md;contracts/operations/version-and-rollback-matrix.yaml;docs/03-engineering/DATABASE_MIGRATIONS.md;docs/05-operations/OBSERVABILITY.md;docs/04-quality/THREAT_MODEL.md;docs/04-quality/SECURITY_PRIVACY_LGPD.md;contracts/privacy/lgpd-control-matrix.csv;docs/04-quality/LGPD_CONTROL_MODEL.md,BENCHMARK_AND_OPERATIONS_GATES,PASS
SPRINT-006,ISSUE-0420,Story,STORY-0310,TASK-0310,EPIC-051,BC-006,Geoprocessamento,HIGH,PASS,NOT_APPLICABLE,PASS,PASS,PASS,PASS,PASS,PASS,NOT_APPLICABLE,PASS,NOT_APPLICABLE,PASS,PASS,PASS,PASS,contracts/operations/slo-sli-catalog.yaml;docs/05-operations/CAPACITY_AND_SCALING.md;contracts/operations/external-dependency-register.csv;contracts/operations/vendor-exit-matrix.csv;contracts/operations/cost-model.yaml;docs/05-operations/COST_AND_UNIT_ECONOMICS.md;contracts/operations/recovery-objectives.yaml;docs/05-operations/BACKUP_RESTORE.md;docs/05-operations/OBSERVABILITY.md;docs/04-quality/THREAT_MODEL.md;docs/04-quality/SECURITY_PRIVACY_LGPD.md;contracts/privacy/lgpd-control-matrix.csv;docs/04-quality/LGPD_CONTROL_MODEL.md;contracts/operations/version-and-rollback-matrix.yaml,BENCHMARK_AND_OPERATIONS_GATES,PASS
SPRINT-006,ISSUE-0421,Story,STORY-0311,TASK-0311,EPIC-051,BC-006,Geoprocessamento,HIGH,PASS,NOT_APPLICABLE,PASS,PASS,PASS,PASS,PASS,PASS,NOT_APPLICABLE,PASS,NOT_APPLICABLE,PASS,PASS,PASS,PASS,contracts/operations/slo-sli-catalog.yaml;docs/05-operations/CAPACITY_AND_SCALING.md;contracts/operations/external-dependency-register.csv;contracts/operations/vendor-exit-matrix.csv;contracts/operations/cost-model.yaml;docs/05-operations/COST_AND_UNIT_ECONOMICS.md;contracts/operations/recovery-objectives.yaml;docs/05-operations/BACKUP_RESTORE.md;docs/05-operations/OBSERVABILITY.md;docs/04-quality/THREAT_MODEL.md;docs/04-quality/SECURITY_PRIVACY_LGPD.md;contracts/privacy/lgpd-control-matrix.csv;docs/04-quality/LGPD_CONTROL_MODEL.md;contracts/operations/version-and-rollback-matrix.yaml,BENCHMARK_AND_OPERATIONS_GATES,PASS
SPRINT-006,ISSUE-0422,Story,STORY-0312,TASK-0312,EPIC-051,BC-006,Geoprocessamento,HIGH,PASS,NOT_APPLICABLE,PASS,PASS,PASS,PASS,PASS,PASS,NOT_APPLICABLE,PASS,PASS,PASS,PASS,PASS,PASS,contracts/operations/slo-sli-catalog.yaml;docs/05-operations/CAPACITY_AND_SCALING.md;contracts/operations/external-dependency-register.csv;contracts/operations/vendor-exit-matrix.csv;contracts/operations/cost-model.yaml;docs/05-operations/COST_AND_UNIT_ECONOMICS.md;contracts/operations/recovery-objectives.yaml;docs/05-operations/BACKUP_RESTORE.md;contracts/operations/version-and-rollback-matrix.yaml;docs/03-engineering/DATABASE_MIGRATIONS.md;docs/05-operations/OBSERVABILITY.md;docs/04-quality/THREAT_MODEL.md;docs/04-quality/SECURITY_PRIVACY_LGPD.md;contracts/privacy/lgpd-control-matrix.csv;docs/04-quality/LGPD_CONTROL_MODEL.md,BENCHMARK_AND_OPERATIONS_GATES,PASS
SPRINT-006,ISSUE-0423,Story,STORY-0313,TASK-0313,EPIC-051,BC-006,Geoprocessamento,HIGH,PASS,NOT_APPLICABLE,PASS,PASS,PASS,PASS,PASS,PASS,NOT_APPLICABLE,PASS,NOT_APPLICABLE,PASS,PASS,PASS,PASS,contracts/operations/slo-sli-catalog.yaml;docs/05-operations/CAPACITY_AND_SCALING.md;contracts/operations/external-dependency-register.csv;contracts/operations/vendor-exit-matrix.csv;contracts/operations/cost-model.yaml;docs/05-operations/COST_AND_UNIT_ECONOMICS.md;contracts/operations/recovery-objectives.yaml;docs/05-operations/BACKUP_RESTORE.md;docs/05-operations/OBSERVABILITY.md;docs/04-quality/THREAT_MODEL.md;docs/04-quality/SECURITY_PRIVACY_LGPD.md;contracts/privacy/lgpd-control-matrix.csv;docs/04-quality/LGPD_CONTROL_MODEL.md;contracts/operations/version-and-rollback-matrix.yaml,BENCHMARK_AND_OPERATIONS_GATES,PASS
SPRINT-006,ISSUE-0424,Story,STORY-0314,TASK-0314,EPIC-051,BC-006,QA,HIGH,PASS,NOT_APPLICABLE,PASS,PASS,PASS,PASS,PASS,PASS,NOT_APPLICABLE,PASS,NOT_APPLICABLE,PASS,PASS,PASS,PASS,contracts/operations/slo-sli-catalog.yaml;docs/05-operations/CAPACITY_AND_SCALING.md;contracts/operations/external-dependency-register.csv;contracts/operations/vendor-exit-matrix.csv;contracts/operations/cost-model.yaml;docs/05-operations/COST_AND_UNIT_ECONOMICS.md;contracts/operations/recovery-objectives.yaml;docs/05-operations/BACKUP_RESTORE.md;docs/05-operations/OBSERVABILITY.md;docs/04-quality/THREAT_MODEL.md;docs/04-quality/SECURITY_PRIVACY_LGPD.md;contracts/privacy/lgpd-control-matrix.csv;docs/04-quality/LGPD_CONTROL_MODEL.md;contracts/operations/version-and-rollback-matrix.yaml,BENCHMARK_AND_OPERATIONS_GATES,PASS
SPRINT-006,ISSUE-0425,Story,STORY-0315,TASK-0315,EPIC-051,BC-006,Reviewer,HIGH,PASS,NOT_APPLICABLE,PASS,PASS,PASS,PASS,PASS,PASS,NOT_APPLICABLE,PASS,NOT_APPLICABLE,PASS,PASS,PASS,PASS,contracts/operations/slo-sli-catalog.yaml;docs/05-operations/CAPACITY_AND_SCALING.md;contracts/operations/external-dependency-register.csv;contracts/operations/vendor-exit-matrix.csv;contracts/operations/cost-model.yaml;docs/05-operations/COST_AND_UNIT_ECONOMICS.md;contracts/operations/recovery-objectives.yaml;docs/05-operations/BACKUP_RESTORE.md;docs/05-operations/OBSERVABILITY.md;docs/04-quality/THREAT_MODEL.md;docs/04-quality/SECURITY_PRIVACY_LGPD.md;contracts/privacy/lgpd-control-matrix.csv;docs/04-quality/LGPD_CONTROL_MODEL.md;contracts/operations/version-and-rollback-matrix.yaml,BENCHMARK_AND_OPERATIONS_GATES,PASS
SPRINT-006,ISSUE-0426,Story,STORY-0316,TASK-0316,EPIC-052,BC-006,Arquiteto,HIGH,PASS,NOT_APPLICABLE,PASS,PASS,PASS,PASS,PASS,PASS,NOT_APPLICABLE,NOT_APPLICABLE,PASS,PASS,PASS,PASS,PASS,contracts/operations/slo-sli-catalog.yaml;docs/05-operations/CAPACITY_AND_SCALING.md;contracts/operations/external-dependency-register.csv;contracts/operations/vendor-exit-matrix.csv;contracts/operations/cost-model.yaml;docs/05-operations/COST_AND_UNIT_ECONOMICS.md;contracts/operations/version-and-rollback-matrix.yaml;docs/03-engineering/DATABASE_MIGRATIONS.md;docs/05-operations/OBSERVABILITY.md;docs/04-quality/THREAT_MODEL.md;docs/04-quality/SECURITY_PRIVACY_LGPD.md;contracts/privacy/lgpd-control-matrix.csv;docs/04-quality/LGPD_CONTROL_MODEL.md,BENCHMARK_AND_OPERATIONS_GATES,PASS
SPRINT-006,ISSUE-0427,Story,STORY-0317,TASK-0317,EPIC-052,BC-006,Geoprocessamento,HIGH,PASS,NOT_APPLICABLE,PASS,PASS,PASS,PASS,PASS,PASS,NOT_APPLICABLE,PASS,NOT_APPLICABLE,PASS,PASS,PASS,PASS,contracts/operations/slo-sli-catalog.yaml;docs/05-operations/CAPACITY_AND_SCALING.md;contracts/operations/external-dependency-register.csv;contracts/operations/vendor-exit-matrix.csv;contracts/operations/cost-model.yaml;docs/05-operations/COST_AND_UNIT_ECONOMICS.md;contracts/operations/recovery-objectives.yaml;docs/05-operations/BACKUP_RESTORE.md;docs/05-operations/OBSERVABILITY.md;docs/04-quality/THREAT_MODEL.md;docs/04-quality/SECURITY_PRIVACY_LGPD.md;contracts/privacy/lgpd-control-matrix.csv;docs/04-quality/LGPD_CONTROL_MODEL.md;contracts/operations/version-and-rollback-matrix.yaml,BENCHMARK_AND_OPERATIONS_GATES,PASS
SPRINT-006,ISSUE-0428,Story,STORY-0318,TASK-0318,EPIC-052,BC-006,Geoprocessamento,HIGH,PASS,NOT_APPLICABLE,PASS,PASS,PASS,PASS,PASS,PASS,NOT_APPLICABLE,PASS,NOT_APPLICABLE,PASS,PASS,PASS,PASS,contracts/operations/slo-sli-catalog.yaml;docs/05-operations/CAPACITY_AND_SCALING.md;contracts/operations/external-dependency-register.csv;contracts/operations/vendor-exit-matrix.csv;contracts/operations/cost-model.yaml;docs/05-operations/COST_AND_UNIT_ECONOMICS.md;contracts/operations/recovery-objectives.yaml;docs/05-operations/BACKUP_RESTORE.md;docs/05-operations/OBSERVABILITY.md;docs/04-quality/THREAT_MODEL.md;docs/04-quality/SECURITY_PRIVACY_LGPD.md;contracts/privacy/lgpd-control-matrix.csv;docs/04-quality/LGPD_CONTROL_MODEL.md;contracts/operations/version-and-rollback-matrix.yaml,BENCHMARK_AND_OPERATIONS_GATES,PASS
SPRINT-006,ISSUE-0429,Story,STORY-0319,TASK-0319,EPIC-052,BC-006,Geoprocessamento,HIGH,PASS,NOT_APPLICABLE,PASS,PASS,PASS,PASS,PASS,PASS,NOT_APPLICABLE,PASS,PASS,PASS,PASS,PASS,PASS,contracts/operations/slo-sli-catalog.yaml;docs/05-operations/CAPACITY_AND_SCALING.md;contracts/operations/external-dependency-register.csv;contracts/operations/vendor-exit-matrix.csv;contracts/operations/cost-model.yaml;docs/05-operations/COST_AND_UNIT_ECONOMICS.md;contracts/operations/recovery-objectives.yaml;docs/05-operations/BACKUP_RESTORE.md;contracts/operations/version-and-rollback-matrix.yaml;docs/03-engineering/DATABASE_MIGRATIONS.md;docs/05-operations/OBSERVABILITY.md;docs/04-quality/THREAT_MODEL.md;docs/04-quality/SECURITY_PRIVACY_LGPD.md;contracts/privacy/lgpd-control-matrix.csv;docs/04-quality/LGPD_CONTROL_MODEL.md,BENCHMARK_AND_OPERATIONS_GATES,PASS
SPRINT-006,ISSUE-0430,Story,STORY-0320,TASK-0320,EPIC-052,BC-006,Geoprocessamento,HIGH,PASS,NOT_APPLICABLE,PASS,PASS,PASS,PASS,PASS,PASS,NOT_APPLICABLE,PASS,NOT_APPLICABLE,PASS,PASS,PASS,PASS,contracts/operations/slo-sli-catalog.yaml;docs/05-operations/CAPACITY_AND_SCALING.md;contracts/operations/external-dependency-register.csv;contracts/operations/vendor-exit-matrix.csv;contracts/operations/cost-model.yaml;docs/05-operations/COST_AND_UNIT_ECONOMICS.md;contracts/operations/recovery-objectives.yaml;docs/05-operations/BACKUP_RESTORE.md;docs/05-operations/OBSERVABILITY.md;docs/04-quality/THREAT_MODEL.md;docs/04-quality/SECURITY_PRIVACY_LGPD.md;contracts/privacy/lgpd-control-matrix.csv;docs/04-quality/LGPD_CONTROL_MODEL.md;contracts/operations/version-and-rollback-matrix.yaml,BENCHMARK_AND_OPERATIONS_GATES,PASS
SPRINT-006,ISSUE-0431,Story,STORY-0321,TASK-0321,EPIC-052,BC-006,QA,HIGH,PASS,NOT_APPLICABLE,PASS,PASS,PASS,PASS,PASS,PASS,NOT_APPLICABLE,NOT_APPLICABLE,NOT_APPLICABLE,PASS,PASS,PASS,PASS,contracts/operations/slo-sli-catalog.yaml;docs/05-operations/CAPACITY_AND_SCALING.md;contracts/operations/external-dependency-register.csv;contracts/operations/vendor-exit-matrix.csv;contracts/operations/cost-model.yaml;docs/05-operations/COST_AND_UNIT_ECONOMICS.md;docs/05-operations/OBSERVABILITY.md;docs/04-quality/THREAT_MODEL.md;docs/04-quality/SECURITY_PRIVACY_LGPD.md;contracts/privacy/lgpd-control-matrix.csv;docs/04-quality/LGPD_CONTROL_MODEL.md;contracts/operations/version-and-rollback-matrix.yaml,BENCHMARK_AND_OPERATIONS_GATES,PASS
SPRINT-006,ISSUE-0432,Story,STORY-0322,TASK-0322,EPIC-052,BC-006,Reviewer,HIGH,PASS,NOT_APPLICABLE,PASS,PASS,PASS,PASS,PASS,PASS,NOT_APPLICABLE,NOT_APPLICABLE,NOT_APPLICABLE,PASS,PASS,PASS,PASS,contracts/operations/slo-sli-catalog.yaml;docs/05-operations/CAPACITY_AND_SCALING.md;contracts/operations/external-dependency-register.csv;contracts/operations/vendor-exit-matrix.csv;contracts/operations/cost-model.yaml;docs/05-operations/COST_AND_UNIT_ECONOMICS.md;docs/05-operations/OBSERVABILITY.md;docs/04-quality/THREAT_MODEL.md;docs/04-quality/SECURITY_PRIVACY_LGPD.md;contracts/privacy/lgpd-control-matrix.csv;docs/04-quality/LGPD_CONTROL_MODEL.md;contracts/operations/version-and-rollback-matrix.yaml,BENCHMARK_AND_OPERATIONS_GATES,PASS
SPRINT-006,ISSUE-0433,Story,STORY-0323,TASK-0323,EPIC-053,BC-005,Arquiteto,HIGH,PASS,NOT_APPLICABLE,PASS,PASS,PASS,PASS,PASS,PASS,NOT_APPLICABLE,NOT_APPLICABLE,PASS,PASS,PASS,PASS,PASS,contracts/operations/slo-sli-catalog.yaml;docs/05-operations/CAPACITY_AND_SCALING.md;contracts/operations/external-dependency-register.csv;contracts/operations/vendor-exit-matrix.csv;contracts/operations/cost-model.yaml;docs/05-operations/COST_AND_UNIT_ECONOMICS.md;contracts/operations/version-and-rollback-matrix.yaml;docs/03-engineering/DATABASE_MIGRATIONS.md;docs/05-operations/OBSERVABILITY.md;docs/04-quality/THREAT_MODEL.md;docs/04-quality/SECURITY_PRIVACY_LGPD.md;contracts/privacy/lgpd-control-matrix.csv;docs/04-quality/LGPD_CONTROL_MODEL.md,BENCHMARK_AND_OPERATIONS_GATES,PASS
SPRINT-006,ISSUE-0434,Story,STORY-0324,TASK-0324,EPIC-053,BC-005,Geoprocessamento,HIGH,PASS,NOT_APPLICABLE,PASS,PASS,PASS,PASS,PASS,PASS,PASS,PASS,NOT_APPLICABLE,PASS,PASS,PASS,PASS,contracts/operations/slo-sli-catalog.yaml;docs/05-operations/CAPACITY_AND_SCALING.md;contracts/operations/external-dependency-register.csv;contracts/operations/vendor-exit-matrix.csv;contracts/operations/cost-model.yaml;docs/05-operations/COST_AND_UNIT_ECONOMICS.md;contracts/operations/lock-and-queue-policy.yaml;contracts/operations/recovery-objectives.yaml;docs/05-operations/BACKUP_RESTORE.md;docs/05-operations/OBSERVABILITY.md;docs/04-quality/THREAT_MODEL.md;docs/04-quality/SECURITY_PRIVACY_LGPD.md;contracts/privacy/lgpd-control-matrix.csv;docs/04-quality/LGPD_CONTROL_MODEL.md;contracts/operations/version-and-rollback-matrix.yaml,BENCHMARK_AND_OPERATIONS_GATES,PASS
SPRINT-006,ISSUE-0435,Story,STORY-0325,TASK-0325,EPIC-053,BC-005,Geoprocessamento,HIGH,PASS,NOT_APPLICABLE,PASS,PASS,PASS,PASS,PASS,PASS,NOT_APPLICABLE,PASS,NOT_APPLICABLE,PASS,PASS,PASS,PASS,contracts/operations/slo-sli-catalog.yaml;docs/05-operations/CAPACITY_AND_SCALING.md;contracts/operations/external-dependency-register.csv;contracts/operations/vendor-exit-matrix.csv;contracts/operations/cost-model.yaml;docs/05-operations/COST_AND_UNIT_ECONOMICS.md;contracts/operations/recovery-objectives.yaml;docs/05-operations/BACKUP_RESTORE.md;docs/05-operations/OBSERVABILITY.md;docs/04-quality/THREAT_MODEL.md;docs/04-quality/SECURITY_PRIVACY_LGPD.md;contracts/privacy/lgpd-control-matrix.csv;docs/04-quality/LGPD_CONTROL_MODEL.md;contracts/operations/version-and-rollback-matrix.yaml,BENCHMARK_AND_OPERATIONS_GATES,PASS
SPRINT-006,ISSUE-0436,Story,STORY-0326,TASK-0326,EPIC-053,BC-005,Geoprocessamento,HIGH,PASS,NOT_APPLICABLE,PASS,PASS,PASS,PASS,PASS,PASS,NOT_APPLICABLE,PASS,PASS,PASS,PASS,PASS,PASS,contracts/operations/slo-sli-catalog.yaml;docs/05-operations/CAPACITY_AND_SCALING.md;contracts/operations/external-dependency-register.csv;contracts/operations/vendor-exit-matrix.csv;contracts/operations/cost-model.yaml;docs/05-operations/COST_AND_UNIT_ECONOMICS.md;contracts/operations/recovery-objectives.yaml;docs/05-operations/BACKUP_RESTORE.md;contracts/operations/version-and-rollback-matrix.yaml;docs/03-engineering/DATABASE_MIGRATIONS.md;docs/05-operations/OBSERVABILITY.md;docs/04-quality/THREAT_MODEL.md;docs/04-quality/SECURITY_PRIVACY_LGPD.md;contracts/privacy/lgpd-control-matrix.csv;docs/04-quality/LGPD_CONTROL_MODEL.md,BENCHMARK_AND_OPERATIONS_GATES,PASS
SPRINT-006,ISSUE-0437,Story,STORY-0327,TASK-0327,EPIC-053,BC-005,Geoprocessamento,HIGH,PASS,NOT_APPLICABLE,PASS,PASS,PASS,PASS,PASS,PASS,NOT_APPLICABLE,PASS,NOT_APPLICABLE,PASS,PASS,PASS,PASS,contracts/operations/slo-sli-catalog.yaml;docs/05-operations/CAPACITY_AND_SCALING.md;contracts/operations/external-dependency-register.csv;contracts/operations/vendor-exit-matrix.csv;contracts/operations/cost-model.yaml;docs/05-operations/COST_AND_UNIT_ECONOMICS.md;contracts/operations/recovery-objectives.yaml;docs/05-operations/BACKUP_RESTORE.md;docs/05-operations/OBSERVABILITY.md;docs/04-quality/THREAT_MODEL.md;docs/04-quality/SECURITY_PRIVACY_LGPD.md;contracts/privacy/lgpd-control-matrix.csv;docs/04-quality/LGPD_CONTROL_MODEL.md;contracts/operations/version-and-rollback-matrix.yaml,BENCHMARK_AND_OPERATIONS_GATES,PASS
SPRINT-006,ISSUE-0438,Story,STORY-0328,TASK-0328,EPIC-053,BC-005,QA,HIGH,PASS,NOT_APPLICABLE,PASS,PASS,PASS,PASS,PASS,PASS,NOT_APPLICABLE,NOT_APPLICABLE,NOT_APPLICABLE,PASS,PASS,PASS,PASS,contracts/operations/slo-sli-catalog.yaml;docs/05-operations/CAPACITY_AND_SCALING.md;contracts/operations/external-dependency-register.csv;contracts/operations/vendor-exit-matrix.csv;contracts/operations/cost-model.yaml;docs/05-operations/COST_AND_UNIT_ECONOMICS.md;docs/05-operations/OBSERVABILITY.md;docs/04-quality/THREAT_MODEL.md;docs/04-quality/SECURITY_PRIVACY_LGPD.md;contracts/privacy/lgpd-control-matrix.csv;docs/04-quality/LGPD_CONTROL_MODEL.md;contracts/operations/version-and-rollback-matrix.yaml,BENCHMARK_AND_OPERATIONS_GATES,PASS
SPRINT-006,ISSUE-0439,Story,STORY-0329,TASK-0329,EPIC-053,BC-005,Reviewer,HIGH,PASS,NOT_APPLICABLE,PASS,PASS,PASS,PASS,PASS,PASS,NOT_APPLICABLE,NOT_APPLICABLE,NOT_APPLICABLE,PASS,PASS,PASS,PASS,contracts/operations/slo-sli-catalog.yaml;docs/05-operations/CAPACITY_AND_SCALING.md;contracts/operations/external-dependency-register.csv;contracts/operations/vendor-exit-matrix.csv;contracts/operations/cost-model.yaml;docs/05-operations/COST_AND_UNIT_ECONOMICS.md;docs/05-operations/OBSERVABILITY.md;docs/04-quality/THREAT_MODEL.md;docs/04-quality/SECURITY_PRIVACY_LGPD.md;contracts/privacy/lgpd-control-matrix.csv;docs/04-quality/LGPD_CONTROL_MODEL.md;contracts/operations/version-and-rollback-matrix.yaml,BENCHMARK_AND_OPERATIONS_GATES,PASS
SPRINT-006,ISSUE-0440,Story,STORY-0330,TASK-0330,EPIC-054,BC-005,Arquiteto,HIGH,PASS,NOT_APPLICABLE,PASS,PASS,PASS,PASS,PASS,PASS,NOT_APPLICABLE,PASS,PASS,PASS,PASS,PASS,PASS,contracts/operations/slo-sli-catalog.yaml;docs/05-operations/CAPACITY_AND_SCALING.md;contracts/operations/external-dependency-register.csv;contracts/operations/vendor-exit-matrix.csv;contracts/operations/cost-model.yaml;docs/05-operations/COST_AND_UNIT_ECONOMICS.md;contracts/operations/recovery-objectives.yaml;docs/05-operations/BACKUP_RESTORE.md;contracts/operations/version-and-rollback-matrix.yaml;docs/03-engineering/DATABASE_MIGRATIONS.md;docs/05-operations/OBSERVABILITY.md;docs/04-quality/THREAT_MODEL.md;docs/04-quality/SECURITY_PRIVACY_LGPD.md;contracts/privacy/lgpd-control-matrix.csv;docs/04-quality/LGPD_CONTROL_MODEL.md,BENCHMARK_AND_OPERATIONS_GATES,PASS
SPRINT-006,ISSUE-0441,Story,STORY-0331,TASK-0331,EPIC-054,BC-005,Geoprocessamento,HIGH,PASS,NOT_APPLICABLE,PASS,PASS,PASS,PASS,PASS,PASS,NOT_APPLICABLE,PASS,NOT_APPLICABLE,PASS,PASS,PASS,PASS,contracts/operations/slo-sli-catalog.yaml;docs/05-operations/CAPACITY_AND_SCALING.md;contracts/operations/external-dependency-register.csv;contracts/operations/vendor-exit-matrix.csv;contracts/operations/cost-model.yaml;docs/05-operations/COST_AND_UNIT_ECONOMICS.md;contracts/operations/recovery-objectives.yaml;docs/05-operations/BACKUP_RESTORE.md;docs/05-operations/OBSERVABILITY.md;docs/04-quality/THREAT_MODEL.md;docs/04-quality/SECURITY_PRIVACY_LGPD.md;contracts/privacy/lgpd-control-matrix.csv;docs/04-quality/LGPD_CONTROL_MODEL.md;contracts/operations/version-and-rollback-matrix.yaml,BENCHMARK_AND_OPERATIONS_GATES,PASS
SPRINT-006,ISSUE-0442,Story,STORY-0332,TASK-0332,EPIC-054,BC-005,Geoprocessamento,HIGH,PASS,NOT_APPLICABLE,PASS,PASS,PASS,PASS,PASS,PASS,NOT_APPLICABLE,PASS,NOT_APPLICABLE,PASS,PASS,PASS,PASS,contracts/operations/slo-sli-catalog.yaml;docs/05-operations/CAPACITY_AND_SCALING.md;contracts/operations/external-dependency-register.csv;contracts/operations/vendor-exit-matrix.csv;contracts/operations/cost-model.yaml;docs/05-operations/COST_AND_UNIT_ECONOMICS.md;contracts/operations/recovery-objectives.yaml;docs/05-operations/BACKUP_RESTORE.md;docs/05-operations/OBSERVABILITY.md;docs/04-quality/THREAT_MODEL.md;docs/04-quality/SECURITY_PRIVACY_LGPD.md;contracts/privacy/lgpd-control-matrix.csv;docs/04-quality/LGPD_CONTROL_MODEL.md;contracts/operations/version-and-rollback-matrix.yaml,BENCHMARK_AND_OPERATIONS_GATES,PASS
SPRINT-006,ISSUE-0443,Story,STORY-0333,TASK-0333,EPIC-054,BC-005,Geoprocessamento,HIGH,PASS,NOT_APPLICABLE,PASS,PASS,PASS,PASS,PASS,PASS,NOT_APPLICABLE,PASS,PASS,PASS,PASS,PASS,PASS,contracts/operations/slo-sli-catalog.yaml;docs/05-operations/CAPACITY_AND_SCALING.md;contracts/operations/external-dependency-register.csv;contracts/operations/vendor-exit-matrix.csv;contracts/operations/cost-model.yaml;docs/05-operations/COST_AND_UNIT_ECONOMICS.md;contracts/operations/recovery-objectives.yaml;docs/05-operations/BACKUP_RESTORE.md;contracts/operations/version-and-rollback-matrix.yaml;docs/03-engineering/DATABASE_MIGRATIONS.md;docs/05-operations/OBSERVABILITY.md;docs/04-quality/THREAT_MODEL.md;docs/04-quality/SECURITY_PRIVACY_LGPD.md;contracts/privacy/lgpd-control-matrix.csv;docs/04-quality/LGPD_CONTROL_MODEL.md,BENCHMARK_AND_OPERATIONS_GATES,PASS
SPRINT-006,ISSUE-0444,Story,STORY-0334,TASK-0334,EPIC-054,BC-005,Geoprocessamento,HIGH,PASS,NOT_APPLICABLE,PASS,PASS,PASS,PASS,PASS,PASS,NOT_APPLICABLE,PASS,NOT_APPLICABLE,PASS,PASS,PASS,PASS,contracts/operations/slo-sli-catalog.yaml;docs/05-operations/CAPACITY_AND_SCALING.md;contracts/operations/external-dependency-register.csv;contracts/operations/vendor-exit-matrix.csv;contracts/operations/cost-model.yaml;docs/05-operations/COST_AND_UNIT_ECONOMICS.md;contracts/operations/recovery-objectives.yaml;docs/05-operations/BACKUP_RESTORE.md;docs/05-operations/OBSERVABILITY.md;docs/04-quality/THREAT_MODEL.md;docs/04-quality/SECURITY_PRIVACY_LGPD.md;contracts/privacy/lgpd-control-matrix.csv;docs/04-quality/LGPD_CONTROL_MODEL.md;contracts/operations/version-and-rollback-matrix.yaml,BENCHMARK_AND_OPERATIONS_GATES,PASS
SPRINT-006,ISSUE-0445,Story,STORY-0335,TASK-0335,EPIC-054,BC-005,QA,HIGH,PASS,NOT_APPLICABLE,PASS,PASS,PASS,PASS,PASS,PASS,NOT_APPLICABLE,PASS,NOT_APPLICABLE,PASS,PASS,PASS,PASS,contracts/operations/slo-sli-catalog.yaml;docs/05-operations/CAPACITY_AND_SCALING.md;contracts/operations/external-dependency-register.csv;contracts/operations/vendor-exit-matrix.csv;contracts/operations/cost-model.yaml;docs/05-operations/COST_AND_UNIT_ECONOMICS.md;contracts/operations/recovery-objectives.yaml;docs/05-operations/BACKUP_RESTORE.md;docs/05-operations/OBSERVABILITY.md;docs/04-quality/THREAT_MODEL.md;docs/04-quality/SECURITY_PRIVACY_LGPD.md;contracts/privacy/lgpd-control-matrix.csv;docs/04-quality/LGPD_CONTROL_MODEL.md;contracts/operations/version-and-rollback-matrix.yaml,BENCHMARK_AND_OPERATIONS_GATES,PASS
SPRINT-006,ISSUE-0446,Story,STORY-0336,TASK-0336,EPIC-054,BC-005,Reviewer,HIGH,PASS,NOT_APPLICABLE,PASS,PASS,PASS,PASS,PASS,PASS,NOT_APPLICABLE,PASS,NOT_APPLICABLE,PASS,PASS,PASS,PASS,contracts/operations/slo-sli-catalog.yaml;docs/05-operations/CAPACITY_AND_SCALING.md;contracts/operations/external-dependency-register.csv;contracts/operations/vendor-exit-matrix.csv;contracts/operations/cost-model.yaml;docs/05-operations/COST_AND_UNIT_ECONOMICS.md;contracts/operations/recovery-objectives.yaml;docs/05-operations/BACKUP_RESTORE.md;docs/05-operations/OBSERVABILITY.md;docs/04-quality/THREAT_MODEL.md;docs/04-quality/SECURITY_PRIVACY_LGPD.md;contracts/privacy/lgpd-control-matrix.csv;docs/04-quality/LGPD_CONTROL_MODEL.md;contracts/operations/version-and-rollback-matrix.yaml,BENCHMARK_AND_OPERATIONS_GATES,PASS
SPRINT-006,ISSUE-0447,Story,STORY-0337,TASK-0337,EPIC-055,BC-005,Arquiteto,HIGH,PASS,NOT_APPLICABLE,PASS,PASS,PASS,PASS,PASS,PASS,NOT_APPLICABLE,NOT_APPLICABLE,PASS,PASS,PASS,PASS,PASS,contracts/operations/slo-sli-catalog.yaml;docs/05-operations/CAPACITY_AND_SCALING.md;contracts/operations/external-dependency-register.csv;contracts/operations/vendor-exit-matrix.csv;contracts/operations/cost-model.yaml;docs/05-operations/COST_AND_UNIT_ECONOMICS.md;contracts/operations/version-and-rollback-matrix.yaml;docs/03-engineering/DATABASE_MIGRATIONS.md;docs/05-operations/OBSERVABILITY.md;docs/04-quality/THREAT_MODEL.md;docs/04-quality/SECURITY_PRIVACY_LGPD.md;contracts/privacy/lgpd-control-matrix.csv;docs/04-quality/LGPD_CONTROL_MODEL.md,BENCHMARK_AND_OPERATIONS_GATES,PASS
SPRINT-006,ISSUE-0448,Story,STORY-0338,TASK-0338,EPIC-055,BC-005,Geoprocessamento,HIGH,PASS,NOT_APPLICABLE,PASS,PASS,PASS,PASS,PASS,PASS,PASS,PASS,NOT_APPLICABLE,PASS,PASS,PASS,PASS,contracts/operations/slo-sli-catalog.yaml;docs/05-operations/CAPACITY_AND_SCALING.md;contracts/operations/external-dependency-register.csv;contracts/operations/vendor-exit-matrix.csv;contracts/operations/cost-model.yaml;docs/05-operations/COST_AND_UNIT_ECONOMICS.md;contracts/operations/lock-and-queue-policy.yaml;contracts/operations/recovery-objectives.yaml;docs/05-operations/BACKUP_RESTORE.md;docs/05-operations/OBSERVABILITY.md;docs/04-quality/THREAT_MODEL.md;docs/04-quality/SECURITY_PRIVACY_LGPD.md;contracts/privacy/lgpd-control-matrix.csv;docs/04-quality/LGPD_CONTROL_MODEL.md;contracts/operations/version-and-rollback-matrix.yaml,BENCHMARK_AND_OPERATIONS_GATES,PASS
SPRINT-006,ISSUE-0449,Story,STORY-0339,TASK-0339,EPIC-055,BC-005,Geoprocessamento,HIGH,PASS,NOT_APPLICABLE,PASS,PASS,PASS,PASS,PASS,PASS,NOT_APPLICABLE,PASS,NOT_APPLICABLE,PASS,PASS,PASS,PASS,contracts/operations/slo-sli-catalog.yaml;docs/05-operations/CAPACITY_AND_SCALING.md;contracts/operations/external-dependency-register.csv;contracts/operations/vendor-exit-matrix.csv;contracts/operations/cost-model.yaml;docs/05-operations/COST_AND_UNIT_ECONOMICS.md;contracts/operations/recovery-objectives.yaml;docs/05-operations/BACKUP_RESTORE.md;docs/05-operations/OBSERVABILITY.md;docs/04-quality/THREAT_MODEL.md;docs/04-quality/SECURITY_PRIVACY_LGPD.md;contracts/privacy/lgpd-control-matrix.csv;docs/04-quality/LGPD_CONTROL_MODEL.md;contracts/operations/version-and-rollback-matrix.yaml,BENCHMARK_AND_OPERATIONS_GATES,PASS
SPRINT-006,ISSUE-0450,Story,STORY-0340,TASK-0340,EPIC-055,BC-005,Geoprocessamento,HIGH,PASS,NOT_APPLICABLE,PASS,PASS,PASS,PASS,PASS,PASS,NOT_APPLICABLE,PASS,PASS,PASS,PASS,PASS,PASS,contracts/operations/slo-sli-catalog.yaml;docs/05-operations/CAPACITY_AND_SCALING.md;contracts/operations/external-dependency-register.csv;contracts/operations/vendor-exit-matrix.csv;contracts/operations/cost-model.yaml;docs/05-operations/COST_AND_UNIT_ECONOMICS.md;contracts/operations/recovery-objectives.yaml;docs/05-operations/BACKUP_RESTORE.md;contracts/operations/version-and-rollback-matrix.yaml;docs/03-engineering/DATABASE_MIGRATIONS.md;docs/05-operations/OBSERVABILITY.md;docs/04-quality/THREAT_MODEL.md;docs/04-quality/SECURITY_PRIVACY_LGPD.md;contracts/privacy/lgpd-control-matrix.csv;docs/04-quality/LGPD_CONTROL_MODEL.md,BENCHMARK_AND_OPERATIONS_GATES,PASS
SPRINT-006,ISSUE-0451,Story,STORY-0341,TASK-0341,EPIC-055,BC-005,Geoprocessamento,HIGH,PASS,NOT_APPLICABLE,PASS,PASS,PASS,PASS,PASS,PASS,NOT_APPLICABLE,PASS,NOT_APPLICABLE,PASS,PASS,PASS,PASS,contracts/operations/slo-sli-catalog.yaml;docs/05-operations/CAPACITY_AND_SCALING.md;contracts/operations/external-dependency-register.csv;contracts/operations/vendor-exit-matrix.csv;contracts/operations/cost-model.yaml;docs/05-operations/COST_AND_UNIT_ECONOMICS.md;contracts/operations/recovery-objectives.yaml;docs/05-operations/BACKUP_RESTORE.md;docs/05-operations/OBSERVABILITY.md;docs/04-quality/THREAT_MODEL.md;docs/04-quality/SECURITY_PRIVACY_LGPD.md;contracts/privacy/lgpd-control-matrix.csv;docs/04-quality/LGPD_CONTROL_MODEL.md;contracts/operations/version-and-rollback-matrix.yaml,BENCHMARK_AND_OPERATIONS_GATES,PASS
SPRINT-006,ISSUE-0452,Story,STORY-0342,TASK-0342,EPIC-055,BC-005,QA,HIGH,PASS,NOT_APPLICABLE,PASS,PASS,PASS,PASS,PASS,PASS,NOT_APPLICABLE,NOT_APPLICABLE,NOT_APPLICABLE,PASS,PASS,PASS,PASS,contracts/operations/slo-sli-catalog.yaml;docs/05-operations/CAPACITY_AND_SCALING.md;contracts/operations/external-dependency-register.csv;contracts/operations/vendor-exit-matrix.csv;contracts/operations/cost-model.yaml;docs/05-operations/COST_AND_UNIT_ECONOMICS.md;docs/05-operations/OBSERVABILITY.md;docs/04-quality/THREAT_MODEL.md;docs/04-quality/SECURITY_PRIVACY_LGPD.md;contracts/privacy/lgpd-control-matrix.csv;docs/04-quality/LGPD_CONTROL_MODEL.md;contracts/operations/version-and-rollback-matrix.yaml,BENCHMARK_AND_OPERATIONS_GATES,PASS
SPRINT-006,ISSUE-0453,Story,STORY-0343,TASK-0343,EPIC-055,BC-005,Reviewer,HIGH,PASS,NOT_APPLICABLE,PASS,PASS,PASS,PASS,PASS,PASS,NOT_APPLICABLE,NOT_APPLICABLE,NOT_APPLICABLE,PASS,PASS,PASS,PASS,contracts/operations/slo-sli-catalog.yaml;docs/05-operations/CAPACITY_AND_SCALING.md;contracts/operations/external-dependency-register.csv;contracts/operations/vendor-exit-matrix.csv;contracts/operations/cost-model.yaml;docs/05-operations/COST_AND_UNIT_ECONOMICS.md;docs/05-operations/OBSERVABILITY.md;docs/04-quality/THREAT_MODEL.md;docs/04-quality/SECURITY_PRIVACY_LGPD.md;contracts/privacy/lgpd-control-matrix.csv;docs/04-quality/LGPD_CONTROL_MODEL.md;contracts/operations/version-and-rollback-matrix.yaml,BENCHMARK_AND_OPERATIONS_GATES,PASS
SPRINT-006,ISSUE-0454,Story,STORY-0344,TASK-0344,EPIC-056,BC-005,Arquiteto,HIGH,PASS,NOT_APPLICABLE,PASS,PASS,PASS,PASS,PASS,PASS,NOT_APPLICABLE,PASS,PASS,PASS,PASS,PASS,PASS,contracts/operations/slo-sli-catalog.yaml;docs/05-operations/CAPACITY_AND_SCALING.md;contracts/operations/external-dependency-register.csv;contracts/operations/vendor-exit-matrix.csv;contracts/operations/cost-model.yaml;docs/05-operations/COST_AND_UNIT_ECONOMICS.md;contracts/operations/recovery-objectives.yaml;docs/05-operations/BACKUP_RESTORE.md;contracts/operations/version-and-rollback-matrix.yaml;docs/03-engineering/DATABASE_MIGRATIONS.md;docs/05-operations/OBSERVABILITY.md;docs/04-quality/THREAT_MODEL.md;docs/04-quality/SECURITY_PRIVACY_LGPD.md;contracts/privacy/lgpd-control-matrix.csv;docs/04-quality/LGPD_CONTROL_MODEL.md,BENCHMARK_AND_OPERATIONS_GATES,PASS
SPRINT-006,ISSUE-0455,Story,STORY-0345,TASK-0345,EPIC-056,BC-005,Geoprocessamento,HIGH,PASS,NOT_APPLICABLE,PASS,PASS,PASS,PASS,PASS,PASS,NOT_APPLICABLE,PASS,PASS,PASS,PASS,PASS,PASS,contracts/operations/slo-sli-catalog.yaml;docs/05-operations/CAPACITY_AND_SCALING.md;contracts/operations/external-dependency-register.csv;contracts/operations/vendor-exit-matrix.csv;contracts/operations/cost-model.yaml;docs/05-operations/COST_AND_UNIT_ECONOMICS.md;contracts/operations/recovery-objectives.yaml;docs/05-operations/BACKUP_RESTORE.md;contracts/operations/version-and-rollback-matrix.yaml;docs/03-engineering/DATABASE_MIGRATIONS.md;docs/05-operations/OBSERVABILITY.md;docs/04-quality/THREAT_MODEL.md;docs/04-quality/SECURITY_PRIVACY_LGPD.md;contracts/privacy/lgpd-control-matrix.csv;docs/04-quality/LGPD_CONTROL_MODEL.md,BENCHMARK_AND_OPERATIONS_GATES,PASS
SPRINT-006,ISSUE-0456,Story,STORY-0346,TASK-0346,EPIC-056,BC-005,Geoprocessamento,HIGH,PASS,NOT_APPLICABLE,PASS,PASS,PASS,PASS,PASS,PASS,NOT_APPLICABLE,PASS,PASS,PASS,PASS,PASS,PASS,contracts/operations/slo-sli-catalog.yaml;docs/05-operations/CAPACITY_AND_SCALING.md;contracts/operations/external-dependency-register.csv;contracts/operations/vendor-exit-matrix.csv;contracts/operations/cost-model.yaml;docs/05-operations/COST_AND_UNIT_ECONOMICS.md;contracts/operations/recovery-objectives.yaml;docs/05-operations/BACKUP_RESTORE.md;contracts/operations/version-and-rollback-matrix.yaml;docs/03-engineering/DATABASE_MIGRATIONS.md;docs/05-operations/OBSERVABILITY.md;docs/04-quality/THREAT_MODEL.md;docs/04-quality/SECURITY_PRIVACY_LGPD.md;contracts/privacy/lgpd-control-matrix.csv;docs/04-quality/LGPD_CONTROL_MODEL.md,BENCHMARK_AND_OPERATIONS_GATES,PASS
SPRINT-006,ISSUE-0457,Story,STORY-0347,TASK-0347,EPIC-056,BC-005,Geoprocessamento,HIGH,PASS,NOT_APPLICABLE,PASS,PASS,PASS,PASS,PASS,PASS,NOT_APPLICABLE,PASS,PASS,PASS,PASS,PASS,PASS,contracts/operations/slo-sli-catalog.yaml;docs/05-operations/CAPACITY_AND_SCALING.md;contracts/operations/external-dependency-register.csv;contracts/operations/vendor-exit-matrix.csv;contracts/operations/cost-model.yaml;docs/05-operations/COST_AND_UNIT_ECONOMICS.md;contracts/operations/recovery-objectives.yaml;docs/05-operations/BACKUP_RESTORE.md;contracts/operations/version-and-rollback-matrix.yaml;docs/03-engineering/DATABASE_MIGRATIONS.md;docs/05-operations/OBSERVABILITY.md;docs/04-quality/THREAT_MODEL.md;docs/04-quality/SECURITY_PRIVACY_LGPD.md;contracts/privacy/lgpd-control-matrix.csv;docs/04-quality/LGPD_CONTROL_MODEL.md,BENCHMARK_AND_OPERATIONS_GATES,PASS
SPRINT-006,ISSUE-0458,Story,STORY-0348,TASK-0348,EPIC-056,BC-005,Geoprocessamento,HIGH,PASS,NOT_APPLICABLE,PASS,PASS,PASS,PASS,PASS,PASS,NOT_APPLICABLE,PASS,PASS,PASS,PASS,PASS,PASS,contracts/operations/slo-sli-catalog.yaml;docs/05-operations/CAPACITY_AND_SCALING.md;contracts/operations/external-dependency-register.csv;contracts/operations/vendor-exit-matrix.csv;contracts/operations/cost-model.yaml;docs/05-operations/COST_AND_UNIT_ECONOMICS.md;contracts/operations/recovery-objectives.yaml;docs/05-operations/BACKUP_RESTORE.md;contracts/operations/version-and-rollback-matrix.yaml;docs/03-engineering/DATABASE_MIGRATIONS.md;docs/05-operations/OBSERVABILITY.md;docs/04-quality/THREAT_MODEL.md;docs/04-quality/SECURITY_PRIVACY_LGPD.md;contracts/privacy/lgpd-control-matrix.csv;docs/04-quality/LGPD_CONTROL_MODEL.md,BENCHMARK_AND_OPERATIONS_GATES,PASS
SPRINT-006,ISSUE-0459,Story,STORY-0349,TASK-0349,EPIC-056,BC-005,QA,HIGH,PASS,NOT_APPLICABLE,PASS,PASS,PASS,PASS,PASS,PASS,PASS,PASS,PASS,PASS,PASS,PASS,PASS,contracts/operations/slo-sli-catalog.yaml;docs/05-operations/CAPACITY_AND_SCALING.md;contracts/operations/external-dependency-register.csv;contracts/operations/vendor-exit-matrix.csv;contracts/operations/cost-model.yaml;docs/05-operations/COST_AND_UNIT_ECONOMICS.md;contracts/operations/lock-and-queue-policy.yaml;contracts/operations/recovery-objectives.yaml;docs/05-operations/BACKUP_RESTORE.md;contracts/operations/version-and-rollback-matrix.yaml;docs/03-engineering/DATABASE_MIGRATIONS.md;docs/05-operations/OBSERVABILITY.md;docs/04-quality/THREAT_MODEL.md;docs/04-quality/SECURITY_PRIVACY_LGPD.md;contracts/privacy/lgpd-control-matrix.csv;docs/04-quality/LGPD_CONTROL_MODEL.md,BENCHMARK_AND_OPERATIONS_GATES,PASS
SPRINT-006,ISSUE-0460,Story,STORY-0350,TASK-0350,EPIC-056,BC-005,Reviewer,HIGH,PASS,NOT_APPLICABLE,PASS,PASS,PASS,PASS,PASS,PASS,NOT_APPLICABLE,PASS,PASS,PASS,PASS,PASS,PASS,contracts/operations/slo-sli-catalog.yaml;docs/05-operations/CAPACITY_AND_SCALING.md;contracts/operations/external-dependency-register.csv;contracts/operations/vendor-exit-matrix.csv;contracts/operations/cost-model.yaml;docs/05-operations/COST_AND_UNIT_ECONOMICS.md;contracts/operations/recovery-objectives.yaml;docs/05-operations/BACKUP_RESTORE.md;contracts/operations/version-and-rollback-matrix.yaml;docs/03-engineering/DATABASE_MIGRATIONS.md;docs/05-operations/OBSERVABILITY.md;docs/04-quality/THREAT_MODEL.md;docs/04-quality/SECURITY_PRIVACY_LGPD.md;contracts/privacy/lgpd-control-matrix.csv;docs/04-quality/LGPD_CONTROL_MODEL.md,BENCHMARK_AND_OPERATIONS_GATES,PASS
SPRINT-006,ISSUE-0461,Story,STORY-0351,TASK-0351,EPIC-057,BC-012,Arquiteto,HIGH,PASS,NOT_APPLICABLE,PASS,PASS,PASS,PASS,NOT_APPLICABLE,PASS,NOT_APPLICABLE,PASS,PASS,PASS,PASS,PASS,PASS,contracts/operations/slo-sli-catalog.yaml;docs/05-operations/CAPACITY_AND_SCALING.md;contracts/operations/external-dependency-register.csv;contracts/operations/vendor-exit-matrix.csv;contracts/operations/cost-model.yaml;docs/05-operations/COST_AND_UNIT_ECONOMICS.md;contracts/operations/recovery-objectives.yaml;docs/05-operations/BACKUP_RESTORE.md;contracts/operations/version-and-rollback-matrix.yaml;docs/03-engineering/DATABASE_MIGRATIONS.md;docs/05-operations/OBSERVABILITY.md;docs/04-quality/THREAT_MODEL.md;docs/04-quality/SECURITY_PRIVACY_LGPD.md;contracts/privacy/lgpd-control-matrix.csv;docs/04-quality/LGPD_CONTROL_MODEL.md,BENCHMARK_AND_OPERATIONS_GATES,PASS
SPRINT-006,ISSUE-0462,Story,STORY-0352,TASK-0352,EPIC-057,BC-012,Geoprocessamento,HIGH,PASS,NOT_APPLICABLE,PASS,PASS,PASS,PASS,PASS,PASS,PASS,PASS,NOT_APPLICABLE,PASS,PASS,PASS,PASS,contracts/operations/slo-sli-catalog.yaml;docs/05-operations/CAPACITY_AND_SCALING.md;contracts/operations/external-dependency-register.csv;contracts/operations/vendor-exit-matrix.csv;contracts/operations/cost-model.yaml;docs/05-operations/COST_AND_UNIT_ECONOMICS.md;contracts/operations/lock-and-queue-policy.yaml;contracts/operations/recovery-objectives.yaml;docs/05-operations/BACKUP_RESTORE.md;docs/05-operations/OBSERVABILITY.md;docs/04-quality/THREAT_MODEL.md;docs/04-quality/SECURITY_PRIVACY_LGPD.md;contracts/privacy/lgpd-control-matrix.csv;docs/04-quality/LGPD_CONTROL_MODEL.md;contracts/operations/version-and-rollback-matrix.yaml,BENCHMARK_AND_OPERATIONS_GATES,PASS
SPRINT-006,ISSUE-0463,Story,STORY-0353,TASK-0353,EPIC-057,BC-012,Geoprocessamento,HIGH,PASS,NOT_APPLICABLE,PASS,PASS,PASS,PASS,PASS,PASS,NOT_APPLICABLE,PASS,NOT_APPLICABLE,PASS,PASS,PASS,PASS,contracts/operations/slo-sli-catalog.yaml;docs/05-operations/CAPACITY_AND_SCALING.md;contracts/operations/external-dependency-register.csv;contracts/operations/vendor-exit-matrix.csv;contracts/operations/cost-model.yaml;docs/05-operations/COST_AND_UNIT_ECONOMICS.md;contracts/operations/recovery-objectives.yaml;docs/05-operations/BACKUP_RESTORE.md;docs/05-operations/OBSERVABILITY.md;docs/04-quality/THREAT_MODEL.md;docs/04-quality/SECURITY_PRIVACY_LGPD.md;contracts/privacy/lgpd-control-matrix.csv;docs/04-quality/LGPD_CONTROL_MODEL.md;contracts/operations/version-and-rollback-matrix.yaml,BENCHMARK_AND_OPERATIONS_GATES,PASS
SPRINT-006,ISSUE-0464,Story,STORY-0354,TASK-0354,EPIC-057,BC-012,Geoprocessamento,HIGH,PASS,NOT_APPLICABLE,PASS,PASS,PASS,PASS,PASS,PASS,NOT_APPLICABLE,PASS,PASS,PASS,PASS,PASS,PASS,contracts/operations/slo-sli-catalog.yaml;docs/05-operations/CAPACITY_AND_SCALING.md;contracts/operations/external-dependency-register.csv;contracts/operations/vendor-exit-matrix.csv;contracts/operations/cost-model.yaml;docs/05-operations/COST_AND_UNIT_ECONOMICS.md;contracts/operations/recovery-objectives.yaml;docs/05-operations/BACKUP_RESTORE.md;contracts/operations/version-and-rollback-matrix.yaml;docs/03-engineering/DATABASE_MIGRATIONS.md;docs/05-operations/OBSERVABILITY.md;docs/04-quality/THREAT_MODEL.md;docs/04-quality/SECURITY_PRIVACY_LGPD.md;contracts/privacy/lgpd-control-matrix.csv;docs/04-quality/LGPD_CONTROL_MODEL.md,BENCHMARK_AND_OPERATIONS_GATES,PASS
SPRINT-006,ISSUE-0465,Story,STORY-0355,TASK-0355,EPIC-057,BC-012,Geoprocessamento,HIGH,PASS,NOT_APPLICABLE,PASS,PASS,PASS,PASS,PASS,PASS,NOT_APPLICABLE,PASS,NOT_APPLICABLE,PASS,PASS,PASS,PASS,contracts/operations/slo-sli-catalog.yaml;docs/05-operations/CAPACITY_AND_SCALING.md;contracts/operations/external-dependency-register.csv;contracts/operations/vendor-exit-matrix.csv;contracts/operations/cost-model.yaml;docs/05-operations/COST_AND_UNIT_ECONOMICS.md;contracts/operations/recovery-objectives.yaml;docs/05-operations/BACKUP_RESTORE.md;docs/05-operations/OBSERVABILITY.md;docs/04-quality/THREAT_MODEL.md;docs/04-quality/SECURITY_PRIVACY_LGPD.md;contracts/privacy/lgpd-control-matrix.csv;docs/04-quality/LGPD_CONTROL_MODEL.md;contracts/operations/version-and-rollback-matrix.yaml,BENCHMARK_AND_OPERATIONS_GATES,PASS
SPRINT-006,ISSUE-0466,Story,STORY-0356,TASK-0356,EPIC-057,BC-012,QA,HIGH,PASS,NOT_APPLICABLE,PASS,PASS,PASS,PASS,PASS,PASS,NOT_APPLICABLE,PASS,NOT_APPLICABLE,PASS,PASS,PASS,PASS,contracts/operations/slo-sli-catalog.yaml;docs/05-operations/CAPACITY_AND_SCALING.md;contracts/operations/external-dependency-register.csv;contracts/operations/vendor-exit-matrix.csv;contracts/operations/cost-model.yaml;docs/05-operations/COST_AND_UNIT_ECONOMICS.md;contracts/operations/recovery-objectives.yaml;docs/05-operations/BACKUP_RESTORE.md;docs/05-operations/OBSERVABILITY.md;docs/04-quality/THREAT_MODEL.md;docs/04-quality/SECURITY_PRIVACY_LGPD.md;contracts/privacy/lgpd-control-matrix.csv;docs/04-quality/LGPD_CONTROL_MODEL.md;contracts/operations/version-and-rollback-matrix.yaml,BENCHMARK_AND_OPERATIONS_GATES,PASS
SPRINT-006,ISSUE-0467,Story,STORY-0357,TASK-0357,EPIC-057,BC-012,Reviewer,HIGH,NOT_APPLICABLE,NOT_APPLICABLE,PASS,PASS,NOT_APPLICABLE,PASS,NOT_APPLICABLE,NOT_APPLICABLE,NOT_APPLICABLE,PASS,NOT_APPLICABLE,PASS,PASS,PASS,PASS,contracts/operations/external-dependency-register.csv;contracts/operations/vendor-exit-matrix.csv;contracts/operations/cost-model.yaml;docs/05-operations/COST_AND_UNIT_ECONOMICS.md;contracts/operations/recovery-objectives.yaml;docs/05-operations/BACKUP_RESTORE.md;contracts/operations/slo-sli-catalog.yaml;docs/05-operations/OBSERVABILITY.md;docs/04-quality/THREAT_MODEL.md;docs/04-quality/SECURITY_PRIVACY_LGPD.md;contracts/privacy/lgpd-control-matrix.csv;docs/04-quality/LGPD_CONTROL_MODEL.md;contracts/operations/version-and-rollback-matrix.yaml,BENCHMARK_AND_OPERATIONS_GATES,PASS
SPRINT-006,ISSUE-0468,Story,STORY-0358,TASK-0358,EPIC-058,BC-005,Arquiteto,HIGH,PASS,NOT_APPLICABLE,PASS,PASS,PASS,PASS,PASS,PASS,NOT_APPLICABLE,NOT_APPLICABLE,PASS,PASS,PASS,PASS,PASS,contracts/operations/slo-sli-catalog.yaml;docs/05-operations/CAPACITY_AND_SCALING.md;contracts/operations/external-dependency-register.csv;contracts/operations/vendor-exit-matrix.csv;contracts/operations/cost-model.yaml;docs/05-operations/COST_AND_UNIT_ECONOMICS.md;contracts/operations/version-and-rollback-matrix.yaml;docs/03-engineering/DATABASE_MIGRATIONS.md;docs/05-operations/OBSERVABILITY.md;docs/04-quality/THREAT_MODEL.md;docs/04-quality/SECURITY_PRIVACY_LGPD.md;contracts/privacy/lgpd-control-matrix.csv;docs/04-quality/LGPD_CONTROL_MODEL.md,BENCHMARK_AND_OPERATIONS_GATES,PASS
SPRINT-006,ISSUE-0469,Story,STORY-0359,TASK-0359,EPIC-058,BC-005,Geoprocessamento,CRITICAL,PASS,NOT_APPLICABLE,PASS,PASS,PASS,PASS,PASS,PASS,NOT_APPLICABLE,PASS,PASS,PASS,PASS,PASS,PASS,contracts/operations/slo-sli-catalog.yaml;docs/05-operations/CAPACITY_AND_SCALING.md;contracts/operations/external-dependency-register.csv;contracts/operations/vendor-exit-matrix.csv;contracts/operations/cost-model.yaml;docs/05-operations/COST_AND_UNIT_ECONOMICS.md;contracts/operations/recovery-objectives.yaml;docs/05-operations/BACKUP_RESTORE.md;contracts/operations/version-and-rollback-matrix.yaml;docs/03-engineering/DATABASE_MIGRATIONS.md;docs/05-operations/OBSERVABILITY.md;docs/04-quality/THREAT_MODEL.md;docs/04-quality/SECURITY_PRIVACY_LGPD.md;contracts/privacy/lgpd-control-matrix.csv;docs/04-quality/LGPD_CONTROL_MODEL.md,SECURITY_AND_PRIVACY_GATES,PASS
SPRINT-006,ISSUE-0470,Story,STORY-0360,TASK-0360,EPIC-058,BC-005,Geoprocessamento,HIGH,PASS,NOT_APPLICABLE,PASS,PASS,PASS,PASS,PASS,PASS,NOT_APPLICABLE,PASS,PASS,PASS,PASS,PASS,PASS,contracts/operations/slo-sli-catalog.yaml;docs/05-operations/CAPACITY_AND_SCALING.md;contracts/operations/external-dependency-register.csv;contracts/operations/vendor-exit-matrix.csv;contracts/operations/cost-model.yaml;docs/05-operations/COST_AND_UNIT_ECONOMICS.md;contracts/operations/recovery-objectives.yaml;docs/05-operations/BACKUP_RESTORE.md;contracts/operations/version-and-rollback-matrix.yaml;docs/03-engineering/DATABASE_MIGRATIONS.md;docs/05-operations/OBSERVABILITY.md;docs/04-quality/THREAT_MODEL.md;docs/04-quality/SECURITY_PRIVACY_LGPD.md;contracts/privacy/lgpd-control-matrix.csv;docs/04-quality/LGPD_CONTROL_MODEL.md,BENCHMARK_AND_OPERATIONS_GATES,PASS
SPRINT-006,ISSUE-0471,Story,STORY-0361,TASK-0361,EPIC-058,BC-005,Geoprocessamento,HIGH,PASS,NOT_APPLICABLE,PASS,PASS,PASS,PASS,PASS,PASS,NOT_APPLICABLE,PASS,PASS,PASS,PASS,PASS,PASS,contracts/operations/slo-sli-catalog.yaml;docs/05-operations/CAPACITY_AND_SCALING.md;contracts/operations/external-dependency-register.csv;contracts/operations/vendor-exit-matrix.csv;contracts/operations/cost-model.yaml;docs/05-operations/COST_AND_UNIT_ECONOMICS.md;contracts/operations/recovery-objectives.yaml;docs/05-operations/BACKUP_RESTORE.md;contracts/operations/version-and-rollback-matrix.yaml;docs/03-engineering/DATABASE_MIGRATIONS.md;docs/05-operations/OBSERVABILITY.md;docs/04-quality/THREAT_MODEL.md;docs/04-quality/SECURITY_PRIVACY_LGPD.md;contracts/privacy/lgpd-control-matrix.csv;docs/04-quality/LGPD_CONTROL_MODEL.md,BENCHMARK_AND_OPERATIONS_GATES,PASS
SPRINT-006,ISSUE-0472,Story,STORY-0362,TASK-0362,EPIC-058,BC-005,Geoprocessamento,HIGH,PASS,NOT_APPLICABLE,PASS,PASS,PASS,PASS,PASS,PASS,NOT_APPLICABLE,PASS,PASS,PASS,PASS,PASS,PASS,contracts/operations/slo-sli-catalog.yaml;docs/05-operations/CAPACITY_AND_SCALING.md;contracts/operations/external-dependency-register.csv;contracts/operations/vendor-exit-matrix.csv;contracts/operations/cost-model.yaml;docs/05-operations/COST_AND_UNIT_ECONOMICS.md;contracts/operations/recovery-objectives.yaml;docs/05-operations/BACKUP_RESTORE.md;contracts/operations/version-and-rollback-matrix.yaml;docs/03-engineering/DATABASE_MIGRATIONS.md;docs/05-operations/OBSERVABILITY.md;docs/04-quality/THREAT_MODEL.md;docs/04-quality/SECURITY_PRIVACY_LGPD.md;contracts/privacy/lgpd-control-matrix.csv;docs/04-quality/LGPD_CONTROL_MODEL.md,BENCHMARK_AND_OPERATIONS_GATES,PASS
SPRINT-006,ISSUE-0473,Story,STORY-0363,TASK-0363,EPIC-058,BC-005,QA,HIGH,PASS,NOT_APPLICABLE,PASS,PASS,PASS,PASS,PASS,PASS,NOT_APPLICABLE,NOT_APPLICABLE,PASS,PASS,PASS,PASS,PASS,contracts/operations/slo-sli-catalog.yaml;docs/05-operations/CAPACITY_AND_SCALING.md;contracts/operations/external-dependency-register.csv;contracts/operations/vendor-exit-matrix.csv;contracts/operations/cost-model.yaml;docs/05-operations/COST_AND_UNIT_ECONOMICS.md;contracts/operations/version-and-rollback-matrix.yaml;docs/03-engineering/DATABASE_MIGRATIONS.md;docs/05-operations/OBSERVABILITY.md;docs/04-quality/THREAT_MODEL.md;docs/04-quality/SECURITY_PRIVACY_LGPD.md;contracts/privacy/lgpd-control-matrix.csv;docs/04-quality/LGPD_CONTROL_MODEL.md,BENCHMARK_AND_OPERATIONS_GATES,PASS
SPRINT-006,ISSUE-0474,Story,STORY-0364,TASK-0364,EPIC-058,BC-005,Reviewer,HIGH,PASS,NOT_APPLICABLE,PASS,PASS,PASS,PASS,PASS,PASS,NOT_APPLICABLE,NOT_APPLICABLE,PASS,PASS,PASS,PASS,PASS,contracts/operations/slo-sli-catalog.yaml;docs/05-operations/CAPACITY_AND_SCALING.md;contracts/operations/external-dependency-register.csv;contracts/operations/vendor-exit-matrix.csv;contracts/operations/cost-model.yaml;docs/05-operations/COST_AND_UNIT_ECONOMICS.md;contracts/operations/version-and-rollback-matrix.yaml;docs/03-engineering/DATABASE_MIGRATIONS.md;docs/05-operations/OBSERVABILITY.md;docs/04-quality/THREAT_MODEL.md;docs/04-quality/SECURITY_PRIVACY_LGPD.md;contracts/privacy/lgpd-control-matrix.csv;docs/04-quality/LGPD_CONTROL_MODEL.md,BENCHMARK_AND_OPERATIONS_GATES,PASS
SPRINT-006,ISSUE-0475,Story,STORY-0365,TASK-0365,EPIC-059,BC-005,Arquiteto,HIGH,PASS,NOT_APPLICABLE,PASS,PASS,PASS,PASS,PASS,PASS,NOT_APPLICABLE,NOT_APPLICABLE,PASS,PASS,PASS,PASS,PASS,contracts/operations/slo-sli-catalog.yaml;docs/05-operations/CAPACITY_AND_SCALING.md;contracts/operations/external-dependency-register.csv;contracts/operations/vendor-exit-matrix.csv;contracts/operations/cost-model.yaml;docs/05-operations/COST_AND_UNIT_ECONOMICS.md;contracts/operations/version-and-rollback-matrix.yaml;docs/03-engineering/DATABASE_MIGRATIONS.md;docs/05-operations/OBSERVABILITY.md;docs/04-quality/THREAT_MODEL.md;docs/04-quality/SECURITY_PRIVACY_LGPD.md;contracts/privacy/lgpd-control-matrix.csv;docs/04-quality/LGPD_CONTROL_MODEL.md,BENCHMARK_AND_OPERATIONS_GATES,PASS
SPRINT-006,ISSUE-0476,Story,STORY-0366,TASK-0366,EPIC-059,BC-005,Geoprocessamento,HIGH,PASS,NOT_APPLICABLE,PASS,PASS,PASS,PASS,PASS,PASS,NOT_APPLICABLE,PASS,NOT_APPLICABLE,PASS,PASS,PASS,PASS,contracts/operations/slo-sli-catalog.yaml;docs/05-operations/CAPACITY_AND_SCALING.md;contracts/operations/external-dependency-register.csv;contracts/operations/vendor-exit-matrix.csv;contracts/operations/cost-model.yaml;docs/05-operations/COST_AND_UNIT_ECONOMICS.md;contracts/operations/recovery-objectives.yaml;docs/05-operations/BACKUP_RESTORE.md;docs/05-operations/OBSERVABILITY.md;docs/04-quality/THREAT_MODEL.md;docs/04-quality/SECURITY_PRIVACY_LGPD.md;contracts/privacy/lgpd-control-matrix.csv;docs/04-quality/LGPD_CONTROL_MODEL.md;contracts/operations/version-and-rollback-matrix.yaml,BENCHMARK_AND_OPERATIONS_GATES,PASS
SPRINT-006,ISSUE-0477,Story,STORY-0367,TASK-0367,EPIC-059,BC-005,Geoprocessamento,HIGH,PASS,NOT_APPLICABLE,PASS,PASS,PASS,PASS,PASS,PASS,NOT_APPLICABLE,PASS,NOT_APPLICABLE,PASS,PASS,PASS,PASS,contracts/operations/slo-sli-catalog.yaml;docs/05-operations/CAPACITY_AND_SCALING.md;contracts/operations/external-dependency-register.csv;contracts/operations/vendor-exit-matrix.csv;contracts/operations/cost-model.yaml;docs/05-operations/COST_AND_UNIT_ECONOMICS.md;contracts/operations/recovery-objectives.yaml;docs/05-operations/BACKUP_RESTORE.md;docs/05-operations/OBSERVABILITY.md;docs/04-quality/THREAT_MODEL.md;docs/04-quality/SECURITY_PRIVACY_LGPD.md;contracts/privacy/lgpd-control-matrix.csv;docs/04-quality/LGPD_CONTROL_MODEL.md;contracts/operations/version-and-rollback-matrix.yaml,BENCHMARK_AND_OPERATIONS_GATES,PASS
SPRINT-006,ISSUE-0478,Story,STORY-0368,TASK-0368,EPIC-059,BC-005,Geoprocessamento,HIGH,PASS,NOT_APPLICABLE,PASS,PASS,PASS,PASS,PASS,PASS,NOT_APPLICABLE,PASS,PASS,PASS,PASS,PASS,PASS,contracts/operations/slo-sli-catalog.yaml;docs/05-operations/CAPACITY_AND_SCALING.md;contracts/operations/external-dependency-register.csv;contracts/operations/vendor-exit-matrix.csv;contracts/operations/cost-model.yaml;docs/05-operations/COST_AND_UNIT_ECONOMICS.md;contracts/operations/recovery-objectives.yaml;docs/05-operations/BACKUP_RESTORE.md;contracts/operations/version-and-rollback-matrix.yaml;docs/03-engineering/DATABASE_MIGRATIONS.md;docs/05-operations/OBSERVABILITY.md;docs/04-quality/THREAT_MODEL.md;docs/04-quality/SECURITY_PRIVACY_LGPD.md;contracts/privacy/lgpd-control-matrix.csv;docs/04-quality/LGPD_CONTROL_MODEL.md,BENCHMARK_AND_OPERATIONS_GATES,PASS
SPRINT-006,ISSUE-0479,Story,STORY-0369,TASK-0369,EPIC-059,BC-005,Geoprocessamento,HIGH,PASS,NOT_APPLICABLE,PASS,PASS,PASS,PASS,PASS,PASS,NOT_APPLICABLE,PASS,NOT_APPLICABLE,PASS,PASS,PASS,PASS,contracts/operations/slo-sli-catalog.yaml;docs/05-operations/CAPACITY_AND_SCALING.md;contracts/operations/external-dependency-register.csv;contracts/operations/vendor-exit-matrix.csv;contracts/operations/cost-model.yaml;docs/05-operations/COST_AND_UNIT_ECONOMICS.md;contracts/operations/recovery-objectives.yaml;docs/05-operations/BACKUP_RESTORE.md;docs/05-operations/OBSERVABILITY.md;docs/04-quality/THREAT_MODEL.md;docs/04-quality/SECURITY_PRIVACY_LGPD.md;contracts/privacy/lgpd-control-matrix.csv;docs/04-quality/LGPD_CONTROL_MODEL.md;contracts/operations/version-and-rollback-matrix.yaml,BENCHMARK_AND_OPERATIONS_GATES,PASS
SPRINT-006,ISSUE-0480,Story,STORY-0370,TASK-0370,EPIC-059,BC-005,QA,HIGH,PASS,NOT_APPLICABLE,PASS,PASS,PASS,PASS,PASS,PASS,NOT_APPLICABLE,NOT_APPLICABLE,NOT_APPLICABLE,PASS,PASS,PASS,PASS,contracts/operations/slo-sli-catalog.yaml;docs/05-operations/CAPACITY_AND_SCALING.md;contracts/operations/external-dependency-register.csv;contracts/operations/vendor-exit-matrix.csv;contracts/operations/cost-model.yaml;docs/05-operations/COST_AND_UNIT_ECONOMICS.md;docs/05-operations/OBSERVABILITY.md;docs/04-quality/THREAT_MODEL.md;docs/04-quality/SECURITY_PRIVACY_LGPD.md;contracts/privacy/lgpd-control-matrix.csv;docs/04-quality/LGPD_CONTROL_MODEL.md;contracts/operations/version-and-rollback-matrix.yaml,BENCHMARK_AND_OPERATIONS_GATES,PASS
SPRINT-006,ISSUE-0481,Story,STORY-0371,TASK-0371,EPIC-059,BC-005,Reviewer,HIGH,PASS,NOT_APPLICABLE,PASS,PASS,PASS,PASS,PASS,PASS,NOT_APPLICABLE,NOT_APPLICABLE,NOT_APPLICABLE,PASS,PASS,PASS,PASS,contracts/operations/slo-sli-catalog.yaml;docs/05-operations/CAPACITY_AND_SCALING.md;contracts/operations/external-dependency-register.csv;contracts/operations/vendor-exit-matrix.csv;contracts/operations/cost-model.yaml;docs/05-operations/COST_AND_UNIT_ECONOMICS.md;docs/05-operations/OBSERVABILITY.md;docs/04-quality/THREAT_MODEL.md;docs/04-quality/SECURITY_PRIVACY_LGPD.md;contracts/privacy/lgpd-control-matrix.csv;docs/04-quality/LGPD_CONTROL_MODEL.md;contracts/operations/version-and-rollback-matrix.yaml,BENCHMARK_AND_OPERATIONS_GATES,PASS
SPRINT-006,ISSUE-0482,Story,STORY-0372,TASK-0372,EPIC-060,BC-005,Arquiteto,HIGH,PASS,NOT_APPLICABLE,PASS,PASS,PASS,PASS,PASS,PASS,NOT_APPLICABLE,PASS,PASS,PASS,PASS,PASS,PASS,contracts/operations/slo-sli-catalog.yaml;docs/05-operations/CAPACITY_AND_SCALING.md;contracts/operations/external-dependency-register.csv;contracts/operations/vendor-exit-matrix.csv;contracts/operations/cost-model.yaml;docs/05-operations/COST_AND_UNIT_ECONOMICS.md;contracts/operations/recovery-objectives.yaml;docs/05-operations/BACKUP_RESTORE.md;contracts/operations/version-and-rollback-matrix.yaml;docs/03-engineering/DATABASE_MIGRATIONS.md;docs/05-operations/OBSERVABILITY.md;docs/04-quality/THREAT_MODEL.md;docs/04-quality/SECURITY_PRIVACY_LGPD.md;contracts/privacy/lgpd-control-matrix.csv;docs/04-quality/LGPD_CONTROL_MODEL.md,BENCHMARK_AND_OPERATIONS_GATES,PASS
SPRINT-006,ISSUE-0483,Story,STORY-0373,TASK-0373,EPIC-060,BC-005,Geoprocessamento,HIGH,PASS,NOT_APPLICABLE,PASS,PASS,PASS,PASS,PASS,PASS,NOT_APPLICABLE,PASS,NOT_APPLICABLE,PASS,PASS,PASS,PASS,contracts/operations/slo-sli-catalog.yaml;docs/05-operations/CAPACITY_AND_SCALING.md;contracts/operations/external-dependency-register.csv;contracts/operations/vendor-exit-matrix.csv;contracts/operations/cost-model.yaml;docs/05-operations/COST_AND_UNIT_ECONOMICS.md;contracts/operations/recovery-objectives.yaml;docs/05-operations/BACKUP_RESTORE.md;docs/05-operations/OBSERVABILITY.md;docs/04-quality/THREAT_MODEL.md;docs/04-quality/SECURITY_PRIVACY_LGPD.md;contracts/privacy/lgpd-control-matrix.csv;docs/04-quality/LGPD_CONTROL_MODEL.md;contracts/operations/version-and-rollback-matrix.yaml,BENCHMARK_AND_OPERATIONS_GATES,PASS
SPRINT-006,ISSUE-0484,Story,STORY-0374,TASK-0374,EPIC-060,BC-005,Geoprocessamento,HIGH,PASS,NOT_APPLICABLE,PASS,PASS,PASS,PASS,PASS,PASS,NOT_APPLICABLE,PASS,NOT_APPLICABLE,PASS,PASS,PASS,PASS,contracts/operations/slo-sli-catalog.yaml;docs/05-operations/CAPACITY_AND_SCALING.md;contracts/operations/external-dependency-register.csv;contracts/operations/vendor-exit-matrix.csv;contracts/operations/cost-model.yaml;docs/05-operations/COST_AND_UNIT_ECONOMICS.md;contracts/operations/recovery-objectives.yaml;docs/05-operations/BACKUP_RESTORE.md;docs/05-operations/OBSERVABILITY.md;docs/04-quality/THREAT_MODEL.md;docs/04-quality/SECURITY_PRIVACY_LGPD.md;contracts/privacy/lgpd-control-matrix.csv;docs/04-quality/LGPD_CONTROL_MODEL.md;contracts/operations/version-and-rollback-matrix.yaml,BENCHMARK_AND_OPERATIONS_GATES,PASS
SPRINT-006,ISSUE-0485,Story,STORY-0375,TASK-0375,EPIC-060,BC-005,Geoprocessamento,HIGH,PASS,NOT_APPLICABLE,PASS,PASS,PASS,PASS,PASS,PASS,NOT_APPLICABLE,PASS,PASS,PASS,PASS,PASS,PASS,contracts/operations/slo-sli-catalog.yaml;docs/05-operations/CAPACITY_AND_SCALING.md;contracts/operations/external-dependency-register.csv;contracts/operations/vendor-exit-matrix.csv;contracts/operations/cost-model.yaml;docs/05-operations/COST_AND_UNIT_ECONOMICS.md;contracts/operations/recovery-objectives.yaml;docs/05-operations/BACKUP_RESTORE.md;contracts/operations/version-and-rollback-matrix.yaml;docs/03-engineering/DATABASE_MIGRATIONS.md;docs/05-operations/OBSERVABILITY.md;docs/04-quality/THREAT_MODEL.md;docs/04-quality/SECURITY_PRIVACY_LGPD.md;contracts/privacy/lgpd-control-matrix.csv;docs/04-quality/LGPD_CONTROL_MODEL.md,BENCHMARK_AND_OPERATIONS_GATES,PASS
SPRINT-006,ISSUE-0486,Story,STORY-0376,TASK-0376,EPIC-060,BC-005,Geoprocessamento,HIGH,PASS,NOT_APPLICABLE,PASS,PASS,PASS,PASS,PASS,PASS,NOT_APPLICABLE,PASS,NOT_APPLICABLE,PASS,PASS,PASS,PASS,contracts/operations/slo-sli-catalog.yaml;docs/05-operations/CAPACITY_AND_SCALING.md;contracts/operations/external-dependency-register.csv;contracts/operations/vendor-exit-matrix.csv;contracts/operations/cost-model.yaml;docs/05-operations/COST_AND_UNIT_ECONOMICS.md;contracts/operations/recovery-objectives.yaml;docs/05-operations/BACKUP_RESTORE.md;docs/05-operations/OBSERVABILITY.md;docs/04-quality/THREAT_MODEL.md;docs/04-quality/SECURITY_PRIVACY_LGPD.md;contracts/privacy/lgpd-control-matrix.csv;docs/04-quality/LGPD_CONTROL_MODEL.md;contracts/operations/version-and-rollback-matrix.yaml,BENCHMARK_AND_OPERATIONS_GATES,PASS
SPRINT-006,ISSUE-0487,Story,STORY-0377,TASK-0377,EPIC-060,BC-005,QA,HIGH,PASS,NOT_APPLICABLE,PASS,PASS,PASS,PASS,PASS,PASS,NOT_APPLICABLE,PASS,NOT_APPLICABLE,PASS,PASS,PASS,PASS,contracts/operations/slo-sli-catalog.yaml;docs/05-operations/CAPACITY_AND_SCALING.md;contracts/operations/external-dependency-register.csv;contracts/operations/vendor-exit-matrix.csv;contracts/operations/cost-model.yaml;docs/05-operations/COST_AND_UNIT_ECONOMICS.md;contracts/operations/recovery-objectives.yaml;docs/05-operations/BACKUP_RESTORE.md;docs/05-operations/OBSERVABILITY.md;docs/04-quality/THREAT_MODEL.md;docs/04-quality/SECURITY_PRIVACY_LGPD.md;contracts/privacy/lgpd-control-matrix.csv;docs/04-quality/LGPD_CONTROL_MODEL.md;contracts/operations/version-and-rollback-matrix.yaml,BENCHMARK_AND_OPERATIONS_GATES,PASS
SPRINT-006,ISSUE-0488,Story,STORY-0378,TASK-0378,EPIC-060,BC-005,Reviewer,HIGH,PASS,NOT_APPLICABLE,PASS,PASS,PASS,PASS,PASS,PASS,NOT_APPLICABLE,PASS,NOT_APPLICABLE,PASS,PASS,PASS,PASS,contracts/operations/slo-sli-catalog.yaml;docs/05-operations/CAPACITY_AND_SCALING.md;contracts/operations/external-dependency-register.csv;contracts/operations/vendor-exit-matrix.csv;contracts/operations/cost-model.yaml;docs/05-operations/COST_AND_UNIT_ECONOMICS.md;contracts/operations/recovery-objectives.yaml;docs/05-operations/BACKUP_RESTORE.md;docs/05-operations/OBSERVABILITY.md;docs/04-quality/THREAT_MODEL.md;docs/04-quality/SECURITY_PRIVACY_LGPD.md;contracts/privacy/lgpd-control-matrix.csv;docs/04-quality/LGPD_CONTROL_MODEL.md;contracts/operations/version-and-rollback-matrix.yaml,BENCHMARK_AND_OPERATIONS_GATES,PASS
SPRINT-006,ISSUE-0501,Story,STORY-0391,TASK-0391,EPIC-063,BC-011,Arquiteto,HIGH,PASS,NOT_APPLICABLE,PASS,PASS,PASS,PASS,NOT_APPLICABLE,PASS,NOT_APPLICABLE,PASS,PASS,PASS,PASS,PASS,PASS,contracts/operations/slo-sli-catalog.yaml;docs/05-operations/CAPACITY_AND_SCALING.md;contracts/operations/external-dependency-register.csv;contracts/operations/vendor-exit-matrix.csv;contracts/operations/cost-model.yaml;docs/05-operations/COST_AND_UNIT_ECONOMICS.md;contracts/operations/recovery-objectives.yaml;docs/05-operations/BACKUP_RESTORE.md;contracts/operations/version-and-rollback-matrix.yaml;docs/03-engineering/DATABASE_MIGRATIONS.md;docs/05-operations/OBSERVABILITY.md;docs/04-quality/THREAT_MODEL.md;docs/04-quality/SECURITY_PRIVACY_LGPD.md;contracts/privacy/lgpd-control-matrix.csv;docs/04-quality/LGPD_CONTROL_MODEL.md,BENCHMARK_AND_OPERATIONS_GATES,PASS
SPRINT-006,ISSUE-0502,Story,STORY-0392,TASK-0392,EPIC-063,BC-011,Geoprocessamento,HIGH,PASS,NOT_APPLICABLE,PASS,PASS,PASS,PASS,PASS,PASS,NOT_APPLICABLE,PASS,NOT_APPLICABLE,PASS,PASS,NOT_APPLICABLE,PASS,contracts/operations/slo-sli-catalog.yaml;docs/05-operations/CAPACITY_AND_SCALING.md;contracts/operations/external-dependency-register.csv;contracts/operations/vendor-exit-matrix.csv;contracts/operations/cost-model.yaml;docs/05-operations/COST_AND_UNIT_ECONOMICS.md;contracts/operations/recovery-objectives.yaml;docs/05-operations/BACKUP_RESTORE.md;docs/05-operations/OBSERVABILITY.md;docs/04-quality/THREAT_MODEL.md;docs/04-quality/SECURITY_PRIVACY_LGPD.md;contracts/operations/version-and-rollback-matrix.yaml,BENCHMARK_AND_OPERATIONS_GATES,PASS
SPRINT-006,ISSUE-0503,Story,STORY-0393,TASK-0393,EPIC-063,BC-011,Geoprocessamento,HIGH,PASS,NOT_APPLICABLE,PASS,PASS,PASS,PASS,PASS,PASS,NOT_APPLICABLE,PASS,NOT_APPLICABLE,PASS,PASS,NOT_APPLICABLE,PASS,contracts/operations/slo-sli-catalog.yaml;docs/05-operations/CAPACITY_AND_SCALING.md;contracts/operations/external-dependency-register.csv;contracts/operations/vendor-exit-matrix.csv;contracts/operations/cost-model.yaml;docs/05-operations/COST_AND_UNIT_ECONOMICS.md;contracts/operations/recovery-objectives.yaml;docs/05-operations/BACKUP_RESTORE.md;docs/05-operations/OBSERVABILITY.md;docs/04-quality/THREAT_MODEL.md;docs/04-quality/SECURITY_PRIVACY_LGPD.md;contracts/operations/version-and-rollback-matrix.yaml,BENCHMARK_AND_OPERATIONS_GATES,PASS
SPRINT-006,ISSUE-0504,Story,STORY-0394,TASK-0394,EPIC-063,BC-011,Geoprocessamento,HIGH,PASS,NOT_APPLICABLE,PASS,PASS,PASS,PASS,PASS,PASS,NOT_APPLICABLE,PASS,PASS,PASS,PASS,NOT_APPLICABLE,PASS,contracts/operations/slo-sli-catalog.yaml;docs/05-operations/CAPACITY_AND_SCALING.md;contracts/operations/external-dependency-register.csv;contracts/operations/vendor-exit-matrix.csv;contracts/operations/cost-model.yaml;docs/05-operations/COST_AND_UNIT_ECONOMICS.md;contracts/operations/recovery-objectives.yaml;docs/05-operations/BACKUP_RESTORE.md;contracts/operations/version-and-rollback-matrix.yaml;docs/03-engineering/DATABASE_MIGRATIONS.md;docs/05-operations/OBSERVABILITY.md;docs/04-quality/THREAT_MODEL.md;docs/04-quality/SECURITY_PRIVACY_LGPD.md,BENCHMARK_AND_OPERATIONS_GATES,PASS
SPRINT-006,ISSUE-0505,Story,STORY-0395,TASK-0395,EPIC-063,BC-011,Geoprocessamento,HIGH,PASS,NOT_APPLICABLE,PASS,PASS,PASS,PASS,PASS,PASS,NOT_APPLICABLE,PASS,NOT_APPLICABLE,PASS,PASS,NOT_APPLICABLE,PASS,contracts/operations/slo-sli-catalog.yaml;docs/05-operations/CAPACITY_AND_SCALING.md;contracts/operations/external-dependency-register.csv;contracts/operations/vendor-exit-matrix.csv;contracts/operations/cost-model.yaml;docs/05-operations/COST_AND_UNIT_ECONOMICS.md;contracts/operations/recovery-objectives.yaml;docs/05-operations/BACKUP_RESTORE.md;docs/05-operations/OBSERVABILITY.md;docs/04-quality/THREAT_MODEL.md;docs/04-quality/SECURITY_PRIVACY_LGPD.md;contracts/operations/version-and-rollback-matrix.yaml,BENCHMARK_AND_OPERATIONS_GATES,PASS
SPRINT-006,ISSUE-0506,Story,STORY-0396,TASK-0396,EPIC-063,BC-011,QA,HIGH,PASS,NOT_APPLICABLE,PASS,PASS,PASS,PASS,PASS,PASS,NOT_APPLICABLE,PASS,NOT_APPLICABLE,PASS,PASS,NOT_APPLICABLE,PASS,contracts/operations/slo-sli-catalog.yaml;docs/05-operations/CAPACITY_AND_SCALING.md;contracts/operations/external-dependency-register.csv;contracts/operations/vendor-exit-matrix.csv;contracts/operations/cost-model.yaml;docs/05-operations/COST_AND_UNIT_ECONOMICS.md;contracts/operations/recovery-objectives.yaml;docs/05-operations/BACKUP_RESTORE.md;docs/05-operations/OBSERVABILITY.md;docs/04-quality/THREAT_MODEL.md;docs/04-quality/SECURITY_PRIVACY_LGPD.md;contracts/operations/version-and-rollback-matrix.yaml,BENCHMARK_AND_OPERATIONS_GATES,PASS
SPRINT-006,ISSUE-0507,Story,STORY-0397,TASK-0397,EPIC-063,BC-011,Reviewer,HIGH,NOT_APPLICABLE,NOT_APPLICABLE,PASS,PASS,NOT_APPLICABLE,PASS,NOT_APPLICABLE,NOT_APPLICABLE,NOT_APPLICABLE,PASS,NOT_APPLICABLE,PASS,PASS,NOT_APPLICABLE,PASS,contracts/operations/external-dependency-register.csv;contracts/operations/vendor-exit-matrix.csv;contracts/operations/cost-model.yaml;docs/05-operations/COST_AND_UNIT_ECONOMICS.md;contracts/operations/recovery-objectives.yaml;docs/05-operations/BACKUP_RESTORE.md;contracts/operations/slo-sli-catalog.yaml;docs/05-operations/OBSERVABILITY.md;docs/04-quality/THREAT_MODEL.md;docs/04-quality/SECURITY_PRIVACY_LGPD.md;contracts/operations/version-and-rollback-matrix.yaml,BENCHMARK_AND_OPERATIONS_GATES,PASS
SPRINT-006,ISSUE-0860,Story,STORY-0750,TASK-0750,EPIC-050,BC-009,Geoprocessamento,CRITICAL,PASS,NOT_APPLICABLE,PASS,PASS,PASS,PASS,PASS,PASS,PASS,PASS,NOT_APPLICABLE,PASS,PASS,PASS,PASS,contracts/operations/slo-sli-catalog.yaml;docs/05-operations/CAPACITY_AND_SCALING.md;contracts/operations/external-dependency-register.csv;contracts/operations/vendor-exit-matrix.csv;contracts/operations/cost-model.yaml;docs/05-operations/COST_AND_UNIT_ECONOMICS.md;contracts/operations/lock-and-queue-policy.yaml;contracts/operations/recovery-objectives.yaml;docs/05-operations/BACKUP_RESTORE.md;docs/05-operations/OBSERVABILITY.md;docs/04-quality/THREAT_MODEL.md;docs/04-quality/SECURITY_PRIVACY_LGPD.md;contracts/privacy/lgpd-control-matrix.csv;docs/04-quality/LGPD_CONTROL_MODEL.md;contracts/operations/version-and-rollback-matrix.yaml,SECURITY_AND_PRIVACY_GATES,PASS
SPRINT-006,ISSUE-0861,Story,STORY-0751,TASK-0751,EPIC-050,BC-009,Geoprocessamento,CRITICAL,PASS,NOT_APPLICABLE,PASS,PASS,PASS,PASS,PASS,PASS,PASS,PASS,NOT_APPLICABLE,PASS,PASS,PASS,PASS,contracts/operations/slo-sli-catalog.yaml;docs/05-operations/CAPACITY_AND_SCALING.md;contracts/operations/external-dependency-register.csv;contracts/operations/vendor-exit-matrix.csv;contracts/operations/cost-model.yaml;docs/05-operations/COST_AND_UNIT_ECONOMICS.md;contracts/operations/lock-and-queue-policy.yaml;contracts/operations/recovery-objectives.yaml;docs/05-operations/BACKUP_RESTORE.md;docs/05-operations/OBSERVABILITY.md;docs/04-quality/THREAT_MODEL.md;docs/04-quality/SECURITY_PRIVACY_LGPD.md;contracts/privacy/lgpd-control-matrix.csv;docs/04-quality/LGPD_CONTROL_MODEL.md;contracts/operations/version-and-rollback-matrix.yaml,SECURITY_AND_PRIVACY_GATES,PASS
SPRINT-007,ISSUE-0093,Epic delivery envelope,,,EPIC-093,BC-006,Geoprocessamento,HIGH,PASS,NOT_APPLICABLE,PASS,PASS,PASS,PASS,PASS,PASS,NOT_APPLICABLE,PASS,PASS,PASS,PASS,PASS,PASS,contracts/operations/slo-sli-catalog.yaml;docs/05-operations/CAPACITY_AND_SCALING.md;contracts/operations/external-dependency-register.csv;contracts/operations/vendor-exit-matrix.csv;contracts/operations/cost-model.yaml;docs/05-operations/COST_AND_UNIT_ECONOMICS.md;contracts/operations/version-and-rollback-matrix.yaml;docs/03-engineering/DATABASE_MIGRATIONS.md;docs/05-operations/OBSERVABILITY.md;docs/04-quality/THREAT_MODEL.md;docs/04-quality/SECURITY_PRIVACY_LGPD.md;contracts/privacy/lgpd-control-matrix.csv;docs/04-quality/LGPD_CONTROL_MODEL.md;contracts/operations/recovery-objectives.yaml;docs/05-operations/BACKUP_RESTORE.md,BENCHMARK_AND_OPERATIONS_GATES,PASS
SPRINT-007,ISSUE-0094,Epic delivery envelope,,,EPIC-094,BC-006,Geoprocessamento,HIGH,PASS,NOT_APPLICABLE,PASS,PASS,PASS,PASS,PASS,PASS,NOT_APPLICABLE,PASS,PASS,PASS,PASS,PASS,PASS,contracts/operations/slo-sli-catalog.yaml;docs/05-operations/CAPACITY_AND_SCALING.md;contracts/operations/external-dependency-register.csv;contracts/operations/vendor-exit-matrix.csv;contracts/operations/cost-model.yaml;docs/05-operations/COST_AND_UNIT_ECONOMICS.md;contracts/operations/version-and-rollback-matrix.yaml;docs/03-engineering/DATABASE_MIGRATIONS.md;docs/05-operations/OBSERVABILITY.md;docs/04-quality/THREAT_MODEL.md;docs/04-quality/SECURITY_PRIVACY_LGPD.md;contracts/privacy/lgpd-control-matrix.csv;docs/04-quality/LGPD_CONTROL_MODEL.md;contracts/operations/recovery-objectives.yaml;docs/05-operations/BACKUP_RESTORE.md,BENCHMARK_AND_OPERATIONS_GATES,PASS
SPRINT-007,ISSUE-0095,Epic delivery envelope,,,EPIC-095,BC-006,Geoprocessamento,HIGH,PASS,NOT_APPLICABLE,PASS,PASS,PASS,PASS,PASS,PASS,NOT_APPLICABLE,PASS,PASS,PASS,PASS,PASS,PASS,contracts/operations/slo-sli-catalog.yaml;docs/05-operations/CAPACITY_AND_SCALING.md;contracts/operations/external-dependency-register.csv;contracts/operations/vendor-exit-matrix.csv;contracts/operations/cost-model.yaml;docs/05-operations/COST_AND_UNIT_ECONOMICS.md;contracts/operations/version-and-rollback-matrix.yaml;docs/03-engineering/DATABASE_MIGRATIONS.md;docs/05-operations/OBSERVABILITY.md;docs/04-quality/THREAT_MODEL.md;docs/04-quality/SECURITY_PRIVACY_LGPD.md;contracts/privacy/lgpd-control-matrix.csv;docs/04-quality/LGPD_CONTROL_MODEL.md;contracts/operations/recovery-objectives.yaml;docs/05-operations/BACKUP_RESTORE.md,BENCHMARK_AND_OPERATIONS_GATES,PASS
SPRINT-007,ISSUE-0096,Epic delivery envelope,,,EPIC-096,BC-006,Geoprocessamento,HIGH,PASS,NOT_APPLICABLE,PASS,PASS,PASS,PASS,PASS,PASS,NOT_APPLICABLE,PASS,PASS,PASS,PASS,PASS,PASS,contracts/operations/slo-sli-catalog.yaml;docs/05-operations/CAPACITY_AND_SCALING.md;contracts/operations/external-dependency-register.csv;contracts/operations/vendor-exit-matrix.csv;contracts/operations/cost-model.yaml;docs/05-operations/COST_AND_UNIT_ECONOMICS.md;contracts/operations/recovery-objectives.yaml;docs/05-operations/BACKUP_RESTORE.md;contracts/operations/version-and-rollback-matrix.yaml;docs/03-engineering/DATABASE_MIGRATIONS.md;docs/05-operations/OBSERVABILITY.md;docs/04-quality/THREAT_MODEL.md;docs/04-quality/SECURITY_PRIVACY_LGPD.md;contracts/privacy/lgpd-control-matrix.csv;docs/04-quality/LGPD_CONTROL_MODEL.md,BENCHMARK_AND_OPERATIONS_GATES,PASS
SPRINT-007,ISSUE-0097,Epic delivery envelope,,,EPIC-097,BC-006,Geoprocessamento,HIGH,PASS,NOT_APPLICABLE,PASS,PASS,PASS,PASS,PASS,PASS,PASS,PASS,PASS,PASS,PASS,PASS,PASS,contracts/operations/slo-sli-catalog.yaml;docs/05-operations/CAPACITY_AND_SCALING.md;contracts/operations/external-dependency-register.csv;contracts/operations/vendor-exit-matrix.csv;contracts/operations/cost-model.yaml;docs/05-operations/COST_AND_UNIT_ECONOMICS.md;contracts/operations/version-and-rollback-matrix.yaml;docs/03-engineering/DATABASE_MIGRATIONS.md;docs/05-operations/OBSERVABILITY.md;docs/04-quality/THREAT_MODEL.md;docs/04-quality/SECURITY_PRIVACY_LGPD.md;contracts/privacy/lgpd-control-matrix.csv;docs/04-quality/LGPD_CONTROL_MODEL.md;contracts/operations/lock-and-queue-policy.yaml;contracts/operations/recovery-objectives.yaml;docs/05-operations/BACKUP_RESTORE.md,BENCHMARK_AND_OPERATIONS_GATES,PASS
SPRINT-007,ISSUE-0098,Epic delivery envelope,,,EPIC-098,BC-008,Geoprocessamento,HIGH,PASS,NOT_APPLICABLE,PASS,PASS,PASS,PASS,PASS,PASS,PASS,PASS,PASS,PASS,PASS,PASS,PASS,contracts/operations/slo-sli-catalog.yaml;docs/05-operations/CAPACITY_AND_SCALING.md;contracts/operations/external-dependency-register.csv;contracts/operations/vendor-exit-matrix.csv;contracts/operations/cost-model.yaml;docs/05-operations/COST_AND_UNIT_ECONOMICS.md;contracts/operations/version-and-rollback-matrix.yaml;docs/03-engineering/DATABASE_MIGRATIONS.md;docs/05-operations/OBSERVABILITY.md;docs/04-quality/THREAT_MODEL.md;docs/04-quality/SECURITY_PRIVACY_LGPD.md;contracts/privacy/lgpd-control-matrix.csv;docs/04-quality/LGPD_CONTROL_MODEL.md;contracts/operations/lock-and-queue-policy.yaml;contracts/operations/recovery-objectives.yaml;docs/05-operations/BACKUP_RESTORE.md,BENCHMARK_AND_OPERATIONS_GATES,PASS
SPRINT-007,ISSUE-0680,Story,STORY-0570,TASK-0570,EPIC-093,BC-006,Arquiteto,HIGH,PASS,NOT_APPLICABLE,PASS,PASS,PASS,PASS,PASS,PASS,NOT_APPLICABLE,NOT_APPLICABLE,PASS,PASS,PASS,PASS,PASS,contracts/operations/slo-sli-catalog.yaml;docs/05-operations/CAPACITY_AND_SCALING.md;contracts/operations/external-dependency-register.csv;contracts/operations/vendor-exit-matrix.csv;contracts/operations/cost-model.yaml;docs/05-operations/COST_AND_UNIT_ECONOMICS.md;contracts/operations/version-and-rollback-matrix.yaml;docs/03-engineering/DATABASE_MIGRATIONS.md;docs/05-operations/OBSERVABILITY.md;docs/04-quality/THREAT_MODEL.md;docs/04-quality/SECURITY_PRIVACY_LGPD.md;contracts/privacy/lgpd-control-matrix.csv;docs/04-quality/LGPD_CONTROL_MODEL.md,BENCHMARK_AND_OPERATIONS_GATES,PASS
SPRINT-007,ISSUE-0681,Story,STORY-0571,TASK-0571,EPIC-093,BC-006,Geoprocessamento,HIGH,PASS,NOT_APPLICABLE,PASS,PASS,PASS,PASS,PASS,PASS,NOT_APPLICABLE,PASS,PASS,PASS,PASS,PASS,PASS,contracts/operations/slo-sli-catalog.yaml;docs/05-operations/CAPACITY_AND_SCALING.md;contracts/operations/external-dependency-register.csv;contracts/operations/vendor-exit-matrix.csv;contracts/operations/cost-model.yaml;docs/05-operations/COST_AND_UNIT_ECONOMICS.md;contracts/operations/recovery-objectives.yaml;docs/05-operations/BACKUP_RESTORE.md;contracts/operations/version-and-rollback-matrix.yaml;docs/03-engineering/DATABASE_MIGRATIONS.md;docs/05-operations/OBSERVABILITY.md;docs/04-quality/THREAT_MODEL.md;docs/04-quality/SECURITY_PRIVACY_LGPD.md;contracts/privacy/lgpd-control-matrix.csv;docs/04-quality/LGPD_CONTROL_MODEL.md,BENCHMARK_AND_OPERATIONS_GATES,PASS
SPRINT-007,ISSUE-0682,Story,STORY-0572,TASK-0572,EPIC-093,BC-006,Geoprocessamento,HIGH,PASS,NOT_APPLICABLE,PASS,PASS,PASS,PASS,PASS,PASS,NOT_APPLICABLE,PASS,PASS,PASS,PASS,PASS,PASS,contracts/operations/slo-sli-catalog.yaml;docs/05-operations/CAPACITY_AND_SCALING.md;contracts/operations/external-dependency-register.csv;contracts/operations/vendor-exit-matrix.csv;contracts/operations/cost-model.yaml;docs/05-operations/COST_AND_UNIT_ECONOMICS.md;contracts/operations/recovery-objectives.yaml;docs/05-operations/BACKUP_RESTORE.md;contracts/operations/version-and-rollback-matrix.yaml;docs/03-engineering/DATABASE_MIGRATIONS.md;docs/05-operations/OBSERVABILITY.md;docs/04-quality/THREAT_MODEL.md;docs/04-quality/SECURITY_PRIVACY_LGPD.md;contracts/privacy/lgpd-control-matrix.csv;docs/04-quality/LGPD_CONTROL_MODEL.md,BENCHMARK_AND_OPERATIONS_GATES,PASS
SPRINT-007,ISSUE-0683,Story,STORY-0573,TASK-0573,EPIC-093,BC-006,Geoprocessamento,HIGH,PASS,NOT_APPLICABLE,PASS,PASS,PASS,PASS,PASS,PASS,NOT_APPLICABLE,PASS,PASS,PASS,PASS,PASS,PASS,contracts/operations/slo-sli-catalog.yaml;docs/05-operations/CAPACITY_AND_SCALING.md;contracts/operations/external-dependency-register.csv;contracts/operations/vendor-exit-matrix.csv;contracts/operations/cost-model.yaml;docs/05-operations/COST_AND_UNIT_ECONOMICS.md;contracts/operations/recovery-objectives.yaml;docs/05-operations/BACKUP_RESTORE.md;contracts/operations/version-and-rollback-matrix.yaml;docs/03-engineering/DATABASE_MIGRATIONS.md;docs/05-operations/OBSERVABILITY.md;docs/04-quality/THREAT_MODEL.md;docs/04-quality/SECURITY_PRIVACY_LGPD.md;contracts/privacy/lgpd-control-matrix.csv;docs/04-quality/LGPD_CONTROL_MODEL.md,BENCHMARK_AND_OPERATIONS_GATES,PASS
SPRINT-007,ISSUE-0684,Story,STORY-0574,TASK-0574,EPIC-093,BC-006,Geoprocessamento,HIGH,PASS,NOT_APPLICABLE,PASS,PASS,PASS,PASS,PASS,PASS,NOT_APPLICABLE,PASS,PASS,PASS,PASS,PASS,PASS,contracts/operations/slo-sli-catalog.yaml;docs/05-operations/CAPACITY_AND_SCALING.md;contracts/operations/external-dependency-register.csv;contracts/operations/vendor-exit-matrix.csv;contracts/operations/cost-model.yaml;docs/05-operations/COST_AND_UNIT_ECONOMICS.md;contracts/operations/recovery-objectives.yaml;docs/05-operations/BACKUP_RESTORE.md;contracts/operations/version-and-rollback-matrix.yaml;docs/03-engineering/DATABASE_MIGRATIONS.md;docs/05-operations/OBSERVABILITY.md;docs/04-quality/THREAT_MODEL.md;docs/04-quality/SECURITY_PRIVACY_LGPD.md;contracts/privacy/lgpd-control-matrix.csv;docs/04-quality/LGPD_CONTROL_MODEL.md,BENCHMARK_AND_OPERATIONS_GATES,PASS
SPRINT-007,ISSUE-0685,Story,STORY-0575,TASK-0575,EPIC-093,BC-006,QA,HIGH,PASS,NOT_APPLICABLE,PASS,PASS,PASS,PASS,PASS,PASS,NOT_APPLICABLE,NOT_APPLICABLE,PASS,PASS,PASS,PASS,PASS,contracts/operations/slo-sli-catalog.yaml;docs/05-operations/CAPACITY_AND_SCALING.md;contracts/operations/external-dependency-register.csv;contracts/operations/vendor-exit-matrix.csv;contracts/operations/cost-model.yaml;docs/05-operations/COST_AND_UNIT_ECONOMICS.md;contracts/operations/version-and-rollback-matrix.yaml;docs/03-engineering/DATABASE_MIGRATIONS.md;docs/05-operations/OBSERVABILITY.md;docs/04-quality/THREAT_MODEL.md;docs/04-quality/SECURITY_PRIVACY_LGPD.md;contracts/privacy/lgpd-control-matrix.csv;docs/04-quality/LGPD_CONTROL_MODEL.md,BENCHMARK_AND_OPERATIONS_GATES,PASS
SPRINT-007,ISSUE-0686,Story,STORY-0576,TASK-0576,EPIC-093,BC-006,Reviewer,HIGH,PASS,NOT_APPLICABLE,PASS,PASS,PASS,PASS,PASS,PASS,NOT_APPLICABLE,NOT_APPLICABLE,PASS,PASS,PASS,PASS,PASS,contracts/operations/slo-sli-catalog.yaml;docs/05-operations/CAPACITY_AND_SCALING.md;contracts/operations/external-dependency-register.csv;contracts/operations/vendor-exit-matrix.csv;contracts/operations/cost-model.yaml;docs/05-operations/COST_AND_UNIT_ECONOMICS.md;contracts/operations/version-and-rollback-matrix.yaml;docs/03-engineering/DATABASE_MIGRATIONS.md;docs/05-operations/OBSERVABILITY.md;docs/04-quality/THREAT_MODEL.md;docs/04-quality/SECURITY_PRIVACY_LGPD.md;contracts/privacy/lgpd-control-matrix.csv;docs/04-quality/LGPD_CONTROL_MODEL.md,BENCHMARK_AND_OPERATIONS_GATES,PASS
SPRINT-007,ISSUE-0687,Story,STORY-0577,TASK-0577,EPIC-094,BC-006,Arquiteto,HIGH,PASS,NOT_APPLICABLE,PASS,PASS,PASS,PASS,PASS,PASS,NOT_APPLICABLE,NOT_APPLICABLE,PASS,PASS,PASS,PASS,PASS,contracts/operations/slo-sli-catalog.yaml;docs/05-operations/CAPACITY_AND_SCALING.md;contracts/operations/external-dependency-register.csv;contracts/operations/vendor-exit-matrix.csv;contracts/operations/cost-model.yaml;docs/05-operations/COST_AND_UNIT_ECONOMICS.md;contracts/operations/version-and-rollback-matrix.yaml;docs/03-engineering/DATABASE_MIGRATIONS.md;docs/05-operations/OBSERVABILITY.md;docs/04-quality/THREAT_MODEL.md;docs/04-quality/SECURITY_PRIVACY_LGPD.md;contracts/privacy/lgpd-control-matrix.csv;docs/04-quality/LGPD_CONTROL_MODEL.md,BENCHMARK_AND_OPERATIONS_GATES,PASS
SPRINT-007,ISSUE-0688,Story,STORY-0578,TASK-0578,EPIC-094,BC-006,Geoprocessamento,HIGH,PASS,NOT_APPLICABLE,PASS,PASS,PASS,PASS,PASS,PASS,NOT_APPLICABLE,PASS,NOT_APPLICABLE,PASS,PASS,PASS,PASS,contracts/operations/slo-sli-catalog.yaml;docs/05-operations/CAPACITY_AND_SCALING.md;contracts/operations/external-dependency-register.csv;contracts/operations/vendor-exit-matrix.csv;contracts/operations/cost-model.yaml;docs/05-operations/COST_AND_UNIT_ECONOMICS.md;contracts/operations/recovery-objectives.yaml;docs/05-operations/BACKUP_RESTORE.md;docs/05-operations/OBSERVABILITY.md;docs/04-quality/THREAT_MODEL.md;docs/04-quality/SECURITY_PRIVACY_LGPD.md;contracts/privacy/lgpd-control-matrix.csv;docs/04-quality/LGPD_CONTROL_MODEL.md;contracts/operations/version-and-rollback-matrix.yaml,BENCHMARK_AND_OPERATIONS_GATES,PASS
SPRINT-007,ISSUE-0689,Story,STORY-0579,TASK-0579,EPIC-094,BC-006,Geoprocessamento,HIGH,PASS,NOT_APPLICABLE,PASS,PASS,PASS,PASS,PASS,PASS,NOT_APPLICABLE,PASS,NOT_APPLICABLE,PASS,PASS,PASS,PASS,contracts/operations/slo-sli-catalog.yaml;docs/05-operations/CAPACITY_AND_SCALING.md;contracts/operations/external-dependency-register.csv;contracts/operations/vendor-exit-matrix.csv;contracts/operations/cost-model.yaml;docs/05-operations/COST_AND_UNIT_ECONOMICS.md;contracts/operations/recovery-objectives.yaml;docs/05-operations/BACKUP_RESTORE.md;docs/05-operations/OBSERVABILITY.md;docs/04-quality/THREAT_MODEL.md;docs/04-quality/SECURITY_PRIVACY_LGPD.md;contracts/privacy/lgpd-control-matrix.csv;docs/04-quality/LGPD_CONTROL_MODEL.md;contracts/operations/version-and-rollback-matrix.yaml,BENCHMARK_AND_OPERATIONS_GATES,PASS
SPRINT-007,ISSUE-0690,Story,STORY-0580,TASK-0580,EPIC-094,BC-006,Geoprocessamento,HIGH,PASS,NOT_APPLICABLE,PASS,PASS,PASS,PASS,PASS,PASS,NOT_APPLICABLE,PASS,PASS,PASS,PASS,PASS,PASS,contracts/operations/slo-sli-catalog.yaml;docs/05-operations/CAPACITY_AND_SCALING.md;contracts/operations/external-dependency-register.csv;contracts/operations/vendor-exit-matrix.csv;contracts/operations/cost-model.yaml;docs/05-operations/COST_AND_UNIT_ECONOMICS.md;contracts/operations/recovery-objectives.yaml;docs/05-operations/BACKUP_RESTORE.md;contracts/operations/version-and-rollback-matrix.yaml;docs/03-engineering/DATABASE_MIGRATIONS.md;docs/05-operations/OBSERVABILITY.md;docs/04-quality/THREAT_MODEL.md;docs/04-quality/SECURITY_PRIVACY_LGPD.md;contracts/privacy/lgpd-control-matrix.csv;docs/04-quality/LGPD_CONTROL_MODEL.md,BENCHMARK_AND_OPERATIONS_GATES,PASS
SPRINT-007,ISSUE-0691,Story,STORY-0581,TASK-0581,EPIC-094,BC-006,Geoprocessamento,HIGH,PASS,NOT_APPLICABLE,PASS,PASS,PASS,PASS,PASS,PASS,NOT_APPLICABLE,PASS,NOT_APPLICABLE,PASS,PASS,PASS,PASS,contracts/operations/slo-sli-catalog.yaml;docs/05-operations/CAPACITY_AND_SCALING.md;contracts/operations/external-dependency-register.csv;contracts/operations/vendor-exit-matrix.csv;contracts/operations/cost-model.yaml;docs/05-operations/COST_AND_UNIT_ECONOMICS.md;contracts/operations/recovery-objectives.yaml;docs/05-operations/BACKUP_RESTORE.md;docs/05-operations/OBSERVABILITY.md;docs/04-quality/THREAT_MODEL.md;docs/04-quality/SECURITY_PRIVACY_LGPD.md;contracts/privacy/lgpd-control-matrix.csv;docs/04-quality/LGPD_CONTROL_MODEL.md;contracts/operations/version-and-rollback-matrix.yaml,BENCHMARK_AND_OPERATIONS_GATES,PASS
SPRINT-007,ISSUE-0692,Story,STORY-0582,TASK-0582,EPIC-094,BC-006,QA,HIGH,PASS,NOT_APPLICABLE,PASS,PASS,PASS,PASS,PASS,PASS,NOT_APPLICABLE,NOT_APPLICABLE,NOT_APPLICABLE,PASS,PASS,PASS,PASS,contracts/operations/slo-sli-catalog.yaml;docs/05-operations/CAPACITY_AND_SCALING.md;contracts/operations/external-dependency-register.csv;contracts/operations/vendor-exit-matrix.csv;contracts/operations/cost-model.yaml;docs/05-operations/COST_AND_UNIT_ECONOMICS.md;docs/05-operations/OBSERVABILITY.md;docs/04-quality/THREAT_MODEL.md;docs/04-quality/SECURITY_PRIVACY_LGPD.md;contracts/privacy/lgpd-control-matrix.csv;docs/04-quality/LGPD_CONTROL_MODEL.md;contracts/operations/version-and-rollback-matrix.yaml,BENCHMARK_AND_OPERATIONS_GATES,PASS
SPRINT-007,ISSUE-0693,Story,STORY-0583,TASK-0583,EPIC-094,BC-006,Reviewer,HIGH,PASS,NOT_APPLICABLE,PASS,PASS,PASS,PASS,PASS,PASS,NOT_APPLICABLE,NOT_APPLICABLE,NOT_APPLICABLE,PASS,PASS,PASS,PASS,contracts/operations/slo-sli-catalog.yaml;docs/05-operations/CAPACITY_AND_SCALING.md;contracts/operations/external-dependency-register.csv;contracts/operations/vendor-exit-matrix.csv;contracts/operations/cost-model.yaml;docs/05-operations/COST_AND_UNIT_ECONOMICS.md;docs/05-operations/OBSERVABILITY.md;docs/04-quality/THREAT_MODEL.md;docs/04-quality/SECURITY_PRIVACY_LGPD.md;contracts/privacy/lgpd-control-matrix.csv;docs/04-quality/LGPD_CONTROL_MODEL.md;contracts/operations/version-and-rollback-matrix.yaml,BENCHMARK_AND_OPERATIONS_GATES,PASS
SPRINT-007,ISSUE-0694,Story,STORY-0584,TASK-0584,EPIC-095,BC-006,Arquiteto,HIGH,PASS,NOT_APPLICABLE,PASS,PASS,PASS,PASS,PASS,PASS,NOT_APPLICABLE,NOT_APPLICABLE,PASS,PASS,PASS,PASS,PASS,contracts/operations/slo-sli-catalog.yaml;docs/05-operations/CAPACITY_AND_SCALING.md;contracts/operations/external-dependency-register.csv;contracts/operations/vendor-exit-matrix.csv;contracts/operations/cost-model.yaml;docs/05-operations/COST_AND_UNIT_ECONOMICS.md;contracts/operations/version-and-rollback-matrix.yaml;docs/03-engineering/DATABASE_MIGRATIONS.md;docs/05-operations/OBSERVABILITY.md;docs/04-quality/THREAT_MODEL.md;docs/04-quality/SECURITY_PRIVACY_LGPD.md;contracts/privacy/lgpd-control-matrix.csv;docs/04-quality/LGPD_CONTROL_MODEL.md,BENCHMARK_AND_OPERATIONS_GATES,PASS
SPRINT-007,ISSUE-0695,Story,STORY-0585,TASK-0585,EPIC-095,BC-006,Geoprocessamento,HIGH,PASS,NOT_APPLICABLE,PASS,PASS,PASS,PASS,PASS,PASS,NOT_APPLICABLE,PASS,NOT_APPLICABLE,PASS,PASS,PASS,PASS,contracts/operations/slo-sli-catalog.yaml;docs/05-operations/CAPACITY_AND_SCALING.md;contracts/operations/external-dependency-register.csv;contracts/operations/vendor-exit-matrix.csv;contracts/operations/cost-model.yaml;docs/05-operations/COST_AND_UNIT_ECONOMICS.md;contracts/operations/recovery-objectives.yaml;docs/05-operations/BACKUP_RESTORE.md;docs/05-operations/OBSERVABILITY.md;docs/04-quality/THREAT_MODEL.md;docs/04-quality/SECURITY_PRIVACY_LGPD.md;contracts/privacy/lgpd-control-matrix.csv;docs/04-quality/LGPD_CONTROL_MODEL.md;contracts/operations/version-and-rollback-matrix.yaml,BENCHMARK_AND_OPERATIONS_GATES,PASS
SPRINT-007,ISSUE-0696,Story,STORY-0586,TASK-0586,EPIC-095,BC-006,Geoprocessamento,HIGH,PASS,NOT_APPLICABLE,PASS,PASS,PASS,PASS,PASS,PASS,NOT_APPLICABLE,PASS,NOT_APPLICABLE,PASS,PASS,PASS,PASS,contracts/operations/slo-sli-catalog.yaml;docs/05-operations/CAPACITY_AND_SCALING.md;contracts/operations/external-dependency-register.csv;contracts/operations/vendor-exit-matrix.csv;contracts/operations/cost-model.yaml;docs/05-operations/COST_AND_UNIT_ECONOMICS.md;contracts/operations/recovery-objectives.yaml;docs/05-operations/BACKUP_RESTORE.md;docs/05-operations/OBSERVABILITY.md;docs/04-quality/THREAT_MODEL.md;docs/04-quality/SECURITY_PRIVACY_LGPD.md;contracts/privacy/lgpd-control-matrix.csv;docs/04-quality/LGPD_CONTROL_MODEL.md;contracts/operations/version-and-rollback-matrix.yaml,BENCHMARK_AND_OPERATIONS_GATES,PASS
SPRINT-007,ISSUE-0697,Story,STORY-0587,TASK-0587,EPIC-095,BC-006,Geoprocessamento,HIGH,PASS,NOT_APPLICABLE,PASS,PASS,PASS,PASS,PASS,PASS,NOT_APPLICABLE,PASS,PASS,PASS,PASS,PASS,PASS,contracts/operations/slo-sli-catalog.yaml;docs/05-operations/CAPACITY_AND_SCALING.md;contracts/operations/external-dependency-register.csv;contracts/operations/vendor-exit-matrix.csv;contracts/operations/cost-model.yaml;docs/05-operations/COST_AND_UNIT_ECONOMICS.md;contracts/operations/recovery-objectives.yaml;docs/05-operations/BACKUP_RESTORE.md;contracts/operations/version-and-rollback-matrix.yaml;docs/03-engineering/DATABASE_MIGRATIONS.md;docs/05-operations/OBSERVABILITY.md;docs/04-quality/THREAT_MODEL.md;docs/04-quality/SECURITY_PRIVACY_LGPD.md;contracts/privacy/lgpd-control-matrix.csv;docs/04-quality/LGPD_CONTROL_MODEL.md,BENCHMARK_AND_OPERATIONS_GATES,PASS
SPRINT-007,ISSUE-0698,Story,STORY-0588,TASK-0588,EPIC-095,BC-006,Geoprocessamento,HIGH,PASS,NOT_APPLICABLE,PASS,PASS,PASS,PASS,PASS,PASS,NOT_APPLICABLE,PASS,NOT_APPLICABLE,PASS,PASS,PASS,PASS,contracts/operations/slo-sli-catalog.yaml;docs/05-operations/CAPACITY_AND_SCALING.md;contracts/operations/external-dependency-register.csv;contracts/operations/vendor-exit-matrix.csv;contracts/operations/cost-model.yaml;docs/05-operations/COST_AND_UNIT_ECONOMICS.md;contracts/operations/recovery-objectives.yaml;docs/05-operations/BACKUP_RESTORE.md;docs/05-operations/OBSERVABILITY.md;docs/04-quality/THREAT_MODEL.md;docs/04-quality/SECURITY_PRIVACY_LGPD.md;contracts/privacy/lgpd-control-matrix.csv;docs/04-quality/LGPD_CONTROL_MODEL.md;contracts/operations/version-and-rollback-matrix.yaml,BENCHMARK_AND_OPERATIONS_GATES,PASS
SPRINT-007,ISSUE-0699,Story,STORY-0589,TASK-0589,EPIC-095,BC-006,QA,HIGH,PASS,NOT_APPLICABLE,PASS,PASS,PASS,PASS,PASS,PASS,NOT_APPLICABLE,NOT_APPLICABLE,NOT_APPLICABLE,PASS,PASS,PASS,PASS,contracts/operations/slo-sli-catalog.yaml;docs/05-operations/CAPACITY_AND_SCALING.md;contracts/operations/external-dependency-register.csv;contracts/operations/vendor-exit-matrix.csv;contracts/operations/cost-model.yaml;docs/05-operations/COST_AND_UNIT_ECONOMICS.md;docs/05-operations/OBSERVABILITY.md;docs/04-quality/THREAT_MODEL.md;docs/04-quality/SECURITY_PRIVACY_LGPD.md;contracts/privacy/lgpd-control-matrix.csv;docs/04-quality/LGPD_CONTROL_MODEL.md;contracts/operations/version-and-rollback-matrix.yaml,BENCHMARK_AND_OPERATIONS_GATES,PASS
SPRINT-007,ISSUE-0700,Story,STORY-0590,TASK-0590,EPIC-095,BC-006,Reviewer,HIGH,PASS,NOT_APPLICABLE,PASS,PASS,PASS,PASS,PASS,PASS,NOT_APPLICABLE,NOT_APPLICABLE,NOT_APPLICABLE,PASS,PASS,PASS,PASS,contracts/operations/slo-sli-catalog.yaml;docs/05-operations/CAPACITY_AND_SCALING.md;contracts/operations/external-dependency-register.csv;contracts/operations/vendor-exit-matrix.csv;contracts/operations/cost-model.yaml;docs/05-operations/COST_AND_UNIT_ECONOMICS.md;docs/05-operations/OBSERVABILITY.md;docs/04-quality/THREAT_MODEL.md;docs/04-quality/SECURITY_PRIVACY_LGPD.md;contracts/privacy/lgpd-control-matrix.csv;docs/04-quality/LGPD_CONTROL_MODEL.md;contracts/operations/version-and-rollback-matrix.yaml,BENCHMARK_AND_OPERATIONS_GATES,PASS
SPRINT-007,ISSUE-0701,Story,STORY-0591,TASK-0591,EPIC-096,BC-006,Arquiteto,HIGH,PASS,NOT_APPLICABLE,PASS,PASS,PASS,PASS,PASS,PASS,NOT_APPLICABLE,PASS,PASS,PASS,PASS,PASS,PASS,contracts/operations/slo-sli-catalog.yaml;docs/05-operations/CAPACITY_AND_SCALING.md;contracts/operations/external-dependency-register.csv;contracts/operations/vendor-exit-matrix.csv;contracts/operations/cost-model.yaml;docs/05-operations/COST_AND_UNIT_ECONOMICS.md;contracts/operations/recovery-objectives.yaml;docs/05-operations/BACKUP_RESTORE.md;contracts/operations/version-and-rollback-matrix.yaml;docs/03-engineering/DATABASE_MIGRATIONS.md;docs/05-operations/OBSERVABILITY.md;docs/04-quality/THREAT_MODEL.md;docs/04-quality/SECURITY_PRIVACY_LGPD.md;contracts/privacy/lgpd-control-matrix.csv;docs/04-quality/LGPD_CONTROL_MODEL.md,BENCHMARK_AND_OPERATIONS_GATES,PASS
SPRINT-007,ISSUE-0702,Story,STORY-0592,TASK-0592,EPIC-096,BC-006,Geoprocessamento,HIGH,PASS,NOT_APPLICABLE,PASS,PASS,PASS,PASS,PASS,PASS,NOT_APPLICABLE,PASS,NOT_APPLICABLE,PASS,PASS,PASS,PASS,contracts/operations/slo-sli-catalog.yaml;docs/05-operations/CAPACITY_AND_SCALING.md;contracts/operations/external-dependency-register.csv;contracts/operations/vendor-exit-matrix.csv;contracts/operations/cost-model.yaml;docs/05-operations/COST_AND_UNIT_ECONOMICS.md;contracts/operations/recovery-objectives.yaml;docs/05-operations/BACKUP_RESTORE.md;docs/05-operations/OBSERVABILITY.md;docs/04-quality/THREAT_MODEL.md;docs/04-quality/SECURITY_PRIVACY_LGPD.md;contracts/privacy/lgpd-control-matrix.csv;docs/04-quality/LGPD_CONTROL_MODEL.md;contracts/operations/version-and-rollback-matrix.yaml,BENCHMARK_AND_OPERATIONS_GATES,PASS
SPRINT-007,ISSUE-0703,Story,STORY-0593,TASK-0593,EPIC-096,BC-006,Geoprocessamento,HIGH,PASS,NOT_APPLICABLE,PASS,PASS,PASS,PASS,PASS,PASS,NOT_APPLICABLE,PASS,NOT_APPLICABLE,PASS,PASS,PASS,PASS,contracts/operations/slo-sli-catalog.yaml;docs/05-operations/CAPACITY_AND_SCALING.md;contracts/operations/external-dependency-register.csv;contracts/operations/vendor-exit-matrix.csv;contracts/operations/cost-model.yaml;docs/05-operations/COST_AND_UNIT_ECONOMICS.md;contracts/operations/recovery-objectives.yaml;docs/05-operations/BACKUP_RESTORE.md;docs/05-operations/OBSERVABILITY.md;docs/04-quality/THREAT_MODEL.md;docs/04-quality/SECURITY_PRIVACY_LGPD.md;contracts/privacy/lgpd-control-matrix.csv;docs/04-quality/LGPD_CONTROL_MODEL.md;contracts/operations/version-and-rollback-matrix.yaml,BENCHMARK_AND_OPERATIONS_GATES,PASS
SPRINT-007,ISSUE-0704,Story,STORY-0594,TASK-0594,EPIC-096,BC-006,Geoprocessamento,HIGH,PASS,NOT_APPLICABLE,PASS,PASS,PASS,PASS,PASS,PASS,NOT_APPLICABLE,PASS,PASS,PASS,PASS,PASS,PASS,contracts/operations/slo-sli-catalog.yaml;docs/05-operations/CAPACITY_AND_SCALING.md;contracts/operations/external-dependency-register.csv;contracts/operations/vendor-exit-matrix.csv;contracts/operations/cost-model.yaml;docs/05-operations/COST_AND_UNIT_ECONOMICS.md;contracts/operations/recovery-objectives.yaml;docs/05-operations/BACKUP_RESTORE.md;contracts/operations/version-and-rollback-matrix.yaml;docs/03-engineering/DATABASE_MIGRATIONS.md;docs/05-operations/OBSERVABILITY.md;docs/04-quality/THREAT_MODEL.md;docs/04-quality/SECURITY_PRIVACY_LGPD.md;contracts/privacy/lgpd-control-matrix.csv;docs/04-quality/LGPD_CONTROL_MODEL.md,BENCHMARK_AND_OPERATIONS_GATES,PASS
SPRINT-007,ISSUE-0705,Story,STORY-0595,TASK-0595,EPIC-096,BC-006,Geoprocessamento,HIGH,PASS,NOT_APPLICABLE,PASS,PASS,PASS,PASS,PASS,PASS,NOT_APPLICABLE,PASS,NOT_APPLICABLE,PASS,PASS,PASS,PASS,contracts/operations/slo-sli-catalog.yaml;docs/05-operations/CAPACITY_AND_SCALING.md;contracts/operations/external-dependency-register.csv;contracts/operations/vendor-exit-matrix.csv;contracts/operations/cost-model.yaml;docs/05-operations/COST_AND_UNIT_ECONOMICS.md;contracts/operations/recovery-objectives.yaml;docs/05-operations/BACKUP_RESTORE.md;docs/05-operations/OBSERVABILITY.md;docs/04-quality/THREAT_MODEL.md;docs/04-quality/SECURITY_PRIVACY_LGPD.md;contracts/privacy/lgpd-control-matrix.csv;docs/04-quality/LGPD_CONTROL_MODEL.md;contracts/operations/version-and-rollback-matrix.yaml,BENCHMARK_AND_OPERATIONS_GATES,PASS
SPRINT-007,ISSUE-0706,Story,STORY-0596,TASK-0596,EPIC-096,BC-006,QA,HIGH,PASS,NOT_APPLICABLE,PASS,PASS,PASS,PASS,PASS,PASS,NOT_APPLICABLE,NOT_APPLICABLE,NOT_APPLICABLE,PASS,PASS,PASS,PASS,contracts/operations/slo-sli-catalog.yaml;docs/05-operations/CAPACITY_AND_SCALING.md;contracts/operations/external-dependency-register.csv;contracts/operations/vendor-exit-matrix.csv;contracts/operations/cost-model.yaml;docs/05-operations/COST_AND_UNIT_ECONOMICS.md;docs/05-operations/OBSERVABILITY.md;docs/04-quality/THREAT_MODEL.md;docs/04-quality/SECURITY_PRIVACY_LGPD.md;contracts/privacy/lgpd-control-matrix.csv;docs/04-quality/LGPD_CONTROL_MODEL.md;contracts/operations/version-and-rollback-matrix.yaml,BENCHMARK_AND_OPERATIONS_GATES,PASS
SPRINT-007,ISSUE-0707,Story,STORY-0597,TASK-0597,EPIC-096,BC-006,Reviewer,HIGH,PASS,NOT_APPLICABLE,PASS,PASS,PASS,PASS,PASS,PASS,NOT_APPLICABLE,NOT_APPLICABLE,NOT_APPLICABLE,PASS,PASS,PASS,PASS,contracts/operations/slo-sli-catalog.yaml;docs/05-operations/CAPACITY_AND_SCALING.md;contracts/operations/external-dependency-register.csv;contracts/operations/vendor-exit-matrix.csv;contracts/operations/cost-model.yaml;docs/05-operations/COST_AND_UNIT_ECONOMICS.md;docs/05-operations/OBSERVABILITY.md;docs/04-quality/THREAT_MODEL.md;docs/04-quality/SECURITY_PRIVACY_LGPD.md;contracts/privacy/lgpd-control-matrix.csv;docs/04-quality/LGPD_CONTROL_MODEL.md;contracts/operations/version-and-rollback-matrix.yaml,BENCHMARK_AND_OPERATIONS_GATES,PASS
SPRINT-007,ISSUE-0708,Story,STORY-0598,TASK-0598,EPIC-097,BC-006,Arquiteto,HIGH,PASS,NOT_APPLICABLE,PASS,PASS,PASS,PASS,PASS,PASS,NOT_APPLICABLE,NOT_APPLICABLE,PASS,PASS,PASS,PASS,PASS,contracts/operations/slo-sli-catalog.yaml;docs/05-operations/CAPACITY_AND_SCALING.md;contracts/operations/external-dependency-register.csv;contracts/operations/vendor-exit-matrix.csv;contracts/operations/cost-model.yaml;docs/05-operations/COST_AND_UNIT_ECONOMICS.md;contracts/operations/version-and-rollback-matrix.yaml;docs/03-engineering/DATABASE_MIGRATIONS.md;docs/05-operations/OBSERVABILITY.md;docs/04-quality/THREAT_MODEL.md;docs/04-quality/SECURITY_PRIVACY_LGPD.md;contracts/privacy/lgpd-control-matrix.csv;docs/04-quality/LGPD_CONTROL_MODEL.md,BENCHMARK_AND_OPERATIONS_GATES,PASS
SPRINT-007,ISSUE-0709,Story,STORY-0599,TASK-0599,EPIC-097,BC-006,Geoprocessamento,HIGH,PASS,NOT_APPLICABLE,PASS,PASS,PASS,PASS,PASS,PASS,PASS,PASS,NOT_APPLICABLE,PASS,PASS,PASS,PASS,contracts/operations/slo-sli-catalog.yaml;docs/05-operations/CAPACITY_AND_SCALING.md;contracts/operations/external-dependency-register.csv;contracts/operations/vendor-exit-matrix.csv;contracts/operations/cost-model.yaml;docs/05-operations/COST_AND_UNIT_ECONOMICS.md;contracts/operations/lock-and-queue-policy.yaml;contracts/operations/recovery-objectives.yaml;docs/05-operations/BACKUP_RESTORE.md;docs/05-operations/OBSERVABILITY.md;docs/04-quality/THREAT_MODEL.md;docs/04-quality/SECURITY_PRIVACY_LGPD.md;contracts/privacy/lgpd-control-matrix.csv;docs/04-quality/LGPD_CONTROL_MODEL.md;contracts/operations/version-and-rollback-matrix.yaml,BENCHMARK_AND_OPERATIONS_GATES,PASS
SPRINT-007,ISSUE-0710,Story,STORY-0600,TASK-0600,EPIC-097,BC-006,Geoprocessamento,HIGH,PASS,NOT_APPLICABLE,PASS,PASS,PASS,PASS,PASS,PASS,NOT_APPLICABLE,PASS,NOT_APPLICABLE,PASS,PASS,PASS,PASS,contracts/operations/slo-sli-catalog.yaml;docs/05-operations/CAPACITY_AND_SCALING.md;contracts/operations/external-dependency-register.csv;contracts/operations/vendor-exit-matrix.csv;contracts/operations/cost-model.yaml;docs/05-operations/COST_AND_UNIT_ECONOMICS.md;contracts/operations/recovery-objectives.yaml;docs/05-operations/BACKUP_RESTORE.md;docs/05-operations/OBSERVABILITY.md;docs/04-quality/THREAT_MODEL.md;docs/04-quality/SECURITY_PRIVACY_LGPD.md;contracts/privacy/lgpd-control-matrix.csv;docs/04-quality/LGPD_CONTROL_MODEL.md;contracts/operations/version-and-rollback-matrix.yaml,BENCHMARK_AND_OPERATIONS_GATES,PASS
SPRINT-007,ISSUE-0711,Story,STORY-0601,TASK-0601,EPIC-097,BC-006,Geoprocessamento,HIGH,PASS,NOT_APPLICABLE,PASS,PASS,PASS,PASS,PASS,PASS,NOT_APPLICABLE,PASS,PASS,PASS,PASS,PASS,PASS,contracts/operations/slo-sli-catalog.yaml;docs/05-operations/CAPACITY_AND_SCALING.md;contracts/operations/external-dependency-register.csv;contracts/operations/vendor-exit-matrix.csv;contracts/operations/cost-model.yaml;docs/05-operations/COST_AND_UNIT_ECONOMICS.md;contracts/operations/recovery-objectives.yaml;docs/05-operations/BACKUP_RESTORE.md;contracts/operations/version-and-rollback-matrix.yaml;docs/03-engineering/DATABASE_MIGRATIONS.md;docs/05-operations/OBSERVABILITY.md;docs/04-quality/THREAT_MODEL.md;docs/04-quality/SECURITY_PRIVACY_LGPD.md;contracts/privacy/lgpd-control-matrix.csv;docs/04-quality/LGPD_CONTROL_MODEL.md,BENCHMARK_AND_OPERATIONS_GATES,PASS
SPRINT-007,ISSUE-0712,Story,STORY-0602,TASK-0602,EPIC-097,BC-006,Geoprocessamento,HIGH,PASS,NOT_APPLICABLE,PASS,PASS,PASS,PASS,PASS,PASS,NOT_APPLICABLE,PASS,NOT_APPLICABLE,PASS,PASS,PASS,PASS,contracts/operations/slo-sli-catalog.yaml;docs/05-operations/CAPACITY_AND_SCALING.md;contracts/operations/external-dependency-register.csv;contracts/operations/vendor-exit-matrix.csv;contracts/operations/cost-model.yaml;docs/05-operations/COST_AND_UNIT_ECONOMICS.md;contracts/operations/recovery-objectives.yaml;docs/05-operations/BACKUP_RESTORE.md;docs/05-operations/OBSERVABILITY.md;docs/04-quality/THREAT_MODEL.md;docs/04-quality/SECURITY_PRIVACY_LGPD.md;contracts/privacy/lgpd-control-matrix.csv;docs/04-quality/LGPD_CONTROL_MODEL.md;contracts/operations/version-and-rollback-matrix.yaml,BENCHMARK_AND_OPERATIONS_GATES,PASS
SPRINT-007,ISSUE-0713,Story,STORY-0603,TASK-0603,EPIC-097,BC-006,QA,HIGH,PASS,NOT_APPLICABLE,PASS,PASS,PASS,PASS,PASS,PASS,NOT_APPLICABLE,NOT_APPLICABLE,NOT_APPLICABLE,PASS,PASS,PASS,PASS,contracts/operations/slo-sli-catalog.yaml;docs/05-operations/CAPACITY_AND_SCALING.md;contracts/operations/external-dependency-register.csv;contracts/operations/vendor-exit-matrix.csv;contracts/operations/cost-model.yaml;docs/05-operations/COST_AND_UNIT_ECONOMICS.md;docs/05-operations/OBSERVABILITY.md;docs/04-quality/THREAT_MODEL.md;docs/04-quality/SECURITY_PRIVACY_LGPD.md;contracts/privacy/lgpd-control-matrix.csv;docs/04-quality/LGPD_CONTROL_MODEL.md;contracts/operations/version-and-rollback-matrix.yaml,BENCHMARK_AND_OPERATIONS_GATES,PASS
SPRINT-007,ISSUE-0714,Story,STORY-0604,TASK-0604,EPIC-097,BC-006,Reviewer,HIGH,PASS,NOT_APPLICABLE,PASS,PASS,PASS,PASS,PASS,PASS,NOT_APPLICABLE,NOT_APPLICABLE,NOT_APPLICABLE,PASS,PASS,PASS,PASS,contracts/operations/slo-sli-catalog.yaml;docs/05-operations/CAPACITY_AND_SCALING.md;contracts/operations/external-dependency-register.csv;contracts/operations/vendor-exit-matrix.csv;contracts/operations/cost-model.yaml;docs/05-operations/COST_AND_UNIT_ECONOMICS.md;docs/05-operations/OBSERVABILITY.md;docs/04-quality/THREAT_MODEL.md;docs/04-quality/SECURITY_PRIVACY_LGPD.md;contracts/privacy/lgpd-control-matrix.csv;docs/04-quality/LGPD_CONTROL_MODEL.md;contracts/operations/version-and-rollback-matrix.yaml,BENCHMARK_AND_OPERATIONS_GATES,PASS
SPRINT-007,ISSUE-0715,Story,STORY-0605,TASK-0605,EPIC-098,BC-008,Arquiteto,HIGH,PASS,NOT_APPLICABLE,PASS,PASS,PASS,PASS,PASS,PASS,NOT_APPLICABLE,NOT_APPLICABLE,PASS,PASS,PASS,PASS,PASS,contracts/operations/slo-sli-catalog.yaml;docs/05-operations/CAPACITY_AND_SCALING.md;contracts/operations/external-dependency-register.csv;contracts/operations/vendor-exit-matrix.csv;contracts/operations/cost-model.yaml;docs/05-operations/COST_AND_UNIT_ECONOMICS.md;contracts/operations/version-and-rollback-matrix.yaml;docs/03-engineering/DATABASE_MIGRATIONS.md;docs/05-operations/OBSERVABILITY.md;docs/04-quality/THREAT_MODEL.md;docs/04-quality/SECURITY_PRIVACY_LGPD.md;contracts/privacy/lgpd-control-matrix.csv;docs/04-quality/LGPD_CONTROL_MODEL.md,BENCHMARK_AND_OPERATIONS_GATES,PASS
SPRINT-007,ISSUE-0716,Story,STORY-0606,TASK-0606,EPIC-098,BC-008,Geoprocessamento,HIGH,PASS,NOT_APPLICABLE,PASS,PASS,PASS,PASS,PASS,PASS,PASS,PASS,NOT_APPLICABLE,PASS,PASS,NOT_APPLICABLE,PASS,contracts/operations/slo-sli-catalog.yaml;docs/05-operations/CAPACITY_AND_SCALING.md;contracts/operations/external-dependency-register.csv;contracts/operations/vendor-exit-matrix.csv;contracts/operations/cost-model.yaml;docs/05-operations/COST_AND_UNIT_ECONOMICS.md;contracts/operations/lock-and-queue-policy.yaml;contracts/operations/recovery-objectives.yaml;docs/05-operations/BACKUP_RESTORE.md;docs/05-operations/OBSERVABILITY.md;docs/04-quality/THREAT_MODEL.md;docs/04-quality/SECURITY_PRIVACY_LGPD.md;contracts/operations/version-and-rollback-matrix.yaml,BENCHMARK_AND_OPERATIONS_GATES,PASS
SPRINT-007,ISSUE-0717,Story,STORY-0607,TASK-0607,EPIC-098,BC-008,Geoprocessamento,HIGH,PASS,NOT_APPLICABLE,PASS,PASS,PASS,PASS,PASS,PASS,PASS,PASS,NOT_APPLICABLE,PASS,PASS,NOT_APPLICABLE,PASS,contracts/operations/slo-sli-catalog.yaml;docs/05-operations/CAPACITY_AND_SCALING.md;contracts/operations/external-dependency-register.csv;contracts/operations/vendor-exit-matrix.csv;contracts/operations/cost-model.yaml;docs/05-operations/COST_AND_UNIT_ECONOMICS.md;contracts/operations/lock-and-queue-policy.yaml;contracts/operations/recovery-objectives.yaml;docs/05-operations/BACKUP_RESTORE.md;docs/05-operations/OBSERVABILITY.md;docs/04-quality/THREAT_MODEL.md;docs/04-quality/SECURITY_PRIVACY_LGPD.md;contracts/operations/version-and-rollback-matrix.yaml,BENCHMARK_AND_OPERATIONS_GATES,PASS
SPRINT-007,ISSUE-0718,Story,STORY-0608,TASK-0608,EPIC-098,BC-008,Geoprocessamento,HIGH,PASS,NOT_APPLICABLE,PASS,PASS,PASS,PASS,PASS,PASS,NOT_APPLICABLE,PASS,PASS,PASS,PASS,NOT_APPLICABLE,PASS,contracts/operations/slo-sli-catalog.yaml;docs/05-operations/CAPACITY_AND_SCALING.md;contracts/operations/external-dependency-register.csv;contracts/operations/vendor-exit-matrix.csv;contracts/operations/cost-model.yaml;docs/05-operations/COST_AND_UNIT_ECONOMICS.md;contracts/operations/recovery-objectives.yaml;docs/05-operations/BACKUP_RESTORE.md;contracts/operations/version-and-rollback-matrix.yaml;docs/03-engineering/DATABASE_MIGRATIONS.md;docs/05-operations/OBSERVABILITY.md;docs/04-quality/THREAT_MODEL.md;docs/04-quality/SECURITY_PRIVACY_LGPD.md,BENCHMARK_AND_OPERATIONS_GATES,PASS
SPRINT-007,ISSUE-0719,Story,STORY-0609,TASK-0609,EPIC-098,BC-008,Geoprocessamento,HIGH,PASS,NOT_APPLICABLE,PASS,PASS,PASS,PASS,PASS,PASS,NOT_APPLICABLE,PASS,NOT_APPLICABLE,PASS,PASS,NOT_APPLICABLE,PASS,contracts/operations/slo-sli-catalog.yaml;docs/05-operations/CAPACITY_AND_SCALING.md;contracts/operations/external-dependency-register.csv;contracts/operations/vendor-exit-matrix.csv;contracts/operations/cost-model.yaml;docs/05-operations/COST_AND_UNIT_ECONOMICS.md;contracts/operations/recovery-objectives.yaml;docs/05-operations/BACKUP_RESTORE.md;docs/05-operations/OBSERVABILITY.md;docs/04-quality/THREAT_MODEL.md;docs/04-quality/SECURITY_PRIVACY_LGPD.md;contracts/operations/version-and-rollback-matrix.yaml,BENCHMARK_AND_OPERATIONS_GATES,PASS
SPRINT-007,ISSUE-0720,Story,STORY-0610,TASK-0610,EPIC-098,BC-008,QA,HIGH,PASS,NOT_APPLICABLE,PASS,PASS,PASS,PASS,PASS,PASS,NOT_APPLICABLE,NOT_APPLICABLE,NOT_APPLICABLE,PASS,PASS,NOT_APPLICABLE,PASS,contracts/operations/slo-sli-catalog.yaml;docs/05-operations/CAPACITY_AND_SCALING.md;contracts/operations/external-dependency-register.csv;contracts/operations/vendor-exit-matrix.csv;contracts/operations/cost-model.yaml;docs/05-operations/COST_AND_UNIT_ECONOMICS.md;docs/05-operations/OBSERVABILITY.md;docs/04-quality/THREAT_MODEL.md;docs/04-quality/SECURITY_PRIVACY_LGPD.md;contracts/operations/version-and-rollback-matrix.yaml,BENCHMARK_AND_OPERATIONS_GATES,PASS
SPRINT-007,ISSUE-0721,Story,STORY-0611,TASK-0611,EPIC-098,BC-008,Reviewer,HIGH,PASS,NOT_APPLICABLE,PASS,PASS,PASS,PASS,PASS,PASS,NOT_APPLICABLE,NOT_APPLICABLE,NOT_APPLICABLE,PASS,PASS,NOT_APPLICABLE,PASS,contracts/operations/slo-sli-catalog.yaml;docs/05-operations/CAPACITY_AND_SCALING.md;contracts/operations/external-dependency-register.csv;contracts/operations/vendor-exit-matrix.csv;contracts/operations/cost-model.yaml;docs/05-operations/COST_AND_UNIT_ECONOMICS.md;docs/05-operations/OBSERVABILITY.md;docs/04-quality/THREAT_MODEL.md;docs/04-quality/SECURITY_PRIVACY_LGPD.md;contracts/operations/version-and-rollback-matrix.yaml,BENCHMARK_AND_OPERATIONS_GATES,PASS
SPRINT-008,ISSUE-0099,Epic delivery envelope,,,EPIC-099,BC-008,Geoprocessamento,HIGH,PASS,NOT_APPLICABLE,PASS,PASS,PASS,PASS,PASS,PASS,NOT_APPLICABLE,PASS,PASS,PASS,PASS,PASS,PASS,contracts/operations/slo-sli-catalog.yaml;docs/05-operations/CAPACITY_AND_SCALING.md;contracts/operations/external-dependency-register.csv;contracts/operations/vendor-exit-matrix.csv;contracts/operations/cost-model.yaml;docs/05-operations/COST_AND_UNIT_ECONOMICS.md;contracts/operations/version-and-rollback-matrix.yaml;docs/03-engineering/DATABASE_MIGRATIONS.md;docs/05-operations/OBSERVABILITY.md;docs/04-quality/THREAT_MODEL.md;docs/04-quality/SECURITY_PRIVACY_LGPD.md;contracts/privacy/lgpd-control-matrix.csv;docs/04-quality/LGPD_CONTROL_MODEL.md;contracts/operations/recovery-objectives.yaml;docs/05-operations/BACKUP_RESTORE.md,BENCHMARK_AND_OPERATIONS_GATES,PASS
SPRINT-008,ISSUE-0100,Epic delivery envelope,,,EPIC-100,BC-008,Geoprocessamento,CRITICAL,PASS,NOT_APPLICABLE,PASS,PASS,PASS,PASS,PASS,PASS,NOT_APPLICABLE,PASS,PASS,PASS,PASS,PASS,PASS,contracts/operations/slo-sli-catalog.yaml;docs/05-operations/CAPACITY_AND_SCALING.md;contracts/operations/external-dependency-register.csv;contracts/operations/vendor-exit-matrix.csv;contracts/operations/cost-model.yaml;docs/05-operations/COST_AND_UNIT_ECONOMICS.md;contracts/operations/version-and-rollback-matrix.yaml;docs/03-engineering/DATABASE_MIGRATIONS.md;docs/05-operations/OBSERVABILITY.md;docs/04-quality/THREAT_MODEL.md;docs/04-quality/SECURITY_PRIVACY_LGPD.md;contracts/privacy/lgpd-control-matrix.csv;docs/04-quality/LGPD_CONTROL_MODEL.md;contracts/operations/recovery-objectives.yaml;docs/05-operations/BACKUP_RESTORE.md,SECURITY_AND_PRIVACY_GATES,PASS
SPRINT-008,ISSUE-0101,Epic delivery envelope,,,EPIC-101,BC-008,Geoprocessamento,HIGH,PASS,NOT_APPLICABLE,PASS,PASS,PASS,PASS,PASS,PASS,NOT_APPLICABLE,PASS,PASS,PASS,PASS,PASS,PASS,contracts/operations/slo-sli-catalog.yaml;docs/05-operations/CAPACITY_AND_SCALING.md;contracts/operations/external-dependency-register.csv;contracts/operations/vendor-exit-matrix.csv;contracts/operations/cost-model.yaml;docs/05-operations/COST_AND_UNIT_ECONOMICS.md;contracts/operations/version-and-rollback-matrix.yaml;docs/03-engineering/DATABASE_MIGRATIONS.md;docs/05-operations/OBSERVABILITY.md;docs/04-quality/THREAT_MODEL.md;docs/04-quality/SECURITY_PRIVACY_LGPD.md;contracts/privacy/lgpd-control-matrix.csv;docs/04-quality/LGPD_CONTROL_MODEL.md;contracts/operations/recovery-objectives.yaml;docs/05-operations/BACKUP_RESTORE.md,BENCHMARK_AND_OPERATIONS_GATES,PASS
SPRINT-008,ISSUE-0102,Epic delivery envelope,,,EPIC-102,BC-008,Geoprocessamento,HIGH,PASS,NOT_APPLICABLE,PASS,PASS,PASS,PASS,PASS,PASS,NOT_APPLICABLE,PASS,PASS,PASS,PASS,PASS,PASS,contracts/operations/slo-sli-catalog.yaml;docs/05-operations/CAPACITY_AND_SCALING.md;contracts/operations/external-dependency-register.csv;contracts/operations/vendor-exit-matrix.csv;contracts/operations/cost-model.yaml;docs/05-operations/COST_AND_UNIT_ECONOMICS.md;contracts/operations/recovery-objectives.yaml;docs/05-operations/BACKUP_RESTORE.md;contracts/operations/version-and-rollback-matrix.yaml;docs/03-engineering/DATABASE_MIGRATIONS.md;docs/05-operations/OBSERVABILITY.md;docs/04-quality/THREAT_MODEL.md;docs/04-quality/SECURITY_PRIVACY_LGPD.md;contracts/privacy/lgpd-control-matrix.csv;docs/04-quality/LGPD_CONTROL_MODEL.md,BENCHMARK_AND_OPERATIONS_GATES,PASS
SPRINT-008,ISSUE-0103,Epic delivery envelope,,,EPIC-103,BC-008,Geoprocessamento,HIGH,PASS,PASS,PASS,PASS,PASS,PASS,PASS,PASS,PASS,PASS,PASS,PASS,PASS,PASS,PASS,contracts/operations/slo-sli-catalog.yaml;docs/05-operations/CAPACITY_AND_SCALING.md;contracts/operations/lock-and-queue-policy.yaml;contracts/operations/external-dependency-register.csv;contracts/operations/vendor-exit-matrix.csv;contracts/operations/cost-model.yaml;docs/05-operations/COST_AND_UNIT_ECONOMICS.md;contracts/operations/recovery-objectives.yaml;docs/05-operations/BACKUP_RESTORE.md;contracts/operations/version-and-rollback-matrix.yaml;docs/03-engineering/DATABASE_MIGRATIONS.md;docs/05-operations/OBSERVABILITY.md;docs/04-quality/THREAT_MODEL.md;docs/04-quality/SECURITY_PRIVACY_LGPD.md;contracts/privacy/lgpd-control-matrix.csv;docs/04-quality/LGPD_CONTROL_MODEL.md,BENCHMARK_AND_OPERATIONS_GATES,PASS
SPRINT-008,ISSUE-0722,Story,STORY-0612,TASK-0612,EPIC-099,BC-008,Arquiteto,HIGH,PASS,NOT_APPLICABLE,PASS,PASS,PASS,PASS,PASS,PASS,NOT_APPLICABLE,NOT_APPLICABLE,PASS,PASS,PASS,PASS,PASS,contracts/operations/slo-sli-catalog.yaml;docs/05-operations/CAPACITY_AND_SCALING.md;contracts/operations/external-dependency-register.csv;contracts/operations/vendor-exit-matrix.csv;contracts/operations/cost-model.yaml;docs/05-operations/COST_AND_UNIT_ECONOMICS.md;contracts/operations/version-and-rollback-matrix.yaml;docs/03-engineering/DATABASE_MIGRATIONS.md;docs/05-operations/OBSERVABILITY.md;docs/04-quality/THREAT_MODEL.md;docs/04-quality/SECURITY_PRIVACY_LGPD.md;contracts/privacy/lgpd-control-matrix.csv;docs/04-quality/LGPD_CONTROL_MODEL.md,BENCHMARK_AND_OPERATIONS_GATES,PASS
SPRINT-008,ISSUE-0723,Story,STORY-0613,TASK-0613,EPIC-099,BC-008,Geoprocessamento,HIGH,PASS,NOT_APPLICABLE,PASS,PASS,PASS,PASS,PASS,PASS,NOT_APPLICABLE,PASS,NOT_APPLICABLE,PASS,PASS,NOT_APPLICABLE,PASS,contracts/operations/slo-sli-catalog.yaml;docs/05-operations/CAPACITY_AND_SCALING.md;contracts/operations/external-dependency-register.csv;contracts/operations/vendor-exit-matrix.csv;contracts/operations/cost-model.yaml;docs/05-operations/COST_AND_UNIT_ECONOMICS.md;contracts/operations/recovery-objectives.yaml;docs/05-operations/BACKUP_RESTORE.md;docs/05-operations/OBSERVABILITY.md;docs/04-quality/THREAT_MODEL.md;docs/04-quality/SECURITY_PRIVACY_LGPD.md;contracts/operations/version-and-rollback-matrix.yaml,BENCHMARK_AND_OPERATIONS_GATES,PASS
SPRINT-008,ISSUE-0724,Story,STORY-0614,TASK-0614,EPIC-099,BC-008,Geoprocessamento,HIGH,PASS,NOT_APPLICABLE,PASS,PASS,PASS,PASS,PASS,PASS,NOT_APPLICABLE,PASS,NOT_APPLICABLE,PASS,PASS,NOT_APPLICABLE,PASS,contracts/operations/slo-sli-catalog.yaml;docs/05-operations/CAPACITY_AND_SCALING.md;contracts/operations/external-dependency-register.csv;contracts/operations/vendor-exit-matrix.csv;contracts/operations/cost-model.yaml;docs/05-operations/COST_AND_UNIT_ECONOMICS.md;contracts/operations/recovery-objectives.yaml;docs/05-operations/BACKUP_RESTORE.md;docs/05-operations/OBSERVABILITY.md;docs/04-quality/THREAT_MODEL.md;docs/04-quality/SECURITY_PRIVACY_LGPD.md;contracts/operations/version-and-rollback-matrix.yaml,BENCHMARK_AND_OPERATIONS_GATES,PASS
SPRINT-008,ISSUE-0725,Story,STORY-0615,TASK-0615,EPIC-099,BC-008,Geoprocessamento,HIGH,PASS,NOT_APPLICABLE,PASS,PASS,PASS,PASS,PASS,PASS,NOT_APPLICABLE,PASS,PASS,PASS,PASS,NOT_APPLICABLE,PASS,contracts/operations/slo-sli-catalog.yaml;docs/05-operations/CAPACITY_AND_SCALING.md;contracts/operations/external-dependency-register.csv;contracts/operations/vendor-exit-matrix.csv;contracts/operations/cost-model.yaml;docs/05-operations/COST_AND_UNIT_ECONOMICS.md;contracts/operations/recovery-objectives.yaml;docs/05-operations/BACKUP_RESTORE.md;contracts/operations/version-and-rollback-matrix.yaml;docs/03-engineering/DATABASE_MIGRATIONS.md;docs/05-operations/OBSERVABILITY.md;docs/04-quality/THREAT_MODEL.md;docs/04-quality/SECURITY_PRIVACY_LGPD.md,BENCHMARK_AND_OPERATIONS_GATES,PASS
SPRINT-008,ISSUE-0726,Story,STORY-0616,TASK-0616,EPIC-099,BC-008,Geoprocessamento,HIGH,PASS,NOT_APPLICABLE,PASS,PASS,PASS,PASS,PASS,PASS,NOT_APPLICABLE,PASS,NOT_APPLICABLE,PASS,PASS,NOT_APPLICABLE,PASS,contracts/operations/slo-sli-catalog.yaml;docs/05-operations/CAPACITY_AND_SCALING.md;contracts/operations/external-dependency-register.csv;contracts/operations/vendor-exit-matrix.csv;contracts/operations/cost-model.yaml;docs/05-operations/COST_AND_UNIT_ECONOMICS.md;contracts/operations/recovery-objectives.yaml;docs/05-operations/BACKUP_RESTORE.md;docs/05-operations/OBSERVABILITY.md;docs/04-quality/THREAT_MODEL.md;docs/04-quality/SECURITY_PRIVACY_LGPD.md;contracts/operations/version-and-rollback-matrix.yaml,BENCHMARK_AND_OPERATIONS_GATES,PASS
SPRINT-008,ISSUE-0727,Story,STORY-0617,TASK-0617,EPIC-099,BC-008,QA,HIGH,PASS,NOT_APPLICABLE,PASS,PASS,PASS,PASS,PASS,PASS,NOT_APPLICABLE,NOT_APPLICABLE,NOT_APPLICABLE,PASS,PASS,NOT_APPLICABLE,PASS,contracts/operations/slo-sli-catalog.yaml;docs/05-operations/CAPACITY_AND_SCALING.md;contracts/operations/external-dependency-register.csv;contracts/operations/vendor-exit-matrix.csv;contracts/operations/cost-model.yaml;docs/05-operations/COST_AND_UNIT_ECONOMICS.md;docs/05-operations/OBSERVABILITY.md;docs/04-quality/THREAT_MODEL.md;docs/04-quality/SECURITY_PRIVACY_LGPD.md;contracts/operations/version-and-rollback-matrix.yaml,BENCHMARK_AND_OPERATIONS_GATES,PASS
SPRINT-008,ISSUE-0728,Story,STORY-0618,TASK-0618,EPIC-099,BC-008,Reviewer,HIGH,PASS,NOT_APPLICABLE,PASS,PASS,PASS,PASS,PASS,PASS,NOT_APPLICABLE,NOT_APPLICABLE,NOT_APPLICABLE,PASS,PASS,NOT_APPLICABLE,PASS,contracts/operations/slo-sli-catalog.yaml;docs/05-operations/CAPACITY_AND_SCALING.md;contracts/operations/external-dependency-register.csv;contracts/operations/vendor-exit-matrix.csv;contracts/operations/cost-model.yaml;docs/05-operations/COST_AND_UNIT_ECONOMICS.md;docs/05-operations/OBSERVABILITY.md;docs/04-quality/THREAT_MODEL.md;docs/04-quality/SECURITY_PRIVACY_LGPD.md;contracts/operations/version-and-rollback-matrix.yaml,BENCHMARK_AND_OPERATIONS_GATES,PASS
SPRINT-008,ISSUE-0729,Story,STORY-0619,TASK-0619,EPIC-100,BC-008,Arquiteto,HIGH,PASS,NOT_APPLICABLE,PASS,PASS,PASS,PASS,PASS,PASS,NOT_APPLICABLE,NOT_APPLICABLE,PASS,PASS,PASS,PASS,PASS,contracts/operations/slo-sli-catalog.yaml;docs/05-operations/CAPACITY_AND_SCALING.md;contracts/operations/external-dependency-register.csv;contracts/operations/vendor-exit-matrix.csv;contracts/operations/cost-model.yaml;docs/05-operations/COST_AND_UNIT_ECONOMICS.md;contracts/operations/version-and-rollback-matrix.yaml;docs/03-engineering/DATABASE_MIGRATIONS.md;docs/05-operations/OBSERVABILITY.md;docs/04-quality/THREAT_MODEL.md;docs/04-quality/SECURITY_PRIVACY_LGPD.md;contracts/privacy/lgpd-control-matrix.csv;docs/04-quality/LGPD_CONTROL_MODEL.md,BENCHMARK_AND_OPERATIONS_GATES,PASS
SPRINT-008,ISSUE-0730,Story,STORY-0620,TASK-0620,EPIC-100,BC-008,Geoprocessamento,CRITICAL,PASS,NOT_APPLICABLE,PASS,PASS,PASS,PASS,PASS,PASS,NOT_APPLICABLE,PASS,NOT_APPLICABLE,PASS,PASS,PASS,PASS,contracts/operations/slo-sli-catalog.yaml;docs/05-operations/CAPACITY_AND_SCALING.md;contracts/operations/external-dependency-register.csv;contracts/operations/vendor-exit-matrix.csv;contracts/operations/cost-model.yaml;docs/05-operations/COST_AND_UNIT_ECONOMICS.md;contracts/operations/recovery-objectives.yaml;docs/05-operations/BACKUP_RESTORE.md;docs/05-operations/OBSERVABILITY.md;docs/04-quality/THREAT_MODEL.md;docs/04-quality/SECURITY_PRIVACY_LGPD.md;contracts/privacy/lgpd-control-matrix.csv;docs/04-quality/LGPD_CONTROL_MODEL.md;contracts/operations/version-and-rollback-matrix.yaml,SECURITY_AND_PRIVACY_GATES,PASS
SPRINT-008,ISSUE-0731,Story,STORY-0621,TASK-0621,EPIC-100,BC-008,Geoprocessamento,CRITICAL,PASS,NOT_APPLICABLE,PASS,PASS,PASS,PASS,PASS,PASS,NOT_APPLICABLE,PASS,NOT_APPLICABLE,PASS,PASS,PASS,PASS,contracts/operations/slo-sli-catalog.yaml;docs/05-operations/CAPACITY_AND_SCALING.md;contracts/operations/external-dependency-register.csv;contracts/operations/vendor-exit-matrix.csv;contracts/operations/cost-model.yaml;docs/05-operations/COST_AND_UNIT_ECONOMICS.md;contracts/operations/recovery-objectives.yaml;docs/05-operations/BACKUP_RESTORE.md;docs/05-operations/OBSERVABILITY.md;docs/04-quality/THREAT_MODEL.md;docs/04-quality/SECURITY_PRIVACY_LGPD.md;contracts/privacy/lgpd-control-matrix.csv;docs/04-quality/LGPD_CONTROL_MODEL.md;contracts/operations/version-and-rollback-matrix.yaml,SECURITY_AND_PRIVACY_GATES,PASS
SPRINT-008,ISSUE-0732,Story,STORY-0622,TASK-0622,EPIC-100,BC-008,Geoprocessamento,CRITICAL,PASS,NOT_APPLICABLE,PASS,PASS,PASS,PASS,PASS,PASS,NOT_APPLICABLE,PASS,PASS,PASS,PASS,PASS,PASS,contracts/operations/slo-sli-catalog.yaml;docs/05-operations/CAPACITY_AND_SCALING.md;contracts/operations/external-dependency-register.csv;contracts/operations/vendor-exit-matrix.csv;contracts/operations/cost-model.yaml;docs/05-operations/COST_AND_UNIT_ECONOMICS.md;contracts/operations/recovery-objectives.yaml;docs/05-operations/BACKUP_RESTORE.md;contracts/operations/version-and-rollback-matrix.yaml;docs/03-engineering/DATABASE_MIGRATIONS.md;docs/05-operations/OBSERVABILITY.md;docs/04-quality/THREAT_MODEL.md;docs/04-quality/SECURITY_PRIVACY_LGPD.md;contracts/privacy/lgpd-control-matrix.csv;docs/04-quality/LGPD_CONTROL_MODEL.md,SECURITY_AND_PRIVACY_GATES,PASS
SPRINT-008,ISSUE-0733,Story,STORY-0623,TASK-0623,EPIC-100,BC-008,Geoprocessamento,CRITICAL,PASS,NOT_APPLICABLE,PASS,PASS,PASS,PASS,PASS,PASS,NOT_APPLICABLE,PASS,NOT_APPLICABLE,PASS,PASS,PASS,PASS,contracts/operations/slo-sli-catalog.yaml;docs/05-operations/CAPACITY_AND_SCALING.md;contracts/operations/external-dependency-register.csv;contracts/operations/vendor-exit-matrix.csv;contracts/operations/cost-model.yaml;docs/05-operations/COST_AND_UNIT_ECONOMICS.md;contracts/operations/recovery-objectives.yaml;docs/05-operations/BACKUP_RESTORE.md;docs/05-operations/OBSERVABILITY.md;docs/04-quality/THREAT_MODEL.md;docs/04-quality/SECURITY_PRIVACY_LGPD.md;contracts/privacy/lgpd-control-matrix.csv;docs/04-quality/LGPD_CONTROL_MODEL.md;contracts/operations/version-and-rollback-matrix.yaml,SECURITY_AND_PRIVACY_GATES,PASS
SPRINT-008,ISSUE-0734,Story,STORY-0624,TASK-0624,EPIC-100,BC-008,QA,HIGH,PASS,NOT_APPLICABLE,PASS,PASS,PASS,PASS,PASS,PASS,NOT_APPLICABLE,NOT_APPLICABLE,NOT_APPLICABLE,PASS,PASS,NOT_APPLICABLE,PASS,contracts/operations/slo-sli-catalog.yaml;docs/05-operations/CAPACITY_AND_SCALING.md;contracts/operations/external-dependency-register.csv;contracts/operations/vendor-exit-matrix.csv;contracts/operations/cost-model.yaml;docs/05-operations/COST_AND_UNIT_ECONOMICS.md;docs/05-operations/OBSERVABILITY.md;docs/04-quality/THREAT_MODEL.md;docs/04-quality/SECURITY_PRIVACY_LGPD.md;contracts/operations/version-and-rollback-matrix.yaml,BENCHMARK_AND_OPERATIONS_GATES,PASS
SPRINT-008,ISSUE-0735,Story,STORY-0625,TASK-0625,EPIC-100,BC-008,Reviewer,HIGH,PASS,NOT_APPLICABLE,PASS,PASS,PASS,PASS,PASS,PASS,NOT_APPLICABLE,NOT_APPLICABLE,NOT_APPLICABLE,PASS,PASS,NOT_APPLICABLE,PASS,contracts/operations/slo-sli-catalog.yaml;docs/05-operations/CAPACITY_AND_SCALING.md;contracts/operations/external-dependency-register.csv;contracts/operations/vendor-exit-matrix.csv;contracts/operations/cost-model.yaml;docs/05-operations/COST_AND_UNIT_ECONOMICS.md;docs/05-operations/OBSERVABILITY.md;docs/04-quality/THREAT_MODEL.md;docs/04-quality/SECURITY_PRIVACY_LGPD.md;contracts/operations/version-and-rollback-matrix.yaml,BENCHMARK_AND_OPERATIONS_GATES,PASS
SPRINT-008,ISSUE-0736,Story,STORY-0626,TASK-0626,EPIC-101,BC-008,Arquiteto,HIGH,PASS,NOT_APPLICABLE,PASS,PASS,PASS,PASS,PASS,PASS,NOT_APPLICABLE,NOT_APPLICABLE,PASS,PASS,PASS,PASS,PASS,contracts/operations/slo-sli-catalog.yaml;docs/05-operations/CAPACITY_AND_SCALING.md;contracts/operations/external-dependency-register.csv;contracts/operations/vendor-exit-matrix.csv;contracts/operations/cost-model.yaml;docs/05-operations/COST_AND_UNIT_ECONOMICS.md;contracts/operations/version-and-rollback-matrix.yaml;docs/03-engineering/DATABASE_MIGRATIONS.md;docs/05-operations/OBSERVABILITY.md;docs/04-quality/THREAT_MODEL.md;docs/04-quality/SECURITY_PRIVACY_LGPD.md;contracts/privacy/lgpd-control-matrix.csv;docs/04-quality/LGPD_CONTROL_MODEL.md,BENCHMARK_AND_OPERATIONS_GATES,PASS
SPRINT-008,ISSUE-0737,Story,STORY-0627,TASK-0627,EPIC-101,BC-008,Geoprocessamento,HIGH,PASS,NOT_APPLICABLE,PASS,PASS,PASS,PASS,PASS,PASS,NOT_APPLICABLE,PASS,NOT_APPLICABLE,PASS,PASS,NOT_APPLICABLE,PASS,contracts/operations/slo-sli-catalog.yaml;docs/05-operations/CAPACITY_AND_SCALING.md;contracts/operations/external-dependency-register.csv;contracts/operations/vendor-exit-matrix.csv;contracts/operations/cost-model.yaml;docs/05-operations/COST_AND_UNIT_ECONOMICS.md;contracts/operations/recovery-objectives.yaml;docs/05-operations/BACKUP_RESTORE.md;docs/05-operations/OBSERVABILITY.md;docs/04-quality/THREAT_MODEL.md;docs/04-quality/SECURITY_PRIVACY_LGPD.md;contracts/operations/version-and-rollback-matrix.yaml,BENCHMARK_AND_OPERATIONS_GATES,PASS
SPRINT-008,ISSUE-0738,Story,STORY-0628,TASK-0628,EPIC-101,BC-008,Geoprocessamento,HIGH,PASS,NOT_APPLICABLE,PASS,PASS,PASS,PASS,PASS,PASS,NOT_APPLICABLE,PASS,NOT_APPLICABLE,PASS,PASS,NOT_APPLICABLE,PASS,contracts/operations/slo-sli-catalog.yaml;docs/05-operations/CAPACITY_AND_SCALING.md;contracts/operations/external-dependency-register.csv;contracts/operations/vendor-exit-matrix.csv;contracts/operations/cost-model.yaml;docs/05-operations/COST_AND_UNIT_ECONOMICS.md;contracts/operations/recovery-objectives.yaml;docs/05-operations/BACKUP_RESTORE.md;docs/05-operations/OBSERVABILITY.md;docs/04-quality/THREAT_MODEL.md;docs/04-quality/SECURITY_PRIVACY_LGPD.md;contracts/operations/version-and-rollback-matrix.yaml,BENCHMARK_AND_OPERATIONS_GATES,PASS
SPRINT-008,ISSUE-0739,Story,STORY-0629,TASK-0629,EPIC-101,BC-008,Geoprocessamento,HIGH,PASS,NOT_APPLICABLE,PASS,PASS,PASS,PASS,PASS,PASS,NOT_APPLICABLE,PASS,PASS,PASS,PASS,NOT_APPLICABLE,PASS,contracts/operations/slo-sli-catalog.yaml;docs/05-operations/CAPACITY_AND_SCALING.md;contracts/operations/external-dependency-register.csv;contracts/operations/vendor-exit-matrix.csv;contracts/operations/cost-model.yaml;docs/05-operations/COST_AND_UNIT_ECONOMICS.md;contracts/operations/recovery-objectives.yaml;docs/05-operations/BACKUP_RESTORE.md;contracts/operations/version-and-rollback-matrix.yaml;docs/03-engineering/DATABASE_MIGRATIONS.md;docs/05-operations/OBSERVABILITY.md;docs/04-quality/THREAT_MODEL.md;docs/04-quality/SECURITY_PRIVACY_LGPD.md,BENCHMARK_AND_OPERATIONS_GATES,PASS
SPRINT-008,ISSUE-0740,Story,STORY-0630,TASK-0630,EPIC-101,BC-008,Geoprocessamento,HIGH,PASS,NOT_APPLICABLE,PASS,PASS,PASS,PASS,PASS,PASS,NOT_APPLICABLE,PASS,NOT_APPLICABLE,PASS,PASS,NOT_APPLICABLE,PASS,contracts/operations/slo-sli-catalog.yaml;docs/05-operations/CAPACITY_AND_SCALING.md;contracts/operations/external-dependency-register.csv;contracts/operations/vendor-exit-matrix.csv;contracts/operations/cost-model.yaml;docs/05-operations/COST_AND_UNIT_ECONOMICS.md;contracts/operations/recovery-objectives.yaml;docs/05-operations/BACKUP_RESTORE.md;docs/05-operations/OBSERVABILITY.md;docs/04-quality/THREAT_MODEL.md;docs/04-quality/SECURITY_PRIVACY_LGPD.md;contracts/operations/version-and-rollback-matrix.yaml,BENCHMARK_AND_OPERATIONS_GATES,PASS
SPRINT-008,ISSUE-0741,Story,STORY-0631,TASK-0631,EPIC-101,BC-008,QA,HIGH,PASS,NOT_APPLICABLE,PASS,PASS,PASS,PASS,PASS,PASS,NOT_APPLICABLE,NOT_APPLICABLE,NOT_APPLICABLE,PASS,PASS,NOT_APPLICABLE,PASS,contracts/operations/slo-sli-catalog.yaml;docs/05-operations/CAPACITY_AND_SCALING.md;contracts/operations/external-dependency-register.csv;contracts/operations/vendor-exit-matrix.csv;contracts/operations/cost-model.yaml;docs/05-operations/COST_AND_UNIT_ECONOMICS.md;docs/05-operations/OBSERVABILITY.md;docs/04-quality/THREAT_MODEL.md;docs/04-quality/SECURITY_PRIVACY_LGPD.md;contracts/operations/version-and-rollback-matrix.yaml,BENCHMARK_AND_OPERATIONS_GATES,PASS
SPRINT-008,ISSUE-0742,Story,STORY-0632,TASK-0632,EPIC-101,BC-008,Reviewer,HIGH,PASS,NOT_APPLICABLE,PASS,PASS,PASS,PASS,PASS,PASS,NOT_APPLICABLE,NOT_APPLICABLE,NOT_APPLICABLE,PASS,PASS,NOT_APPLICABLE,PASS,contracts/operations/slo-sli-catalog.yaml;docs/05-operations/CAPACITY_AND_SCALING.md;contracts/operations/external-dependency-register.csv;contracts/operations/vendor-exit-matrix.csv;contracts/operations/cost-model.yaml;docs/05-operations/COST_AND_UNIT_ECONOMICS.md;docs/05-operations/OBSERVABILITY.md;docs/04-quality/THREAT_MODEL.md;docs/04-quality/SECURITY_PRIVACY_LGPD.md;contracts/operations/version-and-rollback-matrix.yaml,BENCHMARK_AND_OPERATIONS_GATES,PASS
SPRINT-008,ISSUE-0743,Story,STORY-0633,TASK-0633,EPIC-102,BC-008,Arquiteto,HIGH,PASS,NOT_APPLICABLE,PASS,PASS,PASS,PASS,PASS,PASS,NOT_APPLICABLE,PASS,PASS,PASS,PASS,PASS,PASS,contracts/operations/slo-sli-catalog.yaml;docs/05-operations/CAPACITY_AND_SCALING.md;contracts/operations/external-dependency-register.csv;contracts/operations/vendor-exit-matrix.csv;contracts/operations/cost-model.yaml;docs/05-operations/COST_AND_UNIT_ECONOMICS.md;contracts/operations/recovery-objectives.yaml;docs/05-operations/BACKUP_RESTORE.md;contracts/operations/version-and-rollback-matrix.yaml;docs/03-engineering/DATABASE_MIGRATIONS.md;docs/05-operations/OBSERVABILITY.md;docs/04-quality/THREAT_MODEL.md;docs/04-quality/SECURITY_PRIVACY_LGPD.md;contracts/privacy/lgpd-control-matrix.csv;docs/04-quality/LGPD_CONTROL_MODEL.md,BENCHMARK_AND_OPERATIONS_GATES,PASS
SPRINT-008,ISSUE-0744,Story,STORY-0634,TASK-0634,EPIC-102,BC-008,Geoprocessamento,HIGH,PASS,NOT_APPLICABLE,PASS,PASS,PASS,PASS,PASS,PASS,NOT_APPLICABLE,PASS,NOT_APPLICABLE,PASS,PASS,NOT_APPLICABLE,PASS,contracts/operations/slo-sli-catalog.yaml;docs/05-operations/CAPACITY_AND_SCALING.md;contracts/operations/external-dependency-register.csv;contracts/operations/vendor-exit-matrix.csv;contracts/operations/cost-model.yaml;docs/05-operations/COST_AND_UNIT_ECONOMICS.md;contracts/operations/recovery-objectives.yaml;docs/05-operations/BACKUP_RESTORE.md;docs/05-operations/OBSERVABILITY.md;docs/04-quality/THREAT_MODEL.md;docs/04-quality/SECURITY_PRIVACY_LGPD.md;contracts/operations/version-and-rollback-matrix.yaml,BENCHMARK_AND_OPERATIONS_GATES,PASS
SPRINT-008,ISSUE-0745,Story,STORY-0635,TASK-0635,EPIC-102,BC-008,Geoprocessamento,HIGH,PASS,NOT_APPLICABLE,PASS,PASS,PASS,PASS,PASS,PASS,NOT_APPLICABLE,PASS,NOT_APPLICABLE,PASS,PASS,NOT_APPLICABLE,PASS,contracts/operations/slo-sli-catalog.yaml;docs/05-operations/CAPACITY_AND_SCALING.md;contracts/operations/external-dependency-register.csv;contracts/operations/vendor-exit-matrix.csv;contracts/operations/cost-model.yaml;docs/05-operations/COST_AND_UNIT_ECONOMICS.md;contracts/operations/recovery-objectives.yaml;docs/05-operations/BACKUP_RESTORE.md;docs/05-operations/OBSERVABILITY.md;docs/04-quality/THREAT_MODEL.md;docs/04-quality/SECURITY_PRIVACY_LGPD.md;contracts/operations/version-and-rollback-matrix.yaml,BENCHMARK_AND_OPERATIONS_GATES,PASS
SPRINT-008,ISSUE-0746,Story,STORY-0636,TASK-0636,EPIC-102,BC-008,Geoprocessamento,HIGH,PASS,NOT_APPLICABLE,PASS,PASS,PASS,PASS,PASS,PASS,NOT_APPLICABLE,PASS,PASS,PASS,PASS,NOT_APPLICABLE,PASS,contracts/operations/slo-sli-catalog.yaml;docs/05-operations/CAPACITY_AND_SCALING.md;contracts/operations/external-dependency-register.csv;contracts/operations/vendor-exit-matrix.csv;contracts/operations/cost-model.yaml;docs/05-operations/COST_AND_UNIT_ECONOMICS.md;contracts/operations/recovery-objectives.yaml;docs/05-operations/BACKUP_RESTORE.md;contracts/operations/version-and-rollback-matrix.yaml;docs/03-engineering/DATABASE_MIGRATIONS.md;docs/05-operations/OBSERVABILITY.md;docs/04-quality/THREAT_MODEL.md;docs/04-quality/SECURITY_PRIVACY_LGPD.md,BENCHMARK_AND_OPERATIONS_GATES,PASS
SPRINT-008,ISSUE-0747,Story,STORY-0637,TASK-0637,EPIC-102,BC-008,Geoprocessamento,HIGH,PASS,NOT_APPLICABLE,PASS,PASS,PASS,PASS,PASS,PASS,NOT_APPLICABLE,PASS,NOT_APPLICABLE,PASS,PASS,NOT_APPLICABLE,PASS,contracts/operations/slo-sli-catalog.yaml;docs/05-operations/CAPACITY_AND_SCALING.md;contracts/operations/external-dependency-register.csv;contracts/operations/vendor-exit-matrix.csv;contracts/operations/cost-model.yaml;docs/05-operations/COST_AND_UNIT_ECONOMICS.md;contracts/operations/recovery-objectives.yaml;docs/05-operations/BACKUP_RESTORE.md;docs/05-operations/OBSERVABILITY.md;docs/04-quality/THREAT_MODEL.md;docs/04-quality/SECURITY_PRIVACY_LGPD.md;contracts/operations/version-and-rollback-matrix.yaml,BENCHMARK_AND_OPERATIONS_GATES,PASS
SPRINT-008,ISSUE-0748,Story,STORY-0638,TASK-0638,EPIC-102,BC-008,QA,HIGH,PASS,NOT_APPLICABLE,PASS,PASS,PASS,PASS,PASS,PASS,NOT_APPLICABLE,PASS,NOT_APPLICABLE,PASS,PASS,NOT_APPLICABLE,PASS,contracts/operations/slo-sli-catalog.yaml;docs/05-operations/CAPACITY_AND_SCALING.md;contracts/operations/external-dependency-register.csv;contracts/operations/vendor-exit-matrix.csv;contracts/operations/cost-model.yaml;docs/05-operations/COST_AND_UNIT_ECONOMICS.md;contracts/operations/recovery-objectives.yaml;docs/05-operations/BACKUP_RESTORE.md;docs/05-operations/OBSERVABILITY.md;docs/04-quality/THREAT_MODEL.md;docs/04-quality/SECURITY_PRIVACY_LGPD.md;contracts/operations/version-and-rollback-matrix.yaml,BENCHMARK_AND_OPERATIONS_GATES,PASS
SPRINT-008,ISSUE-0749,Story,STORY-0639,TASK-0639,EPIC-102,BC-008,Reviewer,HIGH,PASS,NOT_APPLICABLE,PASS,PASS,PASS,PASS,PASS,PASS,NOT_APPLICABLE,PASS,NOT_APPLICABLE,PASS,PASS,NOT_APPLICABLE,PASS,contracts/operations/slo-sli-catalog.yaml;docs/05-operations/CAPACITY_AND_SCALING.md;contracts/operations/external-dependency-register.csv;contracts/operations/vendor-exit-matrix.csv;contracts/operations/cost-model.yaml;docs/05-operations/COST_AND_UNIT_ECONOMICS.md;contracts/operations/recovery-objectives.yaml;docs/05-operations/BACKUP_RESTORE.md;docs/05-operations/OBSERVABILITY.md;docs/04-quality/THREAT_MODEL.md;docs/04-quality/SECURITY_PRIVACY_LGPD.md;contracts/operations/version-and-rollback-matrix.yaml,BENCHMARK_AND_OPERATIONS_GATES,PASS
SPRINT-008,ISSUE-0750,Story,STORY-0640,TASK-0640,EPIC-103,BC-008,Arquiteto,HIGH,PASS,PASS,PASS,PASS,PASS,PASS,PASS,PASS,NOT_APPLICABLE,PASS,PASS,PASS,PASS,PASS,PASS,contracts/operations/slo-sli-catalog.yaml;docs/05-operations/CAPACITY_AND_SCALING.md;contracts/operations/lock-and-queue-policy.yaml;contracts/operations/external-dependency-register.csv;contracts/operations/vendor-exit-matrix.csv;contracts/operations/cost-model.yaml;docs/05-operations/COST_AND_UNIT_ECONOMICS.md;contracts/operations/recovery-objectives.yaml;docs/05-operations/BACKUP_RESTORE.md;contracts/operations/version-and-rollback-matrix.yaml;docs/03-engineering/DATABASE_MIGRATIONS.md;docs/05-operations/OBSERVABILITY.md;docs/04-quality/THREAT_MODEL.md;docs/04-quality/SECURITY_PRIVACY_LGPD.md;contracts/privacy/lgpd-control-matrix.csv;docs/04-quality/LGPD_CONTROL_MODEL.md,BENCHMARK_AND_OPERATIONS_GATES,PASS
SPRINT-008,ISSUE-0751,Story,STORY-0641,TASK-0641,EPIC-103,BC-008,Geoprocessamento,HIGH,PASS,PASS,PASS,PASS,PASS,PASS,PASS,PASS,PASS,PASS,PASS,PASS,PASS,NOT_APPLICABLE,PASS,contracts/operations/slo-sli-catalog.yaml;docs/05-operations/CAPACITY_AND_SCALING.md;contracts/operations/lock-and-queue-policy.yaml;contracts/operations/external-dependency-register.csv;contracts/operations/vendor-exit-matrix.csv;contracts/operations/cost-model.yaml;docs/05-operations/COST_AND_UNIT_ECONOMICS.md;contracts/operations/recovery-objectives.yaml;docs/05-operations/BACKUP_RESTORE.md;contracts/operations/version-and-rollback-matrix.yaml;docs/03-engineering/DATABASE_MIGRATIONS.md;docs/05-operations/OBSERVABILITY.md;docs/04-quality/THREAT_MODEL.md;docs/04-quality/SECURITY_PRIVACY_LGPD.md,BENCHMARK_AND_OPERATIONS_GATES,PASS
SPRINT-008,ISSUE-0752,Story,STORY-0642,TASK-0642,EPIC-103,BC-008,Geoprocessamento,HIGH,PASS,PASS,PASS,PASS,PASS,PASS,PASS,PASS,PASS,PASS,PASS,PASS,PASS,NOT_APPLICABLE,PASS,contracts/operations/slo-sli-catalog.yaml;docs/05-operations/CAPACITY_AND_SCALING.md;contracts/operations/lock-and-queue-policy.yaml;contracts/operations/external-dependency-register.csv;contracts/operations/vendor-exit-matrix.csv;contracts/operations/cost-model.yaml;docs/05-operations/COST_AND_UNIT_ECONOMICS.md;contracts/operations/recovery-objectives.yaml;docs/05-operations/BACKUP_RESTORE.md;contracts/operations/version-and-rollback-matrix.yaml;docs/03-engineering/DATABASE_MIGRATIONS.md;docs/05-operations/OBSERVABILITY.md;docs/04-quality/THREAT_MODEL.md;docs/04-quality/SECURITY_PRIVACY_LGPD.md,BENCHMARK_AND_OPERATIONS_GATES,PASS
SPRINT-008,ISSUE-0753,Story,STORY-0643,TASK-0643,EPIC-103,BC-008,Geoprocessamento,HIGH,PASS,PASS,PASS,PASS,PASS,PASS,PASS,PASS,NOT_APPLICABLE,PASS,PASS,PASS,PASS,NOT_APPLICABLE,PASS,contracts/operations/slo-sli-catalog.yaml;docs/05-operations/CAPACITY_AND_SCALING.md;contracts/operations/lock-and-queue-policy.yaml;contracts/operations/external-dependency-register.csv;contracts/operations/vendor-exit-matrix.csv;contracts/operations/cost-model.yaml;docs/05-operations/COST_AND_UNIT_ECONOMICS.md;contracts/operations/recovery-objectives.yaml;docs/05-operations/BACKUP_RESTORE.md;contracts/operations/version-and-rollback-matrix.yaml;docs/03-engineering/DATABASE_MIGRATIONS.md;docs/05-operations/OBSERVABILITY.md;docs/04-quality/THREAT_MODEL.md;docs/04-quality/SECURITY_PRIVACY_LGPD.md,BENCHMARK_AND_OPERATIONS_GATES,PASS
SPRINT-008,ISSUE-0754,Story,STORY-0644,TASK-0644,EPIC-103,BC-008,Geoprocessamento,HIGH,PASS,PASS,PASS,PASS,PASS,PASS,PASS,PASS,NOT_APPLICABLE,PASS,PASS,PASS,PASS,NOT_APPLICABLE,PASS,contracts/operations/slo-sli-catalog.yaml;docs/05-operations/CAPACITY_AND_SCALING.md;contracts/operations/lock-and-queue-policy.yaml;contracts/operations/external-dependency-register.csv;contracts/operations/vendor-exit-matrix.csv;contracts/operations/cost-model.yaml;docs/05-operations/COST_AND_UNIT_ECONOMICS.md;contracts/operations/recovery-objectives.yaml;docs/05-operations/BACKUP_RESTORE.md;contracts/operations/version-and-rollback-matrix.yaml;docs/03-engineering/DATABASE_MIGRATIONS.md;docs/05-operations/OBSERVABILITY.md;docs/04-quality/THREAT_MODEL.md;docs/04-quality/SECURITY_PRIVACY_LGPD.md,BENCHMARK_AND_OPERATIONS_GATES,PASS
SPRINT-008,ISSUE-0755,Story,STORY-0645,TASK-0645,EPIC-103,BC-008,QA,HIGH,PASS,PASS,PASS,PASS,PASS,PASS,PASS,PASS,NOT_APPLICABLE,PASS,PASS,PASS,PASS,NOT_APPLICABLE,PASS,contracts/operations/slo-sli-catalog.yaml;docs/05-operations/CAPACITY_AND_SCALING.md;contracts/operations/lock-and-queue-policy.yaml;contracts/operations/external-dependency-register.csv;contracts/operations/vendor-exit-matrix.csv;contracts/operations/cost-model.yaml;docs/05-operations/COST_AND_UNIT_ECONOMICS.md;contracts/operations/recovery-objectives.yaml;docs/05-operations/BACKUP_RESTORE.md;contracts/operations/version-and-rollback-matrix.yaml;docs/03-engineering/DATABASE_MIGRATIONS.md;docs/05-operations/OBSERVABILITY.md;docs/04-quality/THREAT_MODEL.md;docs/04-quality/SECURITY_PRIVACY_LGPD.md,BENCHMARK_AND_OPERATIONS_GATES,PASS
SPRINT-008,ISSUE-0756,Story,STORY-0646,TASK-0646,EPIC-103,BC-008,Reviewer,HIGH,PASS,PASS,PASS,PASS,PASS,PASS,PASS,PASS,NOT_APPLICABLE,PASS,PASS,PASS,PASS,NOT_APPLICABLE,PASS,contracts/operations/slo-sli-catalog.yaml;docs/05-operations/CAPACITY_AND_SCALING.md;contracts/operations/lock-and-queue-policy.yaml;contracts/operations/external-dependency-register.csv;contracts/operations/vendor-exit-matrix.csv;contracts/operations/cost-model.yaml;docs/05-operations/COST_AND_UNIT_ECONOMICS.md;contracts/operations/recovery-objectives.yaml;docs/05-operations/BACKUP_RESTORE.md;contracts/operations/version-and-rollback-matrix.yaml;docs/03-engineering/DATABASE_MIGRATIONS.md;docs/05-operations/OBSERVABILITY.md;docs/04-quality/THREAT_MODEL.md;docs/04-quality/SECURITY_PRIVACY_LGPD.md,BENCHMARK_AND_OPERATIONS_GATES,PASS
SPRINT-009,ISSUE-0031,Epic delivery envelope,,,EPIC-031,BC-016,Frontend,CRITICAL,PASS,NOT_APPLICABLE,PASS,PASS,PASS,PASS,NOT_APPLICABLE,PASS,PASS,PASS,PASS,PASS,PASS,PASS,PASS,contracts/operations/slo-sli-catalog.yaml;docs/05-operations/CAPACITY_AND_SCALING.md;contracts/operations/external-dependency-register.csv;contracts/operations/vendor-exit-matrix.csv;contracts/operations/cost-model.yaml;docs/05-operations/COST_AND_UNIT_ECONOMICS.md;contracts/operations/version-and-rollback-matrix.yaml;docs/03-engineering/DATABASE_MIGRATIONS.md;docs/05-operations/OBSERVABILITY.md;docs/04-quality/THREAT_MODEL.md;docs/04-quality/SECURITY_PRIVACY_LGPD.md;contracts/privacy/lgpd-control-matrix.csv;docs/04-quality/LGPD_CONTROL_MODEL.md;contracts/operations/lock-and-queue-policy.yaml;contracts/operations/recovery-objectives.yaml;docs/05-operations/BACKUP_RESTORE.md,SECURITY_AND_PRIVACY_GATES,PASS
SPRINT-009,ISSUE-0032,Epic delivery envelope,,,EPIC-032,BC-016,Frontend,CRITICAL,PASS,NOT_APPLICABLE,PASS,PASS,PASS,PASS,NOT_APPLICABLE,PASS,PASS,NOT_APPLICABLE,PASS,PASS,PASS,PASS,PASS,contracts/operations/slo-sli-catalog.yaml;docs/05-operations/CAPACITY_AND_SCALING.md;contracts/operations/external-dependency-register.csv;contracts/operations/vendor-exit-matrix.csv;contracts/operations/cost-model.yaml;docs/05-operations/COST_AND_UNIT_ECONOMICS.md;docs/05-operations/OBSERVABILITY.md;docs/04-quality/THREAT_MODEL.md;docs/04-quality/SECURITY_PRIVACY_LGPD.md;contracts/privacy/lgpd-control-matrix.csv;docs/04-quality/LGPD_CONTROL_MODEL.md;contracts/operations/version-and-rollback-matrix.yaml;contracts/operations/lock-and-queue-policy.yaml;docs/03-engineering/DATABASE_MIGRATIONS.md,SECURITY_AND_PRIVACY_GATES,PASS
SPRINT-009,ISSUE-0033,Epic delivery envelope,,,EPIC-033,BC-016,Frontend,CRITICAL,PASS,NOT_APPLICABLE,PASS,PASS,PASS,PASS,PASS,PASS,NOT_APPLICABLE,NOT_APPLICABLE,PASS,PASS,PASS,PASS,PASS,contracts/operations/slo-sli-catalog.yaml;docs/05-operations/CAPACITY_AND_SCALING.md;contracts/operations/external-dependency-register.csv;contracts/operations/vendor-exit-matrix.csv;contracts/operations/cost-model.yaml;docs/05-operations/COST_AND_UNIT_ECONOMICS.md;docs/05-operations/OBSERVABILITY.md;docs/04-quality/THREAT_MODEL.md;docs/04-quality/SECURITY_PRIVACY_LGPD.md;contracts/privacy/lgpd-control-matrix.csv;docs/04-quality/LGPD_CONTROL_MODEL.md;contracts/operations/version-and-rollback-matrix.yaml;docs/03-engineering/DATABASE_MIGRATIONS.md,SECURITY_AND_PRIVACY_GATES,PASS
SPRINT-009,ISSUE-0034,Epic delivery envelope,,,EPIC-034,BC-016,Frontend,CRITICAL,PASS,NOT_APPLICABLE,PASS,PASS,PASS,PASS,PASS,PASS,PASS,PASS,PASS,PASS,PASS,PASS,PASS,contracts/operations/slo-sli-catalog.yaml;docs/05-operations/CAPACITY_AND_SCALING.md;contracts/operations/external-dependency-register.csv;contracts/operations/vendor-exit-matrix.csv;contracts/operations/cost-model.yaml;docs/05-operations/COST_AND_UNIT_ECONOMICS.md;contracts/operations/lock-and-queue-policy.yaml;contracts/operations/recovery-objectives.yaml;docs/05-operations/BACKUP_RESTORE.md;docs/05-operations/OBSERVABILITY.md;docs/04-quality/THREAT_MODEL.md;docs/04-quality/SECURITY_PRIVACY_LGPD.md;contracts/privacy/lgpd-control-matrix.csv;docs/04-quality/LGPD_CONTROL_MODEL.md;contracts/operations/version-and-rollback-matrix.yaml;docs/03-engineering/DATABASE_MIGRATIONS.md,SECURITY_AND_PRIVACY_GATES,PASS
SPRINT-009,ISSUE-0035,Epic delivery envelope,,,EPIC-035,BC-011,Frontend,CRITICAL,PASS,PASS,PASS,PASS,PASS,PASS,NOT_APPLICABLE,PASS,NOT_APPLICABLE,PASS,PASS,PASS,PASS,PASS,PASS,contracts/operations/external-dependency-register.csv;contracts/operations/vendor-exit-matrix.csv;contracts/operations/cost-model.yaml;docs/05-operations/COST_AND_UNIT_ECONOMICS.md;contracts/operations/slo-sli-catalog.yaml;docs/05-operations/OBSERVABILITY.md;docs/04-quality/THREAT_MODEL.md;docs/04-quality/SECURITY_PRIVACY_LGPD.md;contracts/operations/version-and-rollback-matrix.yaml;docs/05-operations/CAPACITY_AND_SCALING.md;docs/03-engineering/DATABASE_MIGRATIONS.md;contracts/privacy/lgpd-control-matrix.csv;docs/04-quality/LGPD_CONTROL_MODEL.md;contracts/operations/lock-and-queue-policy.yaml;contracts/operations/recovery-objectives.yaml;docs/05-operations/BACKUP_RESTORE.md,SECURITY_AND_PRIVACY_GATES,PASS
SPRINT-009,ISSUE-0036,Epic delivery envelope,,,EPIC-036,BC-016,Product Owner,MEDIUM,PASS,NOT_APPLICABLE,PASS,PASS,PASS,PASS,NOT_APPLICABLE,PASS,NOT_APPLICABLE,NOT_APPLICABLE,NOT_APPLICABLE,PASS,PASS,PASS,PASS,contracts/operations/slo-sli-catalog.yaml;docs/05-operations/CAPACITY_AND_SCALING.md;contracts/operations/external-dependency-register.csv;contracts/operations/vendor-exit-matrix.csv;contracts/operations/cost-model.yaml;docs/05-operations/COST_AND_UNIT_ECONOMICS.md;docs/05-operations/OBSERVABILITY.md;docs/04-quality/THREAT_MODEL.md;docs/04-quality/SECURITY_PRIVACY_LGPD.md;contracts/privacy/lgpd-control-matrix.csv;docs/04-quality/LGPD_CONTROL_MODEL.md;contracts/operations/version-and-rollback-matrix.yaml,IMPLEMENTATION_AUTHORIZATION,PASS
SPRINT-009,ISSUE-0062,Epic delivery envelope,,,EPIC-062,BC-011,Frontend,HIGH,PASS,PASS,PASS,PASS,PASS,PASS,NOT_APPLICABLE,PASS,NOT_APPLICABLE,PASS,PASS,PASS,PASS,PASS,PASS,contracts/operations/external-dependency-register.csv;contracts/operations/vendor-exit-matrix.csv;contracts/operations/cost-model.yaml;docs/05-operations/COST_AND_UNIT_ECONOMICS.md;contracts/operations/slo-sli-catalog.yaml;docs/05-operations/OBSERVABILITY.md;docs/04-quality/THREAT_MODEL.md;docs/04-quality/SECURITY_PRIVACY_LGPD.md;contracts/operations/version-and-rollback-matrix.yaml;docs/05-operations/CAPACITY_AND_SCALING.md;docs/03-engineering/DATABASE_MIGRATIONS.md;contracts/privacy/lgpd-control-matrix.csv;docs/04-quality/LGPD_CONTROL_MODEL.md;contracts/operations/lock-and-queue-policy.yaml;contracts/operations/recovery-objectives.yaml;docs/05-operations/BACKUP_RESTORE.md,BENCHMARK_AND_OPERATIONS_GATES,PASS
SPRINT-009,ISSUE-0064,Epic delivery envelope,,,EPIC-064,BC-011,Frontend,HIGH,PASS,NOT_APPLICABLE,PASS,PASS,PASS,PASS,NOT_APPLICABLE,PASS,NOT_APPLICABLE,NOT_APPLICABLE,PASS,PASS,PASS,PASS,PASS,contracts/operations/external-dependency-register.csv;contracts/operations/vendor-exit-matrix.csv;contracts/operations/cost-model.yaml;docs/05-operations/COST_AND_UNIT_ECONOMICS.md;contracts/operations/slo-sli-catalog.yaml;docs/05-operations/OBSERVABILITY.md;docs/04-quality/THREAT_MODEL.md;docs/04-quality/SECURITY_PRIVACY_LGPD.md;contracts/privacy/lgpd-control-matrix.csv;docs/04-quality/LGPD_CONTROL_MODEL.md;contracts/operations/version-and-rollback-matrix.yaml;docs/05-operations/CAPACITY_AND_SCALING.md;docs/03-engineering/DATABASE_MIGRATIONS.md,BENCHMARK_AND_OPERATIONS_GATES,PASS
SPRINT-009,ISSUE-0084,Epic delivery envelope,,,EPIC-084,BC-016,Frontend,HIGH,PASS,NOT_APPLICABLE,PASS,PASS,PASS,PASS,NOT_APPLICABLE,PASS,NOT_APPLICABLE,NOT_APPLICABLE,PASS,PASS,PASS,PASS,PASS,contracts/operations/slo-sli-catalog.yaml;docs/05-operations/CAPACITY_AND_SCALING.md;contracts/operations/external-dependency-register.csv;contracts/operations/vendor-exit-matrix.csv;contracts/operations/cost-model.yaml;docs/05-operations/COST_AND_UNIT_ECONOMICS.md;docs/05-operations/OBSERVABILITY.md;docs/04-quality/THREAT_MODEL.md;docs/04-quality/SECURITY_PRIVACY_LGPD.md;contracts/privacy/lgpd-control-matrix.csv;docs/04-quality/LGPD_CONTROL_MODEL.md;contracts/operations/version-and-rollback-matrix.yaml;docs/03-engineering/DATABASE_MIGRATIONS.md,BENCHMARK_AND_OPERATIONS_GATES,PASS
SPRINT-009,ISSUE-0295,Story,STORY-0185,TASK-0185,EPIC-031,BC-016,Product Owner,HIGH,PASS,NOT_APPLICABLE,PASS,PASS,PASS,PASS,NOT_APPLICABLE,PASS,NOT_APPLICABLE,NOT_APPLICABLE,PASS,PASS,PASS,PASS,PASS,contracts/operations/slo-sli-catalog.yaml;docs/05-operations/CAPACITY_AND_SCALING.md;contracts/operations/external-dependency-register.csv;contracts/operations/vendor-exit-matrix.csv;contracts/operations/cost-model.yaml;docs/05-operations/COST_AND_UNIT_ECONOMICS.md;contracts/operations/version-and-rollback-matrix.yaml;docs/03-engineering/DATABASE_MIGRATIONS.md;docs/05-operations/OBSERVABILITY.md;docs/04-quality/THREAT_MODEL.md;docs/04-quality/SECURITY_PRIVACY_LGPD.md;contracts/privacy/lgpd-control-matrix.csv;docs/04-quality/LGPD_CONTROL_MODEL.md,BENCHMARK_AND_OPERATIONS_GATES,PASS
SPRINT-009,ISSUE-0296,Story,STORY-0186,TASK-0186,EPIC-031,BC-016,Frontend,HIGH,PASS,NOT_APPLICABLE,PASS,PASS,PASS,PASS,NOT_APPLICABLE,PASS,NOT_APPLICABLE,NOT_APPLICABLE,PASS,PASS,PASS,PASS,PASS,contracts/operations/slo-sli-catalog.yaml;docs/05-operations/CAPACITY_AND_SCALING.md;contracts/operations/external-dependency-register.csv;contracts/operations/vendor-exit-matrix.csv;contracts/operations/cost-model.yaml;docs/05-operations/COST_AND_UNIT_ECONOMICS.md;contracts/operations/version-and-rollback-matrix.yaml;docs/03-engineering/DATABASE_MIGRATIONS.md;docs/05-operations/OBSERVABILITY.md;docs/04-quality/THREAT_MODEL.md;docs/04-quality/SECURITY_PRIVACY_LGPD.md;contracts/privacy/lgpd-control-matrix.csv;docs/04-quality/LGPD_CONTROL_MODEL.md,BENCHMARK_AND_OPERATIONS_GATES,PASS
SPRINT-009,ISSUE-0297,Story,STORY-0187,TASK-0187,EPIC-031,BC-016,Frontend,HIGH,PASS,NOT_APPLICABLE,PASS,PASS,PASS,PASS,NOT_APPLICABLE,PASS,NOT_APPLICABLE,NOT_APPLICABLE,PASS,PASS,PASS,PASS,PASS,contracts/operations/slo-sli-catalog.yaml;docs/05-operations/CAPACITY_AND_SCALING.md;contracts/operations/external-dependency-register.csv;contracts/operations/vendor-exit-matrix.csv;contracts/operations/cost-model.yaml;docs/05-operations/COST_AND_UNIT_ECONOMICS.md;contracts/operations/version-and-rollback-matrix.yaml;docs/03-engineering/DATABASE_MIGRATIONS.md;docs/05-operations/OBSERVABILITY.md;docs/04-quality/THREAT_MODEL.md;docs/04-quality/SECURITY_PRIVACY_LGPD.md;contracts/privacy/lgpd-control-matrix.csv;docs/04-quality/LGPD_CONTROL_MODEL.md,BENCHMARK_AND_OPERATIONS_GATES,PASS
SPRINT-009,ISSUE-0298,Story,STORY-0188,TASK-0188,EPIC-031,BC-016,Frontend,HIGH,PASS,NOT_APPLICABLE,PASS,PASS,PASS,PASS,NOT_APPLICABLE,PASS,NOT_APPLICABLE,NOT_APPLICABLE,PASS,PASS,PASS,PASS,PASS,contracts/operations/slo-sli-catalog.yaml;docs/05-operations/CAPACITY_AND_SCALING.md;contracts/operations/external-dependency-register.csv;contracts/operations/vendor-exit-matrix.csv;contracts/operations/cost-model.yaml;docs/05-operations/COST_AND_UNIT_ECONOMICS.md;contracts/operations/version-and-rollback-matrix.yaml;docs/03-engineering/DATABASE_MIGRATIONS.md;docs/05-operations/OBSERVABILITY.md;docs/04-quality/THREAT_MODEL.md;docs/04-quality/SECURITY_PRIVACY_LGPD.md;contracts/privacy/lgpd-control-matrix.csv;docs/04-quality/LGPD_CONTROL_MODEL.md,BENCHMARK_AND_OPERATIONS_GATES,PASS
SPRINT-009,ISSUE-0299,Story,STORY-0189,TASK-0189,EPIC-031,BC-016,QA,CRITICAL,PASS,NOT_APPLICABLE,PASS,PASS,PASS,PASS,NOT_APPLICABLE,PASS,NOT_APPLICABLE,NOT_APPLICABLE,PASS,PASS,PASS,PASS,PASS,contracts/operations/slo-sli-catalog.yaml;docs/05-operations/CAPACITY_AND_SCALING.md;contracts/operations/external-dependency-register.csv;contracts/operations/vendor-exit-matrix.csv;contracts/operations/cost-model.yaml;docs/05-operations/COST_AND_UNIT_ECONOMICS.md;contracts/operations/version-and-rollback-matrix.yaml;docs/03-engineering/DATABASE_MIGRATIONS.md;docs/05-operations/OBSERVABILITY.md;docs/04-quality/THREAT_MODEL.md;docs/04-quality/SECURITY_PRIVACY_LGPD.md;contracts/privacy/lgpd-control-matrix.csv;docs/04-quality/LGPD_CONTROL_MODEL.md,SECURITY_AND_PRIVACY_GATES,PASS
SPRINT-009,ISSUE-0300,Story,STORY-0190,TASK-0190,EPIC-031,BC-016,Reviewer,HIGH,PASS,NOT_APPLICABLE,PASS,PASS,PASS,PASS,NOT_APPLICABLE,PASS,NOT_APPLICABLE,NOT_APPLICABLE,PASS,PASS,PASS,PASS,PASS,contracts/operations/slo-sli-catalog.yaml;docs/05-operations/CAPACITY_AND_SCALING.md;contracts/operations/external-dependency-register.csv;contracts/operations/vendor-exit-matrix.csv;contracts/operations/cost-model.yaml;docs/05-operations/COST_AND_UNIT_ECONOMICS.md;contracts/operations/version-and-rollback-matrix.yaml;docs/03-engineering/DATABASE_MIGRATIONS.md;docs/05-operations/OBSERVABILITY.md;docs/04-quality/THREAT_MODEL.md;docs/04-quality/SECURITY_PRIVACY_LGPD.md;contracts/privacy/lgpd-control-matrix.csv;docs/04-quality/LGPD_CONTROL_MODEL.md,BENCHMARK_AND_OPERATIONS_GATES,PASS
SPRINT-009,ISSUE-0301,Story,STORY-0191,TASK-0191,EPIC-032,BC-016,Product Owner,MEDIUM,PASS,NOT_APPLICABLE,PASS,PASS,PASS,PASS,NOT_APPLICABLE,PASS,NOT_APPLICABLE,NOT_APPLICABLE,NOT_APPLICABLE,PASS,PASS,PASS,PASS,contracts/operations/slo-sli-catalog.yaml;docs/05-operations/CAPACITY_AND_SCALING.md;contracts/operations/external-dependency-register.csv;contracts/operations/vendor-exit-matrix.csv;contracts/operations/cost-model.yaml;docs/05-operations/COST_AND_UNIT_ECONOMICS.md;docs/05-operations/OBSERVABILITY.md;docs/04-quality/THREAT_MODEL.md;docs/04-quality/SECURITY_PRIVACY_LGPD.md;contracts/privacy/lgpd-control-matrix.csv;docs/04-quality/LGPD_CONTROL_MODEL.md;contracts/operations/version-and-rollback-matrix.yaml,IMPLEMENTATION_AUTHORIZATION,PASS
SPRINT-009,ISSUE-0302,Story,STORY-0192,TASK-0192,EPIC-032,BC-016,Frontend,CRITICAL,PASS,NOT_APPLICABLE,PASS,PASS,PASS,PASS,NOT_APPLICABLE,PASS,PASS,NOT_APPLICABLE,PASS,PASS,PASS,PASS,PASS,contracts/operations/slo-sli-catalog.yaml;docs/05-operations/CAPACITY_AND_SCALING.md;contracts/operations/external-dependency-register.csv;contracts/operations/vendor-exit-matrix.csv;contracts/operations/cost-model.yaml;docs/05-operations/COST_AND_UNIT_ECONOMICS.md;contracts/operations/lock-and-queue-policy.yaml;contracts/operations/version-and-rollback-matrix.yaml;docs/03-engineering/DATABASE_MIGRATIONS.md;docs/05-operations/OBSERVABILITY.md;docs/04-quality/THREAT_MODEL.md;docs/04-quality/SECURITY_PRIVACY_LGPD.md;contracts/privacy/lgpd-control-matrix.csv;docs/04-quality/LGPD_CONTROL_MODEL.md,SECURITY_AND_PRIVACY_GATES,PASS
SPRINT-009,ISSUE-0303,Story,STORY-0193,TASK-0193,EPIC-032,BC-016,Frontend,HIGH,PASS,NOT_APPLICABLE,PASS,PASS,PASS,PASS,NOT_APPLICABLE,PASS,NOT_APPLICABLE,NOT_APPLICABLE,PASS,PASS,PASS,PASS,PASS,contracts/operations/slo-sli-catalog.yaml;docs/05-operations/CAPACITY_AND_SCALING.md;contracts/operations/external-dependency-register.csv;contracts/operations/vendor-exit-matrix.csv;contracts/operations/cost-model.yaml;docs/05-operations/COST_AND_UNIT_ECONOMICS.md;contracts/operations/version-and-rollback-matrix.yaml;docs/03-engineering/DATABASE_MIGRATIONS.md;docs/05-operations/OBSERVABILITY.md;docs/04-quality/THREAT_MODEL.md;docs/04-quality/SECURITY_PRIVACY_LGPD.md;contracts/privacy/lgpd-control-matrix.csv;docs/04-quality/LGPD_CONTROL_MODEL.md,BENCHMARK_AND_OPERATIONS_GATES,PASS
SPRINT-009,ISSUE-0304,Story,STORY-0194,TASK-0194,EPIC-032,BC-016,Frontend,HIGH,PASS,NOT_APPLICABLE,PASS,PASS,PASS,PASS,NOT_APPLICABLE,PASS,NOT_APPLICABLE,NOT_APPLICABLE,PASS,PASS,PASS,PASS,PASS,contracts/operations/slo-sli-catalog.yaml;docs/05-operations/CAPACITY_AND_SCALING.md;contracts/operations/external-dependency-register.csv;contracts/operations/vendor-exit-matrix.csv;contracts/operations/cost-model.yaml;docs/05-operations/COST_AND_UNIT_ECONOMICS.md;contracts/operations/version-and-rollback-matrix.yaml;docs/03-engineering/DATABASE_MIGRATIONS.md;docs/05-operations/OBSERVABILITY.md;docs/04-quality/THREAT_MODEL.md;docs/04-quality/SECURITY_PRIVACY_LGPD.md;contracts/privacy/lgpd-control-matrix.csv;docs/04-quality/LGPD_CONTROL_MODEL.md,BENCHMARK_AND_OPERATIONS_GATES,PASS
SPRINT-009,ISSUE-0305,Story,STORY-0195,TASK-0195,EPIC-032,BC-016,QA,MEDIUM,PASS,NOT_APPLICABLE,PASS,PASS,PASS,PASS,NOT_APPLICABLE,PASS,NOT_APPLICABLE,NOT_APPLICABLE,NOT_APPLICABLE,PASS,PASS,PASS,PASS,contracts/operations/slo-sli-catalog.yaml;docs/05-operations/CAPACITY_AND_SCALING.md;contracts/operations/external-dependency-register.csv;contracts/operations/vendor-exit-matrix.csv;contracts/operations/cost-model.yaml;docs/05-operations/COST_AND_UNIT_ECONOMICS.md;docs/05-operations/OBSERVABILITY.md;docs/04-quality/THREAT_MODEL.md;docs/04-quality/SECURITY_PRIVACY_LGPD.md;contracts/privacy/lgpd-control-matrix.csv;docs/04-quality/LGPD_CONTROL_MODEL.md;contracts/operations/version-and-rollback-matrix.yaml,IMPLEMENTATION_AUTHORIZATION,PASS
SPRINT-009,ISSUE-0306,Story,STORY-0196,TASK-0196,EPIC-032,BC-016,Reviewer,MEDIUM,PASS,NOT_APPLICABLE,PASS,PASS,PASS,PASS,NOT_APPLICABLE,PASS,NOT_APPLICABLE,NOT_APPLICABLE,PASS,PASS,PASS,PASS,PASS,contracts/operations/slo-sli-catalog.yaml;docs/05-operations/CAPACITY_AND_SCALING.md;contracts/operations/external-dependency-register.csv;contracts/operations/vendor-exit-matrix.csv;contracts/operations/cost-model.yaml;docs/05-operations/COST_AND_UNIT_ECONOMICS.md;contracts/operations/version-and-rollback-matrix.yaml;docs/03-engineering/DATABASE_MIGRATIONS.md;docs/05-operations/OBSERVABILITY.md;docs/04-quality/THREAT_MODEL.md;docs/04-quality/SECURITY_PRIVACY_LGPD.md;contracts/privacy/lgpd-control-matrix.csv;docs/04-quality/LGPD_CONTROL_MODEL.md,IMPLEMENTATION_AUTHORIZATION,PASS
SPRINT-009,ISSUE-0307,Story,STORY-0197,TASK-0197,EPIC-033,BC-016,Product Owner,CRITICAL,PASS,NOT_APPLICABLE,PASS,PASS,PASS,PASS,PASS,PASS,NOT_APPLICABLE,NOT_APPLICABLE,NOT_APPLICABLE,PASS,PASS,PASS,PASS,contracts/operations/slo-sli-catalog.yaml;docs/05-operations/CAPACITY_AND_SCALING.md;contracts/operations/external-dependency-register.csv;contracts/operations/vendor-exit-matrix.csv;contracts/operations/cost-model.yaml;docs/05-operations/COST_AND_UNIT_ECONOMICS.md;docs/05-operations/OBSERVABILITY.md;docs/04-quality/THREAT_MODEL.md;docs/04-quality/SECURITY_PRIVACY_LGPD.md;contracts/privacy/lgpd-control-matrix.csv;docs/04-quality/LGPD_CONTROL_MODEL.md;contracts/operations/version-and-rollback-matrix.yaml,SECURITY_AND_PRIVACY_GATES,PASS
SPRINT-009,ISSUE-0308,Story,STORY-0198,TASK-0198,EPIC-033,BC-016,Frontend,HIGH,PASS,NOT_APPLICABLE,PASS,PASS,PASS,PASS,NOT_APPLICABLE,PASS,NOT_APPLICABLE,NOT_APPLICABLE,PASS,PASS,PASS,PASS,PASS,contracts/operations/slo-sli-catalog.yaml;docs/05-operations/CAPACITY_AND_SCALING.md;contracts/operations/external-dependency-register.csv;contracts/operations/vendor-exit-matrix.csv;contracts/operations/cost-model.yaml;docs/05-operations/COST_AND_UNIT_ECONOMICS.md;contracts/operations/version-and-rollback-matrix.yaml;docs/03-engineering/DATABASE_MIGRATIONS.md;docs/05-operations/OBSERVABILITY.md;docs/04-quality/THREAT_MODEL.md;docs/04-quality/SECURITY_PRIVACY_LGPD.md;contracts/privacy/lgpd-control-matrix.csv;docs/04-quality/LGPD_CONTROL_MODEL.md,BENCHMARK_AND_OPERATIONS_GATES,PASS
SPRINT-009,ISSUE-0309,Story,STORY-0199,TASK-0199,EPIC-033,BC-016,Frontend,HIGH,PASS,NOT_APPLICABLE,PASS,PASS,PASS,PASS,NOT_APPLICABLE,PASS,NOT_APPLICABLE,NOT_APPLICABLE,PASS,PASS,PASS,PASS,PASS,contracts/operations/slo-sli-catalog.yaml;docs/05-operations/CAPACITY_AND_SCALING.md;contracts/operations/external-dependency-register.csv;contracts/operations/vendor-exit-matrix.csv;contracts/operations/cost-model.yaml;docs/05-operations/COST_AND_UNIT_ECONOMICS.md;contracts/operations/version-and-rollback-matrix.yaml;docs/03-engineering/DATABASE_MIGRATIONS.md;docs/05-operations/OBSERVABILITY.md;docs/04-quality/THREAT_MODEL.md;docs/04-quality/SECURITY_PRIVACY_LGPD.md;contracts/privacy/lgpd-control-matrix.csv;docs/04-quality/LGPD_CONTROL_MODEL.md,BENCHMARK_AND_OPERATIONS_GATES,PASS
SPRINT-009,ISSUE-0310,Story,STORY-0200,TASK-0200,EPIC-033,BC-016,Frontend,HIGH,PASS,NOT_APPLICABLE,PASS,PASS,PASS,PASS,NOT_APPLICABLE,PASS,NOT_APPLICABLE,NOT_APPLICABLE,PASS,PASS,PASS,PASS,PASS,contracts/operations/slo-sli-catalog.yaml;docs/05-operations/CAPACITY_AND_SCALING.md;contracts/operations/external-dependency-register.csv;contracts/operations/vendor-exit-matrix.csv;contracts/operations/cost-model.yaml;docs/05-operations/COST_AND_UNIT_ECONOMICS.md;contracts/operations/version-and-rollback-matrix.yaml;docs/03-engineering/DATABASE_MIGRATIONS.md;docs/05-operations/OBSERVABILITY.md;docs/04-quality/THREAT_MODEL.md;docs/04-quality/SECURITY_PRIVACY_LGPD.md;contracts/privacy/lgpd-control-matrix.csv;docs/04-quality/LGPD_CONTROL_MODEL.md,BENCHMARK_AND_OPERATIONS_GATES,PASS
SPRINT-009,ISSUE-0311,Story,STORY-0201,TASK-0201,EPIC-033,BC-016,QA,MEDIUM,PASS,NOT_APPLICABLE,PASS,PASS,PASS,PASS,NOT_APPLICABLE,PASS,NOT_APPLICABLE,NOT_APPLICABLE,NOT_APPLICABLE,PASS,PASS,PASS,PASS,contracts/operations/slo-sli-catalog.yaml;docs/05-operations/CAPACITY_AND_SCALING.md;contracts/operations/external-dependency-register.csv;contracts/operations/vendor-exit-matrix.csv;contracts/operations/cost-model.yaml;docs/05-operations/COST_AND_UNIT_ECONOMICS.md;docs/05-operations/OBSERVABILITY.md;docs/04-quality/THREAT_MODEL.md;docs/04-quality/SECURITY_PRIVACY_LGPD.md;contracts/privacy/lgpd-control-matrix.csv;docs/04-quality/LGPD_CONTROL_MODEL.md;contracts/operations/version-and-rollback-matrix.yaml,IMPLEMENTATION_AUTHORIZATION,PASS
SPRINT-009,ISSUE-0312,Story,STORY-0202,TASK-0202,EPIC-033,BC-016,Reviewer,MEDIUM,PASS,NOT_APPLICABLE,PASS,PASS,PASS,PASS,NOT_APPLICABLE,PASS,NOT_APPLICABLE,NOT_APPLICABLE,PASS,PASS,PASS,PASS,PASS,contracts/operations/slo-sli-catalog.yaml;docs/05-operations/CAPACITY_AND_SCALING.md;contracts/operations/external-dependency-register.csv;contracts/operations/vendor-exit-matrix.csv;contracts/operations/cost-model.yaml;docs/05-operations/COST_AND_UNIT_ECONOMICS.md;contracts/operations/version-and-rollback-matrix.yaml;docs/03-engineering/DATABASE_MIGRATIONS.md;docs/05-operations/OBSERVABILITY.md;docs/04-quality/THREAT_MODEL.md;docs/04-quality/SECURITY_PRIVACY_LGPD.md;contracts/privacy/lgpd-control-matrix.csv;docs/04-quality/LGPD_CONTROL_MODEL.md,IMPLEMENTATION_AUTHORIZATION,PASS
SPRINT-009,ISSUE-0313,Story,STORY-0203,TASK-0203,EPIC-034,BC-016,Product Owner,CRITICAL,PASS,NOT_APPLICABLE,PASS,PASS,PASS,PASS,NOT_APPLICABLE,PASS,PASS,PASS,NOT_APPLICABLE,PASS,PASS,PASS,PASS,contracts/operations/slo-sli-catalog.yaml;docs/05-operations/CAPACITY_AND_SCALING.md;contracts/operations/external-dependency-register.csv;contracts/operations/vendor-exit-matrix.csv;contracts/operations/cost-model.yaml;docs/05-operations/COST_AND_UNIT_ECONOMICS.md;contracts/operations/lock-and-queue-policy.yaml;contracts/operations/recovery-objectives.yaml;docs/05-operations/BACKUP_RESTORE.md;docs/05-operations/OBSERVABILITY.md;docs/04-quality/THREAT_MODEL.md;docs/04-quality/SECURITY_PRIVACY_LGPD.md;contracts/privacy/lgpd-control-matrix.csv;docs/04-quality/LGPD_CONTROL_MODEL.md;contracts/operations/version-and-rollback-matrix.yaml,SECURITY_AND_PRIVACY_GATES,PASS
SPRINT-009,ISSUE-0314,Story,STORY-0204,TASK-0204,EPIC-034,BC-016,Frontend,MEDIUM,PASS,NOT_APPLICABLE,PASS,PASS,PASS,PASS,NOT_APPLICABLE,PASS,NOT_APPLICABLE,NOT_APPLICABLE,NOT_APPLICABLE,PASS,PASS,PASS,PASS,contracts/operations/slo-sli-catalog.yaml;docs/05-operations/CAPACITY_AND_SCALING.md;contracts/operations/external-dependency-register.csv;contracts/operations/vendor-exit-matrix.csv;contracts/operations/cost-model.yaml;docs/05-operations/COST_AND_UNIT_ECONOMICS.md;docs/05-operations/OBSERVABILITY.md;docs/04-quality/THREAT_MODEL.md;docs/04-quality/SECURITY_PRIVACY_LGPD.md;contracts/privacy/lgpd-control-matrix.csv;docs/04-quality/LGPD_CONTROL_MODEL.md;contracts/operations/version-and-rollback-matrix.yaml,IMPLEMENTATION_AUTHORIZATION,PASS
SPRINT-009,ISSUE-0315,Story,STORY-0205,TASK-0205,EPIC-034,BC-016,Frontend,HIGH,PASS,NOT_APPLICABLE,PASS,PASS,PASS,PASS,NOT_APPLICABLE,PASS,NOT_APPLICABLE,NOT_APPLICABLE,PASS,PASS,PASS,PASS,PASS,contracts/operations/slo-sli-catalog.yaml;docs/05-operations/CAPACITY_AND_SCALING.md;contracts/operations/external-dependency-register.csv;contracts/operations/vendor-exit-matrix.csv;contracts/operations/cost-model.yaml;docs/05-operations/COST_AND_UNIT_ECONOMICS.md;contracts/operations/version-and-rollback-matrix.yaml;docs/03-engineering/DATABASE_MIGRATIONS.md;docs/05-operations/OBSERVABILITY.md;docs/04-quality/THREAT_MODEL.md;docs/04-quality/SECURITY_PRIVACY_LGPD.md;contracts/privacy/lgpd-control-matrix.csv;docs/04-quality/LGPD_CONTROL_MODEL.md,BENCHMARK_AND_OPERATIONS_GATES,PASS
SPRINT-009,ISSUE-0316,Story,STORY-0206,TASK-0206,EPIC-034,BC-016,Frontend,HIGH,PASS,NOT_APPLICABLE,PASS,PASS,PASS,PASS,NOT_APPLICABLE,PASS,NOT_APPLICABLE,NOT_APPLICABLE,PASS,PASS,PASS,PASS,PASS,contracts/operations/slo-sli-catalog.yaml;docs/05-operations/CAPACITY_AND_SCALING.md;contracts/operations/external-dependency-register.csv;contracts/operations/vendor-exit-matrix.csv;contracts/operations/cost-model.yaml;docs/05-operations/COST_AND_UNIT_ECONOMICS.md;contracts/operations/version-and-rollback-matrix.yaml;docs/03-engineering/DATABASE_MIGRATIONS.md;docs/05-operations/OBSERVABILITY.md;docs/04-quality/THREAT_MODEL.md;docs/04-quality/SECURITY_PRIVACY_LGPD.md;contracts/privacy/lgpd-control-matrix.csv;docs/04-quality/LGPD_CONTROL_MODEL.md,BENCHMARK_AND_OPERATIONS_GATES,PASS
SPRINT-009,ISSUE-0317,Story,STORY-0207,TASK-0207,EPIC-034,BC-016,QA,MEDIUM,PASS,NOT_APPLICABLE,PASS,PASS,PASS,PASS,NOT_APPLICABLE,PASS,NOT_APPLICABLE,NOT_APPLICABLE,NOT_APPLICABLE,PASS,PASS,PASS,PASS,contracts/operations/slo-sli-catalog.yaml;docs/05-operations/CAPACITY_AND_SCALING.md;contracts/operations/external-dependency-register.csv;contracts/operations/vendor-exit-matrix.csv;contracts/operations/cost-model.yaml;docs/05-operations/COST_AND_UNIT_ECONOMICS.md;docs/05-operations/OBSERVABILITY.md;docs/04-quality/THREAT_MODEL.md;docs/04-quality/SECURITY_PRIVACY_LGPD.md;contracts/privacy/lgpd-control-matrix.csv;docs/04-quality/LGPD_CONTROL_MODEL.md;contracts/operations/version-and-rollback-matrix.yaml,IMPLEMENTATION_AUTHORIZATION,PASS
SPRINT-009,ISSUE-0318,Story,STORY-0208,TASK-0208,EPIC-034,BC-016,Reviewer,MEDIUM,PASS,NOT_APPLICABLE,PASS,PASS,PASS,PASS,NOT_APPLICABLE,PASS,NOT_APPLICABLE,NOT_APPLICABLE,PASS,PASS,PASS,PASS,PASS,contracts/operations/slo-sli-catalog.yaml;docs/05-operations/CAPACITY_AND_SCALING.md;contracts/operations/external-dependency-register.csv;contracts/operations/vendor-exit-matrix.csv;contracts/operations/cost-model.yaml;docs/05-operations/COST_AND_UNIT_ECONOMICS.md;contracts/operations/version-and-rollback-matrix.yaml;docs/03-engineering/DATABASE_MIGRATIONS.md;docs/05-operations/OBSERVABILITY.md;docs/04-quality/THREAT_MODEL.md;docs/04-quality/SECURITY_PRIVACY_LGPD.md;contracts/privacy/lgpd-control-matrix.csv;docs/04-quality/LGPD_CONTROL_MODEL.md,IMPLEMENTATION_AUTHORIZATION,PASS
SPRINT-009,ISSUE-0319,Story,STORY-0209,TASK-0209,EPIC-035,BC-011,Product Owner,MEDIUM,NOT_APPLICABLE,NOT_APPLICABLE,PASS,PASS,NOT_APPLICABLE,PASS,NOT_APPLICABLE,NOT_APPLICABLE,NOT_APPLICABLE,NOT_APPLICABLE,NOT_APPLICABLE,PASS,PASS,NOT_APPLICABLE,PASS,contracts/operations/external-dependency-register.csv;contracts/operations/vendor-exit-matrix.csv;contracts/operations/cost-model.yaml;docs/05-operations/COST_AND_UNIT_ECONOMICS.md;contracts/operations/slo-sli-catalog.yaml;docs/05-operations/OBSERVABILITY.md;docs/04-quality/THREAT_MODEL.md;docs/04-quality/SECURITY_PRIVACY_LGPD.md;contracts/operations/version-and-rollback-matrix.yaml,IMPLEMENTATION_AUTHORIZATION,PASS
SPRINT-009,ISSUE-0320,Story,STORY-0210,TASK-0210,EPIC-035,BC-011,Arquiteto,CRITICAL,PASS,NOT_APPLICABLE,PASS,PASS,PASS,PASS,NOT_APPLICABLE,PASS,NOT_APPLICABLE,NOT_APPLICABLE,PASS,PASS,PASS,PASS,PASS,contracts/operations/slo-sli-catalog.yaml;docs/05-operations/CAPACITY_AND_SCALING.md;contracts/operations/external-dependency-register.csv;contracts/operations/vendor-exit-matrix.csv;contracts/operations/cost-model.yaml;docs/05-operations/COST_AND_UNIT_ECONOMICS.md;contracts/operations/version-and-rollback-matrix.yaml;docs/03-engineering/DATABASE_MIGRATIONS.md;docs/05-operations/OBSERVABILITY.md;docs/04-quality/THREAT_MODEL.md;docs/04-quality/SECURITY_PRIVACY_LGPD.md;contracts/privacy/lgpd-control-matrix.csv;docs/04-quality/LGPD_CONTROL_MODEL.md,SECURITY_AND_PRIVACY_GATES,PASS
SPRINT-009,ISSUE-0321,Story,STORY-0211,TASK-0211,EPIC-035,BC-011,Frontend,MEDIUM,NOT_APPLICABLE,NOT_APPLICABLE,PASS,PASS,NOT_APPLICABLE,PASS,NOT_APPLICABLE,NOT_APPLICABLE,NOT_APPLICABLE,NOT_APPLICABLE,NOT_APPLICABLE,PASS,PASS,PASS,PASS,contracts/operations/external-dependency-register.csv;contracts/operations/vendor-exit-matrix.csv;contracts/operations/cost-model.yaml;docs/05-operations/COST_AND_UNIT_ECONOMICS.md;contracts/operations/slo-sli-catalog.yaml;docs/05-operations/OBSERVABILITY.md;docs/04-quality/THREAT_MODEL.md;docs/04-quality/SECURITY_PRIVACY_LGPD.md;contracts/privacy/lgpd-control-matrix.csv;docs/04-quality/LGPD_CONTROL_MODEL.md;contracts/operations/version-and-rollback-matrix.yaml,IMPLEMENTATION_AUTHORIZATION,PASS
SPRINT-009,ISSUE-0322,Story,STORY-0212,TASK-0212,EPIC-035,BC-011,Backend,HIGH,PASS,PASS,PASS,PASS,PASS,PASS,NOT_APPLICABLE,PASS,NOT_APPLICABLE,PASS,PASS,PASS,PASS,NOT_APPLICABLE,PASS,contracts/operations/slo-sli-catalog.yaml;docs/05-operations/CAPACITY_AND_SCALING.md;contracts/operations/lock-and-queue-policy.yaml;contracts/operations/external-dependency-register.csv;contracts/operations/vendor-exit-matrix.csv;contracts/operations/cost-model.yaml;docs/05-operations/COST_AND_UNIT_ECONOMICS.md;contracts/operations/recovery-objectives.yaml;docs/05-operations/BACKUP_RESTORE.md;contracts/operations/version-and-rollback-matrix.yaml;docs/03-engineering/DATABASE_MIGRATIONS.md;docs/05-operations/OBSERVABILITY.md;docs/04-quality/THREAT_MODEL.md;docs/04-quality/SECURITY_PRIVACY_LGPD.md,BENCHMARK_AND_OPERATIONS_GATES,PASS
SPRINT-009,ISSUE-0323,Story,STORY-0213,TASK-0213,EPIC-035,BC-011,QA,MEDIUM,NOT_APPLICABLE,NOT_APPLICABLE,PASS,PASS,NOT_APPLICABLE,PASS,NOT_APPLICABLE,NOT_APPLICABLE,NOT_APPLICABLE,NOT_APPLICABLE,NOT_APPLICABLE,PASS,PASS,NOT_APPLICABLE,PASS,contracts/operations/external-dependency-register.csv;contracts/operations/vendor-exit-matrix.csv;contracts/operations/cost-model.yaml;docs/05-operations/COST_AND_UNIT_ECONOMICS.md;contracts/operations/slo-sli-catalog.yaml;docs/05-operations/OBSERVABILITY.md;docs/04-quality/THREAT_MODEL.md;docs/04-quality/SECURITY_PRIVACY_LGPD.md;contracts/operations/version-and-rollback-matrix.yaml,IMPLEMENTATION_AUTHORIZATION,PASS
SPRINT-009,ISSUE-0324,Story,STORY-0214,TASK-0214,EPIC-035,BC-011,Reviewer,MEDIUM,NOT_APPLICABLE,NOT_APPLICABLE,PASS,PASS,NOT_APPLICABLE,PASS,NOT_APPLICABLE,NOT_APPLICABLE,NOT_APPLICABLE,NOT_APPLICABLE,NOT_APPLICABLE,PASS,PASS,NOT_APPLICABLE,PASS,contracts/operations/external-dependency-register.csv;contracts/operations/vendor-exit-matrix.csv;contracts/operations/cost-model.yaml;docs/05-operations/COST_AND_UNIT_ECONOMICS.md;contracts/operations/slo-sli-catalog.yaml;docs/05-operations/OBSERVABILITY.md;docs/04-quality/THREAT_MODEL.md;docs/04-quality/SECURITY_PRIVACY_LGPD.md;contracts/operations/version-and-rollback-matrix.yaml,IMPLEMENTATION_AUTHORIZATION,PASS
SPRINT-009,ISSUE-0325,Story,STORY-0215,TASK-0215,EPIC-036,BC-016,Product Owner,MEDIUM,PASS,NOT_APPLICABLE,PASS,PASS,PASS,PASS,NOT_APPLICABLE,PASS,NOT_APPLICABLE,NOT_APPLICABLE,NOT_APPLICABLE,PASS,PASS,PASS,PASS,contracts/operations/slo-sli-catalog.yaml;docs/05-operations/CAPACITY_AND_SCALING.md;contracts/operations/external-dependency-register.csv;contracts/operations/vendor-exit-matrix.csv;contracts/operations/cost-model.yaml;docs/05-operations/COST_AND_UNIT_ECONOMICS.md;docs/05-operations/OBSERVABILITY.md;docs/04-quality/THREAT_MODEL.md;docs/04-quality/SECURITY_PRIVACY_LGPD.md;contracts/privacy/lgpd-control-matrix.csv;docs/04-quality/LGPD_CONTROL_MODEL.md;contracts/operations/version-and-rollback-matrix.yaml,IMPLEMENTATION_AUTHORIZATION,PASS
SPRINT-009,ISSUE-0326,Story,STORY-0216,TASK-0216,EPIC-036,BC-016,Frontend,MEDIUM,PASS,NOT_APPLICABLE,PASS,PASS,PASS,PASS,NOT_APPLICABLE,PASS,NOT_APPLICABLE,NOT_APPLICABLE,NOT_APPLICABLE,PASS,PASS,PASS,PASS,contracts/operations/slo-sli-catalog.yaml;docs/05-operations/CAPACITY_AND_SCALING.md;contracts/operations/external-dependency-register.csv;contracts/operations/vendor-exit-matrix.csv;contracts/operations/cost-model.yaml;docs/05-operations/COST_AND_UNIT_ECONOMICS.md;docs/05-operations/OBSERVABILITY.md;docs/04-quality/THREAT_MODEL.md;docs/04-quality/SECURITY_PRIVACY_LGPD.md;contracts/privacy/lgpd-control-matrix.csv;docs/04-quality/LGPD_CONTROL_MODEL.md;contracts/operations/version-and-rollback-matrix.yaml,IMPLEMENTATION_AUTHORIZATION,PASS
SPRINT-009,ISSUE-0327,Story,STORY-0217,TASK-0217,EPIC-036,BC-016,Frontend,MEDIUM,PASS,NOT_APPLICABLE,PASS,PASS,PASS,PASS,NOT_APPLICABLE,PASS,NOT_APPLICABLE,NOT_APPLICABLE,NOT_APPLICABLE,PASS,PASS,PASS,PASS,contracts/operations/slo-sli-catalog.yaml;docs/05-operations/CAPACITY_AND_SCALING.md;contracts/operations/external-dependency-register.csv;contracts/operations/vendor-exit-matrix.csv;contracts/operations/cost-model.yaml;docs/05-operations/COST_AND_UNIT_ECONOMICS.md;docs/05-operations/OBSERVABILITY.md;docs/04-quality/THREAT_MODEL.md;docs/04-quality/SECURITY_PRIVACY_LGPD.md;contracts/privacy/lgpd-control-matrix.csv;docs/04-quality/LGPD_CONTROL_MODEL.md;contracts/operations/version-and-rollback-matrix.yaml,IMPLEMENTATION_AUTHORIZATION,PASS
SPRINT-009,ISSUE-0328,Story,STORY-0218,TASK-0218,EPIC-036,BC-016,QA,MEDIUM,PASS,NOT_APPLICABLE,PASS,PASS,PASS,PASS,NOT_APPLICABLE,PASS,NOT_APPLICABLE,NOT_APPLICABLE,NOT_APPLICABLE,PASS,PASS,PASS,PASS,contracts/operations/slo-sli-catalog.yaml;docs/05-operations/CAPACITY_AND_SCALING.md;contracts/operations/external-dependency-register.csv;contracts/operations/vendor-exit-matrix.csv;contracts/operations/cost-model.yaml;docs/05-operations/COST_AND_UNIT_ECONOMICS.md;docs/05-operations/OBSERVABILITY.md;docs/04-quality/THREAT_MODEL.md;docs/04-quality/SECURITY_PRIVACY_LGPD.md;contracts/privacy/lgpd-control-matrix.csv;docs/04-quality/LGPD_CONTROL_MODEL.md;contracts/operations/version-and-rollback-matrix.yaml,IMPLEMENTATION_AUTHORIZATION,PASS
SPRINT-009,ISSUE-0329,Story,STORY-0219,TASK-0219,EPIC-036,BC-016,Reviewer,MEDIUM,PASS,NOT_APPLICABLE,PASS,PASS,PASS,PASS,NOT_APPLICABLE,PASS,NOT_APPLICABLE,NOT_APPLICABLE,NOT_APPLICABLE,PASS,PASS,PASS,PASS,contracts/operations/slo-sli-catalog.yaml;docs/05-operations/CAPACITY_AND_SCALING.md;contracts/operations/external-dependency-register.csv;contracts/operations/vendor-exit-matrix.csv;contracts/operations/cost-model.yaml;docs/05-operations/COST_AND_UNIT_ECONOMICS.md;docs/05-operations/OBSERVABILITY.md;docs/04-quality/THREAT_MODEL.md;docs/04-quality/SECURITY_PRIVACY_LGPD.md;contracts/privacy/lgpd-control-matrix.csv;docs/04-quality/LGPD_CONTROL_MODEL.md;contracts/operations/version-and-rollback-matrix.yaml,IMPLEMENTATION_AUTHORIZATION,PASS
SPRINT-009,ISSUE-0495,Story,STORY-0385,TASK-0385,EPIC-062,BC-011,Product Owner,MEDIUM,NOT_APPLICABLE,NOT_APPLICABLE,PASS,PASS,NOT_APPLICABLE,PASS,NOT_APPLICABLE,NOT_APPLICABLE,NOT_APPLICABLE,NOT_APPLICABLE,NOT_APPLICABLE,PASS,PASS,NOT_APPLICABLE,PASS,contracts/operations/external-dependency-register.csv;contracts/operations/vendor-exit-matrix.csv;contracts/operations/cost-model.yaml;docs/05-operations/COST_AND_UNIT_ECONOMICS.md;contracts/operations/slo-sli-catalog.yaml;docs/05-operations/OBSERVABILITY.md;docs/04-quality/THREAT_MODEL.md;docs/04-quality/SECURITY_PRIVACY_LGPD.md;contracts/operations/version-and-rollback-matrix.yaml,IMPLEMENTATION_AUTHORIZATION,PASS
SPRINT-009,ISSUE-0496,Story,STORY-0386,TASK-0386,EPIC-062,BC-011,Arquiteto,HIGH,PASS,NOT_APPLICABLE,PASS,PASS,PASS,PASS,NOT_APPLICABLE,PASS,NOT_APPLICABLE,NOT_APPLICABLE,PASS,PASS,PASS,PASS,PASS,contracts/operations/slo-sli-catalog.yaml;docs/05-operations/CAPACITY_AND_SCALING.md;contracts/operations/external-dependency-register.csv;contracts/operations/vendor-exit-matrix.csv;contracts/operations/cost-model.yaml;docs/05-operations/COST_AND_UNIT_ECONOMICS.md;contracts/operations/version-and-rollback-matrix.yaml;docs/03-engineering/DATABASE_MIGRATIONS.md;docs/05-operations/OBSERVABILITY.md;docs/04-quality/THREAT_MODEL.md;docs/04-quality/SECURITY_PRIVACY_LGPD.md;contracts/privacy/lgpd-control-matrix.csv;docs/04-quality/LGPD_CONTROL_MODEL.md,BENCHMARK_AND_OPERATIONS_GATES,PASS
SPRINT-009,ISSUE-0497,Story,STORY-0387,TASK-0387,EPIC-062,BC-011,Frontend,MEDIUM,NOT_APPLICABLE,NOT_APPLICABLE,PASS,PASS,NOT_APPLICABLE,PASS,NOT_APPLICABLE,NOT_APPLICABLE,NOT_APPLICABLE,NOT_APPLICABLE,NOT_APPLICABLE,PASS,PASS,PASS,PASS,contracts/operations/external-dependency-register.csv;contracts/operations/vendor-exit-matrix.csv;contracts/operations/cost-model.yaml;docs/05-operations/COST_AND_UNIT_ECONOMICS.md;contracts/operations/slo-sli-catalog.yaml;docs/05-operations/OBSERVABILITY.md;docs/04-quality/THREAT_MODEL.md;docs/04-quality/SECURITY_PRIVACY_LGPD.md;contracts/privacy/lgpd-control-matrix.csv;docs/04-quality/LGPD_CONTROL_MODEL.md;contracts/operations/version-and-rollback-matrix.yaml,IMPLEMENTATION_AUTHORIZATION,PASS
SPRINT-009,ISSUE-0498,Story,STORY-0388,TASK-0388,EPIC-062,BC-011,Backend,HIGH,PASS,PASS,PASS,PASS,PASS,PASS,NOT_APPLICABLE,PASS,NOT_APPLICABLE,PASS,PASS,PASS,PASS,NOT_APPLICABLE,PASS,contracts/operations/slo-sli-catalog.yaml;docs/05-operations/CAPACITY_AND_SCALING.md;contracts/operations/lock-and-queue-policy.yaml;contracts/operations/external-dependency-register.csv;contracts/operations/vendor-exit-matrix.csv;contracts/operations/cost-model.yaml;docs/05-operations/COST_AND_UNIT_ECONOMICS.md;contracts/operations/recovery-objectives.yaml;docs/05-operations/BACKUP_RESTORE.md;contracts/operations/version-and-rollback-matrix.yaml;docs/03-engineering/DATABASE_MIGRATIONS.md;docs/05-operations/OBSERVABILITY.md;docs/04-quality/THREAT_MODEL.md;docs/04-quality/SECURITY_PRIVACY_LGPD.md,BENCHMARK_AND_OPERATIONS_GATES,PASS
SPRINT-009,ISSUE-0499,Story,STORY-0389,TASK-0389,EPIC-062,BC-011,QA,MEDIUM,NOT_APPLICABLE,NOT_APPLICABLE,PASS,PASS,NOT_APPLICABLE,PASS,NOT_APPLICABLE,NOT_APPLICABLE,NOT_APPLICABLE,NOT_APPLICABLE,NOT_APPLICABLE,PASS,PASS,NOT_APPLICABLE,PASS,contracts/operations/external-dependency-register.csv;contracts/operations/vendor-exit-matrix.csv;contracts/operations/cost-model.yaml;docs/05-operations/COST_AND_UNIT_ECONOMICS.md;contracts/operations/slo-sli-catalog.yaml;docs/05-operations/OBSERVABILITY.md;docs/04-quality/THREAT_MODEL.md;docs/04-quality/SECURITY_PRIVACY_LGPD.md;contracts/operations/version-and-rollback-matrix.yaml,IMPLEMENTATION_AUTHORIZATION,PASS
SPRINT-009,ISSUE-0500,Story,STORY-0390,TASK-0390,EPIC-062,BC-011,Reviewer,MEDIUM,NOT_APPLICABLE,NOT_APPLICABLE,PASS,PASS,NOT_APPLICABLE,PASS,NOT_APPLICABLE,NOT_APPLICABLE,NOT_APPLICABLE,NOT_APPLICABLE,NOT_APPLICABLE,PASS,PASS,NOT_APPLICABLE,PASS,contracts/operations/external-dependency-register.csv;contracts/operations/vendor-exit-matrix.csv;contracts/operations/cost-model.yaml;docs/05-operations/COST_AND_UNIT_ECONOMICS.md;contracts/operations/slo-sli-catalog.yaml;docs/05-operations/OBSERVABILITY.md;docs/04-quality/THREAT_MODEL.md;docs/04-quality/SECURITY_PRIVACY_LGPD.md;contracts/operations/version-and-rollback-matrix.yaml,IMPLEMENTATION_AUTHORIZATION,PASS
SPRINT-009,ISSUE-0508,Story,STORY-0398,TASK-0398,EPIC-064,BC-011,Product Owner,MEDIUM,NOT_APPLICABLE,NOT_APPLICABLE,PASS,PASS,NOT_APPLICABLE,PASS,NOT_APPLICABLE,NOT_APPLICABLE,NOT_APPLICABLE,NOT_APPLICABLE,NOT_APPLICABLE,PASS,PASS,PASS,PASS,contracts/operations/external-dependency-register.csv;contracts/operations/vendor-exit-matrix.csv;contracts/operations/cost-model.yaml;docs/05-operations/COST_AND_UNIT_ECONOMICS.md;contracts/operations/slo-sli-catalog.yaml;docs/05-operations/OBSERVABILITY.md;docs/04-quality/THREAT_MODEL.md;docs/04-quality/SECURITY_PRIVACY_LGPD.md;contracts/privacy/lgpd-control-matrix.csv;docs/04-quality/LGPD_CONTROL_MODEL.md;contracts/operations/version-and-rollback-matrix.yaml,IMPLEMENTATION_AUTHORIZATION,PASS
SPRINT-009,ISSUE-0509,Story,STORY-0399,TASK-0399,EPIC-064,BC-011,Frontend,HIGH,PASS,NOT_APPLICABLE,PASS,PASS,PASS,PASS,NOT_APPLICABLE,PASS,NOT_APPLICABLE,NOT_APPLICABLE,PASS,PASS,PASS,PASS,PASS,contracts/operations/slo-sli-catalog.yaml;docs/05-operations/CAPACITY_AND_SCALING.md;contracts/operations/external-dependency-register.csv;contracts/operations/vendor-exit-matrix.csv;contracts/operations/cost-model.yaml;docs/05-operations/COST_AND_UNIT_ECONOMICS.md;contracts/operations/version-and-rollback-matrix.yaml;docs/03-engineering/DATABASE_MIGRATIONS.md;docs/05-operations/OBSERVABILITY.md;docs/04-quality/THREAT_MODEL.md;docs/04-quality/SECURITY_PRIVACY_LGPD.md;contracts/privacy/lgpd-control-matrix.csv;docs/04-quality/LGPD_CONTROL_MODEL.md,BENCHMARK_AND_OPERATIONS_GATES,PASS
SPRINT-009,ISSUE-0510,Story,STORY-0400,TASK-0400,EPIC-064,BC-011,Frontend,HIGH,PASS,NOT_APPLICABLE,PASS,PASS,PASS,PASS,NOT_APPLICABLE,PASS,NOT_APPLICABLE,NOT_APPLICABLE,PASS,PASS,PASS,PASS,PASS,contracts/operations/slo-sli-catalog.yaml;docs/05-operations/CAPACITY_AND_SCALING.md;contracts/operations/external-dependency-register.csv;contracts/operations/vendor-exit-matrix.csv;contracts/operations/cost-model.yaml;docs/05-operations/COST_AND_UNIT_ECONOMICS.md;contracts/operations/version-and-rollback-matrix.yaml;docs/03-engineering/DATABASE_MIGRATIONS.md;docs/05-operations/OBSERVABILITY.md;docs/04-quality/THREAT_MODEL.md;docs/04-quality/SECURITY_PRIVACY_LGPD.md;contracts/privacy/lgpd-control-matrix.csv;docs/04-quality/LGPD_CONTROL_MODEL.md,BENCHMARK_AND_OPERATIONS_GATES,PASS
SPRINT-009,ISSUE-0511,Story,STORY-0401,TASK-0401,EPIC-064,BC-011,Frontend,HIGH,PASS,NOT_APPLICABLE,PASS,PASS,PASS,PASS,NOT_APPLICABLE,PASS,NOT_APPLICABLE,NOT_APPLICABLE,PASS,PASS,PASS,PASS,PASS,contracts/operations/slo-sli-catalog.yaml;docs/05-operations/CAPACITY_AND_SCALING.md;contracts/operations/external-dependency-register.csv;contracts/operations/vendor-exit-matrix.csv;contracts/operations/cost-model.yaml;docs/05-operations/COST_AND_UNIT_ECONOMICS.md;contracts/operations/version-and-rollback-matrix.yaml;docs/03-engineering/DATABASE_MIGRATIONS.md;docs/05-operations/OBSERVABILITY.md;docs/04-quality/THREAT_MODEL.md;docs/04-quality/SECURITY_PRIVACY_LGPD.md;contracts/privacy/lgpd-control-matrix.csv;docs/04-quality/LGPD_CONTROL_MODEL.md,BENCHMARK_AND_OPERATIONS_GATES,PASS
SPRINT-009,ISSUE-0512,Story,STORY-0402,TASK-0402,EPIC-064,BC-011,QA,MEDIUM,NOT_APPLICABLE,NOT_APPLICABLE,PASS,PASS,NOT_APPLICABLE,PASS,NOT_APPLICABLE,NOT_APPLICABLE,NOT_APPLICABLE,NOT_APPLICABLE,NOT_APPLICABLE,PASS,PASS,PASS,PASS,contracts/operations/external-dependency-register.csv;contracts/operations/vendor-exit-matrix.csv;contracts/operations/cost-model.yaml;docs/05-operations/COST_AND_UNIT_ECONOMICS.md;contracts/operations/slo-sli-catalog.yaml;docs/05-operations/OBSERVABILITY.md;docs/04-quality/THREAT_MODEL.md;docs/04-quality/SECURITY_PRIVACY_LGPD.md;contracts/privacy/lgpd-control-matrix.csv;docs/04-quality/LGPD_CONTROL_MODEL.md;contracts/operations/version-and-rollback-matrix.yaml,IMPLEMENTATION_AUTHORIZATION,PASS
SPRINT-009,ISSUE-0513,Story,STORY-0403,TASK-0403,EPIC-064,BC-011,Reviewer,MEDIUM,NOT_APPLICABLE,NOT_APPLICABLE,PASS,PASS,NOT_APPLICABLE,PASS,NOT_APPLICABLE,NOT_APPLICABLE,NOT_APPLICABLE,NOT_APPLICABLE,PASS,PASS,PASS,PASS,PASS,contracts/operations/external-dependency-register.csv;contracts/operations/vendor-exit-matrix.csv;contracts/operations/cost-model.yaml;docs/05-operations/COST_AND_UNIT_ECONOMICS.md;contracts/operations/version-and-rollback-matrix.yaml;docs/03-engineering/DATABASE_MIGRATIONS.md;contracts/operations/slo-sli-catalog.yaml;docs/05-operations/OBSERVABILITY.md;docs/04-quality/THREAT_MODEL.md;docs/04-quality/SECURITY_PRIVACY_LGPD.md;contracts/privacy/lgpd-control-matrix.csv;docs/04-quality/LGPD_CONTROL_MODEL.md,IMPLEMENTATION_AUTHORIZATION,PASS
SPRINT-009,ISSUE-0632,Story,STORY-0522,TASK-0522,EPIC-084,BC-016,Product Owner,MEDIUM,PASS,NOT_APPLICABLE,PASS,PASS,PASS,PASS,NOT_APPLICABLE,PASS,NOT_APPLICABLE,NOT_APPLICABLE,NOT_APPLICABLE,PASS,PASS,PASS,PASS,contracts/operations/slo-sli-catalog.yaml;docs/05-operations/CAPACITY_AND_SCALING.md;contracts/operations/external-dependency-register.csv;contracts/operations/vendor-exit-matrix.csv;contracts/operations/cost-model.yaml;docs/05-operations/COST_AND_UNIT_ECONOMICS.md;docs/05-operations/OBSERVABILITY.md;docs/04-quality/THREAT_MODEL.md;docs/04-quality/SECURITY_PRIVACY_LGPD.md;contracts/privacy/lgpd-control-matrix.csv;docs/04-quality/LGPD_CONTROL_MODEL.md;contracts/operations/version-and-rollback-matrix.yaml,IMPLEMENTATION_AUTHORIZATION,PASS
SPRINT-009,ISSUE-0633,Story,STORY-0523,TASK-0523,EPIC-084,BC-016,Frontend,HIGH,PASS,NOT_APPLICABLE,PASS,PASS,PASS,PASS,NOT_APPLICABLE,PASS,NOT_APPLICABLE,NOT_APPLICABLE,PASS,PASS,PASS,PASS,PASS,contracts/operations/slo-sli-catalog.yaml;docs/05-operations/CAPACITY_AND_SCALING.md;contracts/operations/external-dependency-register.csv;contracts/operations/vendor-exit-matrix.csv;contracts/operations/cost-model.yaml;docs/05-operations/COST_AND_UNIT_ECONOMICS.md;contracts/operations/version-and-rollback-matrix.yaml;docs/03-engineering/DATABASE_MIGRATIONS.md;docs/05-operations/OBSERVABILITY.md;docs/04-quality/THREAT_MODEL.md;docs/04-quality/SECURITY_PRIVACY_LGPD.md;contracts/privacy/lgpd-control-matrix.csv;docs/04-quality/LGPD_CONTROL_MODEL.md,BENCHMARK_AND_OPERATIONS_GATES,PASS
SPRINT-009,ISSUE-0634,Story,STORY-0524,TASK-0524,EPIC-084,BC-016,Frontend,HIGH,PASS,NOT_APPLICABLE,PASS,PASS,PASS,PASS,NOT_APPLICABLE,PASS,NOT_APPLICABLE,NOT_APPLICABLE,PASS,PASS,PASS,PASS,PASS,contracts/operations/slo-sli-catalog.yaml;docs/05-operations/CAPACITY_AND_SCALING.md;contracts/operations/external-dependency-register.csv;contracts/operations/vendor-exit-matrix.csv;contracts/operations/cost-model.yaml;docs/05-operations/COST_AND_UNIT_ECONOMICS.md;contracts/operations/version-and-rollback-matrix.yaml;docs/03-engineering/DATABASE_MIGRATIONS.md;docs/05-operations/OBSERVABILITY.md;docs/04-quality/THREAT_MODEL.md;docs/04-quality/SECURITY_PRIVACY_LGPD.md;contracts/privacy/lgpd-control-matrix.csv;docs/04-quality/LGPD_CONTROL_MODEL.md,BENCHMARK_AND_OPERATIONS_GATES,PASS
SPRINT-009,ISSUE-0635,Story,STORY-0525,TASK-0525,EPIC-084,BC-016,Frontend,HIGH,PASS,NOT_APPLICABLE,PASS,PASS,PASS,PASS,NOT_APPLICABLE,PASS,NOT_APPLICABLE,NOT_APPLICABLE,PASS,PASS,PASS,PASS,PASS,contracts/operations/slo-sli-catalog.yaml;docs/05-operations/CAPACITY_AND_SCALING.md;contracts/operations/external-dependency-register.csv;contracts/operations/vendor-exit-matrix.csv;contracts/operations/cost-model.yaml;docs/05-operations/COST_AND_UNIT_ECONOMICS.md;contracts/operations/version-and-rollback-matrix.yaml;docs/03-engineering/DATABASE_MIGRATIONS.md;docs/05-operations/OBSERVABILITY.md;docs/04-quality/THREAT_MODEL.md;docs/04-quality/SECURITY_PRIVACY_LGPD.md;contracts/privacy/lgpd-control-matrix.csv;docs/04-quality/LGPD_CONTROL_MODEL.md,BENCHMARK_AND_OPERATIONS_GATES,PASS
SPRINT-009,ISSUE-0636,Story,STORY-0526,TASK-0526,EPIC-084,BC-016,QA,MEDIUM,PASS,NOT_APPLICABLE,PASS,PASS,PASS,PASS,NOT_APPLICABLE,PASS,NOT_APPLICABLE,NOT_APPLICABLE,NOT_APPLICABLE,PASS,PASS,PASS,PASS,contracts/operations/slo-sli-catalog.yaml;docs/05-operations/CAPACITY_AND_SCALING.md;contracts/operations/external-dependency-register.csv;contracts/operations/vendor-exit-matrix.csv;contracts/operations/cost-model.yaml;docs/05-operations/COST_AND_UNIT_ECONOMICS.md;docs/05-operations/OBSERVABILITY.md;docs/04-quality/THREAT_MODEL.md;docs/04-quality/SECURITY_PRIVACY_LGPD.md;contracts/privacy/lgpd-control-matrix.csv;docs/04-quality/LGPD_CONTROL_MODEL.md;contracts/operations/version-and-rollback-matrix.yaml,IMPLEMENTATION_AUTHORIZATION,PASS
SPRINT-009,ISSUE-0637,Story,STORY-0527,TASK-0527,EPIC-084,BC-016,Reviewer,MEDIUM,PASS,NOT_APPLICABLE,PASS,PASS,PASS,PASS,NOT_APPLICABLE,PASS,NOT_APPLICABLE,NOT_APPLICABLE,PASS,PASS,PASS,PASS,PASS,contracts/operations/slo-sli-catalog.yaml;docs/05-operations/CAPACITY_AND_SCALING.md;contracts/operations/external-dependency-register.csv;contracts/operations/vendor-exit-matrix.csv;contracts/operations/cost-model.yaml;docs/05-operations/COST_AND_UNIT_ECONOMICS.md;contracts/operations/version-and-rollback-matrix.yaml;docs/03-engineering/DATABASE_MIGRATIONS.md;docs/05-operations/OBSERVABILITY.md;docs/04-quality/THREAT_MODEL.md;docs/04-quality/SECURITY_PRIVACY_LGPD.md;contracts/privacy/lgpd-control-matrix.csv;docs/04-quality/LGPD_CONTROL_MODEL.md,IMPLEMENTATION_AUTHORIZATION,PASS
SPRINT-009,ISSUE-0848,Story,STORY-0738,TASK-0738,EPIC-031,BC-016,Frontend,CRITICAL,PASS,NOT_APPLICABLE,PASS,PASS,PASS,PASS,NOT_APPLICABLE,PASS,PASS,PASS,PASS,PASS,PASS,PASS,PASS,contracts/operations/slo-sli-catalog.yaml;docs/05-operations/CAPACITY_AND_SCALING.md;contracts/operations/external-dependency-register.csv;contracts/operations/vendor-exit-matrix.csv;contracts/operations/cost-model.yaml;docs/05-operations/COST_AND_UNIT_ECONOMICS.md;contracts/operations/lock-and-queue-policy.yaml;contracts/operations/recovery-objectives.yaml;docs/05-operations/BACKUP_RESTORE.md;contracts/operations/version-and-rollback-matrix.yaml;docs/03-engineering/DATABASE_MIGRATIONS.md;docs/05-operations/OBSERVABILITY.md;docs/04-quality/THREAT_MODEL.md;docs/04-quality/SECURITY_PRIVACY_LGPD.md;contracts/privacy/lgpd-control-matrix.csv;docs/04-quality/LGPD_CONTROL_MODEL.md,SECURITY_AND_PRIVACY_GATES,PASS
SPRINT-009,ISSUE-0849,Story,STORY-0739,TASK-0739,EPIC-031,BC-016,Frontend,CRITICAL,PASS,NOT_APPLICABLE,PASS,PASS,PASS,PASS,NOT_APPLICABLE,PASS,PASS,NOT_APPLICABLE,PASS,PASS,PASS,PASS,PASS,contracts/operations/slo-sli-catalog.yaml;docs/05-operations/CAPACITY_AND_SCALING.md;contracts/operations/external-dependency-register.csv;contracts/operations/vendor-exit-matrix.csv;contracts/operations/cost-model.yaml;docs/05-operations/COST_AND_UNIT_ECONOMICS.md;contracts/operations/lock-and-queue-policy.yaml;contracts/operations/version-and-rollback-matrix.yaml;docs/03-engineering/DATABASE_MIGRATIONS.md;docs/05-operations/OBSERVABILITY.md;docs/04-quality/THREAT_MODEL.md;docs/04-quality/SECURITY_PRIVACY_LGPD.md;contracts/privacy/lgpd-control-matrix.csv;docs/04-quality/LGPD_CONTROL_MODEL.md,SECURITY_AND_PRIVACY_GATES,PASS
SPRINT-009,ISSUE-0850,Story,STORY-0740,TASK-0740,EPIC-031,BC-016,Frontend,HIGH,PASS,NOT_APPLICABLE,PASS,PASS,PASS,PASS,NOT_APPLICABLE,PASS,NOT_APPLICABLE,NOT_APPLICABLE,PASS,PASS,PASS,PASS,PASS,contracts/operations/slo-sli-catalog.yaml;docs/05-operations/CAPACITY_AND_SCALING.md;contracts/operations/external-dependency-register.csv;contracts/operations/vendor-exit-matrix.csv;contracts/operations/cost-model.yaml;docs/05-operations/COST_AND_UNIT_ECONOMICS.md;contracts/operations/version-and-rollback-matrix.yaml;docs/03-engineering/DATABASE_MIGRATIONS.md;docs/05-operations/OBSERVABILITY.md;docs/04-quality/THREAT_MODEL.md;docs/04-quality/SECURITY_PRIVACY_LGPD.md;contracts/privacy/lgpd-control-matrix.csv;docs/04-quality/LGPD_CONTROL_MODEL.md,BENCHMARK_AND_OPERATIONS_GATES,PASS
SPRINT-009,ISSUE-0851,Story,STORY-0741,TASK-0741,EPIC-034,BC-016,Frontend,CRITICAL,PASS,NOT_APPLICABLE,PASS,PASS,PASS,PASS,NOT_APPLICABLE,PASS,PASS,NOT_APPLICABLE,PASS,PASS,PASS,PASS,PASS,contracts/operations/slo-sli-catalog.yaml;docs/05-operations/CAPACITY_AND_SCALING.md;contracts/operations/external-dependency-register.csv;contracts/operations/vendor-exit-matrix.csv;contracts/operations/cost-model.yaml;docs/05-operations/COST_AND_UNIT_ECONOMICS.md;contracts/operations/lock-and-queue-policy.yaml;contracts/operations/version-and-rollback-matrix.yaml;docs/03-engineering/DATABASE_MIGRATIONS.md;docs/05-operations/OBSERVABILITY.md;docs/04-quality/THREAT_MODEL.md;docs/04-quality/SECURITY_PRIVACY_LGPD.md;contracts/privacy/lgpd-control-matrix.csv;docs/04-quality/LGPD_CONTROL_MODEL.md,SECURITY_AND_PRIVACY_GATES,PASS
SPRINT-009,ISSUE-0852,Story,STORY-0742,TASK-0742,EPIC-034,BC-016,Frontend,CRITICAL,PASS,NOT_APPLICABLE,PASS,PASS,PASS,PASS,PASS,PASS,PASS,NOT_APPLICABLE,PASS,PASS,PASS,PASS,PASS,contracts/operations/slo-sli-catalog.yaml;docs/05-operations/CAPACITY_AND_SCALING.md;contracts/operations/external-dependency-register.csv;contracts/operations/vendor-exit-matrix.csv;contracts/operations/cost-model.yaml;docs/05-operations/COST_AND_UNIT_ECONOMICS.md;contracts/operations/lock-and-queue-policy.yaml;contracts/operations/version-and-rollback-matrix.yaml;docs/03-engineering/DATABASE_MIGRATIONS.md;docs/05-operations/OBSERVABILITY.md;docs/04-quality/THREAT_MODEL.md;docs/04-quality/SECURITY_PRIVACY_LGPD.md;contracts/privacy/lgpd-control-matrix.csv;docs/04-quality/LGPD_CONTROL_MODEL.md,SECURITY_AND_PRIVACY_GATES,PASS
SPRINT-010,ISSUE-0037,Epic delivery envelope,,,EPIC-037,BC-012,Backend,CRITICAL,PASS,PASS,PASS,PASS,PASS,PASS,PASS,PASS,PASS,PASS,PASS,PASS,PASS,PASS,PASS,contracts/operations/slo-sli-catalog.yaml;docs/05-operations/CAPACITY_AND_SCALING.md;contracts/operations/lock-and-queue-policy.yaml;contracts/operations/external-dependency-register.csv;contracts/operations/vendor-exit-matrix.csv;contracts/operations/cost-model.yaml;docs/05-operations/COST_AND_UNIT_ECONOMICS.md;contracts/operations/recovery-objectives.yaml;docs/05-operations/BACKUP_RESTORE.md;contracts/operations/version-and-rollback-matrix.yaml;docs/03-engineering/DATABASE_MIGRATIONS.md;docs/05-operations/OBSERVABILITY.md;docs/04-quality/THREAT_MODEL.md;docs/04-quality/SECURITY_PRIVACY_LGPD.md;contracts/privacy/lgpd-control-matrix.csv;docs/04-quality/LGPD_CONTROL_MODEL.md,SECURITY_AND_PRIVACY_GATES,PASS
SPRINT-010,ISSUE-0038,Epic delivery envelope,,,EPIC-038,BC-007,Backend,CRITICAL,PASS,PASS,PASS,PASS,PASS,PASS,PASS,PASS,NOT_APPLICABLE,PASS,PASS,PASS,PASS,PASS,PASS,contracts/operations/slo-sli-catalog.yaml;docs/05-operations/CAPACITY_AND_SCALING.md;contracts/operations/external-dependency-register.csv;contracts/operations/vendor-exit-matrix.csv;contracts/operations/cost-model.yaml;docs/05-operations/COST_AND_UNIT_ECONOMICS.md;contracts/operations/version-and-rollback-matrix.yaml;docs/03-engineering/DATABASE_MIGRATIONS.md;docs/05-operations/OBSERVABILITY.md;docs/04-quality/THREAT_MODEL.md;docs/04-quality/SECURITY_PRIVACY_LGPD.md;contracts/privacy/lgpd-control-matrix.csv;docs/04-quality/LGPD_CONTROL_MODEL.md;contracts/operations/lock-and-queue-policy.yaml;contracts/operations/recovery-objectives.yaml;docs/05-operations/BACKUP_RESTORE.md,SECURITY_AND_PRIVACY_GATES,PASS
SPRINT-010,ISSUE-0049,Epic delivery envelope,,,EPIC-049,BC-013,Backend,CRITICAL,PASS,PASS,PASS,PASS,PASS,PASS,PASS,PASS,PASS,PASS,PASS,PASS,PASS,PASS,PASS,contracts/operations/slo-sli-catalog.yaml;docs/05-operations/CAPACITY_AND_SCALING.md;contracts/operations/external-dependency-register.csv;contracts/operations/vendor-exit-matrix.csv;contracts/operations/cost-model.yaml;docs/05-operations/COST_AND_UNIT_ECONOMICS.md;contracts/operations/lock-and-queue-policy.yaml;contracts/operations/recovery-objectives.yaml;docs/05-operations/BACKUP_RESTORE.md;contracts/operations/version-and-rollback-matrix.yaml;docs/03-engineering/DATABASE_MIGRATIONS.md;docs/05-operations/OBSERVABILITY.md;docs/04-quality/THREAT_MODEL.md;docs/04-quality/SECURITY_PRIVACY_LGPD.md;contracts/privacy/lgpd-control-matrix.csv;docs/04-quality/LGPD_CONTROL_MODEL.md,SECURITY_AND_PRIVACY_GATES,PASS
SPRINT-010,ISSUE-0061,Epic delivery envelope,,,EPIC-061,BC-013,Backend,CRITICAL,PASS,PASS,PASS,PASS,PASS,PASS,NOT_APPLICABLE,PASS,NOT_APPLICABLE,PASS,PASS,PASS,PASS,PASS,PASS,contracts/operations/slo-sli-catalog.yaml;docs/05-operations/CAPACITY_AND_SCALING.md;contracts/operations/external-dependency-register.csv;contracts/operations/vendor-exit-matrix.csv;contracts/operations/cost-model.yaml;docs/05-operations/COST_AND_UNIT_ECONOMICS.md;contracts/operations/recovery-objectives.yaml;docs/05-operations/BACKUP_RESTORE.md;contracts/operations/version-and-rollback-matrix.yaml;docs/03-engineering/DATABASE_MIGRATIONS.md;docs/05-operations/OBSERVABILITY.md;docs/04-quality/THREAT_MODEL.md;docs/04-quality/SECURITY_PRIVACY_LGPD.md;contracts/privacy/lgpd-control-matrix.csv;docs/04-quality/LGPD_CONTROL_MODEL.md;contracts/operations/lock-and-queue-policy.yaml,SECURITY_AND_PRIVACY_GATES,PASS
SPRINT-010,ISSUE-0070,Epic delivery envelope,,,EPIC-070,BC-012,Backend,HIGH,PASS,PASS,PASS,PASS,PASS,PASS,NOT_APPLICABLE,PASS,NOT_APPLICABLE,PASS,PASS,PASS,PASS,PASS,PASS,contracts/operations/slo-sli-catalog.yaml;docs/05-operations/CAPACITY_AND_SCALING.md;contracts/operations/external-dependency-register.csv;contracts/operations/vendor-exit-matrix.csv;contracts/operations/cost-model.yaml;docs/05-operations/COST_AND_UNIT_ECONOMICS.md;contracts/operations/recovery-objectives.yaml;docs/05-operations/BACKUP_RESTORE.md;contracts/operations/version-and-rollback-matrix.yaml;docs/03-engineering/DATABASE_MIGRATIONS.md;docs/05-operations/OBSERVABILITY.md;docs/04-quality/THREAT_MODEL.md;docs/04-quality/SECURITY_PRIVACY_LGPD.md;contracts/privacy/lgpd-control-matrix.csv;docs/04-quality/LGPD_CONTROL_MODEL.md;contracts/operations/lock-and-queue-policy.yaml,BENCHMARK_AND_OPERATIONS_GATES,PASS
SPRINT-010,ISSUE-0105,Epic delivery envelope,,,EPIC-105,BC-013,Backend,CRITICAL,PASS,PASS,PASS,PASS,PASS,PASS,PASS,PASS,NOT_APPLICABLE,PASS,PASS,PASS,PASS,PASS,PASS,contracts/operations/slo-sli-catalog.yaml;docs/05-operations/CAPACITY_AND_SCALING.md;contracts/operations/external-dependency-register.csv;contracts/operations/vendor-exit-matrix.csv;contracts/operations/cost-model.yaml;docs/05-operations/COST_AND_UNIT_ECONOMICS.md;contracts/operations/recovery-objectives.yaml;docs/05-operations/BACKUP_RESTORE.md;contracts/operations/version-and-rollback-matrix.yaml;docs/03-engineering/DATABASE_MIGRATIONS.md;docs/05-operations/OBSERVABILITY.md;docs/04-quality/THREAT_MODEL.md;docs/04-quality/SECURITY_PRIVACY_LGPD.md;contracts/privacy/lgpd-control-matrix.csv;docs/04-quality/LGPD_CONTROL_MODEL.md;contracts/operations/lock-and-queue-policy.yaml,SECURITY_AND_PRIVACY_GATES,PASS
SPRINT-010,ISSUE-0330,Story,STORY-0220,TASK-0220,EPIC-037,BC-012,Arquiteto,CRITICAL,PASS,PASS,PASS,PASS,PASS,PASS,NOT_APPLICABLE,PASS,PASS,PASS,PASS,PASS,PASS,PASS,PASS,contracts/operations/slo-sli-catalog.yaml;docs/05-operations/CAPACITY_AND_SCALING.md;contracts/operations/lock-and-queue-policy.yaml;contracts/operations/external-dependency-register.csv;contracts/operations/vendor-exit-matrix.csv;contracts/operations/cost-model.yaml;docs/05-operations/COST_AND_UNIT_ECONOMICS.md;contracts/operations/recovery-objectives.yaml;docs/05-operations/BACKUP_RESTORE.md;contracts/operations/version-and-rollback-matrix.yaml;docs/03-engineering/DATABASE_MIGRATIONS.md;docs/05-operations/OBSERVABILITY.md;docs/04-quality/THREAT_MODEL.md;docs/04-quality/SECURITY_PRIVACY_LGPD.md;contracts/privacy/lgpd-control-matrix.csv;docs/04-quality/LGPD_CONTROL_MODEL.md,SECURITY_AND_PRIVACY_GATES,PASS
SPRINT-010,ISSUE-0331,Story,STORY-0221,TASK-0221,EPIC-037,BC-012,Backend,HIGH,PASS,PASS,PASS,PASS,PASS,PASS,NOT_APPLICABLE,PASS,NOT_APPLICABLE,PASS,PASS,PASS,PASS,NOT_APPLICABLE,PASS,contracts/operations/slo-sli-catalog.yaml;docs/05-operations/CAPACITY_AND_SCALING.md;contracts/operations/lock-and-queue-policy.yaml;contracts/operations/external-dependency-register.csv;contracts/operations/vendor-exit-matrix.csv;contracts/operations/cost-model.yaml;docs/05-operations/COST_AND_UNIT_ECONOMICS.md;contracts/operations/recovery-objectives.yaml;docs/05-operations/BACKUP_RESTORE.md;contracts/operations/version-and-rollback-matrix.yaml;docs/03-engineering/DATABASE_MIGRATIONS.md;docs/05-operations/OBSERVABILITY.md;docs/04-quality/THREAT_MODEL.md;docs/04-quality/SECURITY_PRIVACY_LGPD.md,BENCHMARK_AND_OPERATIONS_GATES,PASS
SPRINT-010,ISSUE-0332,Story,STORY-0222,TASK-0222,EPIC-037,BC-012,Backend,HIGH,PASS,PASS,PASS,PASS,PASS,PASS,NOT_APPLICABLE,PASS,NOT_APPLICABLE,PASS,PASS,PASS,PASS,NOT_APPLICABLE,PASS,contracts/operations/slo-sli-catalog.yaml;docs/05-operations/CAPACITY_AND_SCALING.md;contracts/operations/lock-and-queue-policy.yaml;contracts/operations/external-dependency-register.csv;contracts/operations/vendor-exit-matrix.csv;contracts/operations/cost-model.yaml;docs/05-operations/COST_AND_UNIT_ECONOMICS.md;contracts/operations/recovery-objectives.yaml;docs/05-operations/BACKUP_RESTORE.md;contracts/operations/version-and-rollback-matrix.yaml;docs/03-engineering/DATABASE_MIGRATIONS.md;docs/05-operations/OBSERVABILITY.md;docs/04-quality/THREAT_MODEL.md;docs/04-quality/SECURITY_PRIVACY_LGPD.md,BENCHMARK_AND_OPERATIONS_GATES,PASS
SPRINT-010,ISSUE-0333,Story,STORY-0223,TASK-0223,EPIC-037,BC-012,Frontend,CRITICAL,PASS,PASS,PASS,PASS,PASS,PASS,NOT_APPLICABLE,PASS,PASS,PASS,PASS,PASS,PASS,PASS,PASS,contracts/operations/slo-sli-catalog.yaml;docs/05-operations/CAPACITY_AND_SCALING.md;contracts/operations/lock-and-queue-policy.yaml;contracts/operations/external-dependency-register.csv;contracts/operations/vendor-exit-matrix.csv;contracts/operations/cost-model.yaml;docs/05-operations/COST_AND_UNIT_ECONOMICS.md;contracts/operations/recovery-objectives.yaml;docs/05-operations/BACKUP_RESTORE.md;contracts/operations/version-and-rollback-matrix.yaml;docs/03-engineering/DATABASE_MIGRATIONS.md;docs/05-operations/OBSERVABILITY.md;docs/04-quality/THREAT_MODEL.md;docs/04-quality/SECURITY_PRIVACY_LGPD.md;contracts/privacy/lgpd-control-matrix.csv;docs/04-quality/LGPD_CONTROL_MODEL.md,SECURITY_AND_PRIVACY_GATES,PASS
SPRINT-010,ISSUE-0334,Story,STORY-0224,TASK-0224,EPIC-037,BC-012,QA,HIGH,PASS,PASS,PASS,PASS,PASS,PASS,NOT_APPLICABLE,PASS,NOT_APPLICABLE,PASS,PASS,PASS,PASS,NOT_APPLICABLE,PASS,contracts/operations/slo-sli-catalog.yaml;docs/05-operations/CAPACITY_AND_SCALING.md;contracts/operations/lock-and-queue-policy.yaml;contracts/operations/external-dependency-register.csv;contracts/operations/vendor-exit-matrix.csv;contracts/operations/cost-model.yaml;docs/05-operations/COST_AND_UNIT_ECONOMICS.md;contracts/operations/recovery-objectives.yaml;docs/05-operations/BACKUP_RESTORE.md;contracts/operations/version-and-rollback-matrix.yaml;docs/03-engineering/DATABASE_MIGRATIONS.md;docs/05-operations/OBSERVABILITY.md;docs/04-quality/THREAT_MODEL.md;docs/04-quality/SECURITY_PRIVACY_LGPD.md,BENCHMARK_AND_OPERATIONS_GATES,PASS
SPRINT-010,ISSUE-0335,Story,STORY-0225,TASK-0225,EPIC-037,BC-012,Reviewer,HIGH,PASS,PASS,PASS,PASS,PASS,PASS,NOT_APPLICABLE,PASS,NOT_APPLICABLE,PASS,PASS,PASS,PASS,NOT_APPLICABLE,PASS,contracts/operations/slo-sli-catalog.yaml;docs/05-operations/CAPACITY_AND_SCALING.md;contracts/operations/lock-and-queue-policy.yaml;contracts/operations/external-dependency-register.csv;contracts/operations/vendor-exit-matrix.csv;contracts/operations/cost-model.yaml;docs/05-operations/COST_AND_UNIT_ECONOMICS.md;contracts/operations/recovery-objectives.yaml;docs/05-operations/BACKUP_RESTORE.md;contracts/operations/version-and-rollback-matrix.yaml;docs/03-engineering/DATABASE_MIGRATIONS.md;docs/05-operations/OBSERVABILITY.md;docs/04-quality/THREAT_MODEL.md;docs/04-quality/SECURITY_PRIVACY_LGPD.md,BENCHMARK_AND_OPERATIONS_GATES,PASS
SPRINT-010,ISSUE-0336,Story,STORY-0226,TASK-0226,EPIC-038,BC-007,Arquiteto,CRITICAL,PASS,NOT_APPLICABLE,PASS,PASS,PASS,PASS,PASS,PASS,NOT_APPLICABLE,NOT_APPLICABLE,PASS,PASS,PASS,PASS,PASS,contracts/operations/slo-sli-catalog.yaml;docs/05-operations/CAPACITY_AND_SCALING.md;contracts/operations/external-dependency-register.csv;contracts/operations/vendor-exit-matrix.csv;contracts/operations/cost-model.yaml;docs/05-operations/COST_AND_UNIT_ECONOMICS.md;contracts/operations/version-and-rollback-matrix.yaml;docs/03-engineering/DATABASE_MIGRATIONS.md;docs/05-operations/OBSERVABILITY.md;docs/04-quality/THREAT_MODEL.md;docs/04-quality/SECURITY_PRIVACY_LGPD.md;contracts/privacy/lgpd-control-matrix.csv;docs/04-quality/LGPD_CONTROL_MODEL.md,SECURITY_AND_PRIVACY_GATES,PASS
SPRINT-010,ISSUE-0337,Story,STORY-0227,TASK-0227,EPIC-038,BC-007,Backend,CRITICAL,PASS,PASS,PASS,PASS,PASS,PASS,PASS,PASS,NOT_APPLICABLE,PASS,PASS,PASS,PASS,NOT_APPLICABLE,PASS,contracts/operations/slo-sli-catalog.yaml;docs/05-operations/CAPACITY_AND_SCALING.md;contracts/operations/lock-and-queue-policy.yaml;contracts/operations/external-dependency-register.csv;contracts/operations/vendor-exit-matrix.csv;contracts/operations/cost-model.yaml;docs/05-operations/COST_AND_UNIT_ECONOMICS.md;contracts/operations/recovery-objectives.yaml;docs/05-operations/BACKUP_RESTORE.md;contracts/operations/version-and-rollback-matrix.yaml;docs/03-engineering/DATABASE_MIGRATIONS.md;docs/05-operations/OBSERVABILITY.md;docs/04-quality/THREAT_MODEL.md;docs/04-quality/SECURITY_PRIVACY_LGPD.md,SECURITY_AND_PRIVACY_GATES,PASS
SPRINT-010,ISSUE-0338,Story,STORY-0228,TASK-0228,EPIC-038,BC-007,Backend,CRITICAL,PASS,PASS,PASS,PASS,PASS,PASS,PASS,PASS,NOT_APPLICABLE,NOT_APPLICABLE,NOT_APPLICABLE,PASS,PASS,NOT_APPLICABLE,PASS,contracts/operations/slo-sli-catalog.yaml;docs/05-operations/CAPACITY_AND_SCALING.md;contracts/operations/lock-and-queue-policy.yaml;contracts/operations/external-dependency-register.csv;contracts/operations/vendor-exit-matrix.csv;contracts/operations/cost-model.yaml;docs/05-operations/COST_AND_UNIT_ECONOMICS.md;docs/05-operations/OBSERVABILITY.md;docs/04-quality/THREAT_MODEL.md;docs/04-quality/SECURITY_PRIVACY_LGPD.md;contracts/operations/version-and-rollback-matrix.yaml,SECURITY_AND_PRIVACY_GATES,PASS
SPRINT-010,ISSUE-0339,Story,STORY-0229,TASK-0229,EPIC-038,BC-007,Frontend,CRITICAL,PASS,NOT_APPLICABLE,PASS,PASS,PASS,PASS,PASS,PASS,NOT_APPLICABLE,NOT_APPLICABLE,PASS,PASS,PASS,PASS,PASS,contracts/operations/slo-sli-catalog.yaml;docs/05-operations/CAPACITY_AND_SCALING.md;contracts/operations/external-dependency-register.csv;contracts/operations/vendor-exit-matrix.csv;contracts/operations/cost-model.yaml;docs/05-operations/COST_AND_UNIT_ECONOMICS.md;contracts/operations/version-and-rollback-matrix.yaml;docs/03-engineering/DATABASE_MIGRATIONS.md;docs/05-operations/OBSERVABILITY.md;docs/04-quality/THREAT_MODEL.md;docs/04-quality/SECURITY_PRIVACY_LGPD.md;contracts/privacy/lgpd-control-matrix.csv;docs/04-quality/LGPD_CONTROL_MODEL.md,SECURITY_AND_PRIVACY_GATES,PASS
SPRINT-010,ISSUE-0340,Story,STORY-0230,TASK-0230,EPIC-038,BC-007,QA,CRITICAL,PASS,NOT_APPLICABLE,PASS,PASS,PASS,PASS,PASS,PASS,NOT_APPLICABLE,NOT_APPLICABLE,NOT_APPLICABLE,PASS,PASS,NOT_APPLICABLE,PASS,contracts/operations/slo-sli-catalog.yaml;docs/05-operations/CAPACITY_AND_SCALING.md;contracts/operations/external-dependency-register.csv;contracts/operations/vendor-exit-matrix.csv;contracts/operations/cost-model.yaml;docs/05-operations/COST_AND_UNIT_ECONOMICS.md;docs/05-operations/OBSERVABILITY.md;docs/04-quality/THREAT_MODEL.md;docs/04-quality/SECURITY_PRIVACY_LGPD.md;contracts/operations/version-and-rollback-matrix.yaml,SECURITY_AND_PRIVACY_GATES,PASS
SPRINT-010,ISSUE-0341,Story,STORY-0231,TASK-0231,EPIC-038,BC-007,Reviewer,CRITICAL,PASS,NOT_APPLICABLE,PASS,PASS,PASS,PASS,PASS,PASS,NOT_APPLICABLE,PASS,NOT_APPLICABLE,PASS,PASS,NOT_APPLICABLE,PASS,contracts/operations/slo-sli-catalog.yaml;docs/05-operations/CAPACITY_AND_SCALING.md;contracts/operations/external-dependency-register.csv;contracts/operations/vendor-exit-matrix.csv;contracts/operations/cost-model.yaml;docs/05-operations/COST_AND_UNIT_ECONOMICS.md;contracts/operations/recovery-objectives.yaml;docs/05-operations/BACKUP_RESTORE.md;docs/05-operations/OBSERVABILITY.md;docs/04-quality/THREAT_MODEL.md;docs/04-quality/SECURITY_PRIVACY_LGPD.md;contracts/operations/version-and-rollback-matrix.yaml,SECURITY_AND_PRIVACY_GATES,PASS
SPRINT-010,ISSUE-0406,Story,STORY-0296,TASK-0296,EPIC-049,BC-013,Arquiteto,HIGH,PASS,NOT_APPLICABLE,PASS,PASS,PASS,PASS,NOT_APPLICABLE,PASS,PASS,PASS,PASS,PASS,PASS,PASS,PASS,contracts/operations/slo-sli-catalog.yaml;docs/05-operations/CAPACITY_AND_SCALING.md;contracts/operations/external-dependency-register.csv;contracts/operations/vendor-exit-matrix.csv;contracts/operations/cost-model.yaml;docs/05-operations/COST_AND_UNIT_ECONOMICS.md;contracts/operations/lock-and-queue-policy.yaml;contracts/operations/recovery-objectives.yaml;docs/05-operations/BACKUP_RESTORE.md;contracts/operations/version-and-rollback-matrix.yaml;docs/03-engineering/DATABASE_MIGRATIONS.md;docs/05-operations/OBSERVABILITY.md;docs/04-quality/THREAT_MODEL.md;docs/04-quality/SECURITY_PRIVACY_LGPD.md;contracts/privacy/lgpd-control-matrix.csv;docs/04-quality/LGPD_CONTROL_MODEL.md,BENCHMARK_AND_OPERATIONS_GATES,PASS
SPRINT-010,ISSUE-0407,Story,STORY-0297,TASK-0297,EPIC-049,BC-013,Backend,CRITICAL,PASS,PASS,PASS,PASS,PASS,PASS,PASS,PASS,NOT_APPLICABLE,PASS,PASS,PASS,PASS,NOT_APPLICABLE,PASS,contracts/operations/slo-sli-catalog.yaml;docs/05-operations/CAPACITY_AND_SCALING.md;contracts/operations/lock-and-queue-policy.yaml;contracts/operations/external-dependency-register.csv;contracts/operations/vendor-exit-matrix.csv;contracts/operations/cost-model.yaml;docs/05-operations/COST_AND_UNIT_ECONOMICS.md;contracts/operations/recovery-objectives.yaml;docs/05-operations/BACKUP_RESTORE.md;contracts/operations/version-and-rollback-matrix.yaml;docs/03-engineering/DATABASE_MIGRATIONS.md;docs/05-operations/OBSERVABILITY.md;docs/04-quality/THREAT_MODEL.md;docs/04-quality/SECURITY_PRIVACY_LGPD.md,SECURITY_AND_PRIVACY_GATES,PASS
SPRINT-010,ISSUE-0408,Story,STORY-0298,TASK-0298,EPIC-049,BC-013,Backend,HIGH,PASS,PASS,PASS,PASS,PASS,PASS,NOT_APPLICABLE,PASS,NOT_APPLICABLE,PASS,PASS,PASS,PASS,NOT_APPLICABLE,PASS,contracts/operations/slo-sli-catalog.yaml;docs/05-operations/CAPACITY_AND_SCALING.md;contracts/operations/lock-and-queue-policy.yaml;contracts/operations/external-dependency-register.csv;contracts/operations/vendor-exit-matrix.csv;contracts/operations/cost-model.yaml;docs/05-operations/COST_AND_UNIT_ECONOMICS.md;contracts/operations/recovery-objectives.yaml;docs/05-operations/BACKUP_RESTORE.md;contracts/operations/version-and-rollback-matrix.yaml;docs/03-engineering/DATABASE_MIGRATIONS.md;docs/05-operations/OBSERVABILITY.md;docs/04-quality/THREAT_MODEL.md;docs/04-quality/SECURITY_PRIVACY_LGPD.md,BENCHMARK_AND_OPERATIONS_GATES,PASS
SPRINT-010,ISSUE-0409,Story,STORY-0299,TASK-0299,EPIC-049,BC-013,Backend,HIGH,PASS,PASS,PASS,PASS,PASS,PASS,NOT_APPLICABLE,PASS,NOT_APPLICABLE,PASS,PASS,PASS,PASS,PASS,PASS,contracts/operations/slo-sli-catalog.yaml;docs/05-operations/CAPACITY_AND_SCALING.md;contracts/operations/lock-and-queue-policy.yaml;contracts/operations/external-dependency-register.csv;contracts/operations/vendor-exit-matrix.csv;contracts/operations/cost-model.yaml;docs/05-operations/COST_AND_UNIT_ECONOMICS.md;contracts/operations/recovery-objectives.yaml;docs/05-operations/BACKUP_RESTORE.md;contracts/operations/version-and-rollback-matrix.yaml;docs/03-engineering/DATABASE_MIGRATIONS.md;docs/05-operations/OBSERVABILITY.md;docs/04-quality/THREAT_MODEL.md;docs/04-quality/SECURITY_PRIVACY_LGPD.md;contracts/privacy/lgpd-control-matrix.csv;docs/04-quality/LGPD_CONTROL_MODEL.md,BENCHMARK_AND_OPERATIONS_GATES,PASS
SPRINT-010,ISSUE-0410,Story,STORY-0300,TASK-0300,EPIC-049,BC-013,Security,CRITICAL,PASS,NOT_APPLICABLE,PASS,PASS,PASS,PASS,PASS,PASS,NOT_APPLICABLE,PASS,NOT_APPLICABLE,PASS,PASS,PASS,PASS,contracts/operations/slo-sli-catalog.yaml;docs/05-operations/CAPACITY_AND_SCALING.md;contracts/operations/external-dependency-register.csv;contracts/operations/vendor-exit-matrix.csv;contracts/operations/cost-model.yaml;docs/05-operations/COST_AND_UNIT_ECONOMICS.md;contracts/operations/recovery-objectives.yaml;docs/05-operations/BACKUP_RESTORE.md;docs/05-operations/OBSERVABILITY.md;docs/04-quality/THREAT_MODEL.md;docs/04-quality/SECURITY_PRIVACY_LGPD.md;contracts/privacy/lgpd-control-matrix.csv;docs/04-quality/LGPD_CONTROL_MODEL.md;contracts/operations/version-and-rollback-matrix.yaml,SECURITY_AND_PRIVACY_GATES,PASS
SPRINT-010,ISSUE-0411,Story,STORY-0301,TASK-0301,EPIC-049,BC-013,Reviewer,HIGH,PASS,NOT_APPLICABLE,PASS,PASS,PASS,PASS,NOT_APPLICABLE,PASS,NOT_APPLICABLE,PASS,NOT_APPLICABLE,PASS,PASS,NOT_APPLICABLE,PASS,contracts/operations/slo-sli-catalog.yaml;docs/05-operations/CAPACITY_AND_SCALING.md;contracts/operations/external-dependency-register.csv;contracts/operations/vendor-exit-matrix.csv;contracts/operations/cost-model.yaml;docs/05-operations/COST_AND_UNIT_ECONOMICS.md;contracts/operations/recovery-objectives.yaml;docs/05-operations/BACKUP_RESTORE.md;docs/05-operations/OBSERVABILITY.md;docs/04-quality/THREAT_MODEL.md;docs/04-quality/SECURITY_PRIVACY_LGPD.md;contracts/operations/version-and-rollback-matrix.yaml,BENCHMARK_AND_OPERATIONS_GATES,PASS
SPRINT-010,ISSUE-0489,Story,STORY-0379,TASK-0379,EPIC-061,BC-013,Arquiteto,HIGH,PASS,NOT_APPLICABLE,PASS,PASS,PASS,PASS,NOT_APPLICABLE,PASS,NOT_APPLICABLE,PASS,PASS,PASS,PASS,PASS,PASS,contracts/operations/slo-sli-catalog.yaml;docs/05-operations/CAPACITY_AND_SCALING.md;contracts/operations/external-dependency-register.csv;contracts/operations/vendor-exit-matrix.csv;contracts/operations/cost-model.yaml;docs/05-operations/COST_AND_UNIT_ECONOMICS.md;contracts/operations/recovery-objectives.yaml;docs/05-operations/BACKUP_RESTORE.md;contracts/operations/version-and-rollback-matrix.yaml;docs/03-engineering/DATABASE_MIGRATIONS.md;docs/05-operations/OBSERVABILITY.md;docs/04-quality/THREAT_MODEL.md;docs/04-quality/SECURITY_PRIVACY_LGPD.md;contracts/privacy/lgpd-control-matrix.csv;docs/04-quality/LGPD_CONTROL_MODEL.md,BENCHMARK_AND_OPERATIONS_GATES,PASS
SPRINT-010,ISSUE-0490,Story,STORY-0380,TASK-0380,EPIC-061,BC-013,Backend,HIGH,PASS,PASS,PASS,PASS,PASS,PASS,NOT_APPLICABLE,PASS,NOT_APPLICABLE,PASS,PASS,PASS,PASS,NOT_APPLICABLE,PASS,contracts/operations/slo-sli-catalog.yaml;docs/05-operations/CAPACITY_AND_SCALING.md;contracts/operations/lock-and-queue-policy.yaml;contracts/operations/external-dependency-register.csv;contracts/operations/vendor-exit-matrix.csv;contracts/operations/cost-model.yaml;docs/05-operations/COST_AND_UNIT_ECONOMICS.md;contracts/operations/recovery-objectives.yaml;docs/05-operations/BACKUP_RESTORE.md;contracts/operations/version-and-rollback-matrix.yaml;docs/03-engineering/DATABASE_MIGRATIONS.md;docs/05-operations/OBSERVABILITY.md;docs/04-quality/THREAT_MODEL.md;docs/04-quality/SECURITY_PRIVACY_LGPD.md,BENCHMARK_AND_OPERATIONS_GATES,PASS
SPRINT-010,ISSUE-0491,Story,STORY-0381,TASK-0381,EPIC-061,BC-013,Backend,HIGH,PASS,PASS,PASS,PASS,PASS,PASS,NOT_APPLICABLE,PASS,NOT_APPLICABLE,PASS,PASS,PASS,PASS,NOT_APPLICABLE,PASS,contracts/operations/slo-sli-catalog.yaml;docs/05-operations/CAPACITY_AND_SCALING.md;contracts/operations/lock-and-queue-policy.yaml;contracts/operations/external-dependency-register.csv;contracts/operations/vendor-exit-matrix.csv;contracts/operations/cost-model.yaml;docs/05-operations/COST_AND_UNIT_ECONOMICS.md;contracts/operations/recovery-objectives.yaml;docs/05-operations/BACKUP_RESTORE.md;contracts/operations/version-and-rollback-matrix.yaml;docs/03-engineering/DATABASE_MIGRATIONS.md;docs/05-operations/OBSERVABILITY.md;docs/04-quality/THREAT_MODEL.md;docs/04-quality/SECURITY_PRIVACY_LGPD.md,BENCHMARK_AND_OPERATIONS_GATES,PASS
SPRINT-010,ISSUE-0492,Story,STORY-0382,TASK-0382,EPIC-061,BC-013,Backend,HIGH,PASS,PASS,PASS,PASS,PASS,PASS,NOT_APPLICABLE,PASS,NOT_APPLICABLE,PASS,PASS,PASS,PASS,PASS,PASS,contracts/operations/slo-sli-catalog.yaml;docs/05-operations/CAPACITY_AND_SCALING.md;contracts/operations/lock-and-queue-policy.yaml;contracts/operations/external-dependency-register.csv;contracts/operations/vendor-exit-matrix.csv;contracts/operations/cost-model.yaml;docs/05-operations/COST_AND_UNIT_ECONOMICS.md;contracts/operations/recovery-objectives.yaml;docs/05-operations/BACKUP_RESTORE.md;contracts/operations/version-and-rollback-matrix.yaml;docs/03-engineering/DATABASE_MIGRATIONS.md;docs/05-operations/OBSERVABILITY.md;docs/04-quality/THREAT_MODEL.md;docs/04-quality/SECURITY_PRIVACY_LGPD.md;contracts/privacy/lgpd-control-matrix.csv;docs/04-quality/LGPD_CONTROL_MODEL.md,BENCHMARK_AND_OPERATIONS_GATES,PASS
SPRINT-010,ISSUE-0493,Story,STORY-0383,TASK-0383,EPIC-061,BC-013,Security,CRITICAL,PASS,NOT_APPLICABLE,PASS,PASS,PASS,PASS,NOT_APPLICABLE,PASS,NOT_APPLICABLE,PASS,NOT_APPLICABLE,PASS,PASS,PASS,PASS,contracts/operations/slo-sli-catalog.yaml;docs/05-operations/CAPACITY_AND_SCALING.md;contracts/operations/external-dependency-register.csv;contracts/operations/vendor-exit-matrix.csv;contracts/operations/cost-model.yaml;docs/05-operations/COST_AND_UNIT_ECONOMICS.md;contracts/operations/recovery-objectives.yaml;docs/05-operations/BACKUP_RESTORE.md;docs/05-operations/OBSERVABILITY.md;docs/04-quality/THREAT_MODEL.md;docs/04-quality/SECURITY_PRIVACY_LGPD.md;contracts/privacy/lgpd-control-matrix.csv;docs/04-quality/LGPD_CONTROL_MODEL.md;contracts/operations/version-and-rollback-matrix.yaml,SECURITY_AND_PRIVACY_GATES,PASS
SPRINT-010,ISSUE-0494,Story,STORY-0384,TASK-0384,EPIC-061,BC-013,Reviewer,HIGH,PASS,NOT_APPLICABLE,PASS,PASS,PASS,PASS,NOT_APPLICABLE,PASS,NOT_APPLICABLE,PASS,NOT_APPLICABLE,PASS,PASS,NOT_APPLICABLE,PASS,contracts/operations/slo-sli-catalog.yaml;docs/05-operations/CAPACITY_AND_SCALING.md;contracts/operations/external-dependency-register.csv;contracts/operations/vendor-exit-matrix.csv;contracts/operations/cost-model.yaml;docs/05-operations/COST_AND_UNIT_ECONOMICS.md;contracts/operations/recovery-objectives.yaml;docs/05-operations/BACKUP_RESTORE.md;docs/05-operations/OBSERVABILITY.md;docs/04-quality/THREAT_MODEL.md;docs/04-quality/SECURITY_PRIVACY_LGPD.md;contracts/operations/version-and-rollback-matrix.yaml,BENCHMARK_AND_OPERATIONS_GATES,PASS
SPRINT-010,ISSUE-0549,Story,STORY-0439,TASK-0439,EPIC-070,BC-012,Arquiteto,HIGH,PASS,NOT_APPLICABLE,PASS,PASS,PASS,PASS,NOT_APPLICABLE,PASS,NOT_APPLICABLE,PASS,PASS,PASS,PASS,PASS,PASS,contracts/operations/slo-sli-catalog.yaml;docs/05-operations/CAPACITY_AND_SCALING.md;contracts/operations/external-dependency-register.csv;contracts/operations/vendor-exit-matrix.csv;contracts/operations/cost-model.yaml;docs/05-operations/COST_AND_UNIT_ECONOMICS.md;contracts/operations/recovery-objectives.yaml;docs/05-operations/BACKUP_RESTORE.md;contracts/operations/version-and-rollback-matrix.yaml;docs/03-engineering/DATABASE_MIGRATIONS.md;docs/05-operations/OBSERVABILITY.md;docs/04-quality/THREAT_MODEL.md;docs/04-quality/SECURITY_PRIVACY_LGPD.md;contracts/privacy/lgpd-control-matrix.csv;docs/04-quality/LGPD_CONTROL_MODEL.md,BENCHMARK_AND_OPERATIONS_GATES,PASS
SPRINT-010,ISSUE-0550,Story,STORY-0440,TASK-0440,EPIC-070,BC-012,Backend,HIGH,PASS,PASS,PASS,PASS,PASS,PASS,NOT_APPLICABLE,PASS,NOT_APPLICABLE,PASS,PASS,PASS,PASS,NOT_APPLICABLE,PASS,contracts/operations/slo-sli-catalog.yaml;docs/05-operations/CAPACITY_AND_SCALING.md;contracts/operations/lock-and-queue-policy.yaml;contracts/operations/external-dependency-register.csv;contracts/operations/vendor-exit-matrix.csv;contracts/operations/cost-model.yaml;docs/05-operations/COST_AND_UNIT_ECONOMICS.md;contracts/operations/recovery-objectives.yaml;docs/05-operations/BACKUP_RESTORE.md;contracts/operations/version-and-rollback-matrix.yaml;docs/03-engineering/DATABASE_MIGRATIONS.md;docs/05-operations/OBSERVABILITY.md;docs/04-quality/THREAT_MODEL.md;docs/04-quality/SECURITY_PRIVACY_LGPD.md,BENCHMARK_AND_OPERATIONS_GATES,PASS
SPRINT-010,ISSUE-0551,Story,STORY-0441,TASK-0441,EPIC-070,BC-012,Backend,HIGH,PASS,PASS,PASS,PASS,PASS,PASS,NOT_APPLICABLE,PASS,NOT_APPLICABLE,PASS,PASS,PASS,PASS,NOT_APPLICABLE,PASS,contracts/operations/slo-sli-catalog.yaml;docs/05-operations/CAPACITY_AND_SCALING.md;contracts/operations/lock-and-queue-policy.yaml;contracts/operations/external-dependency-register.csv;contracts/operations/vendor-exit-matrix.csv;contracts/operations/cost-model.yaml;docs/05-operations/COST_AND_UNIT_ECONOMICS.md;contracts/operations/recovery-objectives.yaml;docs/05-operations/BACKUP_RESTORE.md;contracts/operations/version-and-rollback-matrix.yaml;docs/03-engineering/DATABASE_MIGRATIONS.md;docs/05-operations/OBSERVABILITY.md;docs/04-quality/THREAT_MODEL.md;docs/04-quality/SECURITY_PRIVACY_LGPD.md,BENCHMARK_AND_OPERATIONS_GATES,PASS
SPRINT-010,ISSUE-0552,Story,STORY-0442,TASK-0442,EPIC-070,BC-012,Frontend,HIGH,PASS,NOT_APPLICABLE,PASS,PASS,PASS,PASS,NOT_APPLICABLE,PASS,NOT_APPLICABLE,PASS,PASS,PASS,PASS,PASS,PASS,contracts/operations/slo-sli-catalog.yaml;docs/05-operations/CAPACITY_AND_SCALING.md;contracts/operations/external-dependency-register.csv;contracts/operations/vendor-exit-matrix.csv;contracts/operations/cost-model.yaml;docs/05-operations/COST_AND_UNIT_ECONOMICS.md;contracts/operations/recovery-objectives.yaml;docs/05-operations/BACKUP_RESTORE.md;contracts/operations/version-and-rollback-matrix.yaml;docs/03-engineering/DATABASE_MIGRATIONS.md;docs/05-operations/OBSERVABILITY.md;docs/04-quality/THREAT_MODEL.md;docs/04-quality/SECURITY_PRIVACY_LGPD.md;contracts/privacy/lgpd-control-matrix.csv;docs/04-quality/LGPD_CONTROL_MODEL.md,BENCHMARK_AND_OPERATIONS_GATES,PASS
SPRINT-010,ISSUE-0553,Story,STORY-0443,TASK-0443,EPIC-070,BC-012,QA,HIGH,NOT_APPLICABLE,NOT_APPLICABLE,PASS,PASS,NOT_APPLICABLE,PASS,NOT_APPLICABLE,NOT_APPLICABLE,NOT_APPLICABLE,PASS,NOT_APPLICABLE,PASS,PASS,NOT_APPLICABLE,PASS,contracts/operations/external-dependency-register.csv;contracts/operations/vendor-exit-matrix.csv;contracts/operations/cost-model.yaml;docs/05-operations/COST_AND_UNIT_ECONOMICS.md;contracts/operations/recovery-objectives.yaml;docs/05-operations/BACKUP_RESTORE.md;contracts/operations/slo-sli-catalog.yaml;docs/05-operations/OBSERVABILITY.md;docs/04-quality/THREAT_MODEL.md;docs/04-quality/SECURITY_PRIVACY_LGPD.md;contracts/operations/version-and-rollback-matrix.yaml,BENCHMARK_AND_OPERATIONS_GATES,PASS
SPRINT-010,ISSUE-0554,Story,STORY-0444,TASK-0444,EPIC-070,BC-012,Reviewer,HIGH,NOT_APPLICABLE,NOT_APPLICABLE,PASS,PASS,NOT_APPLICABLE,PASS,NOT_APPLICABLE,NOT_APPLICABLE,NOT_APPLICABLE,PASS,NOT_APPLICABLE,PASS,PASS,NOT_APPLICABLE,PASS,contracts/operations/external-dependency-register.csv;contracts/operations/vendor-exit-matrix.csv;contracts/operations/cost-model.yaml;docs/05-operations/COST_AND_UNIT_ECONOMICS.md;contracts/operations/recovery-objectives.yaml;docs/05-operations/BACKUP_RESTORE.md;contracts/operations/slo-sli-catalog.yaml;docs/05-operations/OBSERVABILITY.md;docs/04-quality/THREAT_MODEL.md;docs/04-quality/SECURITY_PRIVACY_LGPD.md;contracts/operations/version-and-rollback-matrix.yaml,BENCHMARK_AND_OPERATIONS_GATES,PASS
SPRINT-010,ISSUE-0764,Story,STORY-0654,TASK-0654,EPIC-105,BC-013,Arquiteto,CRITICAL,PASS,NOT_APPLICABLE,PASS,PASS,PASS,PASS,PASS,PASS,NOT_APPLICABLE,PASS,PASS,PASS,PASS,PASS,PASS,contracts/operations/slo-sli-catalog.yaml;docs/05-operations/CAPACITY_AND_SCALING.md;contracts/operations/external-dependency-register.csv;contracts/operations/vendor-exit-matrix.csv;contracts/operations/cost-model.yaml;docs/05-operations/COST_AND_UNIT_ECONOMICS.md;contracts/operations/recovery-objectives.yaml;docs/05-operations/BACKUP_RESTORE.md;contracts/operations/version-and-rollback-matrix.yaml;docs/03-engineering/DATABASE_MIGRATIONS.md;docs/05-operations/OBSERVABILITY.md;docs/04-quality/THREAT_MODEL.md;docs/04-quality/SECURITY_PRIVACY_LGPD.md;contracts/privacy/lgpd-control-matrix.csv;docs/04-quality/LGPD_CONTROL_MODEL.md,SECURITY_AND_PRIVACY_GATES,PASS
SPRINT-010,ISSUE-0765,Story,STORY-0655,TASK-0655,EPIC-105,BC-013,Backend,HIGH,PASS,PASS,PASS,PASS,PASS,PASS,PASS,PASS,NOT_APPLICABLE,PASS,PASS,PASS,PASS,NOT_APPLICABLE,PASS,contracts/operations/slo-sli-catalog.yaml;docs/05-operations/CAPACITY_AND_SCALING.md;contracts/operations/lock-and-queue-policy.yaml;contracts/operations/external-dependency-register.csv;contracts/operations/vendor-exit-matrix.csv;contracts/operations/cost-model.yaml;docs/05-operations/COST_AND_UNIT_ECONOMICS.md;contracts/operations/recovery-objectives.yaml;docs/05-operations/BACKUP_RESTORE.md;contracts/operations/version-and-rollback-matrix.yaml;docs/03-engineering/DATABASE_MIGRATIONS.md;docs/05-operations/OBSERVABILITY.md;docs/04-quality/THREAT_MODEL.md;docs/04-quality/SECURITY_PRIVACY_LGPD.md,BENCHMARK_AND_OPERATIONS_GATES,PASS
SPRINT-010,ISSUE-0766,Story,STORY-0656,TASK-0656,EPIC-105,BC-013,Backend,HIGH,PASS,PASS,PASS,PASS,PASS,PASS,NOT_APPLICABLE,PASS,NOT_APPLICABLE,PASS,PASS,PASS,PASS,NOT_APPLICABLE,PASS,contracts/operations/slo-sli-catalog.yaml;docs/05-operations/CAPACITY_AND_SCALING.md;contracts/operations/lock-and-queue-policy.yaml;contracts/operations/external-dependency-register.csv;contracts/operations/vendor-exit-matrix.csv;contracts/operations/cost-model.yaml;docs/05-operations/COST_AND_UNIT_ECONOMICS.md;contracts/operations/recovery-objectives.yaml;docs/05-operations/BACKUP_RESTORE.md;contracts/operations/version-and-rollback-matrix.yaml;docs/03-engineering/DATABASE_MIGRATIONS.md;docs/05-operations/OBSERVABILITY.md;docs/04-quality/THREAT_MODEL.md;docs/04-quality/SECURITY_PRIVACY_LGPD.md,BENCHMARK_AND_OPERATIONS_GATES,PASS
SPRINT-010,ISSUE-0767,Story,STORY-0657,TASK-0657,EPIC-105,BC-013,Backend,HIGH,PASS,PASS,PASS,PASS,PASS,PASS,NOT_APPLICABLE,PASS,NOT_APPLICABLE,PASS,PASS,PASS,PASS,PASS,PASS,contracts/operations/slo-sli-catalog.yaml;docs/05-operations/CAPACITY_AND_SCALING.md;contracts/operations/lock-and-queue-policy.yaml;contracts/operations/external-dependency-register.csv;contracts/operations/vendor-exit-matrix.csv;contracts/operations/cost-model.yaml;docs/05-operations/COST_AND_UNIT_ECONOMICS.md;contracts/operations/recovery-objectives.yaml;docs/05-operations/BACKUP_RESTORE.md;contracts/operations/version-and-rollback-matrix.yaml;docs/03-engineering/DATABASE_MIGRATIONS.md;docs/05-operations/OBSERVABILITY.md;docs/04-quality/THREAT_MODEL.md;docs/04-quality/SECURITY_PRIVACY_LGPD.md;contracts/privacy/lgpd-control-matrix.csv;docs/04-quality/LGPD_CONTROL_MODEL.md,BENCHMARK_AND_OPERATIONS_GATES,PASS
SPRINT-010,ISSUE-0768,Story,STORY-0658,TASK-0658,EPIC-105,BC-013,Security,CRITICAL,PASS,NOT_APPLICABLE,PASS,PASS,PASS,PASS,NOT_APPLICABLE,PASS,NOT_APPLICABLE,PASS,NOT_APPLICABLE,PASS,PASS,PASS,PASS,contracts/operations/slo-sli-catalog.yaml;docs/05-operations/CAPACITY_AND_SCALING.md;contracts/operations/external-dependency-register.csv;contracts/operations/vendor-exit-matrix.csv;contracts/operations/cost-model.yaml;docs/05-operations/COST_AND_UNIT_ECONOMICS.md;contracts/operations/recovery-objectives.yaml;docs/05-operations/BACKUP_RESTORE.md;docs/05-operations/OBSERVABILITY.md;docs/04-quality/THREAT_MODEL.md;docs/04-quality/SECURITY_PRIVACY_LGPD.md;contracts/privacy/lgpd-control-matrix.csv;docs/04-quality/LGPD_CONTROL_MODEL.md;contracts/operations/version-and-rollback-matrix.yaml,SECURITY_AND_PRIVACY_GATES,PASS
SPRINT-010,ISSUE-0769,Story,STORY-0659,TASK-0659,EPIC-105,BC-013,Reviewer,HIGH,PASS,NOT_APPLICABLE,PASS,PASS,PASS,PASS,NOT_APPLICABLE,PASS,NOT_APPLICABLE,PASS,NOT_APPLICABLE,PASS,PASS,NOT_APPLICABLE,PASS,contracts/operations/slo-sli-catalog.yaml;docs/05-operations/CAPACITY_AND_SCALING.md;contracts/operations/external-dependency-register.csv;contracts/operations/vendor-exit-matrix.csv;contracts/operations/cost-model.yaml;docs/05-operations/COST_AND_UNIT_ECONOMICS.md;contracts/operations/recovery-objectives.yaml;docs/05-operations/BACKUP_RESTORE.md;docs/05-operations/OBSERVABILITY.md;docs/04-quality/THREAT_MODEL.md;docs/04-quality/SECURITY_PRIVACY_LGPD.md;contracts/operations/version-and-rollback-matrix.yaml,BENCHMARK_AND_OPERATIONS_GATES,PASS
SPRINT-010,ISSUE-0853,Story,STORY-0743,TASK-0743,EPIC-037,BC-012,Backend,HIGH,PASS,PASS,PASS,PASS,PASS,PASS,NOT_APPLICABLE,PASS,PASS,PASS,PASS,PASS,PASS,NOT_APPLICABLE,PASS,contracts/operations/slo-sli-catalog.yaml;docs/05-operations/CAPACITY_AND_SCALING.md;contracts/operations/lock-and-queue-policy.yaml;contracts/operations/external-dependency-register.csv;contracts/operations/vendor-exit-matrix.csv;contracts/operations/cost-model.yaml;docs/05-operations/COST_AND_UNIT_ECONOMICS.md;contracts/operations/recovery-objectives.yaml;docs/05-operations/BACKUP_RESTORE.md;contracts/operations/version-and-rollback-matrix.yaml;docs/03-engineering/DATABASE_MIGRATIONS.md;docs/05-operations/OBSERVABILITY.md;docs/04-quality/THREAT_MODEL.md;docs/04-quality/SECURITY_PRIVACY_LGPD.md,BENCHMARK_AND_OPERATIONS_GATES,PASS
SPRINT-010,ISSUE-0854,Story,STORY-0744,TASK-0744,EPIC-037,BC-012,Backend,HIGH,PASS,PASS,PASS,PASS,PASS,PASS,PASS,PASS,NOT_APPLICABLE,PASS,PASS,PASS,PASS,NOT_APPLICABLE,PASS,contracts/operations/slo-sli-catalog.yaml;docs/05-operations/CAPACITY_AND_SCALING.md;contracts/operations/lock-and-queue-policy.yaml;contracts/operations/external-dependency-register.csv;contracts/operations/vendor-exit-matrix.csv;contracts/operations/cost-model.yaml;docs/05-operations/COST_AND_UNIT_ECONOMICS.md;contracts/operations/recovery-objectives.yaml;docs/05-operations/BACKUP_RESTORE.md;contracts/operations/version-and-rollback-matrix.yaml;docs/03-engineering/DATABASE_MIGRATIONS.md;docs/05-operations/OBSERVABILITY.md;docs/04-quality/THREAT_MODEL.md;docs/04-quality/SECURITY_PRIVACY_LGPD.md,BENCHMARK_AND_OPERATIONS_GATES,PASS
SPRINT-011,ISSUE-0039,Epic delivery envelope,,,EPIC-039,BC-014,DevOps,CRITICAL,PASS,PASS,PASS,PASS,PASS,PASS,PASS,PASS,PASS,PASS,PASS,PASS,PASS,PASS,PASS,contracts/operations/slo-sli-catalog.yaml;docs/05-operations/CAPACITY_AND_SCALING.md;contracts/operations/lock-and-queue-policy.yaml;contracts/operations/external-dependency-register.csv;contracts/operations/vendor-exit-matrix.csv;contracts/operations/cost-model.yaml;docs/05-operations/COST_AND_UNIT_ECONOMICS.md;contracts/operations/recovery-objectives.yaml;docs/05-operations/BACKUP_RESTORE.md;contracts/operations/version-and-rollback-matrix.yaml;docs/03-engineering/DATABASE_MIGRATIONS.md;docs/05-operations/OBSERVABILITY.md;docs/04-quality/THREAT_MODEL.md;docs/04-quality/SECURITY_PRIVACY_LGPD.md;contracts/privacy/lgpd-control-matrix.csv;docs/04-quality/LGPD_CONTROL_MODEL.md,SECURITY_AND_PRIVACY_GATES,PASS
SPRINT-011,ISSUE-0040,Epic delivery envelope,,,EPIC-040,BC-014,DevOps,CRITICAL,PASS,PASS,PASS,PASS,PASS,PASS,PASS,PASS,PASS,PASS,PASS,PASS,PASS,PASS,PASS,contracts/operations/slo-sli-catalog.yaml;docs/05-operations/CAPACITY_AND_SCALING.md;contracts/operations/lock-and-queue-policy.yaml;contracts/operations/external-dependency-register.csv;contracts/operations/vendor-exit-matrix.csv;contracts/operations/cost-model.yaml;docs/05-operations/COST_AND_UNIT_ECONOMICS.md;contracts/operations/recovery-objectives.yaml;docs/05-operations/BACKUP_RESTORE.md;contracts/operations/version-and-rollback-matrix.yaml;docs/03-engineering/DATABASE_MIGRATIONS.md;docs/05-operations/OBSERVABILITY.md;docs/04-quality/THREAT_MODEL.md;docs/04-quality/SECURITY_PRIVACY_LGPD.md;contracts/privacy/lgpd-control-matrix.csv;docs/04-quality/LGPD_CONTROL_MODEL.md,SECURITY_AND_PRIVACY_GATES,PASS
SPRINT-011,ISSUE-0071,Epic delivery envelope,,,EPIC-071,BC-013,Backend,CRITICAL,PASS,PASS,PASS,PASS,PASS,PASS,NOT_APPLICABLE,PASS,NOT_APPLICABLE,PASS,PASS,PASS,PASS,PASS,PASS,contracts/operations/slo-sli-catalog.yaml;docs/05-operations/CAPACITY_AND_SCALING.md;contracts/operations/lock-and-queue-policy.yaml;contracts/operations/external-dependency-register.csv;contracts/operations/vendor-exit-matrix.csv;contracts/operations/cost-model.yaml;docs/05-operations/COST_AND_UNIT_ECONOMICS.md;contracts/operations/recovery-objectives.yaml;docs/05-operations/BACKUP_RESTORE.md;contracts/operations/version-and-rollback-matrix.yaml;docs/03-engineering/DATABASE_MIGRATIONS.md;docs/05-operations/OBSERVABILITY.md;docs/04-quality/THREAT_MODEL.md;docs/04-quality/SECURITY_PRIVACY_LGPD.md;contracts/privacy/lgpd-control-matrix.csv;docs/04-quality/LGPD_CONTROL_MODEL.md,SECURITY_AND_PRIVACY_GATES,PASS
SPRINT-011,ISSUE-0072,Epic delivery envelope,,,EPIC-072,BC-014,DevOps,CRITICAL,PASS,PASS,PASS,PASS,PASS,PASS,NOT_APPLICABLE,PASS,NOT_APPLICABLE,PASS,PASS,PASS,PASS,PASS,PASS,contracts/operations/slo-sli-catalog.yaml;docs/05-operations/CAPACITY_AND_SCALING.md;contracts/operations/lock-and-queue-policy.yaml;contracts/operations/external-dependency-register.csv;contracts/operations/vendor-exit-matrix.csv;contracts/operations/cost-model.yaml;docs/05-operations/COST_AND_UNIT_ECONOMICS.md;contracts/operations/recovery-objectives.yaml;docs/05-operations/BACKUP_RESTORE.md;contracts/operations/version-and-rollback-matrix.yaml;docs/03-engineering/DATABASE_MIGRATIONS.md;docs/05-operations/OBSERVABILITY.md;docs/04-quality/THREAT_MODEL.md;docs/04-quality/SECURITY_PRIVACY_LGPD.md;contracts/privacy/lgpd-control-matrix.csv;docs/04-quality/LGPD_CONTROL_MODEL.md,SECURITY_AND_PRIVACY_GATES,PASS
SPRINT-011,ISSUE-0073,Epic delivery envelope,,,EPIC-073,BC-013,Backend,CRITICAL,PASS,PASS,PASS,PASS,PASS,PASS,PASS,PASS,NOT_APPLICABLE,PASS,PASS,PASS,PASS,PASS,PASS,contracts/operations/slo-sli-catalog.yaml;docs/05-operations/CAPACITY_AND_SCALING.md;contracts/operations/lock-and-queue-policy.yaml;contracts/operations/external-dependency-register.csv;contracts/operations/vendor-exit-matrix.csv;contracts/operations/cost-model.yaml;docs/05-operations/COST_AND_UNIT_ECONOMICS.md;contracts/operations/recovery-objectives.yaml;docs/05-operations/BACKUP_RESTORE.md;contracts/operations/version-and-rollback-matrix.yaml;docs/03-engineering/DATABASE_MIGRATIONS.md;docs/05-operations/OBSERVABILITY.md;docs/04-quality/THREAT_MODEL.md;docs/04-quality/SECURITY_PRIVACY_LGPD.md;contracts/privacy/lgpd-control-matrix.csv;docs/04-quality/LGPD_CONTROL_MODEL.md,SECURITY_AND_PRIVACY_GATES,PASS
SPRINT-011,ISSUE-0074,Epic delivery envelope,,,EPIC-074,BC-013,Backend,CRITICAL,PASS,PASS,PASS,PASS,PASS,PASS,NOT_APPLICABLE,PASS,NOT_APPLICABLE,PASS,PASS,PASS,PASS,PASS,PASS,contracts/operations/slo-sli-catalog.yaml;docs/05-operations/CAPACITY_AND_SCALING.md;contracts/operations/external-dependency-register.csv;contracts/operations/vendor-exit-matrix.csv;contracts/operations/cost-model.yaml;docs/05-operations/COST_AND_UNIT_ECONOMICS.md;contracts/operations/recovery-objectives.yaml;docs/05-operations/BACKUP_RESTORE.md;contracts/operations/version-and-rollback-matrix.yaml;docs/03-engineering/DATABASE_MIGRATIONS.md;docs/05-operations/OBSERVABILITY.md;docs/04-quality/THREAT_MODEL.md;docs/04-quality/SECURITY_PRIVACY_LGPD.md;contracts/privacy/lgpd-control-matrix.csv;docs/04-quality/LGPD_CONTROL_MODEL.md;contracts/operations/lock-and-queue-policy.yaml,SECURITY_AND_PRIVACY_GATES,PASS
SPRINT-011,ISSUE-0075,Epic delivery envelope,,,EPIC-075,BC-014,DevOps,CRITICAL,PASS,PASS,PASS,PASS,PASS,PASS,NOT_APPLICABLE,PASS,PASS,PASS,PASS,PASS,PASS,PASS,PASS,contracts/operations/slo-sli-catalog.yaml;docs/05-operations/CAPACITY_AND_SCALING.md;contracts/operations/lock-and-queue-policy.yaml;contracts/operations/external-dependency-register.csv;contracts/operations/vendor-exit-matrix.csv;contracts/operations/cost-model.yaml;docs/05-operations/COST_AND_UNIT_ECONOMICS.md;contracts/operations/recovery-objectives.yaml;docs/05-operations/BACKUP_RESTORE.md;contracts/operations/version-and-rollback-matrix.yaml;docs/03-engineering/DATABASE_MIGRATIONS.md;docs/05-operations/OBSERVABILITY.md;docs/04-quality/THREAT_MODEL.md;docs/04-quality/SECURITY_PRIVACY_LGPD.md;contracts/privacy/lgpd-control-matrix.csv;docs/04-quality/LGPD_CONTROL_MODEL.md,SECURITY_AND_PRIVACY_GATES,PASS
SPRINT-011,ISSUE-0076,Epic delivery envelope,,,EPIC-076,BC-014,Security,CRITICAL,PASS,PASS,PASS,PASS,PASS,PASS,PASS,PASS,NOT_APPLICABLE,PASS,PASS,PASS,PASS,PASS,PASS,contracts/operations/slo-sli-catalog.yaml;docs/05-operations/CAPACITY_AND_SCALING.md;contracts/operations/external-dependency-register.csv;contracts/operations/vendor-exit-matrix.csv;contracts/operations/cost-model.yaml;docs/05-operations/COST_AND_UNIT_ECONOMICS.md;contracts/operations/recovery-objectives.yaml;docs/05-operations/BACKUP_RESTORE.md;docs/05-operations/OBSERVABILITY.md;docs/04-quality/THREAT_MODEL.md;docs/04-quality/SECURITY_PRIVACY_LGPD.md;contracts/privacy/lgpd-control-matrix.csv;docs/04-quality/LGPD_CONTROL_MODEL.md;contracts/operations/version-and-rollback-matrix.yaml;docs/03-engineering/DATABASE_MIGRATIONS.md;contracts/operations/lock-and-queue-policy.yaml,SECURITY_AND_PRIVACY_GATES,PASS
SPRINT-011,ISSUE-0077,Epic delivery envelope,,,EPIC-077,BC-014,DevOps,CRITICAL,PASS,PASS,PASS,PASS,PASS,PASS,NOT_APPLICABLE,PASS,NOT_APPLICABLE,PASS,PASS,PASS,PASS,PASS,PASS,contracts/operations/slo-sli-catalog.yaml;docs/05-operations/CAPACITY_AND_SCALING.md;contracts/operations/lock-and-queue-policy.yaml;contracts/operations/external-dependency-register.csv;contracts/operations/vendor-exit-matrix.csv;contracts/operations/cost-model.yaml;docs/05-operations/COST_AND_UNIT_ECONOMICS.md;contracts/operations/recovery-objectives.yaml;docs/05-operations/BACKUP_RESTORE.md;contracts/operations/version-and-rollback-matrix.yaml;docs/03-engineering/DATABASE_MIGRATIONS.md;docs/05-operations/OBSERVABILITY.md;docs/04-quality/THREAT_MODEL.md;docs/04-quality/SECURITY_PRIVACY_LGPD.md;contracts/privacy/lgpd-control-matrix.csv;docs/04-quality/LGPD_CONTROL_MODEL.md,SECURITY_AND_PRIVACY_GATES,PASS
SPRINT-011,ISSUE-0078,Epic delivery envelope,,,EPIC-078,BC-014,Security,CRITICAL,PASS,PASS,PASS,PASS,PASS,PASS,NOT_APPLICABLE,PASS,PASS,PASS,PASS,PASS,PASS,PASS,PASS,contracts/operations/slo-sli-catalog.yaml;docs/05-operations/CAPACITY_AND_SCALING.md;contracts/operations/external-dependency-register.csv;contracts/operations/vendor-exit-matrix.csv;contracts/operations/cost-model.yaml;docs/05-operations/COST_AND_UNIT_ECONOMICS.md;contracts/operations/recovery-objectives.yaml;docs/05-operations/BACKUP_RESTORE.md;contracts/operations/version-and-rollback-matrix.yaml;docs/03-engineering/DATABASE_MIGRATIONS.md;docs/05-operations/OBSERVABILITY.md;docs/04-quality/THREAT_MODEL.md;docs/04-quality/SECURITY_PRIVACY_LGPD.md;contracts/privacy/lgpd-control-matrix.csv;docs/04-quality/LGPD_CONTROL_MODEL.md;contracts/operations/lock-and-queue-policy.yaml,SECURITY_AND_PRIVACY_GATES,PASS
SPRINT-011,ISSUE-0079,Epic delivery envelope,,,EPIC-079,BC-014,DevOps,CRITICAL,PASS,PASS,PASS,PASS,PASS,PASS,NOT_APPLICABLE,PASS,NOT_APPLICABLE,PASS,PASS,PASS,PASS,PASS,PASS,contracts/operations/slo-sli-catalog.yaml;docs/05-operations/CAPACITY_AND_SCALING.md;contracts/operations/lock-and-queue-policy.yaml;contracts/operations/external-dependency-register.csv;contracts/operations/vendor-exit-matrix.csv;contracts/operations/cost-model.yaml;docs/05-operations/COST_AND_UNIT_ECONOMICS.md;contracts/operations/recovery-objectives.yaml;docs/05-operations/BACKUP_RESTORE.md;contracts/operations/version-and-rollback-matrix.yaml;docs/03-engineering/DATABASE_MIGRATIONS.md;docs/05-operations/OBSERVABILITY.md;docs/04-quality/THREAT_MODEL.md;docs/04-quality/SECURITY_PRIVACY_LGPD.md;contracts/privacy/lgpd-control-matrix.csv;docs/04-quality/LGPD_CONTROL_MODEL.md,SECURITY_AND_PRIVACY_GATES,PASS
SPRINT-011,ISSUE-0080,Epic delivery envelope,,,EPIC-080,BC-015,Security,CRITICAL,PASS,PASS,PASS,PASS,PASS,PASS,PASS,PASS,NOT_APPLICABLE,PASS,PASS,PASS,PASS,PASS,PASS,contracts/operations/slo-sli-catalog.yaml;docs/05-operations/CAPACITY_AND_SCALING.md;contracts/operations/external-dependency-register.csv;contracts/operations/vendor-exit-matrix.csv;contracts/operations/cost-model.yaml;docs/05-operations/COST_AND_UNIT_ECONOMICS.md;contracts/operations/recovery-objectives.yaml;docs/05-operations/BACKUP_RESTORE.md;docs/05-operations/OBSERVABILITY.md;docs/04-quality/THREAT_MODEL.md;docs/04-quality/SECURITY_PRIVACY_LGPD.md;contracts/privacy/lgpd-control-matrix.csv;docs/04-quality/LGPD_CONTROL_MODEL.md;contracts/operations/version-and-rollback-matrix.yaml;docs/03-engineering/DATABASE_MIGRATIONS.md;contracts/operations/lock-and-queue-policy.yaml,SECURITY_AND_PRIVACY_GATES,PASS
SPRINT-011,ISSUE-0083,Epic delivery envelope,,,EPIC-083,BC-014,DevOps,CRITICAL,PASS,PASS,PASS,PASS,PASS,PASS,PASS,PASS,NOT_APPLICABLE,PASS,PASS,PASS,PASS,PASS,PASS,contracts/operations/slo-sli-catalog.yaml;docs/05-operations/CAPACITY_AND_SCALING.md;contracts/operations/lock-and-queue-policy.yaml;contracts/operations/external-dependency-register.csv;contracts/operations/vendor-exit-matrix.csv;contracts/operations/cost-model.yaml;docs/05-operations/COST_AND_UNIT_ECONOMICS.md;contracts/operations/recovery-objectives.yaml;docs/05-operations/BACKUP_RESTORE.md;contracts/operations/version-and-rollback-matrix.yaml;docs/03-engineering/DATABASE_MIGRATIONS.md;docs/05-operations/OBSERVABILITY.md;docs/04-quality/THREAT_MODEL.md;docs/04-quality/SECURITY_PRIVACY_LGPD.md;contracts/privacy/lgpd-control-matrix.csv;docs/04-quality/LGPD_CONTROL_MODEL.md,SECURITY_AND_PRIVACY_GATES,PASS
SPRINT-011,ISSUE-0088,Epic delivery envelope,,,EPIC-088,BC-009,IA,CRITICAL,PASS,NOT_APPLICABLE,PASS,PASS,PASS,PASS,PASS,PASS,NOT_APPLICABLE,PASS,NOT_APPLICABLE,PASS,PASS,PASS,PASS,contracts/operations/slo-sli-catalog.yaml;docs/05-operations/CAPACITY_AND_SCALING.md;contracts/operations/external-dependency-register.csv;contracts/operations/vendor-exit-matrix.csv;contracts/operations/cost-model.yaml;docs/05-operations/COST_AND_UNIT_ECONOMICS.md;contracts/operations/recovery-objectives.yaml;docs/05-operations/BACKUP_RESTORE.md;docs/05-operations/OBSERVABILITY.md;docs/04-quality/THREAT_MODEL.md;docs/04-quality/SECURITY_PRIVACY_LGPD.md;contracts/privacy/lgpd-control-matrix.csv;docs/04-quality/LGPD_CONTROL_MODEL.md;contracts/operations/version-and-rollback-matrix.yaml,SECURITY_AND_PRIVACY_GATES,PASS
SPRINT-011,ISSUE-0342,Story,STORY-0232,TASK-0232,EPIC-039,BC-014,DevOps,CRITICAL,PASS,PASS,PASS,PASS,PASS,PASS,PASS,PASS,PASS,PASS,PASS,PASS,PASS,PASS,PASS,contracts/operations/slo-sli-catalog.yaml;docs/05-operations/CAPACITY_AND_SCALING.md;contracts/operations/lock-and-queue-policy.yaml;contracts/operations/external-dependency-register.csv;contracts/operations/vendor-exit-matrix.csv;contracts/operations/cost-model.yaml;docs/05-operations/COST_AND_UNIT_ECONOMICS.md;contracts/operations/recovery-objectives.yaml;docs/05-operations/BACKUP_RESTORE.md;contracts/operations/version-and-rollback-matrix.yaml;docs/03-engineering/DATABASE_MIGRATIONS.md;docs/05-operations/OBSERVABILITY.md;docs/04-quality/THREAT_MODEL.md;docs/04-quality/SECURITY_PRIVACY_LGPD.md;contracts/privacy/lgpd-control-matrix.csv;docs/04-quality/LGPD_CONTROL_MODEL.md,SECURITY_AND_PRIVACY_GATES,PASS
SPRINT-011,ISSUE-0343,Story,STORY-0233,TASK-0233,EPIC-039,BC-014,DevOps,CRITICAL,PASS,PASS,PASS,PASS,PASS,PASS,NOT_APPLICABLE,PASS,NOT_APPLICABLE,PASS,PASS,PASS,PASS,PASS,PASS,contracts/operations/slo-sli-catalog.yaml;docs/05-operations/CAPACITY_AND_SCALING.md;contracts/operations/lock-and-queue-policy.yaml;contracts/operations/external-dependency-register.csv;contracts/operations/vendor-exit-matrix.csv;contracts/operations/cost-model.yaml;docs/05-operations/COST_AND_UNIT_ECONOMICS.md;contracts/operations/recovery-objectives.yaml;docs/05-operations/BACKUP_RESTORE.md;contracts/operations/version-and-rollback-matrix.yaml;docs/03-engineering/DATABASE_MIGRATIONS.md;docs/05-operations/OBSERVABILITY.md;docs/04-quality/THREAT_MODEL.md;docs/04-quality/SECURITY_PRIVACY_LGPD.md;contracts/privacy/lgpd-control-matrix.csv;docs/04-quality/LGPD_CONTROL_MODEL.md,SECURITY_AND_PRIVACY_GATES,PASS
SPRINT-011,ISSUE-0344,Story,STORY-0234,TASK-0234,EPIC-039,BC-014,DevOps,CRITICAL,PASS,PASS,PASS,PASS,PASS,PASS,NOT_APPLICABLE,PASS,PASS,PASS,PASS,PASS,PASS,PASS,PASS,contracts/operations/slo-sli-catalog.yaml;docs/05-operations/CAPACITY_AND_SCALING.md;contracts/operations/lock-and-queue-policy.yaml;contracts/operations/external-dependency-register.csv;contracts/operations/vendor-exit-matrix.csv;contracts/operations/cost-model.yaml;docs/05-operations/COST_AND_UNIT_ECONOMICS.md;contracts/operations/recovery-objectives.yaml;docs/05-operations/BACKUP_RESTORE.md;contracts/operations/version-and-rollback-matrix.yaml;docs/03-engineering/DATABASE_MIGRATIONS.md;docs/05-operations/OBSERVABILITY.md;docs/04-quality/THREAT_MODEL.md;docs/04-quality/SECURITY_PRIVACY_LGPD.md;contracts/privacy/lgpd-control-matrix.csv;docs/04-quality/LGPD_CONTROL_MODEL.md,SECURITY_AND_PRIVACY_GATES,PASS
SPRINT-011,ISSUE-0345,Story,STORY-0235,TASK-0235,EPIC-039,BC-014,QA,CRITICAL,PASS,NOT_APPLICABLE,PASS,PASS,PASS,PASS,NOT_APPLICABLE,PASS,NOT_APPLICABLE,PASS,PASS,PASS,PASS,PASS,PASS,contracts/operations/slo-sli-catalog.yaml;docs/05-operations/CAPACITY_AND_SCALING.md;contracts/operations/external-dependency-register.csv;contracts/operations/vendor-exit-matrix.csv;contracts/operations/cost-model.yaml;docs/05-operations/COST_AND_UNIT_ECONOMICS.md;contracts/operations/recovery-objectives.yaml;docs/05-operations/BACKUP_RESTORE.md;contracts/operations/version-and-rollback-matrix.yaml;docs/03-engineering/DATABASE_MIGRATIONS.md;docs/05-operations/OBSERVABILITY.md;docs/04-quality/THREAT_MODEL.md;docs/04-quality/SECURITY_PRIVACY_LGPD.md;contracts/privacy/lgpd-control-matrix.csv;docs/04-quality/LGPD_CONTROL_MODEL.md,SECURITY_AND_PRIVACY_GATES,PASS
SPRINT-011,ISSUE-0346,Story,STORY-0236,TASK-0236,EPIC-039,BC-014,Security,CRITICAL,PASS,NOT_APPLICABLE,PASS,PASS,PASS,PASS,NOT_APPLICABLE,PASS,NOT_APPLICABLE,PASS,PASS,PASS,PASS,PASS,PASS,contracts/operations/slo-sli-catalog.yaml;docs/05-operations/CAPACITY_AND_SCALING.md;contracts/operations/external-dependency-register.csv;contracts/operations/vendor-exit-matrix.csv;contracts/operations/cost-model.yaml;docs/05-operations/COST_AND_UNIT_ECONOMICS.md;contracts/operations/recovery-objectives.yaml;docs/05-operations/BACKUP_RESTORE.md;contracts/operations/version-and-rollback-matrix.yaml;docs/03-engineering/DATABASE_MIGRATIONS.md;docs/05-operations/OBSERVABILITY.md;docs/04-quality/THREAT_MODEL.md;docs/04-quality/SECURITY_PRIVACY_LGPD.md;contracts/privacy/lgpd-control-matrix.csv;docs/04-quality/LGPD_CONTROL_MODEL.md,SECURITY_AND_PRIVACY_GATES,PASS
SPRINT-011,ISSUE-0347,Story,STORY-0237,TASK-0237,EPIC-039,BC-014,Reviewer,CRITICAL,PASS,NOT_APPLICABLE,PASS,PASS,PASS,PASS,NOT_APPLICABLE,PASS,NOT_APPLICABLE,PASS,PASS,PASS,PASS,PASS,PASS,contracts/operations/slo-sli-catalog.yaml;docs/05-operations/CAPACITY_AND_SCALING.md;contracts/operations/external-dependency-register.csv;contracts/operations/vendor-exit-matrix.csv;contracts/operations/cost-model.yaml;docs/05-operations/COST_AND_UNIT_ECONOMICS.md;contracts/operations/recovery-objectives.yaml;docs/05-operations/BACKUP_RESTORE.md;contracts/operations/version-and-rollback-matrix.yaml;docs/03-engineering/DATABASE_MIGRATIONS.md;docs/05-operations/OBSERVABILITY.md;docs/04-quality/THREAT_MODEL.md;docs/04-quality/SECURITY_PRIVACY_LGPD.md;contracts/privacy/lgpd-control-matrix.csv;docs/04-quality/LGPD_CONTROL_MODEL.md,SECURITY_AND_PRIVACY_GATES,PASS
SPRINT-011,ISSUE-0348,Story,STORY-0238,TASK-0238,EPIC-040,BC-014,DevOps,CRITICAL,PASS,PASS,PASS,PASS,PASS,PASS,NOT_APPLICABLE,PASS,PASS,PASS,PASS,PASS,PASS,PASS,PASS,contracts/operations/slo-sli-catalog.yaml;docs/05-operations/CAPACITY_AND_SCALING.md;contracts/operations/lock-and-queue-policy.yaml;contracts/operations/external-dependency-register.csv;contracts/operations/vendor-exit-matrix.csv;contracts/operations/cost-model.yaml;docs/05-operations/COST_AND_UNIT_ECONOMICS.md;contracts/operations/recovery-objectives.yaml;docs/05-operations/BACKUP_RESTORE.md;contracts/operations/version-and-rollback-matrix.yaml;docs/03-engineering/DATABASE_MIGRATIONS.md;docs/05-operations/OBSERVABILITY.md;docs/04-quality/THREAT_MODEL.md;docs/04-quality/SECURITY_PRIVACY_LGPD.md;contracts/privacy/lgpd-control-matrix.csv;docs/04-quality/LGPD_CONTROL_MODEL.md,SECURITY_AND_PRIVACY_GATES,PASS
SPRINT-011,ISSUE-0349,Story,STORY-0239,TASK-0239,EPIC-040,BC-014,DevOps,CRITICAL,PASS,PASS,PASS,PASS,PASS,PASS,PASS,PASS,PASS,PASS,NOT_APPLICABLE,PASS,PASS,PASS,PASS,contracts/operations/slo-sli-catalog.yaml;docs/05-operations/CAPACITY_AND_SCALING.md;contracts/operations/lock-and-queue-policy.yaml;contracts/operations/external-dependency-register.csv;contracts/operations/vendor-exit-matrix.csv;contracts/operations/cost-model.yaml;docs/05-operations/COST_AND_UNIT_ECONOMICS.md;contracts/operations/recovery-objectives.yaml;docs/05-operations/BACKUP_RESTORE.md;docs/05-operations/OBSERVABILITY.md;docs/04-quality/THREAT_MODEL.md;docs/04-quality/SECURITY_PRIVACY_LGPD.md;contracts/privacy/lgpd-control-matrix.csv;docs/04-quality/LGPD_CONTROL_MODEL.md;contracts/operations/version-and-rollback-matrix.yaml,SECURITY_AND_PRIVACY_GATES,PASS
SPRINT-011,ISSUE-0350,Story,STORY-0240,TASK-0240,EPIC-040,BC-014,DevOps,CRITICAL,PASS,PASS,PASS,PASS,PASS,PASS,NOT_APPLICABLE,PASS,PASS,PASS,NOT_APPLICABLE,PASS,PASS,PASS,PASS,contracts/operations/slo-sli-catalog.yaml;docs/05-operations/CAPACITY_AND_SCALING.md;contracts/operations/lock-and-queue-policy.yaml;contracts/operations/external-dependency-register.csv;contracts/operations/vendor-exit-matrix.csv;contracts/operations/cost-model.yaml;docs/05-operations/COST_AND_UNIT_ECONOMICS.md;contracts/operations/recovery-objectives.yaml;docs/05-operations/BACKUP_RESTORE.md;docs/05-operations/OBSERVABILITY.md;docs/04-quality/THREAT_MODEL.md;docs/04-quality/SECURITY_PRIVACY_LGPD.md;contracts/privacy/lgpd-control-matrix.csv;docs/04-quality/LGPD_CONTROL_MODEL.md;contracts/operations/version-and-rollback-matrix.yaml,SECURITY_AND_PRIVACY_GATES,PASS
SPRINT-011,ISSUE-0351,Story,STORY-0241,TASK-0241,EPIC-040,BC-014,QA,CRITICAL,PASS,NOT_APPLICABLE,PASS,PASS,PASS,PASS,NOT_APPLICABLE,PASS,NOT_APPLICABLE,PASS,NOT_APPLICABLE,PASS,PASS,PASS,PASS,contracts/operations/slo-sli-catalog.yaml;docs/05-operations/CAPACITY_AND_SCALING.md;contracts/operations/external-dependency-register.csv;contracts/operations/vendor-exit-matrix.csv;contracts/operations/cost-model.yaml;docs/05-operations/COST_AND_UNIT_ECONOMICS.md;contracts/operations/recovery-objectives.yaml;docs/05-operations/BACKUP_RESTORE.md;docs/05-operations/OBSERVABILITY.md;docs/04-quality/THREAT_MODEL.md;docs/04-quality/SECURITY_PRIVACY_LGPD.md;contracts/privacy/lgpd-control-matrix.csv;docs/04-quality/LGPD_CONTROL_MODEL.md;contracts/operations/version-and-rollback-matrix.yaml,SECURITY_AND_PRIVACY_GATES,PASS
SPRINT-011,ISSUE-0352,Story,STORY-0242,TASK-0242,EPIC-040,BC-014,Security,CRITICAL,PASS,NOT_APPLICABLE,PASS,PASS,PASS,PASS,PASS,PASS,NOT_APPLICABLE,PASS,NOT_APPLICABLE,PASS,PASS,PASS,PASS,contracts/operations/slo-sli-catalog.yaml;docs/05-operations/CAPACITY_AND_SCALING.md;contracts/operations/external-dependency-register.csv;contracts/operations/vendor-exit-matrix.csv;contracts/operations/cost-model.yaml;docs/05-operations/COST_AND_UNIT_ECONOMICS.md;contracts/operations/recovery-objectives.yaml;docs/05-operations/BACKUP_RESTORE.md;docs/05-operations/OBSERVABILITY.md;docs/04-quality/THREAT_MODEL.md;docs/04-quality/SECURITY_PRIVACY_LGPD.md;contracts/privacy/lgpd-control-matrix.csv;docs/04-quality/LGPD_CONTROL_MODEL.md;contracts/operations/version-and-rollback-matrix.yaml,SECURITY_AND_PRIVACY_GATES,PASS
SPRINT-011,ISSUE-0353,Story,STORY-0243,TASK-0243,EPIC-040,BC-014,Reviewer,CRITICAL,PASS,NOT_APPLICABLE,PASS,PASS,PASS,PASS,NOT_APPLICABLE,PASS,NOT_APPLICABLE,PASS,NOT_APPLICABLE,PASS,PASS,PASS,PASS,contracts/operations/slo-sli-catalog.yaml;docs/05-operations/CAPACITY_AND_SCALING.md;contracts/operations/external-dependency-register.csv;contracts/operations/vendor-exit-matrix.csv;contracts/operations/cost-model.yaml;docs/05-operations/COST_AND_UNIT_ECONOMICS.md;contracts/operations/recovery-objectives.yaml;docs/05-operations/BACKUP_RESTORE.md;docs/05-operations/OBSERVABILITY.md;docs/04-quality/THREAT_MODEL.md;docs/04-quality/SECURITY_PRIVACY_LGPD.md;contracts/privacy/lgpd-control-matrix.csv;docs/04-quality/LGPD_CONTROL_MODEL.md;contracts/operations/version-and-rollback-matrix.yaml,SECURITY_AND_PRIVACY_GATES,PASS
SPRINT-011,ISSUE-0555,Story,STORY-0445,TASK-0445,EPIC-071,BC-013,Arquiteto,CRITICAL,PASS,PASS,PASS,PASS,PASS,PASS,NOT_APPLICABLE,PASS,NOT_APPLICABLE,PASS,PASS,PASS,PASS,PASS,PASS,contracts/operations/slo-sli-catalog.yaml;docs/05-operations/CAPACITY_AND_SCALING.md;contracts/operations/lock-and-queue-policy.yaml;contracts/operations/external-dependency-register.csv;contracts/operations/vendor-exit-matrix.csv;contracts/operations/cost-model.yaml;docs/05-operations/COST_AND_UNIT_ECONOMICS.md;contracts/operations/recovery-objectives.yaml;docs/05-operations/BACKUP_RESTORE.md;contracts/operations/version-and-rollback-matrix.yaml;docs/03-engineering/DATABASE_MIGRATIONS.md;docs/05-operations/OBSERVABILITY.md;docs/04-quality/THREAT_MODEL.md;docs/04-quality/SECURITY_PRIVACY_LGPD.md;contracts/privacy/lgpd-control-matrix.csv;docs/04-quality/LGPD_CONTROL_MODEL.md,SECURITY_AND_PRIVACY_GATES,PASS
SPRINT-011,ISSUE-0556,Story,STORY-0446,TASK-0446,EPIC-071,BC-013,Backend,HIGH,PASS,PASS,PASS,PASS,PASS,PASS,NOT_APPLICABLE,PASS,NOT_APPLICABLE,PASS,PASS,PASS,PASS,NOT_APPLICABLE,PASS,contracts/operations/slo-sli-catalog.yaml;docs/05-operations/CAPACITY_AND_SCALING.md;contracts/operations/lock-and-queue-policy.yaml;contracts/operations/external-dependency-register.csv;contracts/operations/vendor-exit-matrix.csv;contracts/operations/cost-model.yaml;docs/05-operations/COST_AND_UNIT_ECONOMICS.md;contracts/operations/recovery-objectives.yaml;docs/05-operations/BACKUP_RESTORE.md;contracts/operations/version-and-rollback-matrix.yaml;docs/03-engineering/DATABASE_MIGRATIONS.md;docs/05-operations/OBSERVABILITY.md;docs/04-quality/THREAT_MODEL.md;docs/04-quality/SECURITY_PRIVACY_LGPD.md,BENCHMARK_AND_OPERATIONS_GATES,PASS
SPRINT-011,ISSUE-0557,Story,STORY-0447,TASK-0447,EPIC-071,BC-013,Backend,HIGH,PASS,PASS,PASS,PASS,PASS,PASS,NOT_APPLICABLE,PASS,NOT_APPLICABLE,PASS,PASS,PASS,PASS,NOT_APPLICABLE,PASS,contracts/operations/slo-sli-catalog.yaml;docs/05-operations/CAPACITY_AND_SCALING.md;contracts/operations/lock-and-queue-policy.yaml;contracts/operations/external-dependency-register.csv;contracts/operations/vendor-exit-matrix.csv;contracts/operations/cost-model.yaml;docs/05-operations/COST_AND_UNIT_ECONOMICS.md;contracts/operations/recovery-objectives.yaml;docs/05-operations/BACKUP_RESTORE.md;contracts/operations/version-and-rollback-matrix.yaml;docs/03-engineering/DATABASE_MIGRATIONS.md;docs/05-operations/OBSERVABILITY.md;docs/04-quality/THREAT_MODEL.md;docs/04-quality/SECURITY_PRIVACY_LGPD.md,BENCHMARK_AND_OPERATIONS_GATES,PASS
SPRINT-011,ISSUE-0558,Story,STORY-0448,TASK-0448,EPIC-071,BC-013,Backend,HIGH,PASS,PASS,PASS,PASS,PASS,PASS,NOT_APPLICABLE,PASS,NOT_APPLICABLE,PASS,PASS,PASS,PASS,PASS,PASS,contracts/operations/slo-sli-catalog.yaml;docs/05-operations/CAPACITY_AND_SCALING.md;contracts/operations/lock-and-queue-policy.yaml;contracts/operations/external-dependency-register.csv;contracts/operations/vendor-exit-matrix.csv;contracts/operations/cost-model.yaml;docs/05-operations/COST_AND_UNIT_ECONOMICS.md;contracts/operations/recovery-objectives.yaml;docs/05-operations/BACKUP_RESTORE.md;contracts/operations/version-and-rollback-matrix.yaml;docs/03-engineering/DATABASE_MIGRATIONS.md;docs/05-operations/OBSERVABILITY.md;docs/04-quality/THREAT_MODEL.md;docs/04-quality/SECURITY_PRIVACY_LGPD.md;contracts/privacy/lgpd-control-matrix.csv;docs/04-quality/LGPD_CONTROL_MODEL.md,BENCHMARK_AND_OPERATIONS_GATES,PASS
SPRINT-011,ISSUE-0559,Story,STORY-0449,TASK-0449,EPIC-071,BC-013,Security,CRITICAL,PASS,PASS,PASS,PASS,PASS,PASS,NOT_APPLICABLE,PASS,NOT_APPLICABLE,PASS,PASS,PASS,PASS,PASS,PASS,contracts/operations/slo-sli-catalog.yaml;docs/05-operations/CAPACITY_AND_SCALING.md;contracts/operations/lock-and-queue-policy.yaml;contracts/operations/external-dependency-register.csv;contracts/operations/vendor-exit-matrix.csv;contracts/operations/cost-model.yaml;docs/05-operations/COST_AND_UNIT_ECONOMICS.md;contracts/operations/recovery-objectives.yaml;docs/05-operations/BACKUP_RESTORE.md;contracts/operations/version-and-rollback-matrix.yaml;docs/03-engineering/DATABASE_MIGRATIONS.md;docs/05-operations/OBSERVABILITY.md;docs/04-quality/THREAT_MODEL.md;docs/04-quality/SECURITY_PRIVACY_LGPD.md;contracts/privacy/lgpd-control-matrix.csv;docs/04-quality/LGPD_CONTROL_MODEL.md,SECURITY_AND_PRIVACY_GATES,PASS
SPRINT-011,ISSUE-0560,Story,STORY-0450,TASK-0450,EPIC-071,BC-013,Reviewer,HIGH,PASS,PASS,PASS,PASS,PASS,PASS,NOT_APPLICABLE,PASS,NOT_APPLICABLE,PASS,PASS,PASS,PASS,NOT_APPLICABLE,PASS,contracts/operations/slo-sli-catalog.yaml;docs/05-operations/CAPACITY_AND_SCALING.md;contracts/operations/lock-and-queue-policy.yaml;contracts/operations/external-dependency-register.csv;contracts/operations/vendor-exit-matrix.csv;contracts/operations/cost-model.yaml;docs/05-operations/COST_AND_UNIT_ECONOMICS.md;contracts/operations/recovery-objectives.yaml;docs/05-operations/BACKUP_RESTORE.md;contracts/operations/version-and-rollback-matrix.yaml;docs/03-engineering/DATABASE_MIGRATIONS.md;docs/05-operations/OBSERVABILITY.md;docs/04-quality/THREAT_MODEL.md;docs/04-quality/SECURITY_PRIVACY_LGPD.md,BENCHMARK_AND_OPERATIONS_GATES,PASS
SPRINT-011,ISSUE-0561,Story,STORY-0451,TASK-0451,EPIC-072,BC-014,DevOps,CRITICAL,PASS,PASS,PASS,PASS,PASS,PASS,NOT_APPLICABLE,PASS,NOT_APPLICABLE,PASS,PASS,PASS,PASS,PASS,PASS,contracts/operations/slo-sli-catalog.yaml;docs/05-operations/CAPACITY_AND_SCALING.md;contracts/operations/lock-and-queue-policy.yaml;contracts/operations/external-dependency-register.csv;contracts/operations/vendor-exit-matrix.csv;contracts/operations/cost-model.yaml;docs/05-operations/COST_AND_UNIT_ECONOMICS.md;contracts/operations/recovery-objectives.yaml;docs/05-operations/BACKUP_RESTORE.md;contracts/operations/version-and-rollback-matrix.yaml;docs/03-engineering/DATABASE_MIGRATIONS.md;docs/05-operations/OBSERVABILITY.md;docs/04-quality/THREAT_MODEL.md;docs/04-quality/SECURITY_PRIVACY_LGPD.md;contracts/privacy/lgpd-control-matrix.csv;docs/04-quality/LGPD_CONTROL_MODEL.md,SECURITY_AND_PRIVACY_GATES,PASS
SPRINT-011,ISSUE-0562,Story,STORY-0452,TASK-0452,EPIC-072,BC-014,DevOps,CRITICAL,PASS,PASS,PASS,PASS,PASS,PASS,NOT_APPLICABLE,PASS,NOT_APPLICABLE,PASS,PASS,PASS,PASS,PASS,PASS,contracts/operations/slo-sli-catalog.yaml;docs/05-operations/CAPACITY_AND_SCALING.md;contracts/operations/lock-and-queue-policy.yaml;contracts/operations/external-dependency-register.csv;contracts/operations/vendor-exit-matrix.csv;contracts/operations/cost-model.yaml;docs/05-operations/COST_AND_UNIT_ECONOMICS.md;contracts/operations/recovery-objectives.yaml;docs/05-operations/BACKUP_RESTORE.md;contracts/operations/version-and-rollback-matrix.yaml;docs/03-engineering/DATABASE_MIGRATIONS.md;docs/05-operations/OBSERVABILITY.md;docs/04-quality/THREAT_MODEL.md;docs/04-quality/SECURITY_PRIVACY_LGPD.md;contracts/privacy/lgpd-control-matrix.csv;docs/04-quality/LGPD_CONTROL_MODEL.md,SECURITY_AND_PRIVACY_GATES,PASS
SPRINT-011,ISSUE-0563,Story,STORY-0453,TASK-0453,EPIC-072,BC-014,DevOps,CRITICAL,PASS,PASS,PASS,PASS,PASS,PASS,NOT_APPLICABLE,PASS,NOT_APPLICABLE,PASS,PASS,PASS,PASS,PASS,PASS,contracts/operations/slo-sli-catalog.yaml;docs/05-operations/CAPACITY_AND_SCALING.md;contracts/operations/lock-and-queue-policy.yaml;contracts/operations/external-dependency-register.csv;contracts/operations/vendor-exit-matrix.csv;contracts/operations/cost-model.yaml;docs/05-operations/COST_AND_UNIT_ECONOMICS.md;contracts/operations/recovery-objectives.yaml;docs/05-operations/BACKUP_RESTORE.md;contracts/operations/version-and-rollback-matrix.yaml;docs/03-engineering/DATABASE_MIGRATIONS.md;docs/05-operations/OBSERVABILITY.md;docs/04-quality/THREAT_MODEL.md;docs/04-quality/SECURITY_PRIVACY_LGPD.md;contracts/privacy/lgpd-control-matrix.csv;docs/04-quality/LGPD_CONTROL_MODEL.md,SECURITY_AND_PRIVACY_GATES,PASS
SPRINT-011,ISSUE-0564,Story,STORY-0454,TASK-0454,EPIC-072,BC-014,QA,CRITICAL,PASS,PASS,PASS,PASS,PASS,PASS,NOT_APPLICABLE,PASS,NOT_APPLICABLE,PASS,PASS,PASS,PASS,PASS,PASS,contracts/operations/slo-sli-catalog.yaml;docs/05-operations/CAPACITY_AND_SCALING.md;contracts/operations/lock-and-queue-policy.yaml;contracts/operations/external-dependency-register.csv;contracts/operations/vendor-exit-matrix.csv;contracts/operations/cost-model.yaml;docs/05-operations/COST_AND_UNIT_ECONOMICS.md;contracts/operations/recovery-objectives.yaml;docs/05-operations/BACKUP_RESTORE.md;contracts/operations/version-and-rollback-matrix.yaml;docs/03-engineering/DATABASE_MIGRATIONS.md;docs/05-operations/OBSERVABILITY.md;docs/04-quality/THREAT_MODEL.md;docs/04-quality/SECURITY_PRIVACY_LGPD.md;contracts/privacy/lgpd-control-matrix.csv;docs/04-quality/LGPD_CONTROL_MODEL.md,SECURITY_AND_PRIVACY_GATES,PASS
SPRINT-011,ISSUE-0565,Story,STORY-0455,TASK-0455,EPIC-072,BC-014,Security,CRITICAL,PASS,PASS,PASS,PASS,PASS,PASS,NOT_APPLICABLE,PASS,NOT_APPLICABLE,PASS,PASS,PASS,PASS,PASS,PASS,contracts/operations/slo-sli-catalog.yaml;docs/05-operations/CAPACITY_AND_SCALING.md;contracts/operations/lock-and-queue-policy.yaml;contracts/operations/external-dependency-register.csv;contracts/operations/vendor-exit-matrix.csv;contracts/operations/cost-model.yaml;docs/05-operations/COST_AND_UNIT_ECONOMICS.md;contracts/operations/recovery-objectives.yaml;docs/05-operations/BACKUP_RESTORE.md;contracts/operations/version-and-rollback-matrix.yaml;docs/03-engineering/DATABASE_MIGRATIONS.md;docs/05-operations/OBSERVABILITY.md;docs/04-quality/THREAT_MODEL.md;docs/04-quality/SECURITY_PRIVACY_LGPD.md;contracts/privacy/lgpd-control-matrix.csv;docs/04-quality/LGPD_CONTROL_MODEL.md,SECURITY_AND_PRIVACY_GATES,PASS
SPRINT-011,ISSUE-0566,Story,STORY-0456,TASK-0456,EPIC-072,BC-014,Reviewer,CRITICAL,PASS,PASS,PASS,PASS,PASS,PASS,NOT_APPLICABLE,PASS,NOT_APPLICABLE,PASS,PASS,PASS,PASS,PASS,PASS,contracts/operations/slo-sli-catalog.yaml;docs/05-operations/CAPACITY_AND_SCALING.md;contracts/operations/lock-and-queue-policy.yaml;contracts/operations/external-dependency-register.csv;contracts/operations/vendor-exit-matrix.csv;contracts/operations/cost-model.yaml;docs/05-operations/COST_AND_UNIT_ECONOMICS.md;contracts/operations/recovery-objectives.yaml;docs/05-operations/BACKUP_RESTORE.md;contracts/operations/version-and-rollback-matrix.yaml;docs/03-engineering/DATABASE_MIGRATIONS.md;docs/05-operations/OBSERVABILITY.md;docs/04-quality/THREAT_MODEL.md;docs/04-quality/SECURITY_PRIVACY_LGPD.md;contracts/privacy/lgpd-control-matrix.csv;docs/04-quality/LGPD_CONTROL_MODEL.md,SECURITY_AND_PRIVACY_GATES,PASS
SPRINT-011,ISSUE-0567,Story,STORY-0457,TASK-0457,EPIC-073,BC-013,Arquiteto,HIGH,PASS,PASS,PASS,PASS,PASS,PASS,NOT_APPLICABLE,PASS,NOT_APPLICABLE,PASS,PASS,PASS,PASS,PASS,PASS,contracts/operations/slo-sli-catalog.yaml;docs/05-operations/CAPACITY_AND_SCALING.md;contracts/operations/lock-and-queue-policy.yaml;contracts/operations/external-dependency-register.csv;contracts/operations/vendor-exit-matrix.csv;contracts/operations/cost-model.yaml;docs/05-operations/COST_AND_UNIT_ECONOMICS.md;contracts/operations/recovery-objectives.yaml;docs/05-operations/BACKUP_RESTORE.md;contracts/operations/version-and-rollback-matrix.yaml;docs/03-engineering/DATABASE_MIGRATIONS.md;docs/05-operations/OBSERVABILITY.md;docs/04-quality/THREAT_MODEL.md;docs/04-quality/SECURITY_PRIVACY_LGPD.md;contracts/privacy/lgpd-control-matrix.csv;docs/04-quality/LGPD_CONTROL_MODEL.md,BENCHMARK_AND_OPERATIONS_GATES,PASS
SPRINT-011,ISSUE-0568,Story,STORY-0458,TASK-0458,EPIC-073,BC-013,Backend,HIGH,PASS,PASS,PASS,PASS,PASS,PASS,NOT_APPLICABLE,PASS,NOT_APPLICABLE,PASS,PASS,PASS,PASS,PASS,PASS,contracts/operations/slo-sli-catalog.yaml;docs/05-operations/CAPACITY_AND_SCALING.md;contracts/operations/lock-and-queue-policy.yaml;contracts/operations/external-dependency-register.csv;contracts/operations/vendor-exit-matrix.csv;contracts/operations/cost-model.yaml;docs/05-operations/COST_AND_UNIT_ECONOMICS.md;contracts/operations/recovery-objectives.yaml;docs/05-operations/BACKUP_RESTORE.md;contracts/operations/version-and-rollback-matrix.yaml;docs/03-engineering/DATABASE_MIGRATIONS.md;docs/05-operations/OBSERVABILITY.md;docs/04-quality/THREAT_MODEL.md;docs/04-quality/SECURITY_PRIVACY_LGPD.md;contracts/privacy/lgpd-control-matrix.csv;docs/04-quality/LGPD_CONTROL_MODEL.md,BENCHMARK_AND_OPERATIONS_GATES,PASS
SPRINT-011,ISSUE-0569,Story,STORY-0459,TASK-0459,EPIC-073,BC-013,Backend,HIGH,PASS,PASS,PASS,PASS,PASS,PASS,NOT_APPLICABLE,PASS,NOT_APPLICABLE,PASS,PASS,PASS,PASS,PASS,PASS,contracts/operations/slo-sli-catalog.yaml;docs/05-operations/CAPACITY_AND_SCALING.md;contracts/operations/lock-and-queue-policy.yaml;contracts/operations/external-dependency-register.csv;contracts/operations/vendor-exit-matrix.csv;contracts/operations/cost-model.yaml;docs/05-operations/COST_AND_UNIT_ECONOMICS.md;contracts/operations/recovery-objectives.yaml;docs/05-operations/BACKUP_RESTORE.md;contracts/operations/version-and-rollback-matrix.yaml;docs/03-engineering/DATABASE_MIGRATIONS.md;docs/05-operations/OBSERVABILITY.md;docs/04-quality/THREAT_MODEL.md;docs/04-quality/SECURITY_PRIVACY_LGPD.md;contracts/privacy/lgpd-control-matrix.csv;docs/04-quality/LGPD_CONTROL_MODEL.md,BENCHMARK_AND_OPERATIONS_GATES,PASS
SPRINT-011,ISSUE-0570,Story,STORY-0460,TASK-0460,EPIC-073,BC-013,Backend,HIGH,PASS,PASS,PASS,PASS,PASS,PASS,PASS,PASS,NOT_APPLICABLE,PASS,PASS,PASS,PASS,PASS,PASS,contracts/operations/slo-sli-catalog.yaml;docs/05-operations/CAPACITY_AND_SCALING.md;contracts/operations/lock-and-queue-policy.yaml;contracts/operations/external-dependency-register.csv;contracts/operations/vendor-exit-matrix.csv;contracts/operations/cost-model.yaml;docs/05-operations/COST_AND_UNIT_ECONOMICS.md;contracts/operations/recovery-objectives.yaml;docs/05-operations/BACKUP_RESTORE.md;contracts/operations/version-and-rollback-matrix.yaml;docs/03-engineering/DATABASE_MIGRATIONS.md;docs/05-operations/OBSERVABILITY.md;docs/04-quality/THREAT_MODEL.md;docs/04-quality/SECURITY_PRIVACY_LGPD.md;contracts/privacy/lgpd-control-matrix.csv;docs/04-quality/LGPD_CONTROL_MODEL.md,BENCHMARK_AND_OPERATIONS_GATES,PASS
SPRINT-011,ISSUE-0571,Story,STORY-0461,TASK-0461,EPIC-073,BC-013,Security,CRITICAL,PASS,PASS,PASS,PASS,PASS,PASS,NOT_APPLICABLE,PASS,NOT_APPLICABLE,PASS,PASS,PASS,PASS,PASS,PASS,contracts/operations/slo-sli-catalog.yaml;docs/05-operations/CAPACITY_AND_SCALING.md;contracts/operations/lock-and-queue-policy.yaml;contracts/operations/external-dependency-register.csv;contracts/operations/vendor-exit-matrix.csv;contracts/operations/cost-model.yaml;docs/05-operations/COST_AND_UNIT_ECONOMICS.md;contracts/operations/recovery-objectives.yaml;docs/05-operations/BACKUP_RESTORE.md;contracts/operations/version-and-rollback-matrix.yaml;docs/03-engineering/DATABASE_MIGRATIONS.md;docs/05-operations/OBSERVABILITY.md;docs/04-quality/THREAT_MODEL.md;docs/04-quality/SECURITY_PRIVACY_LGPD.md;contracts/privacy/lgpd-control-matrix.csv;docs/04-quality/LGPD_CONTROL_MODEL.md,SECURITY_AND_PRIVACY_GATES,PASS
SPRINT-011,ISSUE-0572,Story,STORY-0462,TASK-0462,EPIC-073,BC-013,Reviewer,HIGH,PASS,PASS,PASS,PASS,PASS,PASS,NOT_APPLICABLE,PASS,NOT_APPLICABLE,PASS,PASS,PASS,PASS,PASS,PASS,contracts/operations/slo-sli-catalog.yaml;docs/05-operations/CAPACITY_AND_SCALING.md;contracts/operations/lock-and-queue-policy.yaml;contracts/operations/external-dependency-register.csv;contracts/operations/vendor-exit-matrix.csv;contracts/operations/cost-model.yaml;docs/05-operations/COST_AND_UNIT_ECONOMICS.md;contracts/operations/recovery-objectives.yaml;docs/05-operations/BACKUP_RESTORE.md;contracts/operations/version-and-rollback-matrix.yaml;docs/03-engineering/DATABASE_MIGRATIONS.md;docs/05-operations/OBSERVABILITY.md;docs/04-quality/THREAT_MODEL.md;docs/04-quality/SECURITY_PRIVACY_LGPD.md;contracts/privacy/lgpd-control-matrix.csv;docs/04-quality/LGPD_CONTROL_MODEL.md,BENCHMARK_AND_OPERATIONS_GATES,PASS
SPRINT-011,ISSUE-0573,Story,STORY-0463,TASK-0463,EPIC-074,BC-013,Arquiteto,HIGH,PASS,NOT_APPLICABLE,PASS,PASS,PASS,PASS,NOT_APPLICABLE,PASS,NOT_APPLICABLE,PASS,PASS,PASS,PASS,PASS,PASS,contracts/operations/slo-sli-catalog.yaml;docs/05-operations/CAPACITY_AND_SCALING.md;contracts/operations/external-dependency-register.csv;contracts/operations/vendor-exit-matrix.csv;contracts/operations/cost-model.yaml;docs/05-operations/COST_AND_UNIT_ECONOMICS.md;contracts/operations/recovery-objectives.yaml;docs/05-operations/BACKUP_RESTORE.md;contracts/operations/version-and-rollback-matrix.yaml;docs/03-engineering/DATABASE_MIGRATIONS.md;docs/05-operations/OBSERVABILITY.md;docs/04-quality/THREAT_MODEL.md;docs/04-quality/SECURITY_PRIVACY_LGPD.md;contracts/privacy/lgpd-control-matrix.csv;docs/04-quality/LGPD_CONTROL_MODEL.md,BENCHMARK_AND_OPERATIONS_GATES,PASS
SPRINT-011,ISSUE-0574,Story,STORY-0464,TASK-0464,EPIC-074,BC-013,Backend,HIGH,PASS,PASS,PASS,PASS,PASS,PASS,NOT_APPLICABLE,PASS,NOT_APPLICABLE,PASS,PASS,PASS,PASS,NOT_APPLICABLE,PASS,contracts/operations/slo-sli-catalog.yaml;docs/05-operations/CAPACITY_AND_SCALING.md;contracts/operations/lock-and-queue-policy.yaml;contracts/operations/external-dependency-register.csv;contracts/operations/vendor-exit-matrix.csv;contracts/operations/cost-model.yaml;docs/05-operations/COST_AND_UNIT_ECONOMICS.md;contracts/operations/recovery-objectives.yaml;docs/05-operations/BACKUP_RESTORE.md;contracts/operations/version-and-rollback-matrix.yaml;docs/03-engineering/DATABASE_MIGRATIONS.md;docs/05-operations/OBSERVABILITY.md;docs/04-quality/THREAT_MODEL.md;docs/04-quality/SECURITY_PRIVACY_LGPD.md,BENCHMARK_AND_OPERATIONS_GATES,PASS
SPRINT-011,ISSUE-0575,Story,STORY-0465,TASK-0465,EPIC-074,BC-013,Backend,HIGH,PASS,PASS,PASS,PASS,PASS,PASS,NOT_APPLICABLE,PASS,NOT_APPLICABLE,PASS,PASS,PASS,PASS,NOT_APPLICABLE,PASS,contracts/operations/slo-sli-catalog.yaml;docs/05-operations/CAPACITY_AND_SCALING.md;contracts/operations/lock-and-queue-policy.yaml;contracts/operations/external-dependency-register.csv;contracts/operations/vendor-exit-matrix.csv;contracts/operations/cost-model.yaml;docs/05-operations/COST_AND_UNIT_ECONOMICS.md;contracts/operations/recovery-objectives.yaml;docs/05-operations/BACKUP_RESTORE.md;contracts/operations/version-and-rollback-matrix.yaml;docs/03-engineering/DATABASE_MIGRATIONS.md;docs/05-operations/OBSERVABILITY.md;docs/04-quality/THREAT_MODEL.md;docs/04-quality/SECURITY_PRIVACY_LGPD.md,BENCHMARK_AND_OPERATIONS_GATES,PASS
SPRINT-011,ISSUE-0576,Story,STORY-0466,TASK-0466,EPIC-074,BC-013,Backend,HIGH,PASS,PASS,PASS,PASS,PASS,PASS,NOT_APPLICABLE,PASS,NOT_APPLICABLE,PASS,PASS,PASS,PASS,PASS,PASS,contracts/operations/slo-sli-catalog.yaml;docs/05-operations/CAPACITY_AND_SCALING.md;contracts/operations/lock-and-queue-policy.yaml;contracts/operations/external-dependency-register.csv;contracts/operations/vendor-exit-matrix.csv;contracts/operations/cost-model.yaml;docs/05-operations/COST_AND_UNIT_ECONOMICS.md;contracts/operations/recovery-objectives.yaml;docs/05-operations/BACKUP_RESTORE.md;contracts/operations/version-and-rollback-matrix.yaml;docs/03-engineering/DATABASE_MIGRATIONS.md;docs/05-operations/OBSERVABILITY.md;docs/04-quality/THREAT_MODEL.md;docs/04-quality/SECURITY_PRIVACY_LGPD.md;contracts/privacy/lgpd-control-matrix.csv;docs/04-quality/LGPD_CONTROL_MODEL.md,BENCHMARK_AND_OPERATIONS_GATES,PASS
SPRINT-011,ISSUE-0577,Story,STORY-0467,TASK-0467,EPIC-074,BC-013,Security,CRITICAL,PASS,NOT_APPLICABLE,PASS,PASS,PASS,PASS,NOT_APPLICABLE,PASS,NOT_APPLICABLE,PASS,NOT_APPLICABLE,PASS,PASS,PASS,PASS,contracts/operations/slo-sli-catalog.yaml;docs/05-operations/CAPACITY_AND_SCALING.md;contracts/operations/external-dependency-register.csv;contracts/operations/vendor-exit-matrix.csv;contracts/operations/cost-model.yaml;docs/05-operations/COST_AND_UNIT_ECONOMICS.md;contracts/operations/recovery-objectives.yaml;docs/05-operations/BACKUP_RESTORE.md;docs/05-operations/OBSERVABILITY.md;docs/04-quality/THREAT_MODEL.md;docs/04-quality/SECURITY_PRIVACY_LGPD.md;contracts/privacy/lgpd-control-matrix.csv;docs/04-quality/LGPD_CONTROL_MODEL.md;contracts/operations/version-and-rollback-matrix.yaml,SECURITY_AND_PRIVACY_GATES,PASS
SPRINT-011,ISSUE-0578,Story,STORY-0468,TASK-0468,EPIC-074,BC-013,Reviewer,HIGH,PASS,NOT_APPLICABLE,PASS,PASS,PASS,PASS,NOT_APPLICABLE,PASS,NOT_APPLICABLE,PASS,NOT_APPLICABLE,PASS,PASS,NOT_APPLICABLE,PASS,contracts/operations/slo-sli-catalog.yaml;docs/05-operations/CAPACITY_AND_SCALING.md;contracts/operations/external-dependency-register.csv;contracts/operations/vendor-exit-matrix.csv;contracts/operations/cost-model.yaml;docs/05-operations/COST_AND_UNIT_ECONOMICS.md;contracts/operations/recovery-objectives.yaml;docs/05-operations/BACKUP_RESTORE.md;docs/05-operations/OBSERVABILITY.md;docs/04-quality/THREAT_MODEL.md;docs/04-quality/SECURITY_PRIVACY_LGPD.md;contracts/operations/version-and-rollback-matrix.yaml,BENCHMARK_AND_OPERATIONS_GATES,PASS
SPRINT-011,ISSUE-0579,Story,STORY-0469,TASK-0469,EPIC-075,BC-014,DevOps,CRITICAL,PASS,PASS,PASS,PASS,PASS,PASS,NOT_APPLICABLE,PASS,NOT_APPLICABLE,PASS,PASS,PASS,PASS,PASS,PASS,contracts/operations/slo-sli-catalog.yaml;docs/05-operations/CAPACITY_AND_SCALING.md;contracts/operations/lock-and-queue-policy.yaml;contracts/operations/external-dependency-register.csv;contracts/operations/vendor-exit-matrix.csv;contracts/operations/cost-model.yaml;docs/05-operations/COST_AND_UNIT_ECONOMICS.md;contracts/operations/recovery-objectives.yaml;docs/05-operations/BACKUP_RESTORE.md;contracts/operations/version-and-rollback-matrix.yaml;docs/03-engineering/DATABASE_MIGRATIONS.md;docs/05-operations/OBSERVABILITY.md;docs/04-quality/THREAT_MODEL.md;docs/04-quality/SECURITY_PRIVACY_LGPD.md;contracts/privacy/lgpd-control-matrix.csv;docs/04-quality/LGPD_CONTROL_MODEL.md,SECURITY_AND_PRIVACY_GATES,PASS
SPRINT-011,ISSUE-0580,Story,STORY-0470,TASK-0470,EPIC-075,BC-014,DevOps,CRITICAL,PASS,PASS,PASS,PASS,PASS,PASS,NOT_APPLICABLE,PASS,PASS,PASS,NOT_APPLICABLE,PASS,PASS,PASS,PASS,contracts/operations/slo-sli-catalog.yaml;docs/05-operations/CAPACITY_AND_SCALING.md;contracts/operations/lock-and-queue-policy.yaml;contracts/operations/external-dependency-register.csv;contracts/operations/vendor-exit-matrix.csv;contracts/operations/cost-model.yaml;docs/05-operations/COST_AND_UNIT_ECONOMICS.md;contracts/operations/recovery-objectives.yaml;docs/05-operations/BACKUP_RESTORE.md;docs/05-operations/OBSERVABILITY.md;docs/04-quality/THREAT_MODEL.md;docs/04-quality/SECURITY_PRIVACY_LGPD.md;contracts/privacy/lgpd-control-matrix.csv;docs/04-quality/LGPD_CONTROL_MODEL.md;contracts/operations/version-and-rollback-matrix.yaml,SECURITY_AND_PRIVACY_GATES,PASS
SPRINT-011,ISSUE-0581,Story,STORY-0471,TASK-0471,EPIC-075,BC-014,DevOps,CRITICAL,PASS,PASS,PASS,PASS,PASS,PASS,NOT_APPLICABLE,PASS,NOT_APPLICABLE,PASS,NOT_APPLICABLE,PASS,PASS,PASS,PASS,contracts/operations/slo-sli-catalog.yaml;docs/05-operations/CAPACITY_AND_SCALING.md;contracts/operations/lock-and-queue-policy.yaml;contracts/operations/external-dependency-register.csv;contracts/operations/vendor-exit-matrix.csv;contracts/operations/cost-model.yaml;docs/05-operations/COST_AND_UNIT_ECONOMICS.md;contracts/operations/recovery-objectives.yaml;docs/05-operations/BACKUP_RESTORE.md;docs/05-operations/OBSERVABILITY.md;docs/04-quality/THREAT_MODEL.md;docs/04-quality/SECURITY_PRIVACY_LGPD.md;contracts/privacy/lgpd-control-matrix.csv;docs/04-quality/LGPD_CONTROL_MODEL.md;contracts/operations/version-and-rollback-matrix.yaml,SECURITY_AND_PRIVACY_GATES,PASS
SPRINT-011,ISSUE-0582,Story,STORY-0472,TASK-0472,EPIC-075,BC-014,QA,CRITICAL,PASS,NOT_APPLICABLE,PASS,PASS,PASS,PASS,NOT_APPLICABLE,PASS,NOT_APPLICABLE,PASS,NOT_APPLICABLE,PASS,PASS,PASS,PASS,contracts/operations/slo-sli-catalog.yaml;docs/05-operations/CAPACITY_AND_SCALING.md;contracts/operations/external-dependency-register.csv;contracts/operations/vendor-exit-matrix.csv;contracts/operations/cost-model.yaml;docs/05-operations/COST_AND_UNIT_ECONOMICS.md;contracts/operations/recovery-objectives.yaml;docs/05-operations/BACKUP_RESTORE.md;docs/05-operations/OBSERVABILITY.md;docs/04-quality/THREAT_MODEL.md;docs/04-quality/SECURITY_PRIVACY_LGPD.md;contracts/privacy/lgpd-control-matrix.csv;docs/04-quality/LGPD_CONTROL_MODEL.md;contracts/operations/version-and-rollback-matrix.yaml,SECURITY_AND_PRIVACY_GATES,PASS
SPRINT-011,ISSUE-0583,Story,STORY-0473,TASK-0473,EPIC-075,BC-014,Security,CRITICAL,PASS,NOT_APPLICABLE,PASS,PASS,PASS,PASS,NOT_APPLICABLE,PASS,NOT_APPLICABLE,PASS,NOT_APPLICABLE,PASS,PASS,PASS,PASS,contracts/operations/slo-sli-catalog.yaml;docs/05-operations/CAPACITY_AND_SCALING.md;contracts/operations/external-dependency-register.csv;contracts/operations/vendor-exit-matrix.csv;contracts/operations/cost-model.yaml;docs/05-operations/COST_AND_UNIT_ECONOMICS.md;contracts/operations/recovery-objectives.yaml;docs/05-operations/BACKUP_RESTORE.md;docs/05-operations/OBSERVABILITY.md;docs/04-quality/THREAT_MODEL.md;docs/04-quality/SECURITY_PRIVACY_LGPD.md;contracts/privacy/lgpd-control-matrix.csv;docs/04-quality/LGPD_CONTROL_MODEL.md;contracts/operations/version-and-rollback-matrix.yaml,SECURITY_AND_PRIVACY_GATES,PASS
SPRINT-011,ISSUE-0584,Story,STORY-0474,TASK-0474,EPIC-075,BC-014,Reviewer,CRITICAL,PASS,NOT_APPLICABLE,PASS,PASS,PASS,PASS,NOT_APPLICABLE,PASS,NOT_APPLICABLE,PASS,NOT_APPLICABLE,PASS,PASS,PASS,PASS,contracts/operations/slo-sli-catalog.yaml;docs/05-operations/CAPACITY_AND_SCALING.md;contracts/operations/external-dependency-register.csv;contracts/operations/vendor-exit-matrix.csv;contracts/operations/cost-model.yaml;docs/05-operations/COST_AND_UNIT_ECONOMICS.md;contracts/operations/recovery-objectives.yaml;docs/05-operations/BACKUP_RESTORE.md;docs/05-operations/OBSERVABILITY.md;docs/04-quality/THREAT_MODEL.md;docs/04-quality/SECURITY_PRIVACY_LGPD.md;contracts/privacy/lgpd-control-matrix.csv;docs/04-quality/LGPD_CONTROL_MODEL.md;contracts/operations/version-and-rollback-matrix.yaml,SECURITY_AND_PRIVACY_GATES,PASS
SPRINT-011,ISSUE-0585,Story,STORY-0475,TASK-0475,EPIC-076,BC-014,Security,CRITICAL,PASS,NOT_APPLICABLE,PASS,PASS,PASS,PASS,NOT_APPLICABLE,PASS,NOT_APPLICABLE,PASS,NOT_APPLICABLE,PASS,PASS,PASS,PASS,contracts/operations/slo-sli-catalog.yaml;docs/05-operations/CAPACITY_AND_SCALING.md;contracts/operations/external-dependency-register.csv;contracts/operations/vendor-exit-matrix.csv;contracts/operations/cost-model.yaml;docs/05-operations/COST_AND_UNIT_ECONOMICS.md;contracts/operations/recovery-objectives.yaml;docs/05-operations/BACKUP_RESTORE.md;docs/05-operations/OBSERVABILITY.md;docs/04-quality/THREAT_MODEL.md;docs/04-quality/SECURITY_PRIVACY_LGPD.md;contracts/privacy/lgpd-control-matrix.csv;docs/04-quality/LGPD_CONTROL_MODEL.md;contracts/operations/version-and-rollback-matrix.yaml,SECURITY_AND_PRIVACY_GATES,PASS
SPRINT-011,ISSUE-0586,Story,STORY-0476,TASK-0476,EPIC-076,BC-014,Arquiteto,CRITICAL,PASS,NOT_APPLICABLE,PASS,PASS,PASS,PASS,PASS,PASS,NOT_APPLICABLE,PASS,PASS,PASS,PASS,PASS,PASS,contracts/operations/slo-sli-catalog.yaml;docs/05-operations/CAPACITY_AND_SCALING.md;contracts/operations/external-dependency-register.csv;contracts/operations/vendor-exit-matrix.csv;contracts/operations/cost-model.yaml;docs/05-operations/COST_AND_UNIT_ECONOMICS.md;contracts/operations/recovery-objectives.yaml;docs/05-operations/BACKUP_RESTORE.md;contracts/operations/version-and-rollback-matrix.yaml;docs/03-engineering/DATABASE_MIGRATIONS.md;docs/05-operations/OBSERVABILITY.md;docs/04-quality/THREAT_MODEL.md;docs/04-quality/SECURITY_PRIVACY_LGPD.md;contracts/privacy/lgpd-control-matrix.csv;docs/04-quality/LGPD_CONTROL_MODEL.md,SECURITY_AND_PRIVACY_GATES,PASS
SPRINT-011,ISSUE-0587,Story,STORY-0477,TASK-0477,EPIC-076,BC-014,Backend,CRITICAL,PASS,PASS,PASS,PASS,PASS,PASS,NOT_APPLICABLE,PASS,NOT_APPLICABLE,PASS,PASS,PASS,PASS,PASS,PASS,contracts/operations/slo-sli-catalog.yaml;docs/05-operations/CAPACITY_AND_SCALING.md;contracts/operations/lock-and-queue-policy.yaml;contracts/operations/external-dependency-register.csv;contracts/operations/vendor-exit-matrix.csv;contracts/operations/cost-model.yaml;docs/05-operations/COST_AND_UNIT_ECONOMICS.md;contracts/operations/recovery-objectives.yaml;docs/05-operations/BACKUP_RESTORE.md;contracts/operations/version-and-rollback-matrix.yaml;docs/03-engineering/DATABASE_MIGRATIONS.md;docs/05-operations/OBSERVABILITY.md;docs/04-quality/THREAT_MODEL.md;docs/04-quality/SECURITY_PRIVACY_LGPD.md;contracts/privacy/lgpd-control-matrix.csv;docs/04-quality/LGPD_CONTROL_MODEL.md,SECURITY_AND_PRIVACY_GATES,PASS
SPRINT-011,ISSUE-0588,Story,STORY-0478,TASK-0478,EPIC-076,BC-014,Security,CRITICAL,PASS,NOT_APPLICABLE,PASS,PASS,PASS,PASS,NOT_APPLICABLE,PASS,NOT_APPLICABLE,PASS,NOT_APPLICABLE,PASS,PASS,PASS,PASS,contracts/operations/slo-sli-catalog.yaml;docs/05-operations/CAPACITY_AND_SCALING.md;contracts/operations/external-dependency-register.csv;contracts/operations/vendor-exit-matrix.csv;contracts/operations/cost-model.yaml;docs/05-operations/COST_AND_UNIT_ECONOMICS.md;contracts/operations/recovery-objectives.yaml;docs/05-operations/BACKUP_RESTORE.md;docs/05-operations/OBSERVABILITY.md;docs/04-quality/THREAT_MODEL.md;docs/04-quality/SECURITY_PRIVACY_LGPD.md;contracts/privacy/lgpd-control-matrix.csv;docs/04-quality/LGPD_CONTROL_MODEL.md;contracts/operations/version-and-rollback-matrix.yaml,SECURITY_AND_PRIVACY_GATES,PASS
SPRINT-011,ISSUE-0589,Story,STORY-0479,TASK-0479,EPIC-076,BC-014,DevOps,CRITICAL,PASS,PASS,PASS,PASS,PASS,PASS,NOT_APPLICABLE,PASS,NOT_APPLICABLE,PASS,NOT_APPLICABLE,PASS,PASS,PASS,PASS,contracts/operations/slo-sli-catalog.yaml;docs/05-operations/CAPACITY_AND_SCALING.md;contracts/operations/lock-and-queue-policy.yaml;contracts/operations/external-dependency-register.csv;contracts/operations/vendor-exit-matrix.csv;contracts/operations/cost-model.yaml;docs/05-operations/COST_AND_UNIT_ECONOMICS.md;contracts/operations/recovery-objectives.yaml;docs/05-operations/BACKUP_RESTORE.md;docs/05-operations/OBSERVABILITY.md;docs/04-quality/THREAT_MODEL.md;docs/04-quality/SECURITY_PRIVACY_LGPD.md;contracts/privacy/lgpd-control-matrix.csv;docs/04-quality/LGPD_CONTROL_MODEL.md;contracts/operations/version-and-rollback-matrix.yaml,SECURITY_AND_PRIVACY_GATES,PASS
SPRINT-011,ISSUE-0590,Story,STORY-0480,TASK-0480,EPIC-076,BC-014,Reviewer,CRITICAL,PASS,NOT_APPLICABLE,PASS,PASS,PASS,PASS,NOT_APPLICABLE,PASS,NOT_APPLICABLE,PASS,NOT_APPLICABLE,PASS,PASS,PASS,PASS,contracts/operations/slo-sli-catalog.yaml;docs/05-operations/CAPACITY_AND_SCALING.md;contracts/operations/external-dependency-register.csv;contracts/operations/vendor-exit-matrix.csv;contracts/operations/cost-model.yaml;docs/05-operations/COST_AND_UNIT_ECONOMICS.md;contracts/operations/recovery-objectives.yaml;docs/05-operations/BACKUP_RESTORE.md;docs/05-operations/OBSERVABILITY.md;docs/04-quality/THREAT_MODEL.md;docs/04-quality/SECURITY_PRIVACY_LGPD.md;contracts/privacy/lgpd-control-matrix.csv;docs/04-quality/LGPD_CONTROL_MODEL.md;contracts/operations/version-and-rollback-matrix.yaml,SECURITY_AND_PRIVACY_GATES,PASS
SPRINT-011,ISSUE-0591,Story,STORY-0481,TASK-0481,EPIC-077,BC-014,DevOps,CRITICAL,PASS,PASS,PASS,PASS,PASS,PASS,NOT_APPLICABLE,PASS,NOT_APPLICABLE,PASS,PASS,PASS,PASS,PASS,PASS,contracts/operations/slo-sli-catalog.yaml;docs/05-operations/CAPACITY_AND_SCALING.md;contracts/operations/lock-and-queue-policy.yaml;contracts/operations/external-dependency-register.csv;contracts/operations/vendor-exit-matrix.csv;contracts/operations/cost-model.yaml;docs/05-operations/COST_AND_UNIT_ECONOMICS.md;contracts/operations/recovery-objectives.yaml;docs/05-operations/BACKUP_RESTORE.md;contracts/operations/version-and-rollback-matrix.yaml;docs/03-engineering/DATABASE_MIGRATIONS.md;docs/05-operations/OBSERVABILITY.md;docs/04-quality/THREAT_MODEL.md;docs/04-quality/SECURITY_PRIVACY_LGPD.md;contracts/privacy/lgpd-control-matrix.csv;docs/04-quality/LGPD_CONTROL_MODEL.md,SECURITY_AND_PRIVACY_GATES,PASS
SPRINT-011,ISSUE-0592,Story,STORY-0482,TASK-0482,EPIC-077,BC-014,DevOps,CRITICAL,PASS,PASS,PASS,PASS,PASS,PASS,NOT_APPLICABLE,PASS,NOT_APPLICABLE,PASS,NOT_APPLICABLE,PASS,PASS,PASS,PASS,contracts/operations/slo-sli-catalog.yaml;docs/05-operations/CAPACITY_AND_SCALING.md;contracts/operations/lock-and-queue-policy.yaml;contracts/operations/external-dependency-register.csv;contracts/operations/vendor-exit-matrix.csv;contracts/operations/cost-model.yaml;docs/05-operations/COST_AND_UNIT_ECONOMICS.md;contracts/operations/recovery-objectives.yaml;docs/05-operations/BACKUP_RESTORE.md;docs/05-operations/OBSERVABILITY.md;docs/04-quality/THREAT_MODEL.md;docs/04-quality/SECURITY_PRIVACY_LGPD.md;contracts/privacy/lgpd-control-matrix.csv;docs/04-quality/LGPD_CONTROL_MODEL.md;contracts/operations/version-and-rollback-matrix.yaml,SECURITY_AND_PRIVACY_GATES,PASS
SPRINT-011,ISSUE-0593,Story,STORY-0483,TASK-0483,EPIC-077,BC-014,DevOps,CRITICAL,PASS,PASS,PASS,PASS,PASS,PASS,NOT_APPLICABLE,PASS,NOT_APPLICABLE,PASS,NOT_APPLICABLE,PASS,PASS,PASS,PASS,contracts/operations/slo-sli-catalog.yaml;docs/05-operations/CAPACITY_AND_SCALING.md;contracts/operations/lock-and-queue-policy.yaml;contracts/operations/external-dependency-register.csv;contracts/operations/vendor-exit-matrix.csv;contracts/operations/cost-model.yaml;docs/05-operations/COST_AND_UNIT_ECONOMICS.md;contracts/operations/recovery-objectives.yaml;docs/05-operations/BACKUP_RESTORE.md;docs/05-operations/OBSERVABILITY.md;docs/04-quality/THREAT_MODEL.md;docs/04-quality/SECURITY_PRIVACY_LGPD.md;contracts/privacy/lgpd-control-matrix.csv;docs/04-quality/LGPD_CONTROL_MODEL.md;contracts/operations/version-and-rollback-matrix.yaml,SECURITY_AND_PRIVACY_GATES,PASS
SPRINT-011,ISSUE-0594,Story,STORY-0484,TASK-0484,EPIC-077,BC-014,QA,CRITICAL,PASS,NOT_APPLICABLE,PASS,PASS,PASS,PASS,NOT_APPLICABLE,PASS,NOT_APPLICABLE,PASS,NOT_APPLICABLE,PASS,PASS,PASS,PASS,contracts/operations/slo-sli-catalog.yaml;docs/05-operations/CAPACITY_AND_SCALING.md;contracts/operations/external-dependency-register.csv;contracts/operations/vendor-exit-matrix.csv;contracts/operations/cost-model.yaml;docs/05-operations/COST_AND_UNIT_ECONOMICS.md;contracts/operations/recovery-objectives.yaml;docs/05-operations/BACKUP_RESTORE.md;docs/05-operations/OBSERVABILITY.md;docs/04-quality/THREAT_MODEL.md;docs/04-quality/SECURITY_PRIVACY_LGPD.md;contracts/privacy/lgpd-control-matrix.csv;docs/04-quality/LGPD_CONTROL_MODEL.md;contracts/operations/version-and-rollback-matrix.yaml,SECURITY_AND_PRIVACY_GATES,PASS
SPRINT-011,ISSUE-0595,Story,STORY-0485,TASK-0485,EPIC-077,BC-014,Security,CRITICAL,PASS,NOT_APPLICABLE,PASS,PASS,PASS,PASS,NOT_APPLICABLE,PASS,NOT_APPLICABLE,PASS,NOT_APPLICABLE,PASS,PASS,PASS,PASS,contracts/operations/slo-sli-catalog.yaml;docs/05-operations/CAPACITY_AND_SCALING.md;contracts/operations/external-dependency-register.csv;contracts/operations/vendor-exit-matrix.csv;contracts/operations/cost-model.yaml;docs/05-operations/COST_AND_UNIT_ECONOMICS.md;contracts/operations/recovery-objectives.yaml;docs/05-operations/BACKUP_RESTORE.md;docs/05-operations/OBSERVABILITY.md;docs/04-quality/THREAT_MODEL.md;docs/04-quality/SECURITY_PRIVACY_LGPD.md;contracts/privacy/lgpd-control-matrix.csv;docs/04-quality/LGPD_CONTROL_MODEL.md;contracts/operations/version-and-rollback-matrix.yaml,SECURITY_AND_PRIVACY_GATES,PASS
SPRINT-011,ISSUE-0596,Story,STORY-0486,TASK-0486,EPIC-077,BC-014,Reviewer,CRITICAL,PASS,NOT_APPLICABLE,PASS,PASS,PASS,PASS,NOT_APPLICABLE,PASS,NOT_APPLICABLE,PASS,NOT_APPLICABLE,PASS,PASS,PASS,PASS,contracts/operations/slo-sli-catalog.yaml;docs/05-operations/CAPACITY_AND_SCALING.md;contracts/operations/external-dependency-register.csv;contracts/operations/vendor-exit-matrix.csv;contracts/operations/cost-model.yaml;docs/05-operations/COST_AND_UNIT_ECONOMICS.md;contracts/operations/recovery-objectives.yaml;docs/05-operations/BACKUP_RESTORE.md;docs/05-operations/OBSERVABILITY.md;docs/04-quality/THREAT_MODEL.md;docs/04-quality/SECURITY_PRIVACY_LGPD.md;contracts/privacy/lgpd-control-matrix.csv;docs/04-quality/LGPD_CONTROL_MODEL.md;contracts/operations/version-and-rollback-matrix.yaml,SECURITY_AND_PRIVACY_GATES,PASS
SPRINT-011,ISSUE-0597,Story,STORY-0487,TASK-0487,EPIC-078,BC-014,Security,CRITICAL,PASS,NOT_APPLICABLE,PASS,PASS,PASS,PASS,NOT_APPLICABLE,PASS,NOT_APPLICABLE,PASS,PASS,PASS,PASS,PASS,PASS,contracts/operations/slo-sli-catalog.yaml;docs/05-operations/CAPACITY_AND_SCALING.md;contracts/operations/external-dependency-register.csv;contracts/operations/vendor-exit-matrix.csv;contracts/operations/cost-model.yaml;docs/05-operations/COST_AND_UNIT_ECONOMICS.md;contracts/operations/recovery-objectives.yaml;docs/05-operations/BACKUP_RESTORE.md;contracts/operations/version-and-rollback-matrix.yaml;docs/03-engineering/DATABASE_MIGRATIONS.md;docs/05-operations/OBSERVABILITY.md;docs/04-quality/THREAT_MODEL.md;docs/04-quality/SECURITY_PRIVACY_LGPD.md;contracts/privacy/lgpd-control-matrix.csv;docs/04-quality/LGPD_CONTROL_MODEL.md,SECURITY_AND_PRIVACY_GATES,PASS
SPRINT-011,ISSUE-0598,Story,STORY-0488,TASK-0488,EPIC-078,BC-014,Arquiteto,CRITICAL,PASS,NOT_APPLICABLE,PASS,PASS,PASS,PASS,NOT_APPLICABLE,PASS,PASS,PASS,PASS,PASS,PASS,PASS,PASS,contracts/operations/slo-sli-catalog.yaml;docs/05-operations/CAPACITY_AND_SCALING.md;contracts/operations/external-dependency-register.csv;contracts/operations/vendor-exit-matrix.csv;contracts/operations/cost-model.yaml;docs/05-operations/COST_AND_UNIT_ECONOMICS.md;contracts/operations/lock-and-queue-policy.yaml;contracts/operations/recovery-objectives.yaml;docs/05-operations/BACKUP_RESTORE.md;contracts/operations/version-and-rollback-matrix.yaml;docs/03-engineering/DATABASE_MIGRATIONS.md;docs/05-operations/OBSERVABILITY.md;docs/04-quality/THREAT_MODEL.md;docs/04-quality/SECURITY_PRIVACY_LGPD.md;contracts/privacy/lgpd-control-matrix.csv;docs/04-quality/LGPD_CONTROL_MODEL.md,SECURITY_AND_PRIVACY_GATES,PASS
SPRINT-011,ISSUE-0599,Story,STORY-0489,TASK-0489,EPIC-078,BC-014,Backend,CRITICAL,PASS,PASS,PASS,PASS,PASS,PASS,NOT_APPLICABLE,PASS,NOT_APPLICABLE,PASS,PASS,PASS,PASS,PASS,PASS,contracts/operations/slo-sli-catalog.yaml;docs/05-operations/CAPACITY_AND_SCALING.md;contracts/operations/lock-and-queue-policy.yaml;contracts/operations/external-dependency-register.csv;contracts/operations/vendor-exit-matrix.csv;contracts/operations/cost-model.yaml;docs/05-operations/COST_AND_UNIT_ECONOMICS.md;contracts/operations/recovery-objectives.yaml;docs/05-operations/BACKUP_RESTORE.md;contracts/operations/version-and-rollback-matrix.yaml;docs/03-engineering/DATABASE_MIGRATIONS.md;docs/05-operations/OBSERVABILITY.md;docs/04-quality/THREAT_MODEL.md;docs/04-quality/SECURITY_PRIVACY_LGPD.md;contracts/privacy/lgpd-control-matrix.csv;docs/04-quality/LGPD_CONTROL_MODEL.md,SECURITY_AND_PRIVACY_GATES,PASS
SPRINT-011,ISSUE-0600,Story,STORY-0490,TASK-0490,EPIC-078,BC-014,Security,CRITICAL,PASS,NOT_APPLICABLE,PASS,PASS,PASS,PASS,NOT_APPLICABLE,PASS,NOT_APPLICABLE,PASS,PASS,PASS,PASS,PASS,PASS,contracts/operations/slo-sli-catalog.yaml;docs/05-operations/CAPACITY_AND_SCALING.md;contracts/operations/external-dependency-register.csv;contracts/operations/vendor-exit-matrix.csv;contracts/operations/cost-model.yaml;docs/05-operations/COST_AND_UNIT_ECONOMICS.md;contracts/operations/recovery-objectives.yaml;docs/05-operations/BACKUP_RESTORE.md;contracts/operations/version-and-rollback-matrix.yaml;docs/03-engineering/DATABASE_MIGRATIONS.md;docs/05-operations/OBSERVABILITY.md;docs/04-quality/THREAT_MODEL.md;docs/04-quality/SECURITY_PRIVACY_LGPD.md;contracts/privacy/lgpd-control-matrix.csv;docs/04-quality/LGPD_CONTROL_MODEL.md,SECURITY_AND_PRIVACY_GATES,PASS
SPRINT-011,ISSUE-0601,Story,STORY-0491,TASK-0491,EPIC-078,BC-014,DevOps,CRITICAL,PASS,PASS,PASS,PASS,PASS,PASS,NOT_APPLICABLE,PASS,NOT_APPLICABLE,PASS,PASS,PASS,PASS,PASS,PASS,contracts/operations/slo-sli-catalog.yaml;docs/05-operations/CAPACITY_AND_SCALING.md;contracts/operations/lock-and-queue-policy.yaml;contracts/operations/external-dependency-register.csv;contracts/operations/vendor-exit-matrix.csv;contracts/operations/cost-model.yaml;docs/05-operations/COST_AND_UNIT_ECONOMICS.md;contracts/operations/recovery-objectives.yaml;docs/05-operations/BACKUP_RESTORE.md;contracts/operations/version-and-rollback-matrix.yaml;docs/03-engineering/DATABASE_MIGRATIONS.md;docs/05-operations/OBSERVABILITY.md;docs/04-quality/THREAT_MODEL.md;docs/04-quality/SECURITY_PRIVACY_LGPD.md;contracts/privacy/lgpd-control-matrix.csv;docs/04-quality/LGPD_CONTROL_MODEL.md,SECURITY_AND_PRIVACY_GATES,PASS
SPRINT-011,ISSUE-0602,Story,STORY-0492,TASK-0492,EPIC-078,BC-014,Reviewer,CRITICAL,PASS,NOT_APPLICABLE,PASS,PASS,PASS,PASS,NOT_APPLICABLE,PASS,NOT_APPLICABLE,PASS,PASS,PASS,PASS,PASS,PASS,contracts/operations/slo-sli-catalog.yaml;docs/05-operations/CAPACITY_AND_SCALING.md;contracts/operations/external-dependency-register.csv;contracts/operations/vendor-exit-matrix.csv;contracts/operations/cost-model.yaml;docs/05-operations/COST_AND_UNIT_ECONOMICS.md;contracts/operations/recovery-objectives.yaml;docs/05-operations/BACKUP_RESTORE.md;contracts/operations/version-and-rollback-matrix.yaml;docs/03-engineering/DATABASE_MIGRATIONS.md;docs/05-operations/OBSERVABILITY.md;docs/04-quality/THREAT_MODEL.md;docs/04-quality/SECURITY_PRIVACY_LGPD.md;contracts/privacy/lgpd-control-matrix.csv;docs/04-quality/LGPD_CONTROL_MODEL.md,SECURITY_AND_PRIVACY_GATES,PASS
SPRINT-011,ISSUE-0603,Story,STORY-0493,TASK-0493,EPIC-079,BC-014,DevOps,CRITICAL,PASS,PASS,PASS,PASS,PASS,PASS,NOT_APPLICABLE,PASS,NOT_APPLICABLE,PASS,PASS,PASS,PASS,PASS,PASS,contracts/operations/slo-sli-catalog.yaml;docs/05-operations/CAPACITY_AND_SCALING.md;contracts/operations/lock-and-queue-policy.yaml;contracts/operations/external-dependency-register.csv;contracts/operations/vendor-exit-matrix.csv;contracts/operations/cost-model.yaml;docs/05-operations/COST_AND_UNIT_ECONOMICS.md;contracts/operations/recovery-objectives.yaml;docs/05-operations/BACKUP_RESTORE.md;contracts/operations/version-and-rollback-matrix.yaml;docs/03-engineering/DATABASE_MIGRATIONS.md;docs/05-operations/OBSERVABILITY.md;docs/04-quality/THREAT_MODEL.md;docs/04-quality/SECURITY_PRIVACY_LGPD.md;contracts/privacy/lgpd-control-matrix.csv;docs/04-quality/LGPD_CONTROL_MODEL.md,SECURITY_AND_PRIVACY_GATES,PASS
SPRINT-011,ISSUE-0604,Story,STORY-0494,TASK-0494,EPIC-079,BC-014,DevOps,CRITICAL,PASS,PASS,PASS,PASS,PASS,PASS,NOT_APPLICABLE,PASS,NOT_APPLICABLE,PASS,NOT_APPLICABLE,PASS,PASS,PASS,PASS,contracts/operations/slo-sli-catalog.yaml;docs/05-operations/CAPACITY_AND_SCALING.md;contracts/operations/lock-and-queue-policy.yaml;contracts/operations/external-dependency-register.csv;contracts/operations/vendor-exit-matrix.csv;contracts/operations/cost-model.yaml;docs/05-operations/COST_AND_UNIT_ECONOMICS.md;contracts/operations/recovery-objectives.yaml;docs/05-operations/BACKUP_RESTORE.md;docs/05-operations/OBSERVABILITY.md;docs/04-quality/THREAT_MODEL.md;docs/04-quality/SECURITY_PRIVACY_LGPD.md;contracts/privacy/lgpd-control-matrix.csv;docs/04-quality/LGPD_CONTROL_MODEL.md;contracts/operations/version-and-rollback-matrix.yaml,SECURITY_AND_PRIVACY_GATES,PASS
SPRINT-011,ISSUE-0605,Story,STORY-0495,TASK-0495,EPIC-079,BC-014,DevOps,CRITICAL,PASS,PASS,PASS,PASS,PASS,PASS,NOT_APPLICABLE,PASS,NOT_APPLICABLE,PASS,NOT_APPLICABLE,PASS,PASS,PASS,PASS,contracts/operations/slo-sli-catalog.yaml;docs/05-operations/CAPACITY_AND_SCALING.md;contracts/operations/lock-and-queue-policy.yaml;contracts/operations/external-dependency-register.csv;contracts/operations/vendor-exit-matrix.csv;contracts/operations/cost-model.yaml;docs/05-operations/COST_AND_UNIT_ECONOMICS.md;contracts/operations/recovery-objectives.yaml;docs/05-operations/BACKUP_RESTORE.md;docs/05-operations/OBSERVABILITY.md;docs/04-quality/THREAT_MODEL.md;docs/04-quality/SECURITY_PRIVACY_LGPD.md;contracts/privacy/lgpd-control-matrix.csv;docs/04-quality/LGPD_CONTROL_MODEL.md;contracts/operations/version-and-rollback-matrix.yaml,SECURITY_AND_PRIVACY_GATES,PASS
SPRINT-011,ISSUE-0606,Story,STORY-0496,TASK-0496,EPIC-079,BC-014,QA,CRITICAL,PASS,NOT_APPLICABLE,PASS,PASS,PASS,PASS,NOT_APPLICABLE,PASS,NOT_APPLICABLE,PASS,NOT_APPLICABLE,PASS,PASS,PASS,PASS,contracts/operations/slo-sli-catalog.yaml;docs/05-operations/CAPACITY_AND_SCALING.md;contracts/operations/external-dependency-register.csv;contracts/operations/vendor-exit-matrix.csv;contracts/operations/cost-model.yaml;docs/05-operations/COST_AND_UNIT_ECONOMICS.md;contracts/operations/recovery-objectives.yaml;docs/05-operations/BACKUP_RESTORE.md;docs/05-operations/OBSERVABILITY.md;docs/04-quality/THREAT_MODEL.md;docs/04-quality/SECURITY_PRIVACY_LGPD.md;contracts/privacy/lgpd-control-matrix.csv;docs/04-quality/LGPD_CONTROL_MODEL.md;contracts/operations/version-and-rollback-matrix.yaml,SECURITY_AND_PRIVACY_GATES,PASS
SPRINT-011,ISSUE-0607,Story,STORY-0497,TASK-0497,EPIC-079,BC-014,Security,CRITICAL,PASS,NOT_APPLICABLE,PASS,PASS,PASS,PASS,NOT_APPLICABLE,PASS,NOT_APPLICABLE,PASS,NOT_APPLICABLE,PASS,PASS,PASS,PASS,contracts/operations/slo-sli-catalog.yaml;docs/05-operations/CAPACITY_AND_SCALING.md;contracts/operations/external-dependency-register.csv;contracts/operations/vendor-exit-matrix.csv;contracts/operations/cost-model.yaml;docs/05-operations/COST_AND_UNIT_ECONOMICS.md;contracts/operations/recovery-objectives.yaml;docs/05-operations/BACKUP_RESTORE.md;docs/05-operations/OBSERVABILITY.md;docs/04-quality/THREAT_MODEL.md;docs/04-quality/SECURITY_PRIVACY_LGPD.md;contracts/privacy/lgpd-control-matrix.csv;docs/04-quality/LGPD_CONTROL_MODEL.md;contracts/operations/version-and-rollback-matrix.yaml,SECURITY_AND_PRIVACY_GATES,PASS
SPRINT-011,ISSUE-0608,Story,STORY-0498,TASK-0498,EPIC-079,BC-014,Reviewer,CRITICAL,PASS,NOT_APPLICABLE,PASS,PASS,PASS,PASS,NOT_APPLICABLE,PASS,NOT_APPLICABLE,PASS,NOT_APPLICABLE,PASS,PASS,PASS,PASS,contracts/operations/slo-sli-catalog.yaml;docs/05-operations/CAPACITY_AND_SCALING.md;contracts/operations/external-dependency-register.csv;contracts/operations/vendor-exit-matrix.csv;contracts/operations/cost-model.yaml;docs/05-operations/COST_AND_UNIT_ECONOMICS.md;contracts/operations/recovery-objectives.yaml;docs/05-operations/BACKUP_RESTORE.md;docs/05-operations/OBSERVABILITY.md;docs/04-quality/THREAT_MODEL.md;docs/04-quality/SECURITY_PRIVACY_LGPD.md;contracts/privacy/lgpd-control-matrix.csv;docs/04-quality/LGPD_CONTROL_MODEL.md;contracts/operations/version-and-rollback-matrix.yaml,SECURITY_AND_PRIVACY_GATES,PASS
SPRINT-011,ISSUE-0609,Story,STORY-0499,TASK-0499,EPIC-080,BC-015,Security,CRITICAL,PASS,NOT_APPLICABLE,PASS,PASS,PASS,PASS,NOT_APPLICABLE,PASS,NOT_APPLICABLE,PASS,NOT_APPLICABLE,PASS,PASS,PASS,PASS,contracts/operations/slo-sli-catalog.yaml;docs/05-operations/CAPACITY_AND_SCALING.md;contracts/operations/external-dependency-register.csv;contracts/operations/vendor-exit-matrix.csv;contracts/operations/cost-model.yaml;docs/05-operations/COST_AND_UNIT_ECONOMICS.md;contracts/operations/recovery-objectives.yaml;docs/05-operations/BACKUP_RESTORE.md;docs/05-operations/OBSERVABILITY.md;docs/04-quality/THREAT_MODEL.md;docs/04-quality/SECURITY_PRIVACY_LGPD.md;contracts/privacy/lgpd-control-matrix.csv;docs/04-quality/LGPD_CONTROL_MODEL.md;contracts/operations/version-and-rollback-matrix.yaml,SECURITY_AND_PRIVACY_GATES,PASS
SPRINT-011,ISSUE-0610,Story,STORY-0500,TASK-0500,EPIC-080,BC-015,Arquiteto,CRITICAL,PASS,NOT_APPLICABLE,PASS,PASS,PASS,PASS,PASS,PASS,NOT_APPLICABLE,PASS,PASS,PASS,PASS,PASS,PASS,contracts/operations/slo-sli-catalog.yaml;docs/05-operations/CAPACITY_AND_SCALING.md;contracts/operations/external-dependency-register.csv;contracts/operations/vendor-exit-matrix.csv;contracts/operations/cost-model.yaml;docs/05-operations/COST_AND_UNIT_ECONOMICS.md;contracts/operations/recovery-objectives.yaml;docs/05-operations/BACKUP_RESTORE.md;contracts/operations/version-and-rollback-matrix.yaml;docs/03-engineering/DATABASE_MIGRATIONS.md;docs/05-operations/OBSERVABILITY.md;docs/04-quality/THREAT_MODEL.md;docs/04-quality/SECURITY_PRIVACY_LGPD.md;contracts/privacy/lgpd-control-matrix.csv;docs/04-quality/LGPD_CONTROL_MODEL.md,SECURITY_AND_PRIVACY_GATES,PASS
SPRINT-011,ISSUE-0611,Story,STORY-0501,TASK-0501,EPIC-080,BC-015,Backend,HIGH,PASS,PASS,PASS,PASS,PASS,PASS,NOT_APPLICABLE,PASS,NOT_APPLICABLE,PASS,PASS,PASS,PASS,NOT_APPLICABLE,PASS,contracts/operations/slo-sli-catalog.yaml;docs/05-operations/CAPACITY_AND_SCALING.md;contracts/operations/lock-and-queue-policy.yaml;contracts/operations/external-dependency-register.csv;contracts/operations/vendor-exit-matrix.csv;contracts/operations/cost-model.yaml;docs/05-operations/COST_AND_UNIT_ECONOMICS.md;contracts/operations/recovery-objectives.yaml;docs/05-operations/BACKUP_RESTORE.md;contracts/operations/version-and-rollback-matrix.yaml;docs/03-engineering/DATABASE_MIGRATIONS.md;docs/05-operations/OBSERVABILITY.md;docs/04-quality/THREAT_MODEL.md;docs/04-quality/SECURITY_PRIVACY_LGPD.md,BENCHMARK_AND_OPERATIONS_GATES,PASS
SPRINT-011,ISSUE-0612,Story,STORY-0502,TASK-0502,EPIC-080,BC-015,Security,CRITICAL,PASS,NOT_APPLICABLE,PASS,PASS,PASS,PASS,NOT_APPLICABLE,PASS,NOT_APPLICABLE,PASS,NOT_APPLICABLE,PASS,PASS,PASS,PASS,contracts/operations/slo-sli-catalog.yaml;docs/05-operations/CAPACITY_AND_SCALING.md;contracts/operations/external-dependency-register.csv;contracts/operations/vendor-exit-matrix.csv;contracts/operations/cost-model.yaml;docs/05-operations/COST_AND_UNIT_ECONOMICS.md;contracts/operations/recovery-objectives.yaml;docs/05-operations/BACKUP_RESTORE.md;docs/05-operations/OBSERVABILITY.md;docs/04-quality/THREAT_MODEL.md;docs/04-quality/SECURITY_PRIVACY_LGPD.md;contracts/privacy/lgpd-control-matrix.csv;docs/04-quality/LGPD_CONTROL_MODEL.md;contracts/operations/version-and-rollback-matrix.yaml,SECURITY_AND_PRIVACY_GATES,PASS
SPRINT-011,ISSUE-0613,Story,STORY-0503,TASK-0503,EPIC-080,BC-015,DevOps,CRITICAL,PASS,PASS,PASS,PASS,PASS,PASS,NOT_APPLICABLE,PASS,NOT_APPLICABLE,PASS,NOT_APPLICABLE,PASS,PASS,NOT_APPLICABLE,PASS,contracts/operations/slo-sli-catalog.yaml;docs/05-operations/CAPACITY_AND_SCALING.md;contracts/operations/lock-and-queue-policy.yaml;contracts/operations/external-dependency-register.csv;contracts/operations/vendor-exit-matrix.csv;contracts/operations/cost-model.yaml;docs/05-operations/COST_AND_UNIT_ECONOMICS.md;contracts/operations/recovery-objectives.yaml;docs/05-operations/BACKUP_RESTORE.md;docs/05-operations/OBSERVABILITY.md;docs/04-quality/THREAT_MODEL.md;docs/04-quality/SECURITY_PRIVACY_LGPD.md;contracts/operations/version-and-rollback-matrix.yaml,SECURITY_AND_PRIVACY_GATES,PASS
SPRINT-011,ISSUE-0614,Story,STORY-0504,TASK-0504,EPIC-080,BC-015,Reviewer,HIGH,PASS,NOT_APPLICABLE,PASS,PASS,PASS,PASS,NOT_APPLICABLE,PASS,NOT_APPLICABLE,PASS,NOT_APPLICABLE,PASS,PASS,NOT_APPLICABLE,PASS,contracts/operations/slo-sli-catalog.yaml;docs/05-operations/CAPACITY_AND_SCALING.md;contracts/operations/external-dependency-register.csv;contracts/operations/vendor-exit-matrix.csv;contracts/operations/cost-model.yaml;docs/05-operations/COST_AND_UNIT_ECONOMICS.md;contracts/operations/recovery-objectives.yaml;docs/05-operations/BACKUP_RESTORE.md;docs/05-operations/OBSERVABILITY.md;docs/04-quality/THREAT_MODEL.md;docs/04-quality/SECURITY_PRIVACY_LGPD.md;contracts/operations/version-and-rollback-matrix.yaml,BENCHMARK_AND_OPERATIONS_GATES,PASS
SPRINT-011,ISSUE-0626,Story,STORY-0516,TASK-0516,EPIC-083,BC-014,DevOps,CRITICAL,PASS,PASS,PASS,PASS,PASS,PASS,NOT_APPLICABLE,PASS,NOT_APPLICABLE,PASS,PASS,PASS,PASS,PASS,PASS,contracts/operations/slo-sli-catalog.yaml;docs/05-operations/CAPACITY_AND_SCALING.md;contracts/operations/lock-and-queue-policy.yaml;contracts/operations/external-dependency-register.csv;contracts/operations/vendor-exit-matrix.csv;contracts/operations/cost-model.yaml;docs/05-operations/COST_AND_UNIT_ECONOMICS.md;contracts/operations/recovery-objectives.yaml;docs/05-operations/BACKUP_RESTORE.md;contracts/operations/version-and-rollback-matrix.yaml;docs/03-engineering/DATABASE_MIGRATIONS.md;docs/05-operations/OBSERVABILITY.md;docs/04-quality/THREAT_MODEL.md;docs/04-quality/SECURITY_PRIVACY_LGPD.md;contracts/privacy/lgpd-control-matrix.csv;docs/04-quality/LGPD_CONTROL_MODEL.md,SECURITY_AND_PRIVACY_GATES,PASS
SPRINT-011,ISSUE-0627,Story,STORY-0517,TASK-0517,EPIC-083,BC-014,DevOps,CRITICAL,PASS,PASS,PASS,PASS,PASS,PASS,PASS,PASS,NOT_APPLICABLE,PASS,PASS,PASS,PASS,PASS,PASS,contracts/operations/slo-sli-catalog.yaml;docs/05-operations/CAPACITY_AND_SCALING.md;contracts/operations/lock-and-queue-policy.yaml;contracts/operations/external-dependency-register.csv;contracts/operations/vendor-exit-matrix.csv;contracts/operations/cost-model.yaml;docs/05-operations/COST_AND_UNIT_ECONOMICS.md;contracts/operations/recovery-objectives.yaml;docs/05-operations/BACKUP_RESTORE.md;contracts/operations/version-and-rollback-matrix.yaml;docs/03-engineering/DATABASE_MIGRATIONS.md;docs/05-operations/OBSERVABILITY.md;docs/04-quality/THREAT_MODEL.md;docs/04-quality/SECURITY_PRIVACY_LGPD.md;contracts/privacy/lgpd-control-matrix.csv;docs/04-quality/LGPD_CONTROL_MODEL.md,SECURITY_AND_PRIVACY_GATES,PASS
SPRINT-011,ISSUE-0628,Story,STORY-0518,TASK-0518,EPIC-083,BC-014,DevOps,CRITICAL,PASS,PASS,PASS,PASS,PASS,PASS,NOT_APPLICABLE,PASS,NOT_APPLICABLE,PASS,PASS,PASS,PASS,PASS,PASS,contracts/operations/slo-sli-catalog.yaml;docs/05-operations/CAPACITY_AND_SCALING.md;contracts/operations/lock-and-queue-policy.yaml;contracts/operations/external-dependency-register.csv;contracts/operations/vendor-exit-matrix.csv;contracts/operations/cost-model.yaml;docs/05-operations/COST_AND_UNIT_ECONOMICS.md;contracts/operations/recovery-objectives.yaml;docs/05-operations/BACKUP_RESTORE.md;contracts/operations/version-and-rollback-matrix.yaml;docs/03-engineering/DATABASE_MIGRATIONS.md;docs/05-operations/OBSERVABILITY.md;docs/04-quality/THREAT_MODEL.md;docs/04-quality/SECURITY_PRIVACY_LGPD.md;contracts/privacy/lgpd-control-matrix.csv;docs/04-quality/LGPD_CONTROL_MODEL.md,SECURITY_AND_PRIVACY_GATES,PASS
SPRINT-011,ISSUE-0629,Story,STORY-0519,TASK-0519,EPIC-083,BC-014,QA,CRITICAL,PASS,NOT_APPLICABLE,PASS,PASS,PASS,PASS,NOT_APPLICABLE,PASS,NOT_APPLICABLE,PASS,PASS,PASS,PASS,PASS,PASS,contracts/operations/slo-sli-catalog.yaml;docs/05-operations/CAPACITY_AND_SCALING.md;contracts/operations/external-dependency-register.csv;contracts/operations/vendor-exit-matrix.csv;contracts/operations/cost-model.yaml;docs/05-operations/COST_AND_UNIT_ECONOMICS.md;contracts/operations/recovery-objectives.yaml;docs/05-operations/BACKUP_RESTORE.md;contracts/operations/version-and-rollback-matrix.yaml;docs/03-engineering/DATABASE_MIGRATIONS.md;docs/05-operations/OBSERVABILITY.md;docs/04-quality/THREAT_MODEL.md;docs/04-quality/SECURITY_PRIVACY_LGPD.md;contracts/privacy/lgpd-control-matrix.csv;docs/04-quality/LGPD_CONTROL_MODEL.md,SECURITY_AND_PRIVACY_GATES,PASS
SPRINT-011,ISSUE-0630,Story,STORY-0520,TASK-0520,EPIC-083,BC-014,Security,CRITICAL,PASS,NOT_APPLICABLE,PASS,PASS,PASS,PASS,NOT_APPLICABLE,PASS,NOT_APPLICABLE,PASS,PASS,PASS,PASS,PASS,PASS,contracts/operations/slo-sli-catalog.yaml;docs/05-operations/CAPACITY_AND_SCALING.md;contracts/operations/external-dependency-register.csv;contracts/operations/vendor-exit-matrix.csv;contracts/operations/cost-model.yaml;docs/05-operations/COST_AND_UNIT_ECONOMICS.md;contracts/operations/recovery-objectives.yaml;docs/05-operations/BACKUP_RESTORE.md;contracts/operations/version-and-rollback-matrix.yaml;docs/03-engineering/DATABASE_MIGRATIONS.md;docs/05-operations/OBSERVABILITY.md;docs/04-quality/THREAT_MODEL.md;docs/04-quality/SECURITY_PRIVACY_LGPD.md;contracts/privacy/lgpd-control-matrix.csv;docs/04-quality/LGPD_CONTROL_MODEL.md,SECURITY_AND_PRIVACY_GATES,PASS
SPRINT-011,ISSUE-0631,Story,STORY-0521,TASK-0521,EPIC-083,BC-014,Reviewer,CRITICAL,PASS,NOT_APPLICABLE,PASS,PASS,PASS,PASS,NOT_APPLICABLE,PASS,NOT_APPLICABLE,PASS,PASS,PASS,PASS,PASS,PASS,contracts/operations/slo-sli-catalog.yaml;docs/05-operations/CAPACITY_AND_SCALING.md;contracts/operations/external-dependency-register.csv;contracts/operations/vendor-exit-matrix.csv;contracts/operations/cost-model.yaml;docs/05-operations/COST_AND_UNIT_ECONOMICS.md;contracts/operations/recovery-objectives.yaml;docs/05-operations/BACKUP_RESTORE.md;contracts/operations/version-and-rollback-matrix.yaml;docs/03-engineering/DATABASE_MIGRATIONS.md;docs/05-operations/OBSERVABILITY.md;docs/04-quality/THREAT_MODEL.md;docs/04-quality/SECURITY_PRIVACY_LGPD.md;contracts/privacy/lgpd-control-matrix.csv;docs/04-quality/LGPD_CONTROL_MODEL.md,SECURITY_AND_PRIVACY_GATES,PASS
SPRINT-011,ISSUE-0655,Story,STORY-0545,TASK-0545,EPIC-088,BC-009,IA,CRITICAL,PASS,NOT_APPLICABLE,PASS,PASS,PASS,PASS,PASS,PASS,NOT_APPLICABLE,PASS,NOT_APPLICABLE,PASS,PASS,PASS,PASS,contracts/operations/slo-sli-catalog.yaml;docs/05-operations/CAPACITY_AND_SCALING.md;contracts/operations/external-dependency-register.csv;contracts/operations/vendor-exit-matrix.csv;contracts/operations/cost-model.yaml;docs/05-operations/COST_AND_UNIT_ECONOMICS.md;contracts/operations/recovery-objectives.yaml;docs/05-operations/BACKUP_RESTORE.md;docs/05-operations/OBSERVABILITY.md;docs/04-quality/THREAT_MODEL.md;docs/04-quality/SECURITY_PRIVACY_LGPD.md;contracts/privacy/lgpd-control-matrix.csv;docs/04-quality/LGPD_CONTROL_MODEL.md;contracts/operations/version-and-rollback-matrix.yaml,SECURITY_AND_PRIVACY_GATES,PASS
SPRINT-011,ISSUE-0656,Story,STORY-0546,TASK-0546,EPIC-088,BC-009,IA,CRITICAL,PASS,NOT_APPLICABLE,PASS,PASS,PASS,PASS,PASS,PASS,NOT_APPLICABLE,PASS,NOT_APPLICABLE,PASS,PASS,PASS,PASS,contracts/operations/slo-sli-catalog.yaml;docs/05-operations/CAPACITY_AND_SCALING.md;contracts/operations/external-dependency-register.csv;contracts/operations/vendor-exit-matrix.csv;contracts/operations/cost-model.yaml;docs/05-operations/COST_AND_UNIT_ECONOMICS.md;contracts/operations/recovery-objectives.yaml;docs/05-operations/BACKUP_RESTORE.md;docs/05-operations/OBSERVABILITY.md;docs/04-quality/THREAT_MODEL.md;docs/04-quality/SECURITY_PRIVACY_LGPD.md;contracts/privacy/lgpd-control-matrix.csv;docs/04-quality/LGPD_CONTROL_MODEL.md;contracts/operations/version-and-rollback-matrix.yaml,SECURITY_AND_PRIVACY_GATES,PASS
SPRINT-011,ISSUE-0657,Story,STORY-0547,TASK-0547,EPIC-088,BC-009,QA,CRITICAL,PASS,NOT_APPLICABLE,PASS,PASS,PASS,PASS,PASS,PASS,NOT_APPLICABLE,PASS,NOT_APPLICABLE,PASS,PASS,PASS,PASS,contracts/operations/slo-sli-catalog.yaml;docs/05-operations/CAPACITY_AND_SCALING.md;contracts/operations/external-dependency-register.csv;contracts/operations/vendor-exit-matrix.csv;contracts/operations/cost-model.yaml;docs/05-operations/COST_AND_UNIT_ECONOMICS.md;contracts/operations/recovery-objectives.yaml;docs/05-operations/BACKUP_RESTORE.md;docs/05-operations/OBSERVABILITY.md;docs/04-quality/THREAT_MODEL.md;docs/04-quality/SECURITY_PRIVACY_LGPD.md;contracts/privacy/lgpd-control-matrix.csv;docs/04-quality/LGPD_CONTROL_MODEL.md;contracts/operations/version-and-rollback-matrix.yaml,SECURITY_AND_PRIVACY_GATES,PASS
SPRINT-011,ISSUE-0658,Story,STORY-0548,TASK-0548,EPIC-088,BC-009,Reviewer,CRITICAL,PASS,NOT_APPLICABLE,PASS,PASS,PASS,PASS,PASS,PASS,NOT_APPLICABLE,PASS,NOT_APPLICABLE,PASS,PASS,PASS,PASS,contracts/operations/slo-sli-catalog.yaml;docs/05-operations/CAPACITY_AND_SCALING.md;contracts/operations/external-dependency-register.csv;contracts/operations/vendor-exit-matrix.csv;contracts/operations/cost-model.yaml;docs/05-operations/COST_AND_UNIT_ECONOMICS.md;contracts/operations/recovery-objectives.yaml;docs/05-operations/BACKUP_RESTORE.md;docs/05-operations/OBSERVABILITY.md;docs/04-quality/THREAT_MODEL.md;docs/04-quality/SECURITY_PRIVACY_LGPD.md;contracts/privacy/lgpd-control-matrix.csv;docs/04-quality/LGPD_CONTROL_MODEL.md;contracts/operations/version-and-rollback-matrix.yaml,SECURITY_AND_PRIVACY_GATES,PASS
SPRINT-011,ISSUE-0855,Story,STORY-0745,TASK-0745,EPIC-039,BC-014,DevOps,CRITICAL,PASS,PASS,PASS,PASS,PASS,PASS,PASS,PASS,PASS,PASS,PASS,PASS,PASS,PASS,PASS,contracts/operations/slo-sli-catalog.yaml;docs/05-operations/CAPACITY_AND_SCALING.md;contracts/operations/lock-and-queue-policy.yaml;contracts/operations/external-dependency-register.csv;contracts/operations/vendor-exit-matrix.csv;contracts/operations/cost-model.yaml;docs/05-operations/COST_AND_UNIT_ECONOMICS.md;contracts/operations/recovery-objectives.yaml;docs/05-operations/BACKUP_RESTORE.md;contracts/operations/version-and-rollback-matrix.yaml;docs/03-engineering/DATABASE_MIGRATIONS.md;docs/05-operations/OBSERVABILITY.md;docs/04-quality/THREAT_MODEL.md;docs/04-quality/SECURITY_PRIVACY_LGPD.md;contracts/privacy/lgpd-control-matrix.csv;docs/04-quality/LGPD_CONTROL_MODEL.md,SECURITY_AND_PRIVACY_GATES,PASS
SPRINT-011,ISSUE-0856,Story,STORY-0746,TASK-0746,EPIC-039,BC-014,DevOps,CRITICAL,PASS,PASS,PASS,PASS,PASS,PASS,NOT_APPLICABLE,PASS,PASS,PASS,PASS,PASS,PASS,PASS,PASS,contracts/operations/slo-sli-catalog.yaml;docs/05-operations/CAPACITY_AND_SCALING.md;contracts/operations/lock-and-queue-policy.yaml;contracts/operations/external-dependency-register.csv;contracts/operations/vendor-exit-matrix.csv;contracts/operations/cost-model.yaml;docs/05-operations/COST_AND_UNIT_ECONOMICS.md;contracts/operations/recovery-objectives.yaml;docs/05-operations/BACKUP_RESTORE.md;contracts/operations/version-and-rollback-matrix.yaml;docs/03-engineering/DATABASE_MIGRATIONS.md;docs/05-operations/OBSERVABILITY.md;docs/04-quality/THREAT_MODEL.md;docs/04-quality/SECURITY_PRIVACY_LGPD.md;contracts/privacy/lgpd-control-matrix.csv;docs/04-quality/LGPD_CONTROL_MODEL.md,SECURITY_AND_PRIVACY_GATES,PASS
SPRINT-012,ISSUE-0042,Epic delivery envelope,,,EPIC-042,BC-015,Reviewer,CRITICAL,PASS,PASS,PASS,PASS,PASS,PASS,NOT_APPLICABLE,PASS,PASS,PASS,PASS,PASS,PASS,PASS,PASS,contracts/operations/slo-sli-catalog.yaml;docs/05-operations/CAPACITY_AND_SCALING.md;contracts/operations/external-dependency-register.csv;contracts/operations/vendor-exit-matrix.csv;contracts/operations/cost-model.yaml;docs/05-operations/COST_AND_UNIT_ECONOMICS.md;contracts/operations/recovery-objectives.yaml;docs/05-operations/BACKUP_RESTORE.md;contracts/operations/version-and-rollback-matrix.yaml;docs/03-engineering/DATABASE_MIGRATIONS.md;docs/05-operations/OBSERVABILITY.md;docs/04-quality/THREAT_MODEL.md;docs/04-quality/SECURITY_PRIVACY_LGPD.md;contracts/privacy/lgpd-control-matrix.csv;docs/04-quality/LGPD_CONTROL_MODEL.md;contracts/operations/lock-and-queue-policy.yaml,SECURITY_AND_PRIVACY_GATES,PASS
SPRINT-012,ISSUE-0043,Epic delivery envelope,,,EPIC-043,BC-015,DevOps,CRITICAL,PASS,PASS,PASS,PASS,PASS,PASS,PASS,PASS,NOT_APPLICABLE,PASS,PASS,PASS,PASS,PASS,PASS,contracts/operations/slo-sli-catalog.yaml;docs/05-operations/CAPACITY_AND_SCALING.md;contracts/operations/external-dependency-register.csv;contracts/operations/vendor-exit-matrix.csv;contracts/operations/cost-model.yaml;docs/05-operations/COST_AND_UNIT_ECONOMICS.md;contracts/operations/recovery-objectives.yaml;docs/05-operations/BACKUP_RESTORE.md;contracts/operations/version-and-rollback-matrix.yaml;docs/03-engineering/DATABASE_MIGRATIONS.md;docs/05-operations/OBSERVABILITY.md;docs/04-quality/THREAT_MODEL.md;docs/04-quality/SECURITY_PRIVACY_LGPD.md;contracts/privacy/lgpd-control-matrix.csv;docs/04-quality/LGPD_CONTROL_MODEL.md;contracts/operations/lock-and-queue-policy.yaml,SECURITY_AND_PRIVACY_GATES,PASS
SPRINT-012,ISSUE-0081,Epic delivery envelope,,,EPIC-081,BC-015,DevOps,CRITICAL,PASS,PASS,PASS,PASS,PASS,PASS,NOT_APPLICABLE,PASS,NOT_APPLICABLE,PASS,PASS,PASS,PASS,PASS,PASS,contracts/operations/slo-sli-catalog.yaml;docs/05-operations/CAPACITY_AND_SCALING.md;contracts/operations/lock-and-queue-policy.yaml;contracts/operations/external-dependency-register.csv;contracts/operations/vendor-exit-matrix.csv;contracts/operations/cost-model.yaml;docs/05-operations/COST_AND_UNIT_ECONOMICS.md;contracts/operations/recovery-objectives.yaml;docs/05-operations/BACKUP_RESTORE.md;contracts/operations/version-and-rollback-matrix.yaml;docs/03-engineering/DATABASE_MIGRATIONS.md;docs/05-operations/OBSERVABILITY.md;docs/04-quality/THREAT_MODEL.md;docs/04-quality/SECURITY_PRIVACY_LGPD.md;contracts/privacy/lgpd-control-matrix.csv;docs/04-quality/LGPD_CONTROL_MODEL.md,SECURITY_AND_PRIVACY_GATES,PASS
SPRINT-012,ISSUE-0085,Epic delivery envelope,,,EPIC-085,BC-015,DevOps,CRITICAL,PASS,PASS,PASS,PASS,PASS,PASS,NOT_APPLICABLE,PASS,PASS,PASS,PASS,PASS,PASS,PASS,PASS,contracts/operations/slo-sli-catalog.yaml;docs/05-operations/CAPACITY_AND_SCALING.md;contracts/operations/external-dependency-register.csv;contracts/operations/vendor-exit-matrix.csv;contracts/operations/cost-model.yaml;docs/05-operations/COST_AND_UNIT_ECONOMICS.md;contracts/operations/recovery-objectives.yaml;docs/05-operations/BACKUP_RESTORE.md;contracts/operations/version-and-rollback-matrix.yaml;docs/03-engineering/DATABASE_MIGRATIONS.md;docs/05-operations/OBSERVABILITY.md;docs/04-quality/THREAT_MODEL.md;docs/04-quality/SECURITY_PRIVACY_LGPD.md;contracts/privacy/lgpd-control-matrix.csv;docs/04-quality/LGPD_CONTROL_MODEL.md;contracts/operations/lock-and-queue-policy.yaml,SECURITY_AND_PRIVACY_GATES,PASS
SPRINT-012,ISSUE-0087,Epic delivery envelope,,,EPIC-087,BC-015,DevOps,CRITICAL,PASS,PASS,PASS,PASS,PASS,PASS,NOT_APPLICABLE,PASS,NOT_APPLICABLE,PASS,PASS,PASS,PASS,PASS,PASS,contracts/operations/slo-sli-catalog.yaml;docs/05-operations/CAPACITY_AND_SCALING.md;contracts/operations/external-dependency-register.csv;contracts/operations/vendor-exit-matrix.csv;contracts/operations/cost-model.yaml;docs/05-operations/COST_AND_UNIT_ECONOMICS.md;contracts/operations/recovery-objectives.yaml;docs/05-operations/BACKUP_RESTORE.md;contracts/operations/version-and-rollback-matrix.yaml;docs/03-engineering/DATABASE_MIGRATIONS.md;docs/05-operations/OBSERVABILITY.md;docs/04-quality/THREAT_MODEL.md;docs/04-quality/SECURITY_PRIVACY_LGPD.md;contracts/privacy/lgpd-control-matrix.csv;docs/04-quality/LGPD_CONTROL_MODEL.md;contracts/operations/lock-and-queue-policy.yaml,SECURITY_AND_PRIVACY_GATES,PASS
SPRINT-012,ISSUE-0089,Epic delivery envelope,,,EPIC-089,BC-015,DevOps,CRITICAL,PASS,PASS,PASS,PASS,PASS,PASS,NOT_APPLICABLE,PASS,PASS,PASS,PASS,PASS,PASS,PASS,PASS,contracts/operations/slo-sli-catalog.yaml;docs/05-operations/CAPACITY_AND_SCALING.md;contracts/operations/external-dependency-register.csv;contracts/operations/vendor-exit-matrix.csv;contracts/operations/cost-model.yaml;docs/05-operations/COST_AND_UNIT_ECONOMICS.md;contracts/operations/recovery-objectives.yaml;docs/05-operations/BACKUP_RESTORE.md;contracts/operations/version-and-rollback-matrix.yaml;docs/03-engineering/DATABASE_MIGRATIONS.md;docs/05-operations/OBSERVABILITY.md;docs/04-quality/THREAT_MODEL.md;docs/04-quality/SECURITY_PRIVACY_LGPD.md;contracts/privacy/lgpd-control-matrix.csv;docs/04-quality/LGPD_CONTROL_MODEL.md;contracts/operations/lock-and-queue-policy.yaml,SECURITY_AND_PRIVACY_GATES,PASS
SPRINT-012,ISSUE-0106,Epic delivery envelope,,,EPIC-106,BC-015,DevOps,CRITICAL,PASS,PASS,PASS,PASS,PASS,PASS,NOT_APPLICABLE,PASS,NOT_APPLICABLE,PASS,PASS,PASS,PASS,PASS,PASS,contracts/operations/slo-sli-catalog.yaml;docs/05-operations/CAPACITY_AND_SCALING.md;contracts/operations/lock-and-queue-policy.yaml;contracts/operations/external-dependency-register.csv;contracts/operations/vendor-exit-matrix.csv;contracts/operations/cost-model.yaml;docs/05-operations/COST_AND_UNIT_ECONOMICS.md;contracts/operations/recovery-objectives.yaml;docs/05-operations/BACKUP_RESTORE.md;contracts/operations/version-and-rollback-matrix.yaml;docs/03-engineering/DATABASE_MIGRATIONS.md;docs/05-operations/OBSERVABILITY.md;docs/04-quality/THREAT_MODEL.md;docs/04-quality/SECURITY_PRIVACY_LGPD.md;contracts/privacy/lgpd-control-matrix.csv;docs/04-quality/LGPD_CONTROL_MODEL.md,SECURITY_AND_PRIVACY_GATES,PASS
SPRINT-012,ISSUE-0107,Epic delivery envelope,,,EPIC-107,BC-015,DevOps,CRITICAL,PASS,PASS,PASS,PASS,PASS,PASS,NOT_APPLICABLE,PASS,NOT_APPLICABLE,PASS,PASS,PASS,PASS,PASS,PASS,contracts/operations/slo-sli-catalog.yaml;docs/05-operations/CAPACITY_AND_SCALING.md;contracts/operations/external-dependency-register.csv;contracts/operations/vendor-exit-matrix.csv;contracts/operations/cost-model.yaml;docs/05-operations/COST_AND_UNIT_ECONOMICS.md;contracts/operations/recovery-objectives.yaml;docs/05-operations/BACKUP_RESTORE.md;contracts/operations/version-and-rollback-matrix.yaml;docs/03-engineering/DATABASE_MIGRATIONS.md;docs/05-operations/OBSERVABILITY.md;docs/04-quality/THREAT_MODEL.md;docs/04-quality/SECURITY_PRIVACY_LGPD.md;contracts/privacy/lgpd-control-matrix.csv;docs/04-quality/LGPD_CONTROL_MODEL.md;contracts/operations/lock-and-queue-policy.yaml,SECURITY_AND_PRIVACY_GATES,PASS
SPRINT-012,ISSUE-0108,Epic delivery envelope,,,EPIC-108,BC-015,DevOps,CRITICAL,PASS,PASS,PASS,PASS,PASS,PASS,NOT_APPLICABLE,PASS,NOT_APPLICABLE,PASS,PASS,PASS,PASS,PASS,PASS,contracts/operations/slo-sli-catalog.yaml;docs/05-operations/CAPACITY_AND_SCALING.md;contracts/operations/external-dependency-register.csv;contracts/operations/vendor-exit-matrix.csv;contracts/operations/cost-model.yaml;docs/05-operations/COST_AND_UNIT_ECONOMICS.md;contracts/operations/recovery-objectives.yaml;docs/05-operations/BACKUP_RESTORE.md;contracts/operations/version-and-rollback-matrix.yaml;docs/03-engineering/DATABASE_MIGRATIONS.md;docs/05-operations/OBSERVABILITY.md;docs/04-quality/THREAT_MODEL.md;docs/04-quality/SECURITY_PRIVACY_LGPD.md;contracts/privacy/lgpd-control-matrix.csv;docs/04-quality/LGPD_CONTROL_MODEL.md;contracts/operations/lock-and-queue-policy.yaml,SECURITY_AND_PRIVACY_GATES,PASS
SPRINT-012,ISSUE-0109,Epic delivery envelope,,,EPIC-109,BC-015,Reviewer,CRITICAL,PASS,PASS,PASS,PASS,PASS,PASS,NOT_APPLICABLE,PASS,NOT_APPLICABLE,PASS,PASS,PASS,PASS,PASS,PASS,contracts/operations/slo-sli-catalog.yaml;docs/05-operations/CAPACITY_AND_SCALING.md;contracts/operations/external-dependency-register.csv;contracts/operations/vendor-exit-matrix.csv;contracts/operations/cost-model.yaml;docs/05-operations/COST_AND_UNIT_ECONOMICS.md;contracts/operations/recovery-objectives.yaml;docs/05-operations/BACKUP_RESTORE.md;contracts/operations/version-and-rollback-matrix.yaml;docs/03-engineering/DATABASE_MIGRATIONS.md;docs/05-operations/OBSERVABILITY.md;docs/04-quality/THREAT_MODEL.md;docs/04-quality/SECURITY_PRIVACY_LGPD.md;contracts/privacy/lgpd-control-matrix.csv;docs/04-quality/LGPD_CONTROL_MODEL.md;contracts/operations/lock-and-queue-policy.yaml,SECURITY_AND_PRIVACY_GATES,PASS
SPRINT-012,ISSUE-0360,Story,STORY-0250,TASK-0250,EPIC-042,BC-015,Product Owner,HIGH,PASS,NOT_APPLICABLE,PASS,PASS,PASS,PASS,NOT_APPLICABLE,PASS,NOT_APPLICABLE,PASS,PASS,PASS,PASS,PASS,PASS,contracts/operations/slo-sli-catalog.yaml;docs/05-operations/CAPACITY_AND_SCALING.md;contracts/operations/external-dependency-register.csv;contracts/operations/vendor-exit-matrix.csv;contracts/operations/cost-model.yaml;docs/05-operations/COST_AND_UNIT_ECONOMICS.md;contracts/operations/recovery-objectives.yaml;docs/05-operations/BACKUP_RESTORE.md;contracts/operations/version-and-rollback-matrix.yaml;docs/03-engineering/DATABASE_MIGRATIONS.md;docs/05-operations/OBSERVABILITY.md;docs/04-quality/THREAT_MODEL.md;docs/04-quality/SECURITY_PRIVACY_LGPD.md;contracts/privacy/lgpd-control-matrix.csv;docs/04-quality/LGPD_CONTROL_MODEL.md,BENCHMARK_AND_OPERATIONS_GATES,PASS
SPRINT-012,ISSUE-0361,Story,STORY-0251,TASK-0251,EPIC-042,BC-015,Tech Lead,HIGH,PASS,NOT_APPLICABLE,PASS,PASS,PASS,PASS,NOT_APPLICABLE,PASS,PASS,PASS,NOT_APPLICABLE,PASS,PASS,NOT_APPLICABLE,PASS,contracts/operations/slo-sli-catalog.yaml;docs/05-operations/CAPACITY_AND_SCALING.md;contracts/operations/external-dependency-register.csv;contracts/operations/vendor-exit-matrix.csv;contracts/operations/cost-model.yaml;docs/05-operations/COST_AND_UNIT_ECONOMICS.md;contracts/operations/lock-and-queue-policy.yaml;contracts/operations/recovery-objectives.yaml;docs/05-operations/BACKUP_RESTORE.md;docs/05-operations/OBSERVABILITY.md;docs/04-quality/THREAT_MODEL.md;docs/04-quality/SECURITY_PRIVACY_LGPD.md;contracts/operations/version-and-rollback-matrix.yaml,BENCHMARK_AND_OPERATIONS_GATES,PASS
SPRINT-012,ISSUE-0362,Story,STORY-0252,TASK-0252,EPIC-042,BC-015,DevOps,CRITICAL,PASS,PASS,PASS,PASS,PASS,PASS,NOT_APPLICABLE,PASS,NOT_APPLICABLE,PASS,NOT_APPLICABLE,PASS,PASS,NOT_APPLICABLE,PASS,contracts/operations/slo-sli-catalog.yaml;docs/05-operations/CAPACITY_AND_SCALING.md;contracts/operations/lock-and-queue-policy.yaml;contracts/operations/external-dependency-register.csv;contracts/operations/vendor-exit-matrix.csv;contracts/operations/cost-model.yaml;docs/05-operations/COST_AND_UNIT_ECONOMICS.md;contracts/operations/recovery-objectives.yaml;docs/05-operations/BACKUP_RESTORE.md;docs/05-operations/OBSERVABILITY.md;docs/04-quality/THREAT_MODEL.md;docs/04-quality/SECURITY_PRIVACY_LGPD.md;contracts/operations/version-and-rollback-matrix.yaml,SECURITY_AND_PRIVACY_GATES,PASS
SPRINT-012,ISSUE-0363,Story,STORY-0253,TASK-0253,EPIC-042,BC-015,Security,CRITICAL,PASS,NOT_APPLICABLE,PASS,PASS,PASS,PASS,NOT_APPLICABLE,PASS,NOT_APPLICABLE,PASS,NOT_APPLICABLE,PASS,PASS,PASS,PASS,contracts/operations/slo-sli-catalog.yaml;docs/05-operations/CAPACITY_AND_SCALING.md;contracts/operations/external-dependency-register.csv;contracts/operations/vendor-exit-matrix.csv;contracts/operations/cost-model.yaml;docs/05-operations/COST_AND_UNIT_ECONOMICS.md;contracts/operations/recovery-objectives.yaml;docs/05-operations/BACKUP_RESTORE.md;docs/05-operations/OBSERVABILITY.md;docs/04-quality/THREAT_MODEL.md;docs/04-quality/SECURITY_PRIVACY_LGPD.md;contracts/privacy/lgpd-control-matrix.csv;docs/04-quality/LGPD_CONTROL_MODEL.md;contracts/operations/version-and-rollback-matrix.yaml,SECURITY_AND_PRIVACY_GATES,PASS
SPRINT-012,ISSUE-0364,Story,STORY-0254,TASK-0254,EPIC-042,BC-015,Reviewer,HIGH,PASS,NOT_APPLICABLE,PASS,PASS,PASS,PASS,NOT_APPLICABLE,PASS,NOT_APPLICABLE,PASS,NOT_APPLICABLE,PASS,PASS,NOT_APPLICABLE,PASS,contracts/operations/slo-sli-catalog.yaml;docs/05-operations/CAPACITY_AND_SCALING.md;contracts/operations/external-dependency-register.csv;contracts/operations/vendor-exit-matrix.csv;contracts/operations/cost-model.yaml;docs/05-operations/COST_AND_UNIT_ECONOMICS.md;contracts/operations/recovery-objectives.yaml;docs/05-operations/BACKUP_RESTORE.md;docs/05-operations/OBSERVABILITY.md;docs/04-quality/THREAT_MODEL.md;docs/04-quality/SECURITY_PRIVACY_LGPD.md;contracts/operations/version-and-rollback-matrix.yaml,BENCHMARK_AND_OPERATIONS_GATES,PASS
SPRINT-012,ISSUE-0365,Story,STORY-0255,TASK-0255,EPIC-043,BC-015,Tech Lead,HIGH,PASS,NOT_APPLICABLE,PASS,PASS,PASS,PASS,NOT_APPLICABLE,PASS,NOT_APPLICABLE,PASS,PASS,PASS,PASS,PASS,PASS,contracts/operations/slo-sli-catalog.yaml;docs/05-operations/CAPACITY_AND_SCALING.md;contracts/operations/external-dependency-register.csv;contracts/operations/vendor-exit-matrix.csv;contracts/operations/cost-model.yaml;docs/05-operations/COST_AND_UNIT_ECONOMICS.md;contracts/operations/recovery-objectives.yaml;docs/05-operations/BACKUP_RESTORE.md;contracts/operations/version-and-rollback-matrix.yaml;docs/03-engineering/DATABASE_MIGRATIONS.md;docs/05-operations/OBSERVABILITY.md;docs/04-quality/THREAT_MODEL.md;docs/04-quality/SECURITY_PRIVACY_LGPD.md;contracts/privacy/lgpd-control-matrix.csv;docs/04-quality/LGPD_CONTROL_MODEL.md,BENCHMARK_AND_OPERATIONS_GATES,PASS
SPRINT-012,ISSUE-0366,Story,STORY-0256,TASK-0256,EPIC-043,BC-015,DevOps,CRITICAL,PASS,PASS,PASS,PASS,PASS,PASS,PASS,PASS,NOT_APPLICABLE,PASS,NOT_APPLICABLE,PASS,PASS,NOT_APPLICABLE,PASS,contracts/operations/slo-sli-catalog.yaml;docs/05-operations/CAPACITY_AND_SCALING.md;contracts/operations/lock-and-queue-policy.yaml;contracts/operations/external-dependency-register.csv;contracts/operations/vendor-exit-matrix.csv;contracts/operations/cost-model.yaml;docs/05-operations/COST_AND_UNIT_ECONOMICS.md;contracts/operations/recovery-objectives.yaml;docs/05-operations/BACKUP_RESTORE.md;docs/05-operations/OBSERVABILITY.md;docs/04-quality/THREAT_MODEL.md;docs/04-quality/SECURITY_PRIVACY_LGPD.md;contracts/operations/version-and-rollback-matrix.yaml,SECURITY_AND_PRIVACY_GATES,PASS
SPRINT-012,ISSUE-0367,Story,STORY-0257,TASK-0257,EPIC-043,BC-015,DevOps,CRITICAL,PASS,PASS,PASS,PASS,PASS,PASS,PASS,PASS,NOT_APPLICABLE,PASS,NOT_APPLICABLE,PASS,PASS,NOT_APPLICABLE,PASS,contracts/operations/slo-sli-catalog.yaml;docs/05-operations/CAPACITY_AND_SCALING.md;contracts/operations/lock-and-queue-policy.yaml;contracts/operations/external-dependency-register.csv;contracts/operations/vendor-exit-matrix.csv;contracts/operations/cost-model.yaml;docs/05-operations/COST_AND_UNIT_ECONOMICS.md;contracts/operations/recovery-objectives.yaml;docs/05-operations/BACKUP_RESTORE.md;docs/05-operations/OBSERVABILITY.md;docs/04-quality/THREAT_MODEL.md;docs/04-quality/SECURITY_PRIVACY_LGPD.md;contracts/operations/version-and-rollback-matrix.yaml,SECURITY_AND_PRIVACY_GATES,PASS
SPRINT-012,ISSUE-0368,Story,STORY-0258,TASK-0258,EPIC-043,BC-015,Security,CRITICAL,PASS,NOT_APPLICABLE,PASS,PASS,PASS,PASS,NOT_APPLICABLE,PASS,NOT_APPLICABLE,PASS,NOT_APPLICABLE,PASS,PASS,PASS,PASS,contracts/operations/slo-sli-catalog.yaml;docs/05-operations/CAPACITY_AND_SCALING.md;contracts/operations/external-dependency-register.csv;contracts/operations/vendor-exit-matrix.csv;contracts/operations/cost-model.yaml;docs/05-operations/COST_AND_UNIT_ECONOMICS.md;contracts/operations/recovery-objectives.yaml;docs/05-operations/BACKUP_RESTORE.md;docs/05-operations/OBSERVABILITY.md;docs/04-quality/THREAT_MODEL.md;docs/04-quality/SECURITY_PRIVACY_LGPD.md;contracts/privacy/lgpd-control-matrix.csv;docs/04-quality/LGPD_CONTROL_MODEL.md;contracts/operations/version-and-rollback-matrix.yaml,SECURITY_AND_PRIVACY_GATES,PASS
SPRINT-012,ISSUE-0369,Story,STORY-0259,TASK-0259,EPIC-043,BC-015,QA,HIGH,PASS,NOT_APPLICABLE,PASS,PASS,PASS,PASS,NOT_APPLICABLE,PASS,NOT_APPLICABLE,PASS,NOT_APPLICABLE,PASS,PASS,NOT_APPLICABLE,PASS,contracts/operations/slo-sli-catalog.yaml;docs/05-operations/CAPACITY_AND_SCALING.md;contracts/operations/external-dependency-register.csv;contracts/operations/vendor-exit-matrix.csv;contracts/operations/cost-model.yaml;docs/05-operations/COST_AND_UNIT_ECONOMICS.md;contracts/operations/recovery-objectives.yaml;docs/05-operations/BACKUP_RESTORE.md;docs/05-operations/OBSERVABILITY.md;docs/04-quality/THREAT_MODEL.md;docs/04-quality/SECURITY_PRIVACY_LGPD.md;contracts/operations/version-and-rollback-matrix.yaml,BENCHMARK_AND_OPERATIONS_GATES,PASS
SPRINT-012,ISSUE-0370,Story,STORY-0260,TASK-0260,EPIC-043,BC-015,Reviewer,HIGH,PASS,NOT_APPLICABLE,PASS,PASS,PASS,PASS,NOT_APPLICABLE,PASS,NOT_APPLICABLE,PASS,NOT_APPLICABLE,PASS,PASS,NOT_APPLICABLE,PASS,contracts/operations/slo-sli-catalog.yaml;docs/05-operations/CAPACITY_AND_SCALING.md;contracts/operations/external-dependency-register.csv;contracts/operations/vendor-exit-matrix.csv;contracts/operations/cost-model.yaml;docs/05-operations/COST_AND_UNIT_ECONOMICS.md;contracts/operations/recovery-objectives.yaml;docs/05-operations/BACKUP_RESTORE.md;docs/05-operations/OBSERVABILITY.md;docs/04-quality/THREAT_MODEL.md;docs/04-quality/SECURITY_PRIVACY_LGPD.md;contracts/operations/version-and-rollback-matrix.yaml,BENCHMARK_AND_OPERATIONS_GATES,PASS
SPRINT-012,ISSUE-0615,Story,STORY-0505,TASK-0505,EPIC-081,BC-015,Tech Lead,CRITICAL,PASS,PASS,PASS,PASS,PASS,PASS,NOT_APPLICABLE,PASS,NOT_APPLICABLE,PASS,PASS,PASS,PASS,PASS,PASS,contracts/operations/slo-sli-catalog.yaml;docs/05-operations/CAPACITY_AND_SCALING.md;contracts/operations/lock-and-queue-policy.yaml;contracts/operations/external-dependency-register.csv;contracts/operations/vendor-exit-matrix.csv;contracts/operations/cost-model.yaml;docs/05-operations/COST_AND_UNIT_ECONOMICS.md;contracts/operations/recovery-objectives.yaml;docs/05-operations/BACKUP_RESTORE.md;contracts/operations/version-and-rollback-matrix.yaml;docs/03-engineering/DATABASE_MIGRATIONS.md;docs/05-operations/OBSERVABILITY.md;docs/04-quality/THREAT_MODEL.md;docs/04-quality/SECURITY_PRIVACY_LGPD.md;contracts/privacy/lgpd-control-matrix.csv;docs/04-quality/LGPD_CONTROL_MODEL.md,SECURITY_AND_PRIVACY_GATES,PASS
SPRINT-012,ISSUE-0616,Story,STORY-0506,TASK-0506,EPIC-081,BC-015,DevOps,CRITICAL,PASS,PASS,PASS,PASS,PASS,PASS,NOT_APPLICABLE,PASS,NOT_APPLICABLE,PASS,PASS,PASS,PASS,PASS,PASS,contracts/operations/slo-sli-catalog.yaml;docs/05-operations/CAPACITY_AND_SCALING.md;contracts/operations/lock-and-queue-policy.yaml;contracts/operations/external-dependency-register.csv;contracts/operations/vendor-exit-matrix.csv;contracts/operations/cost-model.yaml;docs/05-operations/COST_AND_UNIT_ECONOMICS.md;contracts/operations/recovery-objectives.yaml;docs/05-operations/BACKUP_RESTORE.md;contracts/operations/version-and-rollback-matrix.yaml;docs/03-engineering/DATABASE_MIGRATIONS.md;docs/05-operations/OBSERVABILITY.md;docs/04-quality/THREAT_MODEL.md;docs/04-quality/SECURITY_PRIVACY_LGPD.md;contracts/privacy/lgpd-control-matrix.csv;docs/04-quality/LGPD_CONTROL_MODEL.md,SECURITY_AND_PRIVACY_GATES,PASS
SPRINT-012,ISSUE-0617,Story,STORY-0507,TASK-0507,EPIC-081,BC-015,DevOps,CRITICAL,PASS,PASS,PASS,PASS,PASS,PASS,NOT_APPLICABLE,PASS,NOT_APPLICABLE,PASS,PASS,PASS,PASS,PASS,PASS,contracts/operations/slo-sli-catalog.yaml;docs/05-operations/CAPACITY_AND_SCALING.md;contracts/operations/lock-and-queue-policy.yaml;contracts/operations/external-dependency-register.csv;contracts/operations/vendor-exit-matrix.csv;contracts/operations/cost-model.yaml;docs/05-operations/COST_AND_UNIT_ECONOMICS.md;contracts/operations/recovery-objectives.yaml;docs/05-operations/BACKUP_RESTORE.md;contracts/operations/version-and-rollback-matrix.yaml;docs/03-engineering/DATABASE_MIGRATIONS.md;docs/05-operations/OBSERVABILITY.md;docs/04-quality/THREAT_MODEL.md;docs/04-quality/SECURITY_PRIVACY_LGPD.md;contracts/privacy/lgpd-control-matrix.csv;docs/04-quality/LGPD_CONTROL_MODEL.md,SECURITY_AND_PRIVACY_GATES,PASS
SPRINT-012,ISSUE-0618,Story,STORY-0508,TASK-0508,EPIC-081,BC-015,Security,CRITICAL,PASS,PASS,PASS,PASS,PASS,PASS,NOT_APPLICABLE,PASS,NOT_APPLICABLE,PASS,PASS,PASS,PASS,PASS,PASS,contracts/operations/slo-sli-catalog.yaml;docs/05-operations/CAPACITY_AND_SCALING.md;contracts/operations/lock-and-queue-policy.yaml;contracts/operations/external-dependency-register.csv;contracts/operations/vendor-exit-matrix.csv;contracts/operations/cost-model.yaml;docs/05-operations/COST_AND_UNIT_ECONOMICS.md;contracts/operations/recovery-objectives.yaml;docs/05-operations/BACKUP_RESTORE.md;contracts/operations/version-and-rollback-matrix.yaml;docs/03-engineering/DATABASE_MIGRATIONS.md;docs/05-operations/OBSERVABILITY.md;docs/04-quality/THREAT_MODEL.md;docs/04-quality/SECURITY_PRIVACY_LGPD.md;contracts/privacy/lgpd-control-matrix.csv;docs/04-quality/LGPD_CONTROL_MODEL.md,SECURITY_AND_PRIVACY_GATES,PASS
SPRINT-012,ISSUE-0619,Story,STORY-0509,TASK-0509,EPIC-081,BC-015,QA,HIGH,PASS,PASS,PASS,PASS,PASS,PASS,NOT_APPLICABLE,PASS,NOT_APPLICABLE,PASS,PASS,PASS,PASS,PASS,PASS,contracts/operations/slo-sli-catalog.yaml;docs/05-operations/CAPACITY_AND_SCALING.md;contracts/operations/lock-and-queue-policy.yaml;contracts/operations/external-dependency-register.csv;contracts/operations/vendor-exit-matrix.csv;contracts/operations/cost-model.yaml;docs/05-operations/COST_AND_UNIT_ECONOMICS.md;contracts/operations/recovery-objectives.yaml;docs/05-operations/BACKUP_RESTORE.md;contracts/operations/version-and-rollback-matrix.yaml;docs/03-engineering/DATABASE_MIGRATIONS.md;docs/05-operations/OBSERVABILITY.md;docs/04-quality/THREAT_MODEL.md;docs/04-quality/SECURITY_PRIVACY_LGPD.md;contracts/privacy/lgpd-control-matrix.csv;docs/04-quality/LGPD_CONTROL_MODEL.md,BENCHMARK_AND_OPERATIONS_GATES,PASS
SPRINT-012,ISSUE-0620,Story,STORY-0510,TASK-0510,EPIC-081,BC-015,Reviewer,HIGH,PASS,PASS,PASS,PASS,PASS,PASS,NOT_APPLICABLE,PASS,NOT_APPLICABLE,PASS,PASS,PASS,PASS,PASS,PASS,contracts/operations/slo-sli-catalog.yaml;docs/05-operations/CAPACITY_AND_SCALING.md;contracts/operations/lock-and-queue-policy.yaml;contracts/operations/external-dependency-register.csv;contracts/operations/vendor-exit-matrix.csv;contracts/operations/cost-model.yaml;docs/05-operations/COST_AND_UNIT_ECONOMICS.md;contracts/operations/recovery-objectives.yaml;docs/05-operations/BACKUP_RESTORE.md;contracts/operations/version-and-rollback-matrix.yaml;docs/03-engineering/DATABASE_MIGRATIONS.md;docs/05-operations/OBSERVABILITY.md;docs/04-quality/THREAT_MODEL.md;docs/04-quality/SECURITY_PRIVACY_LGPD.md;contracts/privacy/lgpd-control-matrix.csv;docs/04-quality/LGPD_CONTROL_MODEL.md,BENCHMARK_AND_OPERATIONS_GATES,PASS
SPRINT-012,ISSUE-0638,Story,STORY-0528,TASK-0528,EPIC-085,BC-015,Tech Lead,HIGH,PASS,NOT_APPLICABLE,PASS,PASS,PASS,PASS,NOT_APPLICABLE,PASS,NOT_APPLICABLE,PASS,PASS,PASS,PASS,PASS,PASS,contracts/operations/slo-sli-catalog.yaml;docs/05-operations/CAPACITY_AND_SCALING.md;contracts/operations/external-dependency-register.csv;contracts/operations/vendor-exit-matrix.csv;contracts/operations/cost-model.yaml;docs/05-operations/COST_AND_UNIT_ECONOMICS.md;contracts/operations/recovery-objectives.yaml;docs/05-operations/BACKUP_RESTORE.md;contracts/operations/version-and-rollback-matrix.yaml;docs/03-engineering/DATABASE_MIGRATIONS.md;docs/05-operations/OBSERVABILITY.md;docs/04-quality/THREAT_MODEL.md;docs/04-quality/SECURITY_PRIVACY_LGPD.md;contracts/privacy/lgpd-control-matrix.csv;docs/04-quality/LGPD_CONTROL_MODEL.md,BENCHMARK_AND_OPERATIONS_GATES,PASS
SPRINT-012,ISSUE-0639,Story,STORY-0529,TASK-0529,EPIC-085,BC-015,DevOps,CRITICAL,PASS,PASS,PASS,PASS,PASS,PASS,NOT_APPLICABLE,PASS,PASS,PASS,NOT_APPLICABLE,PASS,PASS,NOT_APPLICABLE,PASS,contracts/operations/slo-sli-catalog.yaml;docs/05-operations/CAPACITY_AND_SCALING.md;contracts/operations/lock-and-queue-policy.yaml;contracts/operations/external-dependency-register.csv;contracts/operations/vendor-exit-matrix.csv;contracts/operations/cost-model.yaml;docs/05-operations/COST_AND_UNIT_ECONOMICS.md;contracts/operations/recovery-objectives.yaml;docs/05-operations/BACKUP_RESTORE.md;docs/05-operations/OBSERVABILITY.md;docs/04-quality/THREAT_MODEL.md;docs/04-quality/SECURITY_PRIVACY_LGPD.md;contracts/operations/version-and-rollback-matrix.yaml,SECURITY_AND_PRIVACY_GATES,PASS
SPRINT-012,ISSUE-0640,Story,STORY-0530,TASK-0530,EPIC-085,BC-015,DevOps,CRITICAL,PASS,PASS,PASS,PASS,PASS,PASS,NOT_APPLICABLE,PASS,NOT_APPLICABLE,PASS,NOT_APPLICABLE,PASS,PASS,NOT_APPLICABLE,PASS,contracts/operations/slo-sli-catalog.yaml;docs/05-operations/CAPACITY_AND_SCALING.md;contracts/operations/lock-and-queue-policy.yaml;contracts/operations/external-dependency-register.csv;contracts/operations/vendor-exit-matrix.csv;contracts/operations/cost-model.yaml;docs/05-operations/COST_AND_UNIT_ECONOMICS.md;contracts/operations/recovery-objectives.yaml;docs/05-operations/BACKUP_RESTORE.md;docs/05-operations/OBSERVABILITY.md;docs/04-quality/THREAT_MODEL.md;docs/04-quality/SECURITY_PRIVACY_LGPD.md;contracts/operations/version-and-rollback-matrix.yaml,SECURITY_AND_PRIVACY_GATES,PASS
SPRINT-012,ISSUE-0641,Story,STORY-0531,TASK-0531,EPIC-085,BC-015,Security,CRITICAL,PASS,NOT_APPLICABLE,PASS,PASS,PASS,PASS,NOT_APPLICABLE,PASS,NOT_APPLICABLE,PASS,NOT_APPLICABLE,PASS,PASS,PASS,PASS,contracts/operations/slo-sli-catalog.yaml;docs/05-operations/CAPACITY_AND_SCALING.md;contracts/operations/external-dependency-register.csv;contracts/operations/vendor-exit-matrix.csv;contracts/operations/cost-model.yaml;docs/05-operations/COST_AND_UNIT_ECONOMICS.md;contracts/operations/recovery-objectives.yaml;docs/05-operations/BACKUP_RESTORE.md;docs/05-operations/OBSERVABILITY.md;docs/04-quality/THREAT_MODEL.md;docs/04-quality/SECURITY_PRIVACY_LGPD.md;contracts/privacy/lgpd-control-matrix.csv;docs/04-quality/LGPD_CONTROL_MODEL.md;contracts/operations/version-and-rollback-matrix.yaml,SECURITY_AND_PRIVACY_GATES,PASS
SPRINT-012,ISSUE-0642,Story,STORY-0532,TASK-0532,EPIC-085,BC-015,QA,HIGH,PASS,NOT_APPLICABLE,PASS,PASS,PASS,PASS,NOT_APPLICABLE,PASS,NOT_APPLICABLE,PASS,NOT_APPLICABLE,PASS,PASS,NOT_APPLICABLE,PASS,contracts/operations/slo-sli-catalog.yaml;docs/05-operations/CAPACITY_AND_SCALING.md;contracts/operations/external-dependency-register.csv;contracts/operations/vendor-exit-matrix.csv;contracts/operations/cost-model.yaml;docs/05-operations/COST_AND_UNIT_ECONOMICS.md;contracts/operations/recovery-objectives.yaml;docs/05-operations/BACKUP_RESTORE.md;docs/05-operations/OBSERVABILITY.md;docs/04-quality/THREAT_MODEL.md;docs/04-quality/SECURITY_PRIVACY_LGPD.md;contracts/operations/version-and-rollback-matrix.yaml,BENCHMARK_AND_OPERATIONS_GATES,PASS
SPRINT-012,ISSUE-0643,Story,STORY-0533,TASK-0533,EPIC-085,BC-015,Reviewer,HIGH,PASS,NOT_APPLICABLE,PASS,PASS,PASS,PASS,NOT_APPLICABLE,PASS,NOT_APPLICABLE,PASS,NOT_APPLICABLE,PASS,PASS,NOT_APPLICABLE,PASS,contracts/operations/slo-sli-catalog.yaml;docs/05-operations/CAPACITY_AND_SCALING.md;contracts/operations/external-dependency-register.csv;contracts/operations/vendor-exit-matrix.csv;contracts/operations/cost-model.yaml;docs/05-operations/COST_AND_UNIT_ECONOMICS.md;contracts/operations/recovery-objectives.yaml;docs/05-operations/BACKUP_RESTORE.md;docs/05-operations/OBSERVABILITY.md;docs/04-quality/THREAT_MODEL.md;docs/04-quality/SECURITY_PRIVACY_LGPD.md;contracts/operations/version-and-rollback-matrix.yaml,BENCHMARK_AND_OPERATIONS_GATES,PASS
SPRINT-012,ISSUE-0649,Story,STORY-0539,TASK-0539,EPIC-087,BC-015,Tech Lead,HIGH,PASS,NOT_APPLICABLE,PASS,PASS,PASS,PASS,NOT_APPLICABLE,PASS,NOT_APPLICABLE,PASS,PASS,PASS,PASS,PASS,PASS,contracts/operations/slo-sli-catalog.yaml;docs/05-operations/CAPACITY_AND_SCALING.md;contracts/operations/external-dependency-register.csv;contracts/operations/vendor-exit-matrix.csv;contracts/operations/cost-model.yaml;docs/05-operations/COST_AND_UNIT_ECONOMICS.md;contracts/operations/recovery-objectives.yaml;docs/05-operations/BACKUP_RESTORE.md;contracts/operations/version-and-rollback-matrix.yaml;docs/03-engineering/DATABASE_MIGRATIONS.md;docs/05-operations/OBSERVABILITY.md;docs/04-quality/THREAT_MODEL.md;docs/04-quality/SECURITY_PRIVACY_LGPD.md;contracts/privacy/lgpd-control-matrix.csv;docs/04-quality/LGPD_CONTROL_MODEL.md,BENCHMARK_AND_OPERATIONS_GATES,PASS
SPRINT-012,ISSUE-0650,Story,STORY-0540,TASK-0540,EPIC-087,BC-015,DevOps,CRITICAL,PASS,PASS,PASS,PASS,PASS,PASS,NOT_APPLICABLE,PASS,NOT_APPLICABLE,PASS,NOT_APPLICABLE,PASS,PASS,NOT_APPLICABLE,PASS,contracts/operations/slo-sli-catalog.yaml;docs/05-operations/CAPACITY_AND_SCALING.md;contracts/operations/lock-and-queue-policy.yaml;contracts/operations/external-dependency-register.csv;contracts/operations/vendor-exit-matrix.csv;contracts/operations/cost-model.yaml;docs/05-operations/COST_AND_UNIT_ECONOMICS.md;contracts/operations/recovery-objectives.yaml;docs/05-operations/BACKUP_RESTORE.md;docs/05-operations/OBSERVABILITY.md;docs/04-quality/THREAT_MODEL.md;docs/04-quality/SECURITY_PRIVACY_LGPD.md;contracts/operations/version-and-rollback-matrix.yaml,SECURITY_AND_PRIVACY_GATES,PASS
SPRINT-012,ISSUE-0651,Story,STORY-0541,TASK-0541,EPIC-087,BC-015,DevOps,CRITICAL,PASS,PASS,PASS,PASS,PASS,PASS,NOT_APPLICABLE,PASS,NOT_APPLICABLE,PASS,NOT_APPLICABLE,PASS,PASS,NOT_APPLICABLE,PASS,contracts/operations/slo-sli-catalog.yaml;docs/05-operations/CAPACITY_AND_SCALING.md;contracts/operations/lock-and-queue-policy.yaml;contracts/operations/external-dependency-register.csv;contracts/operations/vendor-exit-matrix.csv;contracts/operations/cost-model.yaml;docs/05-operations/COST_AND_UNIT_ECONOMICS.md;contracts/operations/recovery-objectives.yaml;docs/05-operations/BACKUP_RESTORE.md;docs/05-operations/OBSERVABILITY.md;docs/04-quality/THREAT_MODEL.md;docs/04-quality/SECURITY_PRIVACY_LGPD.md;contracts/operations/version-and-rollback-matrix.yaml,SECURITY_AND_PRIVACY_GATES,PASS
SPRINT-012,ISSUE-0652,Story,STORY-0542,TASK-0542,EPIC-087,BC-015,Security,CRITICAL,PASS,NOT_APPLICABLE,PASS,PASS,PASS,PASS,NOT_APPLICABLE,PASS,NOT_APPLICABLE,PASS,NOT_APPLICABLE,PASS,PASS,PASS,PASS,contracts/operations/slo-sli-catalog.yaml;docs/05-operations/CAPACITY_AND_SCALING.md;contracts/operations/external-dependency-register.csv;contracts/operations/vendor-exit-matrix.csv;contracts/operations/cost-model.yaml;docs/05-operations/COST_AND_UNIT_ECONOMICS.md;contracts/operations/recovery-objectives.yaml;docs/05-operations/BACKUP_RESTORE.md;docs/05-operations/OBSERVABILITY.md;docs/04-quality/THREAT_MODEL.md;docs/04-quality/SECURITY_PRIVACY_LGPD.md;contracts/privacy/lgpd-control-matrix.csv;docs/04-quality/LGPD_CONTROL_MODEL.md;contracts/operations/version-and-rollback-matrix.yaml,SECURITY_AND_PRIVACY_GATES,PASS
SPRINT-012,ISSUE-0653,Story,STORY-0543,TASK-0543,EPIC-087,BC-015,QA,HIGH,PASS,NOT_APPLICABLE,PASS,PASS,PASS,PASS,NOT_APPLICABLE,PASS,NOT_APPLICABLE,PASS,NOT_APPLICABLE,PASS,PASS,NOT_APPLICABLE,PASS,contracts/operations/slo-sli-catalog.yaml;docs/05-operations/CAPACITY_AND_SCALING.md;contracts/operations/external-dependency-register.csv;contracts/operations/vendor-exit-matrix.csv;contracts/operations/cost-model.yaml;docs/05-operations/COST_AND_UNIT_ECONOMICS.md;contracts/operations/recovery-objectives.yaml;docs/05-operations/BACKUP_RESTORE.md;docs/05-operations/OBSERVABILITY.md;docs/04-quality/THREAT_MODEL.md;docs/04-quality/SECURITY_PRIVACY_LGPD.md;contracts/operations/version-and-rollback-matrix.yaml,BENCHMARK_AND_OPERATIONS_GATES,PASS
SPRINT-012,ISSUE-0654,Story,STORY-0544,TASK-0544,EPIC-087,BC-015,Reviewer,HIGH,PASS,NOT_APPLICABLE,PASS,PASS,PASS,PASS,NOT_APPLICABLE,PASS,NOT_APPLICABLE,PASS,NOT_APPLICABLE,PASS,PASS,NOT_APPLICABLE,PASS,contracts/operations/slo-sli-catalog.yaml;docs/05-operations/CAPACITY_AND_SCALING.md;contracts/operations/external-dependency-register.csv;contracts/operations/vendor-exit-matrix.csv;contracts/operations/cost-model.yaml;docs/05-operations/COST_AND_UNIT_ECONOMICS.md;contracts/operations/recovery-objectives.yaml;docs/05-operations/BACKUP_RESTORE.md;docs/05-operations/OBSERVABILITY.md;docs/04-quality/THREAT_MODEL.md;docs/04-quality/SECURITY_PRIVACY_LGPD.md;contracts/operations/version-and-rollback-matrix.yaml,BENCHMARK_AND_OPERATIONS_GATES,PASS
SPRINT-012,ISSUE-0659,Story,STORY-0549,TASK-0549,EPIC-089,BC-015,Tech Lead,HIGH,PASS,NOT_APPLICABLE,PASS,PASS,PASS,PASS,NOT_APPLICABLE,PASS,NOT_APPLICABLE,PASS,PASS,PASS,PASS,PASS,PASS,contracts/operations/slo-sli-catalog.yaml;docs/05-operations/CAPACITY_AND_SCALING.md;contracts/operations/external-dependency-register.csv;contracts/operations/vendor-exit-matrix.csv;contracts/operations/cost-model.yaml;docs/05-operations/COST_AND_UNIT_ECONOMICS.md;contracts/operations/recovery-objectives.yaml;docs/05-operations/BACKUP_RESTORE.md;contracts/operations/version-and-rollback-matrix.yaml;docs/03-engineering/DATABASE_MIGRATIONS.md;docs/05-operations/OBSERVABILITY.md;docs/04-quality/THREAT_MODEL.md;docs/04-quality/SECURITY_PRIVACY_LGPD.md;contracts/privacy/lgpd-control-matrix.csv;docs/04-quality/LGPD_CONTROL_MODEL.md,BENCHMARK_AND_OPERATIONS_GATES,PASS
SPRINT-012,ISSUE-0660,Story,STORY-0550,TASK-0550,EPIC-089,BC-015,DevOps,CRITICAL,PASS,PASS,PASS,PASS,PASS,PASS,NOT_APPLICABLE,PASS,PASS,PASS,NOT_APPLICABLE,PASS,PASS,NOT_APPLICABLE,PASS,contracts/operations/slo-sli-catalog.yaml;docs/05-operations/CAPACITY_AND_SCALING.md;contracts/operations/lock-and-queue-policy.yaml;contracts/operations/external-dependency-register.csv;contracts/operations/vendor-exit-matrix.csv;contracts/operations/cost-model.yaml;docs/05-operations/COST_AND_UNIT_ECONOMICS.md;contracts/operations/recovery-objectives.yaml;docs/05-operations/BACKUP_RESTORE.md;docs/05-operations/OBSERVABILITY.md;docs/04-quality/THREAT_MODEL.md;docs/04-quality/SECURITY_PRIVACY_LGPD.md;contracts/operations/version-and-rollback-matrix.yaml,SECURITY_AND_PRIVACY_GATES,PASS
SPRINT-012,ISSUE-0661,Story,STORY-0551,TASK-0551,EPIC-089,BC-015,DevOps,CRITICAL,PASS,PASS,PASS,PASS,PASS,PASS,NOT_APPLICABLE,PASS,NOT_APPLICABLE,PASS,NOT_APPLICABLE,PASS,PASS,NOT_APPLICABLE,PASS,contracts/operations/slo-sli-catalog.yaml;docs/05-operations/CAPACITY_AND_SCALING.md;contracts/operations/lock-and-queue-policy.yaml;contracts/operations/external-dependency-register.csv;contracts/operations/vendor-exit-matrix.csv;contracts/operations/cost-model.yaml;docs/05-operations/COST_AND_UNIT_ECONOMICS.md;contracts/operations/recovery-objectives.yaml;docs/05-operations/BACKUP_RESTORE.md;docs/05-operations/OBSERVABILITY.md;docs/04-quality/THREAT_MODEL.md;docs/04-quality/SECURITY_PRIVACY_LGPD.md;contracts/operations/version-and-rollback-matrix.yaml,SECURITY_AND_PRIVACY_GATES,PASS
SPRINT-012,ISSUE-0662,Story,STORY-0552,TASK-0552,EPIC-089,BC-015,Security,CRITICAL,PASS,NOT_APPLICABLE,PASS,PASS,PASS,PASS,NOT_APPLICABLE,PASS,NOT_APPLICABLE,PASS,NOT_APPLICABLE,PASS,PASS,PASS,PASS,contracts/operations/slo-sli-catalog.yaml;docs/05-operations/CAPACITY_AND_SCALING.md;contracts/operations/external-dependency-register.csv;contracts/operations/vendor-exit-matrix.csv;contracts/operations/cost-model.yaml;docs/05-operations/COST_AND_UNIT_ECONOMICS.md;contracts/operations/recovery-objectives.yaml;docs/05-operations/BACKUP_RESTORE.md;docs/05-operations/OBSERVABILITY.md;docs/04-quality/THREAT_MODEL.md;docs/04-quality/SECURITY_PRIVACY_LGPD.md;contracts/privacy/lgpd-control-matrix.csv;docs/04-quality/LGPD_CONTROL_MODEL.md;contracts/operations/version-and-rollback-matrix.yaml,SECURITY_AND_PRIVACY_GATES,PASS
SPRINT-012,ISSUE-0663,Story,STORY-0553,TASK-0553,EPIC-089,BC-015,QA,HIGH,PASS,NOT_APPLICABLE,PASS,PASS,PASS,PASS,NOT_APPLICABLE,PASS,NOT_APPLICABLE,PASS,NOT_APPLICABLE,PASS,PASS,NOT_APPLICABLE,PASS,contracts/operations/slo-sli-catalog.yaml;docs/05-operations/CAPACITY_AND_SCALING.md;contracts/operations/external-dependency-register.csv;contracts/operations/vendor-exit-matrix.csv;contracts/operations/cost-model.yaml;docs/05-operations/COST_AND_UNIT_ECONOMICS.md;contracts/operations/recovery-objectives.yaml;docs/05-operations/BACKUP_RESTORE.md;docs/05-operations/OBSERVABILITY.md;docs/04-quality/THREAT_MODEL.md;docs/04-quality/SECURITY_PRIVACY_LGPD.md;contracts/operations/version-and-rollback-matrix.yaml,BENCHMARK_AND_OPERATIONS_GATES,PASS
SPRINT-012,ISSUE-0664,Story,STORY-0554,TASK-0554,EPIC-089,BC-015,Reviewer,HIGH,PASS,NOT_APPLICABLE,PASS,PASS,PASS,PASS,NOT_APPLICABLE,PASS,NOT_APPLICABLE,PASS,NOT_APPLICABLE,PASS,PASS,NOT_APPLICABLE,PASS,contracts/operations/slo-sli-catalog.yaml;docs/05-operations/CAPACITY_AND_SCALING.md;contracts/operations/external-dependency-register.csv;contracts/operations/vendor-exit-matrix.csv;contracts/operations/cost-model.yaml;docs/05-operations/COST_AND_UNIT_ECONOMICS.md;contracts/operations/recovery-objectives.yaml;docs/05-operations/BACKUP_RESTORE.md;docs/05-operations/OBSERVABILITY.md;docs/04-quality/THREAT_MODEL.md;docs/04-quality/SECURITY_PRIVACY_LGPD.md;contracts/operations/version-and-rollback-matrix.yaml,BENCHMARK_AND_OPERATIONS_GATES,PASS
SPRINT-012,ISSUE-0770,Story,STORY-0660,TASK-0660,EPIC-106,BC-015,Tech Lead,CRITICAL,PASS,PASS,PASS,PASS,PASS,PASS,NOT_APPLICABLE,PASS,NOT_APPLICABLE,PASS,PASS,PASS,PASS,PASS,PASS,contracts/operations/slo-sli-catalog.yaml;docs/05-operations/CAPACITY_AND_SCALING.md;contracts/operations/lock-and-queue-policy.yaml;contracts/operations/external-dependency-register.csv;contracts/operations/vendor-exit-matrix.csv;contracts/operations/cost-model.yaml;docs/05-operations/COST_AND_UNIT_ECONOMICS.md;contracts/operations/recovery-objectives.yaml;docs/05-operations/BACKUP_RESTORE.md;contracts/operations/version-and-rollback-matrix.yaml;docs/03-engineering/DATABASE_MIGRATIONS.md;docs/05-operations/OBSERVABILITY.md;docs/04-quality/THREAT_MODEL.md;docs/04-quality/SECURITY_PRIVACY_LGPD.md;contracts/privacy/lgpd-control-matrix.csv;docs/04-quality/LGPD_CONTROL_MODEL.md,SECURITY_AND_PRIVACY_GATES,PASS
SPRINT-012,ISSUE-0771,Story,STORY-0661,TASK-0661,EPIC-106,BC-015,DevOps,CRITICAL,PASS,PASS,PASS,PASS,PASS,PASS,NOT_APPLICABLE,PASS,NOT_APPLICABLE,PASS,PASS,PASS,PASS,NOT_APPLICABLE,PASS,contracts/operations/slo-sli-catalog.yaml;docs/05-operations/CAPACITY_AND_SCALING.md;contracts/operations/lock-and-queue-policy.yaml;contracts/operations/external-dependency-register.csv;contracts/operations/vendor-exit-matrix.csv;contracts/operations/cost-model.yaml;docs/05-operations/COST_AND_UNIT_ECONOMICS.md;contracts/operations/recovery-objectives.yaml;docs/05-operations/BACKUP_RESTORE.md;contracts/operations/version-and-rollback-matrix.yaml;docs/03-engineering/DATABASE_MIGRATIONS.md;docs/05-operations/OBSERVABILITY.md;docs/04-quality/THREAT_MODEL.md;docs/04-quality/SECURITY_PRIVACY_LGPD.md,SECURITY_AND_PRIVACY_GATES,PASS
SPRINT-012,ISSUE-0772,Story,STORY-0662,TASK-0662,EPIC-106,BC-015,DevOps,CRITICAL,PASS,PASS,PASS,PASS,PASS,PASS,NOT_APPLICABLE,PASS,NOT_APPLICABLE,PASS,PASS,PASS,PASS,NOT_APPLICABLE,PASS,contracts/operations/slo-sli-catalog.yaml;docs/05-operations/CAPACITY_AND_SCALING.md;contracts/operations/lock-and-queue-policy.yaml;contracts/operations/external-dependency-register.csv;contracts/operations/vendor-exit-matrix.csv;contracts/operations/cost-model.yaml;docs/05-operations/COST_AND_UNIT_ECONOMICS.md;contracts/operations/recovery-objectives.yaml;docs/05-operations/BACKUP_RESTORE.md;contracts/operations/version-and-rollback-matrix.yaml;docs/03-engineering/DATABASE_MIGRATIONS.md;docs/05-operations/OBSERVABILITY.md;docs/04-quality/THREAT_MODEL.md;docs/04-quality/SECURITY_PRIVACY_LGPD.md,SECURITY_AND_PRIVACY_GATES,PASS
SPRINT-012,ISSUE-0773,Story,STORY-0663,TASK-0663,EPIC-106,BC-015,Security,CRITICAL,PASS,PASS,PASS,PASS,PASS,PASS,NOT_APPLICABLE,PASS,NOT_APPLICABLE,PASS,PASS,PASS,PASS,PASS,PASS,contracts/operations/slo-sli-catalog.yaml;docs/05-operations/CAPACITY_AND_SCALING.md;contracts/operations/lock-and-queue-policy.yaml;contracts/operations/external-dependency-register.csv;contracts/operations/vendor-exit-matrix.csv;contracts/operations/cost-model.yaml;docs/05-operations/COST_AND_UNIT_ECONOMICS.md;contracts/operations/recovery-objectives.yaml;docs/05-operations/BACKUP_RESTORE.md;contracts/operations/version-and-rollback-matrix.yaml;docs/03-engineering/DATABASE_MIGRATIONS.md;docs/05-operations/OBSERVABILITY.md;docs/04-quality/THREAT_MODEL.md;docs/04-quality/SECURITY_PRIVACY_LGPD.md;contracts/privacy/lgpd-control-matrix.csv;docs/04-quality/LGPD_CONTROL_MODEL.md,SECURITY_AND_PRIVACY_GATES,PASS
SPRINT-012,ISSUE-0774,Story,STORY-0664,TASK-0664,EPIC-106,BC-015,QA,HIGH,PASS,PASS,PASS,PASS,PASS,PASS,NOT_APPLICABLE,PASS,NOT_APPLICABLE,PASS,PASS,PASS,PASS,NOT_APPLICABLE,PASS,contracts/operations/slo-sli-catalog.yaml;docs/05-operations/CAPACITY_AND_SCALING.md;contracts/operations/lock-and-queue-policy.yaml;contracts/operations/external-dependency-register.csv;contracts/operations/vendor-exit-matrix.csv;contracts/operations/cost-model.yaml;docs/05-operations/COST_AND_UNIT_ECONOMICS.md;contracts/operations/recovery-objectives.yaml;docs/05-operations/BACKUP_RESTORE.md;contracts/operations/version-and-rollback-matrix.yaml;docs/03-engineering/DATABASE_MIGRATIONS.md;docs/05-operations/OBSERVABILITY.md;docs/04-quality/THREAT_MODEL.md;docs/04-quality/SECURITY_PRIVACY_LGPD.md,BENCHMARK_AND_OPERATIONS_GATES,PASS
SPRINT-012,ISSUE-0775,Story,STORY-0665,TASK-0665,EPIC-106,BC-015,Reviewer,HIGH,PASS,PASS,PASS,PASS,PASS,PASS,NOT_APPLICABLE,PASS,NOT_APPLICABLE,PASS,PASS,PASS,PASS,NOT_APPLICABLE,PASS,contracts/operations/slo-sli-catalog.yaml;docs/05-operations/CAPACITY_AND_SCALING.md;contracts/operations/lock-and-queue-policy.yaml;contracts/operations/external-dependency-register.csv;contracts/operations/vendor-exit-matrix.csv;contracts/operations/cost-model.yaml;docs/05-operations/COST_AND_UNIT_ECONOMICS.md;contracts/operations/recovery-objectives.yaml;docs/05-operations/BACKUP_RESTORE.md;contracts/operations/version-and-rollback-matrix.yaml;docs/03-engineering/DATABASE_MIGRATIONS.md;docs/05-operations/OBSERVABILITY.md;docs/04-quality/THREAT_MODEL.md;docs/04-quality/SECURITY_PRIVACY_LGPD.md,BENCHMARK_AND_OPERATIONS_GATES,PASS
SPRINT-012,ISSUE-0776,Story,STORY-0666,TASK-0666,EPIC-107,BC-015,Tech Lead,CRITICAL,PASS,NOT_APPLICABLE,PASS,PASS,PASS,PASS,NOT_APPLICABLE,PASS,NOT_APPLICABLE,PASS,PASS,PASS,PASS,PASS,PASS,contracts/operations/slo-sli-catalog.yaml;docs/05-operations/CAPACITY_AND_SCALING.md;contracts/operations/external-dependency-register.csv;contracts/operations/vendor-exit-matrix.csv;contracts/operations/cost-model.yaml;docs/05-operations/COST_AND_UNIT_ECONOMICS.md;contracts/operations/recovery-objectives.yaml;docs/05-operations/BACKUP_RESTORE.md;contracts/operations/version-and-rollback-matrix.yaml;docs/03-engineering/DATABASE_MIGRATIONS.md;docs/05-operations/OBSERVABILITY.md;docs/04-quality/THREAT_MODEL.md;docs/04-quality/SECURITY_PRIVACY_LGPD.md;contracts/privacy/lgpd-control-matrix.csv;docs/04-quality/LGPD_CONTROL_MODEL.md,SECURITY_AND_PRIVACY_GATES,PASS
SPRINT-012,ISSUE-0777,Story,STORY-0667,TASK-0667,EPIC-107,BC-015,DevOps,CRITICAL,PASS,PASS,PASS,PASS,PASS,PASS,NOT_APPLICABLE,PASS,NOT_APPLICABLE,PASS,NOT_APPLICABLE,PASS,PASS,NOT_APPLICABLE,PASS,contracts/operations/slo-sli-catalog.yaml;docs/05-operations/CAPACITY_AND_SCALING.md;contracts/operations/lock-and-queue-policy.yaml;contracts/operations/external-dependency-register.csv;contracts/operations/vendor-exit-matrix.csv;contracts/operations/cost-model.yaml;docs/05-operations/COST_AND_UNIT_ECONOMICS.md;contracts/operations/recovery-objectives.yaml;docs/05-operations/BACKUP_RESTORE.md;docs/05-operations/OBSERVABILITY.md;docs/04-quality/THREAT_MODEL.md;docs/04-quality/SECURITY_PRIVACY_LGPD.md;contracts/operations/version-and-rollback-matrix.yaml,SECURITY_AND_PRIVACY_GATES,PASS
SPRINT-012,ISSUE-0778,Story,STORY-0668,TASK-0668,EPIC-107,BC-015,DevOps,CRITICAL,PASS,PASS,PASS,PASS,PASS,PASS,NOT_APPLICABLE,PASS,NOT_APPLICABLE,PASS,NOT_APPLICABLE,PASS,PASS,NOT_APPLICABLE,PASS,contracts/operations/slo-sli-catalog.yaml;docs/05-operations/CAPACITY_AND_SCALING.md;contracts/operations/lock-and-queue-policy.yaml;contracts/operations/external-dependency-register.csv;contracts/operations/vendor-exit-matrix.csv;contracts/operations/cost-model.yaml;docs/05-operations/COST_AND_UNIT_ECONOMICS.md;contracts/operations/recovery-objectives.yaml;docs/05-operations/BACKUP_RESTORE.md;docs/05-operations/OBSERVABILITY.md;docs/04-quality/THREAT_MODEL.md;docs/04-quality/SECURITY_PRIVACY_LGPD.md;contracts/operations/version-and-rollback-matrix.yaml,SECURITY_AND_PRIVACY_GATES,PASS
SPRINT-012,ISSUE-0779,Story,STORY-0669,TASK-0669,EPIC-107,BC-015,Security,CRITICAL,PASS,NOT_APPLICABLE,PASS,PASS,PASS,PASS,NOT_APPLICABLE,PASS,NOT_APPLICABLE,PASS,NOT_APPLICABLE,PASS,PASS,PASS,PASS,contracts/operations/slo-sli-catalog.yaml;docs/05-operations/CAPACITY_AND_SCALING.md;contracts/operations/external-dependency-register.csv;contracts/operations/vendor-exit-matrix.csv;contracts/operations/cost-model.yaml;docs/05-operations/COST_AND_UNIT_ECONOMICS.md;contracts/operations/recovery-objectives.yaml;docs/05-operations/BACKUP_RESTORE.md;docs/05-operations/OBSERVABILITY.md;docs/04-quality/THREAT_MODEL.md;docs/04-quality/SECURITY_PRIVACY_LGPD.md;contracts/privacy/lgpd-control-matrix.csv;docs/04-quality/LGPD_CONTROL_MODEL.md;contracts/operations/version-and-rollback-matrix.yaml,SECURITY_AND_PRIVACY_GATES,PASS
SPRINT-012,ISSUE-0780,Story,STORY-0670,TASK-0670,EPIC-107,BC-015,QA,HIGH,PASS,NOT_APPLICABLE,PASS,PASS,PASS,PASS,NOT_APPLICABLE,PASS,NOT_APPLICABLE,PASS,NOT_APPLICABLE,PASS,PASS,NOT_APPLICABLE,PASS,contracts/operations/slo-sli-catalog.yaml;docs/05-operations/CAPACITY_AND_SCALING.md;contracts/operations/external-dependency-register.csv;contracts/operations/vendor-exit-matrix.csv;contracts/operations/cost-model.yaml;docs/05-operations/COST_AND_UNIT_ECONOMICS.md;contracts/operations/recovery-objectives.yaml;docs/05-operations/BACKUP_RESTORE.md;docs/05-operations/OBSERVABILITY.md;docs/04-quality/THREAT_MODEL.md;docs/04-quality/SECURITY_PRIVACY_LGPD.md;contracts/operations/version-and-rollback-matrix.yaml,BENCHMARK_AND_OPERATIONS_GATES,PASS
SPRINT-012,ISSUE-0781,Story,STORY-0671,TASK-0671,EPIC-107,BC-015,Reviewer,HIGH,PASS,NOT_APPLICABLE,PASS,PASS,PASS,PASS,NOT_APPLICABLE,PASS,NOT_APPLICABLE,PASS,NOT_APPLICABLE,PASS,PASS,NOT_APPLICABLE,PASS,contracts/operations/slo-sli-catalog.yaml;docs/05-operations/CAPACITY_AND_SCALING.md;contracts/operations/external-dependency-register.csv;contracts/operations/vendor-exit-matrix.csv;contracts/operations/cost-model.yaml;docs/05-operations/COST_AND_UNIT_ECONOMICS.md;contracts/operations/recovery-objectives.yaml;docs/05-operations/BACKUP_RESTORE.md;docs/05-operations/OBSERVABILITY.md;docs/04-quality/THREAT_MODEL.md;docs/04-quality/SECURITY_PRIVACY_LGPD.md;contracts/operations/version-and-rollback-matrix.yaml,BENCHMARK_AND_OPERATIONS_GATES,PASS
SPRINT-012,ISSUE-0782,Story,STORY-0672,TASK-0672,EPIC-108,BC-015,Tech Lead,HIGH,PASS,NOT_APPLICABLE,PASS,PASS,PASS,PASS,NOT_APPLICABLE,PASS,NOT_APPLICABLE,PASS,PASS,PASS,PASS,PASS,PASS,contracts/operations/slo-sli-catalog.yaml;docs/05-operations/CAPACITY_AND_SCALING.md;contracts/operations/external-dependency-register.csv;contracts/operations/vendor-exit-matrix.csv;contracts/operations/cost-model.yaml;docs/05-operations/COST_AND_UNIT_ECONOMICS.md;contracts/operations/recovery-objectives.yaml;docs/05-operations/BACKUP_RESTORE.md;contracts/operations/version-and-rollback-matrix.yaml;docs/03-engineering/DATABASE_MIGRATIONS.md;docs/05-operations/OBSERVABILITY.md;docs/04-quality/THREAT_MODEL.md;docs/04-quality/SECURITY_PRIVACY_LGPD.md;contracts/privacy/lgpd-control-matrix.csv;docs/04-quality/LGPD_CONTROL_MODEL.md,BENCHMARK_AND_OPERATIONS_GATES,PASS
SPRINT-012,ISSUE-0783,Story,STORY-0673,TASK-0673,EPIC-108,BC-015,DevOps,CRITICAL,PASS,PASS,PASS,PASS,PASS,PASS,NOT_APPLICABLE,PASS,NOT_APPLICABLE,PASS,NOT_APPLICABLE,PASS,PASS,NOT_APPLICABLE,PASS,contracts/operations/slo-sli-catalog.yaml;docs/05-operations/CAPACITY_AND_SCALING.md;contracts/operations/lock-and-queue-policy.yaml;contracts/operations/external-dependency-register.csv;contracts/operations/vendor-exit-matrix.csv;contracts/operations/cost-model.yaml;docs/05-operations/COST_AND_UNIT_ECONOMICS.md;contracts/operations/recovery-objectives.yaml;docs/05-operations/BACKUP_RESTORE.md;docs/05-operations/OBSERVABILITY.md;docs/04-quality/THREAT_MODEL.md;docs/04-quality/SECURITY_PRIVACY_LGPD.md;contracts/operations/version-and-rollback-matrix.yaml,SECURITY_AND_PRIVACY_GATES,PASS
SPRINT-012,ISSUE-0784,Story,STORY-0674,TASK-0674,EPIC-108,BC-015,DevOps,CRITICAL,PASS,PASS,PASS,PASS,PASS,PASS,NOT_APPLICABLE,PASS,NOT_APPLICABLE,PASS,NOT_APPLICABLE,PASS,PASS,NOT_APPLICABLE,PASS,contracts/operations/slo-sli-catalog.yaml;docs/05-operations/CAPACITY_AND_SCALING.md;contracts/operations/lock-and-queue-policy.yaml;contracts/operations/external-dependency-register.csv;contracts/operations/vendor-exit-matrix.csv;contracts/operations/cost-model.yaml;docs/05-operations/COST_AND_UNIT_ECONOMICS.md;contracts/operations/recovery-objectives.yaml;docs/05-operations/BACKUP_RESTORE.md;docs/05-operations/OBSERVABILITY.md;docs/04-quality/THREAT_MODEL.md;docs/04-quality/SECURITY_PRIVACY_LGPD.md;contracts/operations/version-and-rollback-matrix.yaml,SECURITY_AND_PRIVACY_GATES,PASS
SPRINT-012,ISSUE-0785,Story,STORY-0675,TASK-0675,EPIC-108,BC-015,Security,CRITICAL,PASS,NOT_APPLICABLE,PASS,PASS,PASS,PASS,NOT_APPLICABLE,PASS,NOT_APPLICABLE,PASS,NOT_APPLICABLE,PASS,PASS,PASS,PASS,contracts/operations/slo-sli-catalog.yaml;docs/05-operations/CAPACITY_AND_SCALING.md;contracts/operations/external-dependency-register.csv;contracts/operations/vendor-exit-matrix.csv;contracts/operations/cost-model.yaml;docs/05-operations/COST_AND_UNIT_ECONOMICS.md;contracts/operations/recovery-objectives.yaml;docs/05-operations/BACKUP_RESTORE.md;docs/05-operations/OBSERVABILITY.md;docs/04-quality/THREAT_MODEL.md;docs/04-quality/SECURITY_PRIVACY_LGPD.md;contracts/privacy/lgpd-control-matrix.csv;docs/04-quality/LGPD_CONTROL_MODEL.md;contracts/operations/version-and-rollback-matrix.yaml,SECURITY_AND_PRIVACY_GATES,PASS
SPRINT-012,ISSUE-0786,Story,STORY-0676,TASK-0676,EPIC-108,BC-015,QA,HIGH,PASS,NOT_APPLICABLE,PASS,PASS,PASS,PASS,NOT_APPLICABLE,PASS,NOT_APPLICABLE,PASS,NOT_APPLICABLE,PASS,PASS,NOT_APPLICABLE,PASS,contracts/operations/slo-sli-catalog.yaml;docs/05-operations/CAPACITY_AND_SCALING.md;contracts/operations/external-dependency-register.csv;contracts/operations/vendor-exit-matrix.csv;contracts/operations/cost-model.yaml;docs/05-operations/COST_AND_UNIT_ECONOMICS.md;contracts/operations/recovery-objectives.yaml;docs/05-operations/BACKUP_RESTORE.md;docs/05-operations/OBSERVABILITY.md;docs/04-quality/THREAT_MODEL.md;docs/04-quality/SECURITY_PRIVACY_LGPD.md;contracts/operations/version-and-rollback-matrix.yaml,BENCHMARK_AND_OPERATIONS_GATES,PASS
SPRINT-012,ISSUE-0787,Story,STORY-0677,TASK-0677,EPIC-108,BC-015,Reviewer,HIGH,PASS,NOT_APPLICABLE,PASS,PASS,PASS,PASS,NOT_APPLICABLE,PASS,NOT_APPLICABLE,PASS,NOT_APPLICABLE,PASS,PASS,NOT_APPLICABLE,PASS,contracts/operations/slo-sli-catalog.yaml;docs/05-operations/CAPACITY_AND_SCALING.md;contracts/operations/external-dependency-register.csv;contracts/operations/vendor-exit-matrix.csv;contracts/operations/cost-model.yaml;docs/05-operations/COST_AND_UNIT_ECONOMICS.md;contracts/operations/recovery-objectives.yaml;docs/05-operations/BACKUP_RESTORE.md;docs/05-operations/OBSERVABILITY.md;docs/04-quality/THREAT_MODEL.md;docs/04-quality/SECURITY_PRIVACY_LGPD.md;contracts/operations/version-and-rollback-matrix.yaml,BENCHMARK_AND_OPERATIONS_GATES,PASS
SPRINT-012,ISSUE-0788,Story,STORY-0678,TASK-0678,EPIC-109,BC-015,Product Owner,HIGH,PASS,NOT_APPLICABLE,PASS,PASS,PASS,PASS,NOT_APPLICABLE,PASS,NOT_APPLICABLE,PASS,PASS,PASS,PASS,PASS,PASS,contracts/operations/slo-sli-catalog.yaml;docs/05-operations/CAPACITY_AND_SCALING.md;contracts/operations/external-dependency-register.csv;contracts/operations/vendor-exit-matrix.csv;contracts/operations/cost-model.yaml;docs/05-operations/COST_AND_UNIT_ECONOMICS.md;contracts/operations/recovery-objectives.yaml;docs/05-operations/BACKUP_RESTORE.md;contracts/operations/version-and-rollback-matrix.yaml;docs/03-engineering/DATABASE_MIGRATIONS.md;docs/05-operations/OBSERVABILITY.md;docs/04-quality/THREAT_MODEL.md;docs/04-quality/SECURITY_PRIVACY_LGPD.md;contracts/privacy/lgpd-control-matrix.csv;docs/04-quality/LGPD_CONTROL_MODEL.md,BENCHMARK_AND_OPERATIONS_GATES,PASS
SPRINT-012,ISSUE-0789,Story,STORY-0679,TASK-0679,EPIC-109,BC-015,Tech Lead,HIGH,PASS,NOT_APPLICABLE,PASS,PASS,PASS,PASS,NOT_APPLICABLE,PASS,NOT_APPLICABLE,PASS,NOT_APPLICABLE,PASS,PASS,NOT_APPLICABLE,PASS,contracts/operations/slo-sli-catalog.yaml;docs/05-operations/CAPACITY_AND_SCALING.md;contracts/operations/external-dependency-register.csv;contracts/operations/vendor-exit-matrix.csv;contracts/operations/cost-model.yaml;docs/05-operations/COST_AND_UNIT_ECONOMICS.md;contracts/operations/recovery-objectives.yaml;docs/05-operations/BACKUP_RESTORE.md;docs/05-operations/OBSERVABILITY.md;docs/04-quality/THREAT_MODEL.md;docs/04-quality/SECURITY_PRIVACY_LGPD.md;contracts/operations/version-and-rollback-matrix.yaml,BENCHMARK_AND_OPERATIONS_GATES,PASS
SPRINT-012,ISSUE-0790,Story,STORY-0680,TASK-0680,EPIC-109,BC-015,DevOps,CRITICAL,PASS,PASS,PASS,PASS,PASS,PASS,NOT_APPLICABLE,PASS,NOT_APPLICABLE,PASS,NOT_APPLICABLE,PASS,PASS,NOT_APPLICABLE,PASS,contracts/operations/slo-sli-catalog.yaml;docs/05-operations/CAPACITY_AND_SCALING.md;contracts/operations/lock-and-queue-policy.yaml;contracts/operations/external-dependency-register.csv;contracts/operations/vendor-exit-matrix.csv;contracts/operations/cost-model.yaml;docs/05-operations/COST_AND_UNIT_ECONOMICS.md;contracts/operations/recovery-objectives.yaml;docs/05-operations/BACKUP_RESTORE.md;docs/05-operations/OBSERVABILITY.md;docs/04-quality/THREAT_MODEL.md;docs/04-quality/SECURITY_PRIVACY_LGPD.md;contracts/operations/version-and-rollback-matrix.yaml,SECURITY_AND_PRIVACY_GATES,PASS
SPRINT-012,ISSUE-0791,Story,STORY-0681,TASK-0681,EPIC-109,BC-015,Security,CRITICAL,PASS,NOT_APPLICABLE,PASS,PASS,PASS,PASS,NOT_APPLICABLE,PASS,NOT_APPLICABLE,PASS,NOT_APPLICABLE,PASS,PASS,PASS,PASS,contracts/operations/slo-sli-catalog.yaml;docs/05-operations/CAPACITY_AND_SCALING.md;contracts/operations/external-dependency-register.csv;contracts/operations/vendor-exit-matrix.csv;contracts/operations/cost-model.yaml;docs/05-operations/COST_AND_UNIT_ECONOMICS.md;contracts/operations/recovery-objectives.yaml;docs/05-operations/BACKUP_RESTORE.md;docs/05-operations/OBSERVABILITY.md;docs/04-quality/THREAT_MODEL.md;docs/04-quality/SECURITY_PRIVACY_LGPD.md;contracts/privacy/lgpd-control-matrix.csv;docs/04-quality/LGPD_CONTROL_MODEL.md;contracts/operations/version-and-rollback-matrix.yaml,SECURITY_AND_PRIVACY_GATES,PASS
SPRINT-012,ISSUE-0792,Story,STORY-0682,TASK-0682,EPIC-109,BC-015,Reviewer,HIGH,PASS,NOT_APPLICABLE,PASS,PASS,PASS,PASS,NOT_APPLICABLE,PASS,NOT_APPLICABLE,PASS,NOT_APPLICABLE,PASS,PASS,NOT_APPLICABLE,PASS,contracts/operations/slo-sli-catalog.yaml;docs/05-operations/CAPACITY_AND_SCALING.md;contracts/operations/external-dependency-register.csv;contracts/operations/vendor-exit-matrix.csv;contracts/operations/cost-model.yaml;docs/05-operations/COST_AND_UNIT_ECONOMICS.md;contracts/operations/recovery-objectives.yaml;docs/05-operations/BACKUP_RESTORE.md;docs/05-operations/OBSERVABILITY.md;docs/04-quality/THREAT_MODEL.md;docs/04-quality/SECURITY_PRIVACY_LGPD.md;contracts/operations/version-and-rollback-matrix.yaml,BENCHMARK_AND_OPERATIONS_GATES,PASS
