issue_id,type,status,epic_id,sprint,bounded_context,bounded_context_name,owner_role,file,governing_adrs,criterion_ids,rr_status,ddd_status,phase_f_status,phase_g_status,cto_risk_tier
ISSUE-0001,Epic delivery envelope,in-progress,EPIC-001,SPRINT-001,BC-001,Governança de Engenharia e Entrega,Tech Lead,ISSUE-0001-governanca-de-decisoes-arquiteturais-e-manutencao-da-baseline-normativ.md,ADR-001/ADR-003/ADR-006/ADR-007/ADR-008/ADR-009/ADR-010/ADR-011/ADR-012/ADR-033/ADR-034/ADR-035/ADR-040/ADR-057,AC-ISSUE-0001-01/AC-ISSUE-0001-02/AC-ISSUE-0001-03/AC-ISSUE-0001-04/AC-ISSUE-0001-05/AC-ISSUE-0001-06,PASS,PASS,PASS,PASS,CRITICAL
ISSUE-0002,Epic delivery envelope,planned,EPIC-002,SPRINT-001,BC-001,Governança de Engenharia e Entrega,Tech Lead,ISSUE-0002-repositorio-privado-project-central-views-campos-labels-issue-forms-te.md,ADR-001/ADR-002/ADR-003/ADR-004/ADR-005/ADR-006/ADR-007/ADR-008/ADR-009/ADR-012/ADR-013/ADR-015/ADR-016/ADR-017/ADR-018/ADR-020/ADR-022/ADR-025/ADR-033/ADR-034/ADR-035/ADR-037/ADR-038/ADR-039/ADR-040/ADR-041/ADR-042/ADR-043/ADR-044/ADR-045/ADR-050/ADR-053/ADR-055,AC-ISSUE-0002-01/AC-ISSUE-0002-02/AC-ISSUE-0002-03/AC-ISSUE-0002-04/AC-ISSUE-0002-05/AC-ISSUE-0002-06,PASS,PASS,PASS,PASS,CRITICAL
ISSUE-0003,Epic delivery envelope,planned,EPIC-003,SPRINT-001,BC-001,Governança de Engenharia e Entrega,Tech Lead,ISSUE-0003-monorepo-greenfield-com-cli-api-web-minimos-e-checks-reproduziveis.md,ADR-001/ADR-003/ADR-006/ADR-007/ADR-008/ADR-009/ADR-010/ADR-011/ADR-014/ADR-033/ADR-034,AC-ISSUE-0003-01/AC-ISSUE-0003-02/AC-ISSUE-0003-03/AC-ISSUE-0003-04/AC-ISSUE-0003-05/AC-ISSUE-0003-06,PASS,PASS,PASS,PASS,CRITICAL
ISSUE-0004,Epic delivery envelope,planned,EPIC-004,SPRINT-001,BC-001,Governança de Engenharia e Entrega,Tech Lead,ISSUE-0004-openapi-cliente-typescript-e-contratos-cli-jobs-eventos-artefatos-proc.md,ADR-001/ADR-002/ADR-003/ADR-005/ADR-006/ADR-007/ADR-008/ADR-009/ADR-010/ADR-011/ADR-013/ADR-014/ADR-015/ADR-017/ADR-019/ADR-021/ADR-023/ADR-033/ADR-034/ADR-035/ADR-040/ADR-041/ADR-044/ADR-045/ADR-046/ADR-053/ADR-055,AC-ISSUE-0004-01/AC-ISSUE-0004-02/AC-ISSUE-0004-03/AC-ISSUE-0004-04/AC-ISSUE-0004-05/AC-ISSUE-0004-06,PASS,PASS,PASS,PASS,CRITICAL
ISSUE-0005,Epic delivery envelope,planned,EPIC-005,SPRINT-001,BC-001,Governança de Engenharia e Entrega,Tech Lead,ISSUE-0005-migrations-ci-secret-dependency-scan-e-telemetria-minima.md,ADR-002/ADR-003/ADR-006/ADR-007/ADR-008/ADR-009/ADR-012/ADR-014/ADR-015/ADR-018/ADR-023/ADR-024/ADR-026/ADR-030/ADR-033/ADR-034/ADR-035/ADR-037/ADR-038/ADR-039/ADR-040/ADR-044/ADR-045/ADR-046/ADR-051/ADR-052/ADR-053/ADR-054/ADR-055/ADR-057,AC-ISSUE-0005-01/AC-ISSUE-0005-02/AC-ISSUE-0005-03/AC-ISSUE-0005-04/AC-ISSUE-0005-05/AC-ISSUE-0005-06,PASS,PASS,PASS,PASS,CRITICAL
ISSUE-0006,Epic delivery envelope,planned,EPIC-006,SPRINT-001,BC-001,Governança de Engenharia e Entrega,Tech Lead,ISSUE-0006-catalogo-de-conhecimento-tecnico-e-decomposicao-das-capacidades-de-pro.md,ADR-003/ADR-006/ADR-007/ADR-008/ADR-009/ADR-010/ADR-011/ADR-033/ADR-034/ADR-051/ADR-053,AC-ISSUE-0006-01/AC-ISSUE-0006-02/AC-ISSUE-0006-03/AC-ISSUE-0006-04/AC-ISSUE-0006-05/AC-ISSUE-0006-06,PASS,PASS,PASS,PASS,CRITICAL
ISSUE-0007,Epic delivery envelope,planned,EPIC-007,SPRINT-001,BC-001,Governança de Engenharia e Entrega,Tech Lead,ISSUE-0007-license-citation-cff-contribuicao-dco-cla-e-gate-de-publicacao-definid.md,ADR-002/ADR-003/ADR-006/ADR-007/ADR-008/ADR-009/ADR-010/ADR-011/ADR-033/ADR-034/ADR-037/ADR-056/ADR-057,AC-ISSUE-0007-01/AC-ISSUE-0007-02/AC-ISSUE-0007-03/AC-ISSUE-0007-04/AC-ISSUE-0007-05/AC-ISSUE-0007-06,PASS,PASS,PASS,PASS,CRITICAL
ISSUE-0008,Epic delivery envelope,planned,EPIC-008,SPRINT-002,BC-002,Identidade e Controle de Acesso,Backend,ISSUE-0008-contas-locais-bootstrap-unico-sessoes-tokens-e-adapter-oidc.md,ADR-003/ADR-005/ADR-006/ADR-007/ADR-008/ADR-010/ADR-011/ADR-014/ADR-016/ADR-028/ADR-029/ADR-030/ADR-031/ADR-032/ADR-034/ADR-043/ADR-055,AC-ISSUE-0008-01/AC-ISSUE-0008-02/AC-ISSUE-0008-03/AC-ISSUE-0008-04/AC-ISSUE-0008-05/AC-ISSUE-0008-06,PASS,PASS,PASS,PASS,CRITICAL
ISSUE-0009,Epic delivery envelope,planned,EPIC-009,SPRINT-002,BC-002,Identidade e Controle de Acesso,Backend,ISSUE-0009-usuarios-e-papeis-da-instancia.md,ADR-003/ADR-005/ADR-006/ADR-007/ADR-008/ADR-010/ADR-011/ADR-014/ADR-016/ADR-028/ADR-029/ADR-030/ADR-031/ADR-032/ADR-043/ADR-055,AC-ISSUE-0009-01/AC-ISSUE-0009-02/AC-ISSUE-0009-03/AC-ISSUE-0009-04/AC-ISSUE-0009-05/AC-ISSUE-0009-06,PASS,PASS,PASS,PASS,CRITICAL
ISSUE-0010,Epic delivery envelope,planned,EPIC-010,SPRINT-002,BC-002,Identidade e Controle de Acesso,Backend,ISSUE-0010-autorizacao-por-projeto-operacao-artefato-e-caminho.md,ADR-003/ADR-005/ADR-006/ADR-007/ADR-008/ADR-010/ADR-011/ADR-014/ADR-016/ADR-028/ADR-029/ADR-030/ADR-031/ADR-032/ADR-037/ADR-043/ADR-055,AC-ISSUE-0010-01/AC-ISSUE-0010-02/AC-ISSUE-0010-03/AC-ISSUE-0010-04/AC-ISSUE-0010-05/AC-ISSUE-0010-06,PASS,PASS,PASS,PASS,CRITICAL
ISSUE-0011,Epic delivery envelope,planned,EPIC-011,SPRINT-002,BC-002,Identidade e Controle de Acesso,Backend,ISSUE-0011-limites-idempotencia-audit-log-e-controles-administrativos.md,ADR-002/ADR-003/ADR-005/ADR-006/ADR-007/ADR-008/ADR-010/ADR-011/ADR-014/ADR-016/ADR-017/ADR-021/ADR-028/ADR-029/ADR-030/ADR-031/ADR-032/ADR-055,AC-ISSUE-0011-01/AC-ISSUE-0011-02/AC-ISSUE-0011-03/AC-ISSUE-0011-04/AC-ISSUE-0011-05/AC-ISSUE-0011-06,PASS,PASS,PASS,PASS,CRITICAL
ISSUE-0012,Epic delivery envelope,planned,EPIC-012,SPRINT-002,BC-003,"Projetos, Workspace e Assets",Backend,ISSUE-0012-raizes-de-workspace-api-de-navegacao-segura-catalogo-hashes-e-lineage.md,ADR-001/ADR-003/ADR-004/ADR-005/ADR-006/ADR-007/ADR-008/ADR-010/ADR-011/ADR-012/ADR-013/ADR-014/ADR-015/ADR-016/ADR-017/ADR-018/ADR-019/ADR-020/ADR-023/ADR-025/ADR-026/ADR-030/ADR-031/ADR-032/ADR-040/ADR-041/ADR-043/ADR-045/ADR-055,AC-ISSUE-0012-01/AC-ISSUE-0012-02/AC-ISSUE-0012-03/AC-ISSUE-0012-04/AC-ISSUE-0012-05/AC-ISSUE-0012-06,PASS,PASS,PASS,PASS,CRITICAL
ISSUE-0013,Epic delivery envelope,planned,EPIC-013,SPRINT-002,BC-013,"Artifacts, Proveniência e Lifecycle",Backend,ISSUE-0013-backup-restore-consistente-entre-banco-e-arquivos.md,ADR-003/ADR-004/ADR-005/ADR-006/ADR-007/ADR-008/ADR-010/ADR-011/ADR-016/ADR-018/ADR-019/ADR-026/ADR-027/ADR-030/ADR-031/ADR-032/ADR-055,AC-ISSUE-0013-01/AC-ISSUE-0013-02/AC-ISSUE-0013-03/AC-ISSUE-0013-04/AC-ISSUE-0013-05/AC-ISSUE-0013-06,PASS,PASS,PASS,PASS,CRITICAL
ISSUE-0014,Epic delivery envelope,planned,EPIC-014,SPRINT-003,BC-010,Orquestração de Jobs e Recursos,Backend,ISSUE-0014-modelo-de-job-e-maquina-de-estados-no-postgresql.md,ADR-002/ADR-003/ADR-004/ADR-005/ADR-006/ADR-007/ADR-008/ADR-009/ADR-010/ADR-011/ADR-012/ADR-015/ADR-016/ADR-018/ADR-019/ADR-020/ADR-023/ADR-030/ADR-033/ADR-034/ADR-037/ADR-038/ADR-040/ADR-044/ADR-045/ADR-046/ADR-051/ADR-052/ADR-053/ADR-055,AC-ISSUE-0014-01/AC-ISSUE-0014-02/AC-ISSUE-0014-03/AC-ISSUE-0014-04/AC-ISSUE-0014-05/AC-ISSUE-0014-06,PASS,PASS,PASS,PASS,CRITICAL
ISSUE-0015,Epic delivery envelope,planned,EPIC-015,SPRINT-003,BC-010,Orquestração de Jobs e Recursos,Backend,ISSUE-0015-runner-direto-e-celery-rabbitmq-sobre-o-mesmo-nucleo.md,ADR-003/ADR-004/ADR-005/ADR-006/ADR-007/ADR-008/ADR-009/ADR-010/ADR-011/ADR-014/ADR-016/ADR-018/ADR-033/ADR-034,AC-ISSUE-0015-01/AC-ISSUE-0015-02/AC-ISSUE-0015-03/AC-ISSUE-0015-04/AC-ISSUE-0015-05/AC-ISSUE-0015-06,PASS,PASS,PASS,PASS,CRITICAL
ISSUE-0016,Epic delivery envelope,planned,EPIC-016,SPRINT-003,BC-010,Orquestração de Jobs e Recursos,Backend,ISSUE-0016-retries-redelivery-cancelamento-retomada-e-idempotencia.md,ADR-003/ADR-004/ADR-005/ADR-006/ADR-007/ADR-008/ADR-009/ADR-010/ADR-011/ADR-016/ADR-018/ADR-033/ADR-034/ADR-038,AC-ISSUE-0016-01/AC-ISSUE-0016-02/AC-ISSUE-0016-03/AC-ISSUE-0016-04/AC-ISSUE-0016-05/AC-ISSUE-0016-06,PASS,PASS,PASS,PASS,CRITICAL
ISSUE-0017,Epic delivery envelope,planned,EPIC-017,SPRINT-003,BC-010,Orquestração de Jobs e Recursos,Backend,ISSUE-0017-rest-sse-e-polling-de-reconciliacao-com-contratos-versionados.md,ADR-003/ADR-004/ADR-005/ADR-006/ADR-007/ADR-008/ADR-009/ADR-010/ADR-011/ADR-016/ADR-033/ADR-034,AC-ISSUE-0017-01/AC-ISSUE-0017-02/AC-ISSUE-0017-03/AC-ISSUE-0017-04/AC-ISSUE-0017-05/AC-ISSUE-0017-06,PASS,PASS,PASS,PASS,CRITICAL
ISSUE-0018,Epic delivery envelope,planned,EPIC-018,SPRINT-003,BC-010,Orquestração de Jobs e Recursos,Backend,ISSUE-0018-batch-hierarquico-chunking-backpressure-checkpoints-e-retomada-para-lo.md,ADR-002/ADR-003/ADR-004/ADR-005/ADR-006/ADR-007/ADR-008/ADR-009/ADR-010/ADR-011/ADR-012/ADR-016/ADR-033/ADR-034/ADR-037/ADR-038/ADR-039/ADR-040/ADR-046/ADR-049/ADR-053,AC-ISSUE-0018-01/AC-ISSUE-0018-02/AC-ISSUE-0018-03/AC-ISSUE-0018-04/AC-ISSUE-0018-05/AC-ISSUE-0018-06,PASS,PASS,PASS,PASS,CRITICAL
ISSUE-0019,Epic delivery envelope,planned,EPIC-019,SPRINT-003,BC-010,Orquestração de Jobs e Recursos,Backend,ISSUE-0019-resource-governor-admission-control-e-orcamento-adaptativo-de-ram-cpu-.md,ADR-003/ADR-004/ADR-005/ADR-006/ADR-007/ADR-008/ADR-009/ADR-010/ADR-011/ADR-012/ADR-016/ADR-033/ADR-034/ADR-037/ADR-038/ADR-039/ADR-040/ADR-044/ADR-046/ADR-047/ADR-053,AC-ISSUE-0019-01/AC-ISSUE-0019-02/AC-ISSUE-0019-03/AC-ISSUE-0019-04/AC-ISSUE-0019-05/AC-ISSUE-0019-06,PASS,PASS,PASS,PASS,CRITICAL
ISSUE-0020,Epic delivery envelope,planned,EPIC-020,SPRINT-003,BC-016,Experiência e Orientação do Operador,Backend,ISSUE-0020-cli-estavel-para-projetos-ingestao-jobs-e-resultados.md,ADR-003/ADR-004/ADR-005/ADR-006/ADR-007/ADR-008/ADR-010/ADR-011/ADR-015/ADR-016/ADR-023/ADR-040/ADR-044/ADR-045/ADR-046/ADR-055,AC-ISSUE-0020-01/AC-ISSUE-0020-02/AC-ISSUE-0020-03/AC-ISSUE-0020-04/AC-ISSUE-0020-05/AC-ISSUE-0020-06,PASS,PASS,PASS,PASS,CRITICAL
ISSUE-0021,Epic delivery envelope,planned,EPIC-021,SPRINT-005,BC-007,Verificação Geométrica e Qualidade,Geoprocessamento,ISSUE-0021-corpus-versionado-com-decadas-e-condicoes-distintas.md,ADR-003/ADR-004/ADR-005/ADR-006/ADR-007/ADR-008/ADR-009/ADR-010/ADR-011/ADR-015/ADR-023/ADR-040/ADR-041/ADR-042/ADR-043/ADR-044/ADR-045/ADR-046/ADR-053/ADR-055,AC-ISSUE-0021-01/AC-ISSUE-0021-02/AC-ISSUE-0021-03/AC-ISSUE-0021-04/AC-ISSUE-0021-05/AC-ISSUE-0021-06,PASS,PASS,PASS,PASS,CRITICAL
ISSUE-0022,Epic delivery envelope,planned,EPIC-022,SPRINT-005,BC-005,Descoberta e Aquisição de Referências,Geoprocessamento,ISSUE-0022-busca-provavel-greenfield-validada.md,ADR-002/ADR-003/ADR-004/ADR-005/ADR-006/ADR-007/ADR-008/ADR-009/ADR-010/ADR-011/ADR-015/ADR-023/ADR-025/ADR-030/ADR-038/ADR-039/ADR-040/ADR-041/ADR-042/ADR-043/ADR-044/ADR-045/ADR-046/ADR-051/ADR-052/ADR-053/ADR-055,AC-ISSUE-0022-01/AC-ISSUE-0022-02/AC-ISSUE-0022-03/AC-ISSUE-0022-04/AC-ISSUE-0022-05/AC-ISSUE-0022-06,PASS,PASS,PASS,PASS,CRITICAL
ISSUE-0023,Epic delivery envelope,planned,EPIC-023,SPRINT-005,BC-006,Georreferenciamento,Geoprocessamento,ISSUE-0023-correspondencias-e-estimacao-robusta-da-homografia-projetiva-validadas.md,ADR-003/ADR-004/ADR-005/ADR-006/ADR-007/ADR-008/ADR-010/ADR-011/ADR-015/ADR-023/ADR-040/ADR-041/ADR-042/ADR-043/ADR-044/ADR-045/ADR-046/ADR-053/ADR-055,AC-ISSUE-0023-01/AC-ISSUE-0023-02/AC-ISSUE-0023-03/AC-ISSUE-0023-04/AC-ISSUE-0023-05/AC-ISSUE-0023-06,PASS,PASS,PASS,PASS,CRITICAL
ISSUE-0024,Epic delivery envelope,planned,EPIC-024,SPRINT-005,BC-007,Verificação Geométrica e Qualidade,Geoprocessamento,ISSUE-0024-strong-geometric-verifier-fail-closed-para-homografia-projetiva-qualit.md,ADR-003/ADR-004/ADR-005/ADR-006/ADR-007/ADR-008/ADR-009/ADR-010/ADR-011/ADR-015/ADR-023/ADR-030/ADR-038/ADR-040/ADR-041/ADR-042/ADR-043/ADR-044/ADR-045/ADR-046/ADR-048/ADR-049/ADR-050/ADR-051/ADR-052/ADR-053/ADR-055,AC-ISSUE-0024-01/AC-ISSUE-0024-02/AC-ISSUE-0024-03/AC-ISSUE-0024-04/AC-ISSUE-0024-05/AC-ISSUE-0024-06,PASS,PASS,PASS,PASS,CRITICAL
ISSUE-0025,Epic delivery envelope,planned,EPIC-025,SPRINT-005,BC-007,Verificação Geométrica e Qualidade,Geoprocessamento,ISSUE-0025-registry-calibracao-benchmark-e-lifecycle-de-qualityprofiles-oficiais-.md,ADR-003/ADR-004/ADR-005/ADR-006/ADR-007/ADR-008/ADR-010/ADR-011/ADR-041/ADR-042/ADR-043/ADR-046,AC-ISSUE-0025-01/AC-ISSUE-0025-02/AC-ISSUE-0025-03/AC-ISSUE-0025-04/AC-ISSUE-0025-05/AC-ISSUE-0025-06,PASS,PASS,PASS,PASS,CRITICAL
ISSUE-0026,Epic delivery envelope,planned,EPIC-026,SPRINT-005,BC-013,"Artifacts, Proveniência e Lifecycle",Geoprocessamento,ISSUE-0026-artefatos-e-lineage.md,ADR-003/ADR-004/ADR-005/ADR-006/ADR-007/ADR-008/ADR-009/ADR-010/ADR-011/ADR-012/ADR-015/ADR-019/ADR-023/ADR-024/ADR-025/ADR-040/ADR-041/ADR-042/ADR-043/ADR-044/ADR-045/ADR-046/ADR-052/ADR-055,AC-ISSUE-0026-01/AC-ISSUE-0026-02/AC-ISSUE-0026-03/AC-ISSUE-0026-04/AC-ISSUE-0026-05/AC-ISSUE-0026-06,PASS,PASS,PASS,PASS,CRITICAL
ISSUE-0027,Epic delivery envelope,planned,EPIC-027,SPRINT-005,BC-005,Descoberta e Aquisição de Referências,Geoprocessamento,ISSUE-0027-gateway-de-fontes-protecao-ssrf-estados-de-disponibilidade-e-bloqueio-.md,ADR-003/ADR-004/ADR-005/ADR-006/ADR-007/ADR-008/ADR-010/ADR-011/ADR-041/ADR-042/ADR-043/ADR-047,AC-ISSUE-0027-01/AC-ISSUE-0027-02/AC-ISSUE-0027-03/AC-ISSUE-0027-04/AC-ISSUE-0027-05/AC-ISSUE-0027-06,PASS,PASS,PASS,PASS,HIGH
ISSUE-0028,Epic delivery envelope,planned,EPIC-028,SPRINT-005,BC-007,Verificação Geométrica e Qualidade,Geoprocessamento,ISSUE-0028-benchmarks-por-periodo-sensor-e-perfil-de-qualidade.md,ADR-002/ADR-003/ADR-004/ADR-005/ADR-006/ADR-007/ADR-008/ADR-009/ADR-010/ADR-011/ADR-018/ADR-025/ADR-030/ADR-038/ADR-039/ADR-041/ADR-042/ADR-043/ADR-044/ADR-045/ADR-046/ADR-051/ADR-052/ADR-053,AC-ISSUE-0028-01/AC-ISSUE-0028-02/AC-ISSUE-0028-03/AC-ISSUE-0028-04/AC-ISSUE-0028-05/AC-ISSUE-0028-06,PASS,PASS,PASS,PASS,CRITICAL
ISSUE-0029,Epic delivery envelope,planned,EPIC-029,SPRINT-005,BC-004,Plano de Processamento e Workflow,Geoprocessamento,ISSUE-0029-etapas-capacidades-canonicas-e-processingplan-reproduzivel.md,ADR-003/ADR-004/ADR-005/ADR-006/ADR-007/ADR-008/ADR-009/ADR-010/ADR-011/ADR-014/ADR-041/ADR-042/ADR-043/ADR-047/ADR-051,AC-ISSUE-0029-01/AC-ISSUE-0029-02/AC-ISSUE-0029-03/AC-ISSUE-0029-04/AC-ISSUE-0029-05/AC-ISSUE-0029-06,PASS,PASS,PASS,PASS,CRITICAL
ISSUE-0030,Epic delivery envelope,planned,EPIC-030,SPRINT-005,BC-012,"Resultados, Diagnósticos e Exportação",Geoprocessamento,ISSUE-0030-taxonomia-versionada-de-falhas-evidencias-remediacoes-seguras-e-contra.md,ADR-002/ADR-003/ADR-004/ADR-005/ADR-006/ADR-007/ADR-008/ADR-010/ADR-011/ADR-038/ADR-041/ADR-042/ADR-043,AC-ISSUE-0030-01/AC-ISSUE-0030-02/AC-ISSUE-0030-03/AC-ISSUE-0030-04/AC-ISSUE-0030-05/AC-ISSUE-0030-06,PASS,PASS,PASS,PASS,HIGH
ISSUE-0031,Epic delivery envelope,planned,EPIC-031,SPRINT-009,BC-016,Experiência e Orientação do Operador,Frontend,ISSUE-0031-react-typescript-vite-design-system-cliente-openapi-seletor-visual-ace.md,ADR-003/ADR-004/ADR-005/ADR-006/ADR-007/ADR-008/ADR-010/ADR-011/ADR-013/ADR-014/ADR-015/ADR-017/ADR-023/ADR-040/ADR-044/ADR-045/ADR-046/ADR-055,AC-ISSUE-0031-01/AC-ISSUE-0031-02/AC-ISSUE-0031-03/AC-ISSUE-0031-04/AC-ISSUE-0031-05/AC-ISSUE-0031-06,PASS,PASS,PASS,PASS,CRITICAL
ISSUE-0032,Epic delivery envelope,planned,EPIC-032,SPRINT-009,BC-016,Experiência e Orientação do Operador,Frontend,ISSUE-0032-workspace-openlayers-configuracao-acompanhamento-e-revisao.md,ADR-003/ADR-004/ADR-005/ADR-006/ADR-007/ADR-008/ADR-010/ADR-011/ADR-014/ADR-040/ADR-042/ADR-049/ADR-055,AC-ISSUE-0032-01/AC-ISSUE-0032-02/AC-ISSUE-0032-03/AC-ISSUE-0032-04/AC-ISSUE-0032-05/AC-ISSUE-0032-06,PASS,PASS,PASS,PASS,CRITICAL
ISSUE-0033,Epic delivery envelope,planned,EPIC-033,SPRINT-009,BC-016,Experiência e Orientação do Operador,Frontend,ISSUE-0033-assistente-guiado-recomendacao-explicavel-consentimentos-e-modo-avanca.md,ADR-003/ADR-004/ADR-005/ADR-006/ADR-007/ADR-008/ADR-010/ADR-011/ADR-014/ADR-047/ADR-051,AC-ISSUE-0033-01/AC-ISSUE-0033-02/AC-ISSUE-0033-03/AC-ISSUE-0033-04/AC-ISSUE-0033-05/AC-ISSUE-0033-06,PASS,PASS,PASS,PASS,CRITICAL
ISSUE-0034,Epic delivery envelope,planned,EPIC-034,SPRINT-009,BC-016,Experiência e Orientação do Operador,Frontend,ISSUE-0034-painel-de-qualidade-do-lote-busca-server-side-filtros-salvos-triagem-d.md,ADR-002/ADR-003/ADR-004/ADR-005/ADR-006/ADR-007/ADR-008/ADR-010/ADR-011/ADR-012/ADR-014/ADR-025/ADR-030/ADR-037/ADR-038/ADR-039/ADR-040/ADR-046/ADR-053,AC-ISSUE-0034-01/AC-ISSUE-0034-02/AC-ISSUE-0034-03/AC-ISSUE-0034-04/AC-ISSUE-0034-05/AC-ISSUE-0034-06,PASS,PASS,PASS,PASS,CRITICAL
ISSUE-0035,Epic delivery envelope,planned,EPIC-035,SPRINT-009,BC-011,Revisão e Correção,Frontend,ISSUE-0035-workflow-de-revisao-com-gates-revisaveis-hard-gates-imutaveis-checklis.md,ADR-003/ADR-004/ADR-005/ADR-006/ADR-007/ADR-008/ADR-010/ADR-011/ADR-014/ADR-016/ADR-046,AC-ISSUE-0035-01/AC-ISSUE-0035-02/AC-ISSUE-0035-03/AC-ISSUE-0035-04/AC-ISSUE-0035-05/AC-ISSUE-0035-06,PASS,PASS,PASS,PASS,CRITICAL
ISSUE-0036,Epic delivery envelope,planned,EPIC-036,SPRINT-009,BC-016,Experiência e Orientação do Operador,Product Owner,ISSUE-0036-central-aprender-exemplos-visuais-projeto-demonstrativo-e-ajuda-contex.md,ADR-002/ADR-003/ADR-004/ADR-005/ADR-006/ADR-007/ADR-008/ADR-009/ADR-014,AC-ISSUE-0036-01/AC-ISSUE-0036-02/AC-ISSUE-0036-03/AC-ISSUE-0036-04/AC-ISSUE-0036-05/AC-ISSUE-0036-06,PASS,PASS,PASS,PASS,MEDIUM
ISSUE-0037,Epic delivery envelope,planned,EPIC-037,SPRINT-010,BC-012,"Resultados, Diagnósticos e Exportação",Backend,ISSUE-0037-persistencia-e-exportacao-escalavel-de-resultados-por-imagem-lote-geom.md,ADR-002/ADR-003/ADR-004/ADR-005/ADR-006/ADR-007/ADR-008/ADR-010/ADR-011/ADR-012/ADR-014/ADR-016/ADR-025/ADR-037/ADR-038/ADR-039/ADR-040/ADR-046/ADR-048/ADR-050/ADR-053,AC-ISSUE-0037-01/AC-ISSUE-0037-02/AC-ISSUE-0037-03/AC-ISSUE-0037-04/AC-ISSUE-0037-05/AC-ISSUE-0037-06,PASS,PASS,PASS,PASS,CRITICAL
ISSUE-0038,Epic delivery envelope,planned,EPIC-038,SPRINT-010,BC-007,Verificação Geométrica e Qualidade,Backend,ISSUE-0038-metricas-heatmap-amostrado-e-diagnostico-denso-do-image-deformation-pr.md,ADR-003/ADR-004/ADR-005/ADR-006/ADR-007/ADR-008/ADR-010/ADR-011/ADR-014/ADR-016/ADR-046,AC-ISSUE-0038-01/AC-ISSUE-0038-02/AC-ISSUE-0038-03/AC-ISSUE-0038-04/AC-ISSUE-0038-05/AC-ISSUE-0038-06,PASS,PASS,PASS,PASS,CRITICAL
ISSUE-0039,Epic delivery envelope,planned,EPIC-039,SPRINT-011,BC-014,"Operações, Auditoria e Suporte",DevOps,ISSUE-0039-instrumentacao-opentelemetry-correlation-ids-metricas-dashboards-e-ale.md,ADR-003/ADR-004/ADR-005/ADR-006/ADR-007/ADR-008/ADR-009/ADR-010/ADR-011/ADR-012/ADR-017/ADR-018/ADR-020/ADR-023/ADR-024/ADR-030/ADR-031/ADR-032/ADR-033/ADR-034/ADR-037/ADR-038/ADR-046/ADR-051/ADR-052/ADR-053/ADR-054/ADR-055,AC-ISSUE-0039-01/AC-ISSUE-0039-02/AC-ISSUE-0039-03/AC-ISSUE-0039-04/AC-ISSUE-0039-05/AC-ISSUE-0039-06,PASS,PASS,PASS,PASS,CRITICAL
ISSUE-0040,Epic delivery envelope,planned,EPIC-040,SPRINT-011,BC-014,"Operações, Auditoria e Suporte",DevOps,ISSUE-0040-benchmark-limites-e-orcamento-de-recursos.md,ADR-003/ADR-004/ADR-005/ADR-006/ADR-007/ADR-008/ADR-009/ADR-010/ADR-011/ADR-012/ADR-030/ADR-031/ADR-032/ADR-033/ADR-034/ADR-036/ADR-039/ADR-040/ADR-042/ADR-053,AC-ISSUE-0040-01/AC-ISSUE-0040-02/AC-ISSUE-0040-03/AC-ISSUE-0040-04/AC-ISSUE-0040-05/AC-ISSUE-0040-06,PASS,PASS,PASS,PASS,CRITICAL
ISSUE-0041,Epic delivery envelope,planned,EPIC-041,SPRINT-002,BC-014,"Operações, Auditoria e Suporte",Security,ISSUE-0041-threat-model-validado-scanning-e-testes-ofensivos.md,ADR-002/ADR-003/ADR-004/ADR-005/ADR-006/ADR-007/ADR-008/ADR-009/ADR-014/ADR-016/ADR-023/ADR-028/ADR-029/ADR-030/ADR-031/ADR-032/ADR-033/ADR-034/ADR-038/ADR-046/ADR-047/ADR-051/ADR-052/ADR-053/ADR-055,AC-ISSUE-0041-01/AC-ISSUE-0041-02/AC-ISSUE-0041-03/AC-ISSUE-0041-04/AC-ISSUE-0041-05/AC-ISSUE-0041-06,PASS,PASS,PASS,PASS,CRITICAL
ISSUE-0042,Epic delivery envelope,planned,EPIC-042,SPRINT-012,BC-015,"Release, Instalação e Supply Chain",Reviewer,ISSUE-0042-licenca-citacao-sanitizacao-e-revisao-externa-concluidas.md,ADR-002/ADR-003/ADR-004/ADR-005/ADR-006/ADR-007/ADR-008/ADR-009/ADR-010/ADR-011/ADR-016/ADR-030/ADR-031/ADR-032/ADR-033/ADR-034/ADR-037/ADR-056,AC-ISSUE-0042-01/AC-ISSUE-0042-02/AC-ISSUE-0042-03/AC-ISSUE-0042-04/AC-ISSUE-0042-05/AC-ISSUE-0042-06,PASS,PASS,PASS,PASS,CRITICAL
ISSUE-0043,Epic delivery envelope,planned,EPIC-043,SPRINT-012,BC-015,"Release, Instalação e Supply Chain",DevOps,ISSUE-0043-release-documentada-com-rollback-e-suporte.md,ADR-001/ADR-003/ADR-004/ADR-005/ADR-006/ADR-007/ADR-008/ADR-009/ADR-010/ADR-011/ADR-014/ADR-016/ADR-030/ADR-031/ADR-032/ADR-033/ADR-034/ADR-053,AC-ISSUE-0043-01/AC-ISSUE-0043-02/AC-ISSUE-0043-03/AC-ISSUE-0043-04/AC-ISSUE-0043-05/AC-ISSUE-0043-06,PASS,PASS,PASS,PASS,CRITICAL
ISSUE-0044,Epic delivery envelope,planned,EPIC-044,SPRINT-005,BC-006,Georreferenciamento,Geoprocessamento,ISSUE-0044-outputprofile-cog-canonico-preservacao-de-resolucao-e-validacao-da-gra.md,ADR-003/ADR-004/ADR-005/ADR-006/ADR-007/ADR-008/ADR-010/ADR-011/ADR-025/ADR-041/ADR-042/ADR-043/ADR-049,AC-ISSUE-0044-01/AC-ISSUE-0044-02/AC-ISSUE-0044-03/AC-ISSUE-0044-04/AC-ISSUE-0044-05/AC-ISSUE-0044-06,PASS,PASS,PASS,PASS,HIGH
ISSUE-0045,Epic delivery envelope,planned,EPIC-045,SPRINT-005,BC-006,Georreferenciamento,Geoprocessamento,ISSUE-0045-mascara-analitica-adaptativa-preview-correcao-area-util-separada-da-sa.md,ADR-003/ADR-004/ADR-005/ADR-006/ADR-007/ADR-008/ADR-010/ADR-011/ADR-040/ADR-041/ADR-042/ADR-043/ADR-055,AC-ISSUE-0045-01/AC-ISSUE-0045-02/AC-ISSUE-0045-03/AC-ISSUE-0045-04/AC-ISSUE-0045-05/AC-ISSUE-0045-06,PASS,PASS,PASS,PASS,CRITICAL
ISSUE-0046,Epic delivery envelope,planned,EPIC-046,SPRINT-005,BC-013,"Artifacts, Proveniência e Lifecycle",Geoprocessamento,ISSUE-0046-artifactset-imutavel-staging-e-publicacao-atomica.md,ADR-003/ADR-004/ADR-005/ADR-006/ADR-007/ADR-008/ADR-009/ADR-010/ADR-011/ADR-023/ADR-040/ADR-041/ADR-042/ADR-043/ADR-049,AC-ISSUE-0046-01/AC-ISSUE-0046-02/AC-ISSUE-0046-03/AC-ISSUE-0046-04/AC-ISSUE-0046-05/AC-ISSUE-0046-06,PASS,PASS,PASS,PASS,HIGH
ISSUE-0047,Epic delivery envelope,planned,EPIC-047,SPRINT-005,BC-006,Georreferenciamento,Geoprocessamento,ISSUE-0047-matching-coarse-to-fine-tiles-reconciliacao-de-coordenadas-e-refinamen.md,ADR-003/ADR-004/ADR-005/ADR-006/ADR-007/ADR-008/ADR-010/ADR-011/ADR-041/ADR-042/ADR-043/ADR-044,AC-ISSUE-0047-01/AC-ISSUE-0047-02/AC-ISSUE-0047-03/AC-ISSUE-0047-04/AC-ISSUE-0047-05/AC-ISSUE-0047-06,PASS,PASS,PASS,PASS,HIGH
ISSUE-0048,Epic delivery envelope,planned,EPIC-048,SPRINT-005,BC-006,Georreferenciamento,Geoprocessamento,ISSUE-0048-extracao-opcional-de-metadados-marginais-com-confianca-revisao-e-linea.md,ADR-003/ADR-004/ADR-005/ADR-006/ADR-007/ADR-008/ADR-010/ADR-011/ADR-040/ADR-041/ADR-042/ADR-043,AC-ISSUE-0048-01/AC-ISSUE-0048-02/AC-ISSUE-0048-03/AC-ISSUE-0048-04/AC-ISSUE-0048-05/AC-ISSUE-0048-06,PASS,PASS,PASS,PASS,HIGH
ISSUE-0049,Epic delivery envelope,planned,EPIC-049,SPRINT-010,BC-013,"Artifacts, Proveniência e Lifecycle",Backend,ISSUE-0049-lineage-normalizado-manifestos-e-bundle-de-reproducao-sob-demanda.md,ADR-002/ADR-003/ADR-004/ADR-005/ADR-006/ADR-007/ADR-008/ADR-009/ADR-010/ADR-011/ADR-012/ADR-016/ADR-018/ADR-025/ADR-030/ADR-031/ADR-032/ADR-038/ADR-047/ADR-048/ADR-052/ADR-053,AC-ISSUE-0049-01/AC-ISSUE-0049-02/AC-ISSUE-0049-03/AC-ISSUE-0049-04/AC-ISSUE-0049-05/AC-ISSUE-0049-06,PASS,PASS,PASS,PASS,CRITICAL
ISSUE-0050,Epic delivery envelope,planned,EPIC-050,SPRINT-006,BC-009,Recuperação Assistida por IA e Governança de Modelos,Geoprocessamento,ISSUE-0050-registry-de-matchers-classicos-ia-escalonamento-explicavel-licencas-ma.md,ADR-003/ADR-004/ADR-005/ADR-006/ADR-007/ADR-008/ADR-009/ADR-010/ADR-011/ADR-017/ADR-030/ADR-033/ADR-037/ADR-038/ADR-041/ADR-042/ADR-043/ADR-046/ADR-051/ADR-052/ADR-053/ADR-055,AC-ISSUE-0050-01/AC-ISSUE-0050-02/AC-ISSUE-0050-03/AC-ISSUE-0050-04/AC-ISSUE-0050-05/AC-ISSUE-0050-06,PASS,PASS,PASS,PASS,CRITICAL
ISSUE-0051,Epic delivery envelope,planned,EPIC-051,SPRINT-006,BC-006,Georreferenciamento,Geoprocessamento,ISSUE-0051-estimadores-usac-magsac-ransac-explicitos-calibracao-proveniencia-e-te.md,ADR-003/ADR-004/ADR-005/ADR-006/ADR-007/ADR-008/ADR-010/ADR-011/ADR-041/ADR-042/ADR-043/ADR-045,AC-ISSUE-0051-01/AC-ISSUE-0051-02/AC-ISSUE-0051-03/AC-ISSUE-0051-04/AC-ISSUE-0051-05/AC-ISSUE-0051-06,PASS,PASS,PASS,PASS,HIGH
ISSUE-0052,Epic delivery envelope,planned,EPIC-052,SPRINT-006,BC-006,Georreferenciamento,Geoprocessamento,ISSUE-0052-selecao-de-gcps-por-cobertura-qualidade-diversidade-exportando-pontos-.md,ADR-003/ADR-004/ADR-005/ADR-006/ADR-007/ADR-008/ADR-010/ADR-011/ADR-041/ADR-042/ADR-043/ADR-048,AC-ISSUE-0052-01/AC-ISSUE-0052-02/AC-ISSUE-0052-03/AC-ISSUE-0052-04/AC-ISSUE-0052-05/AC-ISSUE-0052-06,PASS,PASS,PASS,PASS,HIGH
ISSUE-0053,Epic delivery envelope,planned,EPIC-053,SPRINT-006,BC-005,Descoberta e Aquisição de Referências,Geoprocessamento,ISSUE-0053-grafo-de-referencias-verificadas-componentes-desconectados-invalidacao.md,ADR-003/ADR-004/ADR-005/ADR-006/ADR-007/ADR-008/ADR-010/ADR-011/ADR-040/ADR-041/ADR-042/ADR-043,AC-ISSUE-0053-01/AC-ISSUE-0053-02/AC-ISSUE-0053-03/AC-ISSUE-0053-04/AC-ISSUE-0053-05/AC-ISSUE-0053-06,PASS,PASS,PASS,PASS,HIGH
ISSUE-0054,Epic delivery envelope,planned,EPIC-054,SPRINT-006,BC-005,Descoberta e Aquisição de Referências,Geoprocessamento,ISSUE-0054-componentes-provisorios-multimodais-scores-versionados-preview-e-corre.md,ADR-003/ADR-004/ADR-005/ADR-006/ADR-007/ADR-008/ADR-010/ADR-011/ADR-041/ADR-042/ADR-043/ADR-047,AC-ISSUE-0054-01/AC-ISSUE-0054-02/AC-ISSUE-0054-03/AC-ISSUE-0054-04/AC-ISSUE-0054-05/AC-ISSUE-0054-06,PASS,PASS,PASS,PASS,HIGH
ISSUE-0055,Epic delivery envelope,planned,EPIC-055,SPRINT-006,BC-005,Descoberta e Aquisição de Referências,Geoprocessamento,ISSUE-0055-recuperacao-progressiva-de-vizinhos-com-candidate-budget-telemetria-de.md,ADR-003/ADR-004/ADR-005/ADR-006/ADR-007/ADR-008/ADR-010/ADR-011/ADR-040/ADR-041/ADR-042/ADR-043/ADR-047,AC-ISSUE-0055-01/AC-ISSUE-0055-02/AC-ISSUE-0055-03/AC-ISSUE-0055-04/AC-ISSUE-0055-05/AC-ISSUE-0055-06,PASS,PASS,PASS,PASS,HIGH
ISSUE-0056,Epic delivery envelope,planned,EPIC-056,SPRINT-006,BC-005,Descoberta e Aquisição de Referências,Geoprocessamento,ISSUE-0056-maquina-de-estados-de-arestas-evidencia-direta-lineage-e-sgv-independe.md,ADR-003/ADR-004/ADR-005/ADR-006/ADR-007/ADR-008/ADR-010/ADR-011/ADR-040/ADR-041/ADR-042/ADR-043/ADR-050,AC-ISSUE-0056-01/AC-ISSUE-0056-02/AC-ISSUE-0056-03/AC-ISSUE-0056-04/AC-ISSUE-0056-05/AC-ISSUE-0056-06,PASS,PASS,PASS,PASS,HIGH
ISSUE-0057,Epic delivery envelope,planned,EPIC-057,SPRINT-006,BC-012,"Resultados, Diagnósticos e Exportação",Geoprocessamento,ISSUE-0057-resultados-por-componente-sucesso-parcial-explicito-retry-por-subconju.md,ADR-003/ADR-004/ADR-005/ADR-006/ADR-007/ADR-008/ADR-010/ADR-011/ADR-039/ADR-041/ADR-042/ADR-043,AC-ISSUE-0057-01/AC-ISSUE-0057-02/AC-ISSUE-0057-03/AC-ISSUE-0057-04/AC-ISSUE-0057-05/AC-ISSUE-0057-06,PASS,PASS,PASS,PASS,HIGH
ISSUE-0058,Epic delivery envelope,planned,EPIC-058,SPRINT-006,BC-005,Descoberta e Aquisição de Referências,Geoprocessamento,ISSUE-0058-gateway-por-capacidades-adapters-stac-api-oficial-testes-de-contrato-a.md,ADR-003/ADR-004/ADR-005/ADR-006/ADR-007/ADR-008/ADR-010/ADR-011/ADR-012/ADR-034/ADR-041/ADR-042/ADR-043/ADR-047/ADR-049/ADR-052,AC-ISSUE-0058-01/AC-ISSUE-0058-02/AC-ISSUE-0058-03/AC-ISSUE-0058-04/AC-ISSUE-0058-05/AC-ISSUE-0058-06,PASS,PASS,PASS,PASS,CRITICAL
ISSUE-0059,Epic delivery envelope,planned,EPIC-059,SPRINT-006,BC-005,Descoberta e Aquisição de Referências,Geoprocessamento,ISSUE-0059-busca-espaciotemporal-guiada-ranking-explicavel-incerteza-e-expansao-l.md,ADR-003/ADR-004/ADR-005/ADR-006/ADR-007/ADR-008/ADR-010/ADR-011/ADR-041/ADR-042/ADR-043/ADR-047,AC-ISSUE-0059-01/AC-ISSUE-0059-02/AC-ISSUE-0059-03/AC-ISSUE-0059-04/AC-ISSUE-0059-05/AC-ISSUE-0059-06,PASS,PASS,PASS,PASS,HIGH
ISSUE-0060,Epic delivery envelope,planned,EPIC-060,SPRINT-006,BC-005,Descoberta e Aquisição de Referências,Geoprocessamento,ISSUE-0060-policy-de-aquisicao-no-processingplan-preview-consentimento-e-bloqueio.md,ADR-003/ADR-004/ADR-005/ADR-006/ADR-007/ADR-008/ADR-010/ADR-011/ADR-012/ADR-041/ADR-042/ADR-043/ADR-047,AC-ISSUE-0060-01/AC-ISSUE-0060-02/AC-ISSUE-0060-03/AC-ISSUE-0060-04/AC-ISSUE-0060-05/AC-ISSUE-0060-06,PASS,PASS,PASS,PASS,HIGH
ISSUE-0061,Epic delivery envelope,planned,EPIC-061,SPRINT-010,BC-013,"Artifacts, Proveniência e Lifecycle",Backend,ISSUE-0061-cache-enderecado-por-conteudo-deduplicacao-quotas-retention-licenca-gc.md,ADR-003/ADR-004/ADR-005/ADR-006/ADR-007/ADR-008/ADR-010/ADR-011/ADR-012/ADR-016/ADR-030/ADR-031/ADR-032/ADR-047,AC-ISSUE-0061-01/AC-ISSUE-0061-02/AC-ISSUE-0061-03/AC-ISSUE-0061-04/AC-ISSUE-0061-05/AC-ISSUE-0061-06,PASS,PASS,PASS,PASS,CRITICAL
ISSUE-0062,Epic delivery envelope,planned,EPIC-062,SPRINT-009,BC-011,Revisão e Correção,Frontend,ISSUE-0062-workspace-visual-assistido-correctionsets-nova-tentativa-comparacao-e-.md,ADR-002/ADR-003/ADR-004/ADR-005/ADR-006/ADR-007/ADR-008/ADR-010/ADR-011/ADR-014/ADR-016/ADR-048,AC-ISSUE-0062-01/AC-ISSUE-0062-02/AC-ISSUE-0062-03/AC-ISSUE-0062-04/AC-ISSUE-0062-05/AC-ISSUE-0062-06,PASS,PASS,PASS,PASS,HIGH
ISSUE-0063,Epic delivery envelope,planned,EPIC-063,SPRINT-006,BC-011,Revisão e Correção,Geoprocessamento,ISSUE-0063-modelo-tipado-versionado-de-gcps-lifecycle-proveniencia-e-round-trip-d.md,ADR-003/ADR-004/ADR-005/ADR-006/ADR-007/ADR-008/ADR-010/ADR-011/ADR-041/ADR-042/ADR-043/ADR-048,AC-ISSUE-0063-01/AC-ISSUE-0063-02/AC-ISSUE-0063-03/AC-ISSUE-0063-04/AC-ISSUE-0063-05/AC-ISSUE-0063-06,PASS,PASS,PASS,PASS,HIGH
ISSUE-0064,Epic delivery envelope,planned,EPIC-064,SPRINT-009,BC-011,Revisão e Correção,Frontend,ISSUE-0064-fila-de-revisao-explicavel-filtros-priorizacao-impacto-em-descendentes.md,ADR-003/ADR-004/ADR-005/ADR-006/ADR-007/ADR-008/ADR-010/ADR-011/ADR-014/ADR-048,AC-ISSUE-0064-01/AC-ISSUE-0064-02/AC-ISSUE-0064-03/AC-ISSUE-0064-04/AC-ISSUE-0064-05/AC-ISSUE-0064-06,PASS,PASS,PASS,PASS,HIGH
ISSUE-0065,Epic delivery envelope,planned,EPIC-065,SPRINT-004,BC-010,Orquestração de Jobs e Recursos,Backend,ISSUE-0065-taxonomia-de-retry-tecnico-orcamento-backoff-idempotencia-e-planvarian.md,ADR-003/ADR-004/ADR-005/ADR-006/ADR-007/ADR-008/ADR-009/ADR-010/ADR-011/ADR-012/ADR-016/ADR-033/ADR-034/ADR-037/ADR-038/ADR-039/ADR-040/ADR-046,AC-ISSUE-0065-01/AC-ISSUE-0065-02/AC-ISSUE-0065-03/AC-ISSUE-0065-04/AC-ISSUE-0065-05/AC-ISSUE-0065-06,PASS,PASS,PASS,PASS,CRITICAL
ISSUE-0066,Epic delivery envelope,planned,EPIC-066,SPRINT-004,BC-010,Orquestração de Jobs e Recursos,Backend,ISSUE-0066-checkpoints-canonicos-manifests-de-compatibilidade-retomada-e-lifecycl.md,ADR-003/ADR-004/ADR-005/ADR-006/ADR-007/ADR-008/ADR-009/ADR-010/ADR-011/ADR-012/ADR-016/ADR-033/ADR-034/ADR-037/ADR-038/ADR-039/ADR-040/ADR-046/ADR-048,AC-ISSUE-0066-01/AC-ISSUE-0066-02/AC-ISSUE-0066-03/AC-ISSUE-0066-04/AC-ISSUE-0066-05/AC-ISSUE-0066-06,PASS,PASS,PASS,PASS,CRITICAL
ISSUE-0067,Epic delivery envelope,planned,EPIC-067,SPRINT-004,BC-010,Orquestração de Jobs e Recursos,Backend,ISSUE-0067-cancelamento-cooperativo-supervisao-de-subprocessos-contencao-e-reconc.md,ADR-003/ADR-004/ADR-005/ADR-006/ADR-007/ADR-008/ADR-009/ADR-010/ADR-011/ADR-012/ADR-016/ADR-033/ADR-034/ADR-037/ADR-038/ADR-039/ADR-040/ADR-046,AC-ISSUE-0067-01/AC-ISSUE-0067-02/AC-ISSUE-0067-03/AC-ISSUE-0067-04/AC-ISSUE-0067-05/AC-ISSUE-0067-06,PASS,PASS,PASS,PASS,CRITICAL
ISSUE-0068,Epic delivery envelope,planned,EPIC-068,SPRINT-004,BC-010,Orquestração de Jobs e Recursos,Backend,ISSUE-0068-concorrencia-escalonamento-e-isolamento.md,ADR-003/ADR-004/ADR-005/ADR-006/ADR-007/ADR-008/ADR-009/ADR-010/ADR-011/ADR-012/ADR-016/ADR-033/ADR-034/ADR-037/ADR-038/ADR-039/ADR-040/ADR-046,AC-ISSUE-0068-01/AC-ISSUE-0068-02/AC-ISSUE-0068-03/AC-ISSUE-0068-04/AC-ISSUE-0068-05/AC-ISSUE-0068-06,PASS,PASS,PASS,PASS,CRITICAL
ISSUE-0069,Epic delivery envelope,planned,EPIC-069,SPRINT-004,BC-010,Orquestração de Jobs e Recursos,Backend,ISSUE-0069-observabilidade-slos-e-diagnostico-do-scheduler.md,ADR-003/ADR-004/ADR-005/ADR-006/ADR-007/ADR-008/ADR-009/ADR-010/ADR-011/ADR-012/ADR-016/ADR-030/ADR-033/ADR-034/ADR-037/ADR-038/ADR-039/ADR-040/ADR-046,AC-ISSUE-0069-01/AC-ISSUE-0069-02/AC-ISSUE-0069-03/AC-ISSUE-0069-04/AC-ISSUE-0069-05/AC-ISSUE-0069-06,PASS,PASS,PASS,PASS,CRITICAL
ISSUE-0070,Epic delivery envelope,planned,EPIC-070,SPRINT-010,BC-012,"Resultados, Diagnósticos e Exportação",Backend,ISSUE-0070-snapshots-imutaveis-regra-de-resultado-vigente-e-comparacao-entre-cicl.md,ADR-003/ADR-004/ADR-005/ADR-006/ADR-007/ADR-008/ADR-010/ADR-011/ADR-014/ADR-016,AC-ISSUE-0070-01/AC-ISSUE-0070-02/AC-ISSUE-0070-03/AC-ISSUE-0070-04/AC-ISSUE-0070-05/AC-ISSUE-0070-06,PASS,PASS,PASS,PASS,HIGH
ISSUE-0071,Epic delivery envelope,planned,EPIC-071,SPRINT-011,BC-013,"Artifacts, Proveniência e Lifecycle",Backend,ISSUE-0071-backupset-coordenado-manifests-checksums-watermark-e-policies-de-inclu.md,ADR-003/ADR-004/ADR-005/ADR-006/ADR-007/ADR-008/ADR-010/ADR-011/ADR-016/ADR-018/ADR-025/ADR-030/ADR-031/ADR-032/ADR-035,AC-ISSUE-0071-01/AC-ISSUE-0071-02/AC-ISSUE-0071-03/AC-ISSUE-0071-04/AC-ISSUE-0071-05/AC-ISSUE-0071-06,PASS,PASS,PASS,PASS,CRITICAL
ISSUE-0072,Epic delivery envelope,planned,EPIC-072,SPRINT-011,BC-014,"Operações, Auditoria e Suporte",DevOps,ISSUE-0072-restore-drills-isolados-evidencias-rpo-rto-e-runbook-executavel.md,ADR-003/ADR-004/ADR-005/ADR-006/ADR-007/ADR-008/ADR-009/ADR-010/ADR-011/ADR-025/ADR-027/ADR-030/ADR-031/ADR-032/ADR-033/ADR-034/ADR-035,AC-ISSUE-0072-01/AC-ISSUE-0072-02/AC-ISSUE-0072-03/AC-ISSUE-0072-04/AC-ISSUE-0072-05/AC-ISSUE-0072-06,PASS,PASS,PASS,PASS,CRITICAL
ISSUE-0073,Epic delivery envelope,planned,EPIC-073,SPRINT-011,BC-013,"Artifacts, Proveniência e Lifecycle",Backend,ISSUE-0073-retentionpolicy-por-classe-estado-dependencia-holds-e-preview-de-impac.md,ADR-003/ADR-004/ADR-005/ADR-006/ADR-007/ADR-008/ADR-010/ADR-011/ADR-012/ADR-016/ADR-030/ADR-031/ADR-032/ADR-053,AC-ISSUE-0073-01/AC-ISSUE-0073-02/AC-ISSUE-0073-03/AC-ISSUE-0073-04/AC-ISSUE-0073-05/AC-ISSUE-0073-06,PASS,PASS,PASS,PASS,CRITICAL
ISSUE-0074,Epic delivery envelope,planned,EPIC-074,SPRINT-011,BC-013,"Artifacts, Proveniência e Lifecycle",Backend,ISSUE-0074-gc-reference-aware-tombstone-quarentena-periodo-de-graca-e-reconciliac.md,ADR-003/ADR-004/ADR-005/ADR-006/ADR-007/ADR-008/ADR-010/ADR-011/ADR-016/ADR-030/ADR-031/ADR-032,AC-ISSUE-0074-01/AC-ISSUE-0074-02/AC-ISSUE-0074-03/AC-ISSUE-0074-04/AC-ISSUE-0074-05/AC-ISSUE-0074-06,PASS,PASS,PASS,PASS,CRITICAL
ISSUE-0075,Epic delivery envelope,planned,EPIC-075,SPRINT-011,BC-014,"Operações, Auditoria e Suporte",DevOps,ISSUE-0075-canal-append-only-de-auditoria-particionamento-digests-consulta-e-expo.md,ADR-003/ADR-004/ADR-005/ADR-006/ADR-007/ADR-008/ADR-009/ADR-010/ADR-011/ADR-030/ADR-031/ADR-032/ADR-033/ADR-034/ADR-035/ADR-039/ADR-055,AC-ISSUE-0075-01/AC-ISSUE-0075-02/AC-ISSUE-0075-03/AC-ISSUE-0075-04/AC-ISSUE-0075-05/AC-ISSUE-0075-06,PASS,PASS,PASS,PASS,CRITICAL
ISSUE-0076,Epic delivery envelope,planned,EPIC-076,SPRINT-011,BC-014,"Operações, Auditoria e Suporte",Security,ISSUE-0076-catalogo-de-campos-redaction-centralizada-testes-de-vazamento-e-bundle.md,ADR-003/ADR-004/ADR-005/ADR-006/ADR-007/ADR-008/ADR-009/ADR-010/ADR-011/ADR-016/ADR-030/ADR-031/ADR-032/ADR-033/ADR-034/ADR-053/ADR-055,AC-ISSUE-0076-01/AC-ISSUE-0076-02/AC-ISSUE-0076-03/AC-ISSUE-0076-04/AC-ISSUE-0076-05/AC-ISSUE-0076-06,PASS,PASS,PASS,PASS,CRITICAL
ISSUE-0077,Epic delivery envelope,planned,EPIC-077,SPRINT-011,BC-014,"Operações, Auditoria e Suporte",DevOps,ISSUE-0077-budgets-de-cardinalidade-sampling-retencao-por-sinal-e-dashboards-de-p.md,ADR-003/ADR-004/ADR-005/ADR-006/ADR-007/ADR-008/ADR-009/ADR-010/ADR-011/ADR-030/ADR-031/ADR-032/ADR-033/ADR-034/ADR-054,AC-ISSUE-0077-01/AC-ISSUE-0077-02/AC-ISSUE-0077-03/AC-ISSUE-0077-04/AC-ISSUE-0077-05/AC-ISSUE-0077-06,PASS,PASS,PASS,PASS,CRITICAL
ISSUE-0078,Epic delivery envelope,planned,EPIC-078,SPRINT-011,BC-014,"Operações, Auditoria e Suporte",Security,ISSUE-0078-contrato-de-secrets-setup-permissoes-rotacao-recuperacao-e-adapters-op.md,ADR-003/ADR-004/ADR-005/ADR-006/ADR-007/ADR-008/ADR-009/ADR-010/ADR-011/ADR-016/ADR-023/ADR-024/ADR-030/ADR-031/ADR-032/ADR-033/ADR-034/ADR-040/ADR-045,AC-ISSUE-0078-01/AC-ISSUE-0078-02/AC-ISSUE-0078-03/AC-ISSUE-0078-04/AC-ISSUE-0078-05/AC-ISSUE-0078-06,PASS,PASS,PASS,PASS,CRITICAL
ISSUE-0079,Epic delivery envelope,planned,EPIC-079,SPRINT-011,BC-014,"Operações, Auditoria e Suporte",DevOps,ISSUE-0079-ingress-unico-tls-redes-privadas-limites-e-testes-de-exposicao-de-port.md,ADR-003/ADR-004/ADR-005/ADR-006/ADR-007/ADR-008/ADR-009/ADR-010/ADR-011/ADR-030/ADR-031/ADR-032/ADR-033/ADR-034,AC-ISSUE-0079-01/AC-ISSUE-0079-02/AC-ISSUE-0079-03/AC-ISSUE-0079-04/AC-ISSUE-0079-05/AC-ISSUE-0079-06,PASS,PASS,PASS,PASS,CRITICAL
ISSUE-0080,Epic delivery envelope,planned,EPIC-080,SPRINT-011,BC-015,"Release, Instalação e Supply Chain",Security,ISSUE-0080-lockfiles-pins-por-digest-sha-scanners-sbom-assinatura-oci-attestation.md,ADR-002/ADR-003/ADR-004/ADR-005/ADR-006/ADR-007/ADR-008/ADR-009/ADR-010/ADR-011/ADR-016/ADR-024/ADR-030/ADR-031/ADR-032/ADR-033/ADR-034/ADR-052,AC-ISSUE-0080-01/AC-ISSUE-0080-02/AC-ISSUE-0080-03/AC-ISSUE-0080-04/AC-ISSUE-0080-05/AC-ISSUE-0080-06,PASS,PASS,PASS,PASS,CRITICAL
ISSUE-0081,Epic delivery envelope,planned,EPIC-081,SPRINT-012,BC-015,"Release, Instalação e Supply Chain",DevOps,ISSUE-0081-orquestrador-de-upgrade-preflight-migrations-explicitas-health-smoke-t.md,ADR-003/ADR-004/ADR-005/ADR-006/ADR-007/ADR-008/ADR-009/ADR-010/ADR-011/ADR-016/ADR-030/ADR-031/ADR-032/ADR-033/ADR-034/ADR-035,AC-ISSUE-0081-01/AC-ISSUE-0081-02/AC-ISSUE-0081-03/AC-ISSUE-0081-04/AC-ISSUE-0081-05/AC-ISSUE-0081-06,PASS,PASS,PASS,PASS,CRITICAL
ISSUE-0082,Epic delivery envelope,planned,EPIC-082,SPRINT-002,BC-014,"Operações, Auditoria e Suporte",Backend,ISSUE-0082-preflight-de-hardware-e-executionprofiles-cpu-gpu-hibrido-integrados-a.md,ADR-003/ADR-004/ADR-005/ADR-006/ADR-007/ADR-008/ADR-010/ADR-011/ADR-014/ADR-016/ADR-030/ADR-031/ADR-032/ADR-037/ADR-053,AC-ISSUE-0082-01/AC-ISSUE-0082-02/AC-ISSUE-0082-03/AC-ISSUE-0082-04/AC-ISSUE-0082-05/AC-ISSUE-0082-06,PASS,PASS,PASS,PASS,CRITICAL
ISSUE-0083,Epic delivery envelope,planned,EPIC-083,SPRINT-011,BC-014,"Operações, Auditoria e Suporte",DevOps,ISSUE-0083-modos-offline-restricted-connected-egress-enforcement-mirrors-e-testes.md,ADR-003/ADR-004/ADR-005/ADR-006/ADR-007/ADR-008/ADR-009/ADR-010/ADR-011/ADR-030/ADR-031/ADR-032/ADR-033/ADR-034/ADR-052,AC-ISSUE-0083-01/AC-ISSUE-0083-02/AC-ISSUE-0083-03/AC-ISSUE-0083-04/AC-ISSUE-0083-05/AC-ISSUE-0083-06,PASS,PASS,PASS,PASS,CRITICAL
ISSUE-0084,Epic delivery envelope,planned,EPIC-084,SPRINT-009,BC-016,Experiência e Orientação do Operador,Frontend,ISSUE-0084-ux-guiada-de-ia-explicacao-do-plano-capacidades-instaladas-bloqueadas-.md,ADR-003/ADR-004/ADR-005/ADR-006/ADR-007/ADR-008/ADR-009/ADR-010/ADR-011/ADR-014,AC-ISSUE-0084-01/AC-ISSUE-0084-02/AC-ISSUE-0084-03/AC-ISSUE-0084-04/AC-ISSUE-0084-05/AC-ISSUE-0084-06,PASS,PASS,PASS,PASS,HIGH
ISSUE-0085,Epic delivery envelope,planned,EPIC-085,SPRINT-012,BC-015,"Release, Instalação e Supply Chain",DevOps,ISSUE-0085-definicao-e-automacao-de-milestones-internal-alpha-beta-1-0-evidencias.md,ADR-003/ADR-004/ADR-005/ADR-006/ADR-007/ADR-008/ADR-009/ADR-010/ADR-011/ADR-016/ADR-030/ADR-031/ADR-032/ADR-033/ADR-034/ADR-037,AC-ISSUE-0085-01/AC-ISSUE-0085-02/AC-ISSUE-0085-03/AC-ISSUE-0085-04/AC-ISSUE-0085-05/AC-ISSUE-0085-06,PASS,PASS,PASS,PASS,CRITICAL
ISSUE-0086,Epic delivery envelope,planned,EPIC-086,SPRINT-001,BC-001,Governança de Engenharia e Entrega,Tech Lead,ISSUE-0086-walking-skeleton-frontendapipostgresqlrabbitmq-celeryworkerartefato-di.md,ADR-002/ADR-003/ADR-006/ADR-007/ADR-008/ADR-009/ADR-010/ADR-011/ADR-012/ADR-014/ADR-033/ADR-034/ADR-035/ADR-057,AC-ISSUE-0086-01/AC-ISSUE-0086-02/AC-ISSUE-0086-03/AC-ISSUE-0086-04/AC-ISSUE-0086-05/AC-ISSUE-0086-06,PASS,PASS,PASS,PASS,CRITICAL
ISSUE-0087,Epic delivery envelope,planned,EPIC-087,SPRINT-012,BC-015,"Release, Instalação e Supply Chain",DevOps,ISSUE-0087-baseline-operacional-vertical-privado-com-escopo-da-delivery-plan-e-ev.md,ADR-003/ADR-004/ADR-005/ADR-006/ADR-007/ADR-008/ADR-009/ADR-010/ADR-011/ADR-016/ADR-030/ADR-031/ADR-032/ADR-033/ADR-034/ADR-057,AC-ISSUE-0087-01/AC-ISSUE-0087-02/AC-ISSUE-0087-03/AC-ISSUE-0087-04/AC-ISSUE-0087-05/AC-ISSUE-0087-06,PASS,PASS,PASS,PASS,CRITICAL
ISSUE-0088,Epic delivery envelope,planned,EPIC-088,SPRINT-011,BC-009,Recuperação Assistida por IA e Governança de Modelos,IA,ISSUE-0088-namespace-experimental-labs-registry-separado-modelpacks-isolados-e-bl.md,ADR-003/ADR-004/ADR-005/ADR-006/ADR-007/ADR-008/ADR-009/ADR-051/ADR-052/ADR-053,AC-ISSUE-0088-01/AC-ISSUE-0088-02/AC-ISSUE-0088-03/AC-ISSUE-0088-04/AC-ISSUE-0088-05/AC-ISSUE-0088-06,PASS,PASS,PASS,PASS,CRITICAL
ISSUE-0089,Epic delivery envelope,planned,EPIC-089,SPRINT-012,BC-015,"Release, Instalação e Supply Chain",DevOps,ISSUE-0089-release-train-internal-alpha-beta-1-0-automacao-de-evidencias-e-gate-d.md,ADR-003/ADR-004/ADR-005/ADR-006/ADR-007/ADR-008/ADR-009/ADR-010/ADR-011/ADR-016/ADR-030/ADR-031/ADR-032/ADR-033/ADR-034/ADR-037,AC-ISSUE-0089-01/AC-ISSUE-0089-02/AC-ISSUE-0089-03/AC-ISSUE-0089-04/AC-ISSUE-0089-05/AC-ISSUE-0089-06,PASS,PASS,PASS,PASS,CRITICAL
ISSUE-0090,Epic delivery envelope,planned,EPIC-090,SPRINT-001,BC-001,Governança de Engenharia e Entrega,Tech Lead,ISSUE-0090-issue-forms-templates-e-taxonomia-de-tipos-com-validacao-de-campos-obr.md,ADR-003/ADR-006/ADR-007/ADR-008/ADR-009/ADR-010/ADR-011/ADR-033/ADR-034,AC-ISSUE-0090-01/AC-ISSUE-0090-02/AC-ISSUE-0090-03/AC-ISSUE-0090-04/AC-ISSUE-0090-05/AC-ISSUE-0090-06,PASS,PASS,PASS,PASS,CRITICAL
ISSUE-0091,Epic delivery envelope,planned,EPIC-091,SPRINT-001,BC-001,Governança de Engenharia e Entrega,Tech Lead,ISSUE-0091-ruleset-de-main-checks-unicos-codeowners-politica-de-branches-e-prova-.md,ADR-003/ADR-006/ADR-007/ADR-008/ADR-009/ADR-010/ADR-011/ADR-016/ADR-033/ADR-034/ADR-057,AC-ISSUE-0091-01/AC-ISSUE-0091-02/AC-ISSUE-0091-03/AC-ISSUE-0091-04/AC-ISSUE-0091-05/AC-ISSUE-0091-06,PASS,PASS,PASS,PASS,CRITICAL
ISSUE-0092,Epic delivery envelope,planned,EPIC-092,SPRINT-001,BC-001,Governança de Engenharia e Entrega,Tech Lead,ISSUE-0092-fechamento-da-sprint-001-e-autorizacao-da-primeira-fatia-funcional.md,ADR-001/ADR-002/ADR-003/ADR-006/ADR-007/ADR-008/ADR-009/ADR-010/ADR-011/ADR-033/ADR-034/ADR-053/ADR-057,AC-ISSUE-0092-01/AC-ISSUE-0092-02/AC-ISSUE-0092-03/AC-ISSUE-0092-04/AC-ISSUE-0092-05/AC-ISSUE-0092-06,PASS,PASS,PASS,PASS,CRITICAL
ISSUE-0093,Epic delivery envelope,planned,EPIC-093,SPRINT-007,BC-006,Georreferenciamento,Geoprocessamento,ISSUE-0093-contratos-de-crs-espacos-de-coordenadas-ordem-de-eixos-precisao-unidad.md,ADR-003/ADR-004/ADR-005/ADR-006/ADR-007/ADR-008/ADR-010/ADR-011/ADR-041/ADR-042/ADR-043,AC-ISSUE-0093-01/AC-ISSUE-0093-02/AC-ISSUE-0093-03/AC-ISSUE-0093-04/AC-ISSUE-0093-05/AC-ISSUE-0093-06,PASS,PASS,PASS,PASS,HIGH
ISSUE-0094,Epic delivery envelope,planned,EPIC-094,SPRINT-007,BC-006,Georreferenciamento,Geoprocessamento,ISSUE-0094-registry-e-transformacoes-de-crs.md,ADR-003/ADR-004/ADR-005/ADR-006/ADR-007/ADR-008/ADR-010/ADR-011/ADR-041/ADR-042/ADR-043,AC-ISSUE-0094-01/AC-ISSUE-0094-02/AC-ISSUE-0094-03/AC-ISSUE-0094-04/AC-ISSUE-0094-05/AC-ISSUE-0094-06,PASS,PASS,PASS,PASS,HIGH
ISSUE-0095,Epic delivery envelope,planned,EPIC-095,SPRINT-007,BC-006,Georreferenciamento,Geoprocessamento,ISSUE-0095-validade-raster-explicita.md,ADR-003/ADR-004/ADR-005/ADR-006/ADR-007/ADR-008/ADR-010/ADR-011/ADR-041/ADR-042/ADR-043/ADR-049,AC-ISSUE-0095-01/AC-ISSUE-0095-02/AC-ISSUE-0095-03/AC-ISSUE-0095-04/AC-ISSUE-0095-05/AC-ISSUE-0095-06,PASS,PASS,PASS,PASS,HIGH
ISSUE-0096,Epic delivery envelope,planned,EPIC-096,SPRINT-007,BC-006,Georreferenciamento,Geoprocessamento,ISSUE-0096-seletor-e-validador-de-crs.md,ADR-003/ADR-004/ADR-005/ADR-006/ADR-007/ADR-008/ADR-010/ADR-011/ADR-025/ADR-034/ADR-041/ADR-042/ADR-043,AC-ISSUE-0096-01/AC-ISSUE-0096-02/AC-ISSUE-0096-03/AC-ISSUE-0096-04/AC-ISSUE-0096-05/AC-ISSUE-0096-06,PASS,PASS,PASS,PASS,HIGH
ISSUE-0097,Epic delivery envelope,planned,EPIC-097,SPRINT-007,BC-006,Georreferenciamento,Geoprocessamento,ISSUE-0097-grade-resolucao-e-reamostragem.md,ADR-003/ADR-004/ADR-005/ADR-006/ADR-007/ADR-008/ADR-010/ADR-011/ADR-040/ADR-041/ADR-042/ADR-043/ADR-049,AC-ISSUE-0097-01/AC-ISSUE-0097-02/AC-ISSUE-0097-03/AC-ISSUE-0097-04/AC-ISSUE-0097-05/AC-ISSUE-0097-06,PASS,PASS,PASS,PASS,HIGH
ISSUE-0098,Epic delivery envelope,planned,EPIC-098,SPRINT-007,BC-008,Mosaico Relativo,Geoprocessamento,ISSUE-0098-mosaico-relativo-de-recuperacao.md,ADR-003/ADR-004/ADR-005/ADR-006/ADR-007/ADR-008/ADR-010/ADR-011/ADR-036/ADR-040/ADR-041/ADR-042/ADR-043/ADR-044/ADR-049/ADR-050,AC-ISSUE-0098-01/AC-ISSUE-0098-02/AC-ISSUE-0098-03/AC-ISSUE-0098-04/AC-ISSUE-0098-05/AC-ISSUE-0098-06,PASS,PASS,PASS,PASS,HIGH
ISSUE-0099,Epic delivery envelope,planned,EPIC-099,SPRINT-008,BC-008,Mosaico Relativo,Geoprocessamento,ISSUE-0099-ancoragem-e-recuperacao-a-partir-do-mosaico-relativo.md,ADR-003/ADR-004/ADR-005/ADR-006/ADR-007/ADR-008/ADR-010/ADR-011/ADR-041/ADR-042/ADR-043/ADR-045/ADR-049/ADR-050,AC-ISSUE-0099-01/AC-ISSUE-0099-02/AC-ISSUE-0099-03/AC-ISSUE-0099-04/AC-ISSUE-0099-05/AC-ISSUE-0099-06,PASS,PASS,PASS,PASS,HIGH
ISSUE-0100,Epic delivery envelope,planned,EPIC-100,SPRINT-008,BC-008,Mosaico Relativo,Geoprocessamento,ISSUE-0100-workspace-e-lifecycle-de-ancoras.md,ADR-003/ADR-004/ADR-005/ADR-006/ADR-007/ADR-008/ADR-010/ADR-011/ADR-041/ADR-042/ADR-043/ADR-048/ADR-049/ADR-055,AC-ISSUE-0100-01/AC-ISSUE-0100-02/AC-ISSUE-0100-03/AC-ISSUE-0100-04/AC-ISSUE-0100-05/AC-ISSUE-0100-06,PASS,PASS,PASS,PASS,CRITICAL
ISSUE-0101,Epic delivery envelope,planned,EPIC-101,SPRINT-008,BC-008,Mosaico Relativo,Geoprocessamento,ISSUE-0101-relative-mosaic-verifier-e-promotion-lifecycle.md,ADR-003/ADR-004/ADR-005/ADR-006/ADR-007/ADR-008/ADR-010/ADR-011/ADR-041/ADR-042/ADR-043/ADR-050,AC-ISSUE-0101-01/AC-ISSUE-0101-02/AC-ISSUE-0101-03/AC-ISSUE-0101-04/AC-ISSUE-0101-05/AC-ISSUE-0101-06,PASS,PASS,PASS,PASS,HIGH
ISSUE-0102,Epic delivery envelope,planned,EPIC-102,SPRINT-008,BC-008,Mosaico Relativo,Geoprocessamento,ISSUE-0102-relatorios-visualizacao-e-exports-do-mosaico-relativo.md,ADR-003/ADR-004/ADR-005/ADR-006/ADR-007/ADR-008/ADR-010/ADR-011/ADR-041/ADR-042/ADR-043/ADR-050,AC-ISSUE-0102-01/AC-ISSUE-0102-02/AC-ISSUE-0102-03/AC-ISSUE-0102-04/AC-ISSUE-0102-05/AC-ISSUE-0102-06,PASS,PASS,PASS,PASS,HIGH
ISSUE-0103,Epic delivery envelope,planned,EPIC-103,SPRINT-008,BC-008,Mosaico Relativo,Geoprocessamento,ISSUE-0103-budgets-persistencia-e-materializacao-do-mosaico-relativo.md,ADR-003/ADR-004/ADR-005/ADR-006/ADR-007/ADR-008/ADR-009/ADR-010/ADR-011/ADR-036/ADR-039/ADR-041/ADR-042/ADR-043,AC-ISSUE-0103-01/AC-ISSUE-0103-02/AC-ISSUE-0103-03/AC-ISSUE-0103-04/AC-ISSUE-0103-05/AC-ISSUE-0103-06,PASS,PASS,PASS,PASS,HIGH
ISSUE-0104,Epic delivery envelope,planned,EPIC-104,SPRINT-004,BC-010,Orquestração de Jobs e Recursos,Backend,ISSUE-0104-snapshots-replay-e-bundles-do-scheduler.md,ADR-003/ADR-004/ADR-005/ADR-006/ADR-007/ADR-008/ADR-009/ADR-010/ADR-011/ADR-016/ADR-033/ADR-034/ADR-037/ADR-053,AC-ISSUE-0104-01/AC-ISSUE-0104-02/AC-ISSUE-0104-03/AC-ISSUE-0104-04/AC-ISSUE-0104-05/AC-ISSUE-0104-06,PASS,PASS,PASS,PASS,CRITICAL
ISSUE-0105,Epic delivery envelope,planned,EPIC-105,SPRINT-010,BC-013,"Artifacts, Proveniência e Lifecycle",Backend,ISSUE-0105-registry-de-schemas-e-compatibilidade-de-artifacts.md,ADR-003/ADR-004/ADR-005/ADR-006/ADR-007/ADR-008/ADR-010/ADR-011/ADR-016/ADR-030/ADR-031/ADR-032/ADR-035/ADR-053,AC-ISSUE-0105-01/AC-ISSUE-0105-02/AC-ISSUE-0105-03/AC-ISSUE-0105-04/AC-ISSUE-0105-05/AC-ISSUE-0105-06,PASS,PASS,PASS,PASS,CRITICAL
ISSUE-0106,Epic delivery envelope,planned,EPIC-106,SPRINT-012,BC-015,"Release, Instalação e Supply Chain",DevOps,ISSUE-0106-migrations-compativeis-upgrade-e-downgrade-seguro.md,ADR-003/ADR-004/ADR-005/ADR-006/ADR-007/ADR-008/ADR-009/ADR-010/ADR-011/ADR-016/ADR-026/ADR-030/ADR-031/ADR-032/ADR-033/ADR-034/ADR-035,AC-ISSUE-0106-01/AC-ISSUE-0106-02/AC-ISSUE-0106-03/AC-ISSUE-0106-04/AC-ISSUE-0106-05/AC-ISSUE-0106-06,PASS,PASS,PASS,PASS,CRITICAL
ISSUE-0107,Epic delivery envelope,planned,EPIC-107,SPRINT-012,BC-015,"Release, Instalação e Supply Chain",DevOps,ISSUE-0107-controlador-e-rollout-coordenado-de-upgrades.md,ADR-003/ADR-004/ADR-005/ADR-006/ADR-007/ADR-008/ADR-009/ADR-010/ADR-011/ADR-016/ADR-026/ADR-030/ADR-031/ADR-032/ADR-033/ADR-034/ADR-035,AC-ISSUE-0107-01/AC-ISSUE-0107-02/AC-ISSUE-0107-03/AC-ISSUE-0107-04/AC-ISSUE-0107-05/AC-ISSUE-0107-06,PASS,PASS,PASS,PASS,CRITICAL
ISSUE-0108,Epic delivery envelope,planned,EPIC-108,SPRINT-012,BC-015,"Release, Instalação e Supply Chain",DevOps,ISSUE-0108-instalador-bootstrap-readiness-e-suporte-diagnostico.md,ADR-003/ADR-004/ADR-005/ADR-006/ADR-007/ADR-008/ADR-009/ADR-010/ADR-011/ADR-016/ADR-030/ADR-031/ADR-032/ADR-033/ADR-034,AC-ISSUE-0108-01/AC-ISSUE-0108-02/AC-ISSUE-0108-03/AC-ISSUE-0108-04/AC-ISSUE-0108-05/AC-ISSUE-0108-06,PASS,PASS,PASS,PASS,CRITICAL
ISSUE-0109,Epic delivery envelope,planned,EPIC-109,SPRINT-012,BC-015,"Release, Instalação e Supply Chain",Reviewer,ISSUE-0109-licenciamento-contribuicao-rights-manifests-e-citacao.md,ADR-003/ADR-004/ADR-005/ADR-006/ADR-007/ADR-008/ADR-009/ADR-010/ADR-011/ADR-016/ADR-030/ADR-031/ADR-032/ADR-033/ADR-034,AC-ISSUE-0109-01/AC-ISSUE-0109-02/AC-ISSUE-0109-03/AC-ISSUE-0109-04/AC-ISSUE-0109-05/AC-ISSUE-0109-06,PASS,PASS,PASS,PASS,CRITICAL
ISSUE-0110,Epic delivery envelope,planned,EPIC-110,SPRINT-001,BC-001,Governança de Engenharia e Entrega,Tech Lead,ISSUE-0110-governanca-continua-do-backlog-e-decomposicao-de-epicos-em-historias-i.md,ADR-003/ADR-006/ADR-007/ADR-008/ADR-009/ADR-010/ADR-011/ADR-012/ADR-016/ADR-022/ADR-033/ADR-034/ADR-035/ADR-037/ADR-038/ADR-040/ADR-043/ADR-050/ADR-053,AC-ISSUE-0110-01/AC-ISSUE-0110-02/AC-ISSUE-0110-03/AC-ISSUE-0110-04/AC-ISSUE-0110-05/AC-ISSUE-0110-06,PASS,PASS,PASS,PASS,CRITICAL
ISSUE-0111,Implementable story,done,EPIC-001,SPRINT-001,BC-001,Governança de Engenharia e Entrega,Arquiteto,STORY-0001-ISSUE-0111-definir-escopo-contratos-e-invariantes-governanca-de-decisoes-arquiteturai.md,ADR-003/ADR-006/ADR-007/ADR-008/ADR-010/ADR-011/ADR-012,AC-ISSUE-0111-01/AC-ISSUE-0111-02/AC-ISSUE-0111-03/AC-ISSUE-0111-04,PASS,PASS,PASS,PASS,HIGH
ISSUE-0112,Implementable story,planned,EPIC-001,SPRINT-001,BC-001,Governança de Engenharia e Entrega,Tech Lead,STORY-0002-ISSUE-0112-materializar-a-fundacao-executavel-governanca-de-decisoes-arquiteturais-e.md,ADR-003/ADR-006/ADR-007/ADR-008,AC-ISSUE-0112-01/AC-ISSUE-0112-02/AC-ISSUE-0112-03/AC-ISSUE-0112-04,PASS,PASS,PASS,PASS,MEDIUM
ISSUE-0113,Implementable story,in-progress,EPIC-001,SPRINT-001,BC-001,Governança de Engenharia e Entrega,DevOps,STORY-0003-ISSUE-0113-automatizar-validacoes-e-controles-governanca-de-decisoes-arquiteturais-e.md,ADR-003/ADR-006/ADR-007/ADR-008/ADR-009/ADR-033/ADR-034,AC-ISSUE-0113-01/AC-ISSUE-0113-02/AC-ISSUE-0113-03/AC-ISSUE-0113-04,PASS,PASS,PASS,PASS,CRITICAL
ISSUE-0114,Implementable story,planned,EPIC-001,SPRINT-001,BC-001,Governança de Engenharia e Entrega,Tech Lead,STORY-0004-ISSUE-0114-integrar-a-capacidade-ao-fluxo-do-repositorio-governanca-de-decisoes-arqui.md,ADR-003/ADR-006/ADR-007/ADR-008,AC-ISSUE-0114-01/AC-ISSUE-0114-02/AC-ISSUE-0114-03/AC-ISSUE-0114-04,PASS,PASS,PASS,PASS,MEDIUM
ISSUE-0115,Implementable story,planned,EPIC-001,SPRINT-001,BC-001,Governança de Engenharia e Entrega,Reviewer,STORY-0005-ISSUE-0115-validar-evidencia-e-realizar-auditoria-final-governanca-de-decisoes-arquit.md,ADR-003/ADR-006/ADR-007/ADR-008,AC-ISSUE-0115-01/AC-ISSUE-0115-02/AC-ISSUE-0115-03/AC-ISSUE-0115-04,PASS,PASS,PASS,PASS,MEDIUM
ISSUE-0116,Implementable story,planned,EPIC-002,SPRINT-001,BC-001,Governança de Engenharia e Entrega,Arquiteto,STORY-0006-ISSUE-0116-definir-escopo-contratos-e-invariantes-repositorio-privado-project-central.md,ADR-003/ADR-004/ADR-005/ADR-006/ADR-007/ADR-008,AC-ISSUE-0116-01/AC-ISSUE-0116-02/AC-ISSUE-0116-03/AC-ISSUE-0116-04,PASS,PASS,PASS,PASS,MEDIUM
ISSUE-0117,Implementable story,planned,EPIC-002,SPRINT-001,BC-001,Governança de Engenharia e Entrega,Tech Lead,STORY-0007-ISSUE-0117-materializar-a-fundacao-executavel-repositorio-privado-project-central-vie.md,ADR-003/ADR-004/ADR-005/ADR-006/ADR-007/ADR-008,AC-ISSUE-0117-01/AC-ISSUE-0117-02/AC-ISSUE-0117-03/AC-ISSUE-0117-04,PASS,PASS,PASS,PASS,MEDIUM
ISSUE-0118,Implementable story,planned,EPIC-002,SPRINT-001,BC-001,Governança de Engenharia e Entrega,DevOps,STORY-0008-ISSUE-0118-automatizar-validacoes-e-controles-repositorio-privado-project-central-vie.md,ADR-003/ADR-004/ADR-005/ADR-006/ADR-007/ADR-008/ADR-009/ADR-033/ADR-034,AC-ISSUE-0118-01/AC-ISSUE-0118-02/AC-ISSUE-0118-03/AC-ISSUE-0118-04,PASS,PASS,PASS,PASS,CRITICAL
ISSUE-0119,Implementable story,planned,EPIC-002,SPRINT-001,BC-001,Governança de Engenharia e Entrega,Tech Lead,STORY-0009-ISSUE-0119-integrar-a-capacidade-ao-fluxo-do-repositorio-repositorio-privado-project.md,ADR-003/ADR-004/ADR-005/ADR-006/ADR-007/ADR-008/ADR-042/ADR-044/ADR-045,AC-ISSUE-0119-01/AC-ISSUE-0119-02/AC-ISSUE-0119-03/AC-ISSUE-0119-04,PASS,PASS,PASS,PASS,MEDIUM
ISSUE-0120,Implementable story,planned,EPIC-002,SPRINT-001,BC-001,Governança de Engenharia e Entrega,Reviewer,STORY-0010-ISSUE-0120-validar-evidencia-e-realizar-auditoria-final-repositorio-privado-project-c.md,ADR-003/ADR-004/ADR-005/ADR-006/ADR-007/ADR-008,AC-ISSUE-0120-01/AC-ISSUE-0120-02/AC-ISSUE-0120-03/AC-ISSUE-0120-04,PASS,PASS,PASS,PASS,MEDIUM
ISSUE-0121,Implementable story,planned,EPIC-003,SPRINT-001,BC-001,Governança de Engenharia e Entrega,Arquiteto,STORY-0011-ISSUE-0121-definir-escopo-contratos-e-invariantes-monorepo-greenfield-com-cli-api-web.md,ADR-003/ADR-006/ADR-007/ADR-008/ADR-010/ADR-011/ADR-014,AC-ISSUE-0121-01/AC-ISSUE-0121-02/AC-ISSUE-0121-03/AC-ISSUE-0121-04,PASS,PASS,PASS,PASS,HIGH
ISSUE-0122,Implementable story,planned,EPIC-003,SPRINT-001,BC-001,Governança de Engenharia e Entrega,Tech Lead,STORY-0012-ISSUE-0122-materializar-a-fundacao-executavel-monorepo-greenfield-com-cli-api-web-min.md,ADR-001/ADR-003/ADR-006/ADR-007/ADR-008/ADR-010/ADR-011/ADR-014,AC-ISSUE-0122-01/AC-ISSUE-0122-02/AC-ISSUE-0122-03/AC-ISSUE-0122-04,PASS,PASS,PASS,PASS,MEDIUM
ISSUE-0123,Implementable story,planned,EPIC-003,SPRINT-001,BC-001,Governança de Engenharia e Entrega,DevOps,STORY-0013-ISSUE-0123-automatizar-validacoes-e-controles-monorepo-greenfield-com-cli-api-web-min.md,ADR-003/ADR-006/ADR-007/ADR-008/ADR-009/ADR-010/ADR-011/ADR-033/ADR-034,AC-ISSUE-0123-01/AC-ISSUE-0123-02/AC-ISSUE-0123-03/AC-ISSUE-0123-04,PASS,PASS,PASS,PASS,CRITICAL
ISSUE-0124,Implementable story,planned,EPIC-003,SPRINT-001,BC-001,Governança de Engenharia e Entrega,Tech Lead,STORY-0014-ISSUE-0124-integrar-a-capacidade-ao-fluxo-do-repositorio-monorepo-greenfield-com-cli.md,ADR-003/ADR-006/ADR-007/ADR-008/ADR-010/ADR-011,AC-ISSUE-0124-01/AC-ISSUE-0124-02/AC-ISSUE-0124-03/AC-ISSUE-0124-04,PASS,PASS,PASS,PASS,MEDIUM
ISSUE-0125,Implementable story,planned,EPIC-003,SPRINT-001,BC-001,Governança de Engenharia e Entrega,Reviewer,STORY-0015-ISSUE-0125-validar-evidencia-e-realizar-auditoria-final-monorepo-greenfield-com-cli-a.md,ADR-003/ADR-006/ADR-007/ADR-008/ADR-010/ADR-011,AC-ISSUE-0125-01/AC-ISSUE-0125-02/AC-ISSUE-0125-03/AC-ISSUE-0125-04,PASS,PASS,PASS,PASS,MEDIUM
ISSUE-0126,Implementable story,planned,EPIC-004,SPRINT-001,BC-001,Governança de Engenharia e Entrega,Arquiteto,STORY-0016-ISSUE-0126-definir-escopo-contratos-e-invariantes-openapi-cliente-typescript-e-contra.md,ADR-003/ADR-005/ADR-006/ADR-007/ADR-008/ADR-010/ADR-011/ADR-013/ADR-014/ADR-015/ADR-021/ADR-023/ADR-055,AC-ISSUE-0126-01/AC-ISSUE-0126-02/AC-ISSUE-0126-03/AC-ISSUE-0126-04,PASS,PASS,PASS,PASS,CRITICAL
ISSUE-0127,Implementable story,planned,EPIC-004,SPRINT-001,BC-001,Governança de Engenharia e Entrega,Tech Lead,STORY-0017-ISSUE-0127-materializar-a-fundacao-executavel-openapi-cliente-typescript-e-contratos.md,ADR-003/ADR-005/ADR-006/ADR-007/ADR-008/ADR-010/ADR-011/ADR-013/ADR-014/ADR-015/ADR-021/ADR-023/ADR-055,AC-ISSUE-0127-01/AC-ISSUE-0127-02/AC-ISSUE-0127-03/AC-ISSUE-0127-04,PASS,PASS,PASS,PASS,CRITICAL
ISSUE-0128,Implementable story,planned,EPIC-004,SPRINT-001,BC-001,Governança de Engenharia e Entrega,DevOps,STORY-0018-ISSUE-0128-automatizar-validacoes-e-controles-openapi-cliente-typescript-e-contratos.md,ADR-003/ADR-005/ADR-006/ADR-007/ADR-008/ADR-009/ADR-010/ADR-011/ADR-013/ADR-014/ADR-015/ADR-021/ADR-023/ADR-033/ADR-034/ADR-055,AC-ISSUE-0128-01/AC-ISSUE-0128-02/AC-ISSUE-0128-03/AC-ISSUE-0128-04,PASS,PASS,PASS,PASS,CRITICAL
ISSUE-0129,Implementable story,planned,EPIC-004,SPRINT-001,BC-001,Governança de Engenharia e Entrega,Tech Lead,STORY-0019-ISSUE-0129-integrar-a-capacidade-ao-fluxo-do-repositorio-openapi-cliente-typescript-e.md,ADR-003/ADR-005/ADR-006/ADR-007/ADR-008/ADR-010/ADR-011/ADR-013/ADR-014/ADR-015/ADR-021/ADR-023/ADR-045/ADR-055,AC-ISSUE-0129-01/AC-ISSUE-0129-02/AC-ISSUE-0129-03/AC-ISSUE-0129-04,PASS,PASS,PASS,PASS,CRITICAL
ISSUE-0130,Implementable story,planned,EPIC-004,SPRINT-001,BC-001,Governança de Engenharia e Entrega,Reviewer,STORY-0020-ISSUE-0130-validar-evidencia-e-realizar-auditoria-final-openapi-cliente-typescript-e.md,ADR-003/ADR-005/ADR-006/ADR-007/ADR-008/ADR-010/ADR-011/ADR-013/ADR-014/ADR-015/ADR-021/ADR-023/ADR-055,AC-ISSUE-0130-01/AC-ISSUE-0130-02/AC-ISSUE-0130-03/AC-ISSUE-0130-04,PASS,PASS,PASS,PASS,CRITICAL
ISSUE-0131,Implementable story,planned,EPIC-005,SPRINT-001,BC-001,Governança de Engenharia e Entrega,Arquiteto,STORY-0021-ISSUE-0131-definir-escopo-contratos-e-invariantes-migrations-ci-secret-dependency-sca.md,ADR-003/ADR-006/ADR-007/ADR-008/ADR-018/ADR-023/ADR-024/ADR-026,AC-ISSUE-0131-01/AC-ISSUE-0131-02/AC-ISSUE-0131-03/AC-ISSUE-0131-04,PASS,PASS,PASS,PASS,HIGH
ISSUE-0132,Implementable story,planned,EPIC-005,SPRINT-001,BC-001,Governança de Engenharia e Entrega,Tech Lead,STORY-0022-ISSUE-0132-materializar-a-fundacao-executavel-migrations-ci-secret-dependency-scan-e.md,ADR-003/ADR-006/ADR-007/ADR-008/ADR-018/ADR-023/ADR-024/ADR-026,AC-ISSUE-0132-01/AC-ISSUE-0132-02/AC-ISSUE-0132-03/AC-ISSUE-0132-04,PASS,PASS,PASS,PASS,HIGH
ISSUE-0133,Implementable story,planned,EPIC-005,SPRINT-001,BC-001,Governança de Engenharia e Entrega,DevOps,STORY-0023-ISSUE-0133-automatizar-validacoes-e-controles-migrations-ci-secret-dependency-scan-e.md,ADR-003/ADR-006/ADR-007/ADR-008/ADR-009/ADR-018/ADR-023/ADR-024/ADR-026/ADR-033/ADR-034,AC-ISSUE-0133-01/AC-ISSUE-0133-02/AC-ISSUE-0133-03/AC-ISSUE-0133-04,PASS,PASS,PASS,PASS,CRITICAL
ISSUE-0134,Implementable story,planned,EPIC-005,SPRINT-001,BC-001,Governança de Engenharia e Entrega,Tech Lead,STORY-0024-ISSUE-0134-integrar-a-capacidade-ao-fluxo-do-repositorio-migrations-ci-secret-depende.md,ADR-003/ADR-006/ADR-007/ADR-008/ADR-018/ADR-023/ADR-024/ADR-026/ADR-038/ADR-039/ADR-045,AC-ISSUE-0134-01/AC-ISSUE-0134-02/AC-ISSUE-0134-03/AC-ISSUE-0134-04,PASS,PASS,PASS,PASS,HIGH
ISSUE-0135,Implementable story,planned,EPIC-005,SPRINT-001,BC-001,Governança de Engenharia e Entrega,Reviewer,STORY-0025-ISSUE-0135-validar-evidencia-e-realizar-auditoria-final-migrations-ci-secret-dependen.md,ADR-003/ADR-006/ADR-007/ADR-008/ADR-018/ADR-023/ADR-024/ADR-026,AC-ISSUE-0135-01/AC-ISSUE-0135-02/AC-ISSUE-0135-03/AC-ISSUE-0135-04,PASS,PASS,PASS,PASS,HIGH
ISSUE-0136,Implementable story,planned,EPIC-006,SPRINT-001,BC-001,Governança de Engenharia e Entrega,Arquiteto,STORY-0026-ISSUE-0136-definir-escopo-contratos-e-invariantes-catalogo-de-conhecimento-tecnico-e.md,ADR-003/ADR-006/ADR-007/ADR-008/ADR-010/ADR-011,AC-ISSUE-0136-01/AC-ISSUE-0136-02/AC-ISSUE-0136-03/AC-ISSUE-0136-04,PASS,PASS,PASS,PASS,HIGH
ISSUE-0137,Implementable story,planned,EPIC-006,SPRINT-001,BC-001,Governança de Engenharia e Entrega,Tech Lead,STORY-0027-ISSUE-0137-materializar-a-fundacao-executavel-catalogo-de-conhecimento-tecnico-e-deco.md,ADR-003/ADR-006/ADR-007/ADR-008/ADR-051/ADR-053,AC-ISSUE-0137-01/AC-ISSUE-0137-02/AC-ISSUE-0137-03/AC-ISSUE-0137-04,PASS,PASS,PASS,PASS,CRITICAL
ISSUE-0138,Implementable story,planned,EPIC-006,SPRINT-001,BC-001,Governança de Engenharia e Entrega,DevOps,STORY-0028-ISSUE-0138-automatizar-validacoes-e-controles-catalogo-de-conhecimento-tecnico-e-deco.md,ADR-003/ADR-006/ADR-007/ADR-008/ADR-009/ADR-033/ADR-034,AC-ISSUE-0138-01/AC-ISSUE-0138-02/AC-ISSUE-0138-03/AC-ISSUE-0138-04,PASS,PASS,PASS,PASS,CRITICAL
ISSUE-0139,Implementable story,planned,EPIC-006,SPRINT-001,BC-001,Governança de Engenharia e Entrega,Tech Lead,STORY-0029-ISSUE-0139-integrar-a-capacidade-ao-fluxo-do-repositorio-catalogo-de-conhecimento-tec.md,ADR-003/ADR-006/ADR-007/ADR-008,AC-ISSUE-0139-01/AC-ISSUE-0139-02/AC-ISSUE-0139-03/AC-ISSUE-0139-04,PASS,PASS,PASS,PASS,MEDIUM
ISSUE-0140,Implementable story,planned,EPIC-006,SPRINT-001,BC-001,Governança de Engenharia e Entrega,Reviewer,STORY-0030-ISSUE-0140-validar-evidencia-e-realizar-auditoria-final-catalogo-de-conhecimento-tecn.md,ADR-003/ADR-006/ADR-007/ADR-008,AC-ISSUE-0140-01/AC-ISSUE-0140-02/AC-ISSUE-0140-03/AC-ISSUE-0140-04,PASS,PASS,PASS,PASS,MEDIUM
ISSUE-0141,Implementable story,planned,EPIC-007,SPRINT-001,BC-001,Governança de Engenharia e Entrega,Arquiteto,STORY-0031-ISSUE-0141-definir-escopo-contratos-e-invariantes-license-citation-cff-contribuicao-d.md,ADR-003/ADR-006/ADR-007/ADR-008/ADR-010/ADR-011,AC-ISSUE-0141-01/AC-ISSUE-0141-02/AC-ISSUE-0141-03/AC-ISSUE-0141-04,PASS,PASS,PASS,PASS,HIGH
ISSUE-0142,Implementable story,planned,EPIC-007,SPRINT-001,BC-001,Governança de Engenharia e Entrega,Tech Lead,STORY-0032-ISSUE-0142-materializar-a-fundacao-executavel-license-citation-cff-contribuicao-dco-c.md,ADR-002/ADR-003/ADR-006/ADR-007/ADR-008/ADR-037/ADR-056/ADR-057,AC-ISSUE-0142-01/AC-ISSUE-0142-02/AC-ISSUE-0142-03/AC-ISSUE-0142-04,PASS,PASS,PASS,PASS,CRITICAL
ISSUE-0143,Implementable story,planned,EPIC-007,SPRINT-001,BC-001,Governança de Engenharia e Entrega,DevOps,STORY-0033-ISSUE-0143-automatizar-validacoes-e-controles-license-citation-cff-contribuicao-dco-c.md,ADR-003/ADR-006/ADR-007/ADR-008/ADR-009/ADR-033/ADR-034,AC-ISSUE-0143-01/AC-ISSUE-0143-02/AC-ISSUE-0143-03/AC-ISSUE-0143-04,PASS,PASS,PASS,PASS,CRITICAL
ISSUE-0144,Implementable story,planned,EPIC-007,SPRINT-001,BC-001,Governança de Engenharia e Entrega,Tech Lead,STORY-0034-ISSUE-0144-integrar-a-capacidade-ao-fluxo-do-repositorio-license-citation-cff-contrib.md,ADR-003/ADR-006/ADR-007/ADR-008,AC-ISSUE-0144-01/AC-ISSUE-0144-02/AC-ISSUE-0144-03/AC-ISSUE-0144-04,PASS,PASS,PASS,PASS,MEDIUM
ISSUE-0145,Implementable story,planned,EPIC-007,SPRINT-001,BC-001,Governança de Engenharia e Entrega,Reviewer,STORY-0035-ISSUE-0145-validar-evidencia-e-realizar-auditoria-final-license-citation-cff-contribu.md,ADR-003/ADR-006/ADR-007/ADR-008,AC-ISSUE-0145-01/AC-ISSUE-0145-02/AC-ISSUE-0145-03/AC-ISSUE-0145-04,PASS,PASS,PASS,PASS,MEDIUM
ISSUE-0146,Implementable story,planned,EPIC-008,SPRINT-002,BC-002,Identidade e Controle de Acesso,Arquiteto,STORY-0036-ISSUE-0146-definir-politica-estados-e-contratos-contas-locais-bootstrap-unico-sessoes.md,ADR-003/ADR-005/ADR-006/ADR-007/ADR-008/ADR-010/ADR-011/ADR-014/ADR-016/ADR-031,AC-ISSUE-0146-01/AC-ISSUE-0146-02/AC-ISSUE-0146-03/AC-ISSUE-0146-04,PASS,PASS,PASS,PASS,CRITICAL
ISSUE-0147,Implementable story,planned,EPIC-008,SPRINT-002,BC-002,Identidade e Controle de Acesso,Backend,STORY-0037-ISSUE-0147-implementar-dominio-e-persistencia-contas-locais-bootstrap-unico-sessoes-t.md,ADR-003/ADR-005/ADR-006/ADR-007/ADR-008/ADR-016/ADR-018/ADR-019,AC-ISSUE-0147-01/AC-ISSUE-0147-02/AC-ISSUE-0147-03/AC-ISSUE-0147-04,PASS,PASS,PASS,PASS,HIGH
ISSUE-0148,Implementable story,planned,EPIC-008,SPRINT-002,BC-002,Identidade e Controle de Acesso,Frontend,STORY-0038-ISSUE-0148-expor-administracao-e-fluxos-de-uso-contas-locais-bootstrap-unico-sessoes.md,ADR-003/ADR-005/ADR-006/ADR-007/ADR-008/ADR-010/ADR-011/ADR-014/ADR-016,AC-ISSUE-0148-01/AC-ISSUE-0148-02/AC-ISSUE-0148-03/AC-ISSUE-0148-04,PASS,PASS,PASS,PASS,HIGH
ISSUE-0149,Implementable story,planned,EPIC-008,SPRINT-002,BC-002,Identidade e Controle de Acesso,Security,STORY-0039-ISSUE-0149-validar-ameacas-autorizacao-e-falhas-contas-locais-bootstrap-unico-sessoes.md,ADR-003/ADR-005/ADR-006/ADR-007/ADR-008/ADR-030/ADR-031/ADR-032/ADR-034,AC-ISSUE-0149-01/AC-ISSUE-0149-02/AC-ISSUE-0149-03/AC-ISSUE-0149-04,PASS,PASS,PASS,PASS,CRITICAL
ISSUE-0150,Implementable story,planned,EPIC-008,SPRINT-002,BC-002,Identidade e Controle de Acesso,Reviewer,STORY-0040-ISSUE-0150-executar-qa-e-auditoria-final-contas-locais-bootstrap-unico-sessoes-tokens.md,ADR-003/ADR-005/ADR-006/ADR-007/ADR-008,AC-ISSUE-0150-01/AC-ISSUE-0150-02/AC-ISSUE-0150-03/AC-ISSUE-0150-04,PASS,PASS,PASS,PASS,MEDIUM
ISSUE-0151,Implementable story,planned,EPIC-009,SPRINT-002,BC-002,Identidade e Controle de Acesso,Arquiteto,STORY-0041-ISSUE-0151-definir-politica-estados-e-contratos-usuarios-e-papeis-da-instancia.md,ADR-003/ADR-005/ADR-006/ADR-007/ADR-008/ADR-010/ADR-011/ADR-014/ADR-016/ADR-031,AC-ISSUE-0151-01/AC-ISSUE-0151-02/AC-ISSUE-0151-03/AC-ISSUE-0151-04,PASS,PASS,PASS,PASS,CRITICAL
ISSUE-0152,Implementable story,planned,EPIC-009,SPRINT-002,BC-002,Identidade e Controle de Acesso,Backend,STORY-0042-ISSUE-0152-implementar-dominio-e-persistencia-usuarios-e-papeis-da-instancia.md,ADR-003/ADR-005/ADR-006/ADR-007/ADR-008/ADR-016/ADR-018/ADR-019,AC-ISSUE-0152-01/AC-ISSUE-0152-02/AC-ISSUE-0152-03/AC-ISSUE-0152-04,PASS,PASS,PASS,PASS,HIGH
ISSUE-0153,Implementable story,planned,EPIC-009,SPRINT-002,BC-002,Identidade e Controle de Acesso,Frontend,STORY-0043-ISSUE-0153-expor-administracao-e-fluxos-de-uso-usuarios-e-papeis-da-instancia.md,ADR-003/ADR-005/ADR-006/ADR-007/ADR-008/ADR-010/ADR-011/ADR-014/ADR-016,AC-ISSUE-0153-01/AC-ISSUE-0153-02/AC-ISSUE-0153-03/AC-ISSUE-0153-04,PASS,PASS,PASS,PASS,HIGH
ISSUE-0154,Implementable story,planned,EPIC-009,SPRINT-002,BC-002,Identidade e Controle de Acesso,Security,STORY-0044-ISSUE-0154-validar-ameacas-autorizacao-e-falhas-usuarios-e-papeis-da-instancia.md,ADR-003/ADR-005/ADR-006/ADR-007/ADR-008/ADR-030/ADR-031/ADR-032,AC-ISSUE-0154-01/AC-ISSUE-0154-02/AC-ISSUE-0154-03/AC-ISSUE-0154-04,PASS,PASS,PASS,PASS,CRITICAL
ISSUE-0155,Implementable story,planned,EPIC-009,SPRINT-002,BC-002,Identidade e Controle de Acesso,Reviewer,STORY-0045-ISSUE-0155-executar-qa-e-auditoria-final-usuarios-e-papeis-da-instancia.md,ADR-003/ADR-005/ADR-006/ADR-007/ADR-008,AC-ISSUE-0155-01/AC-ISSUE-0155-02/AC-ISSUE-0155-03/AC-ISSUE-0155-04,PASS,PASS,PASS,PASS,MEDIUM
ISSUE-0156,Implementable story,planned,EPIC-010,SPRINT-002,BC-002,Identidade e Controle de Acesso,Arquiteto,STORY-0046-ISSUE-0156-definir-politica-estados-e-contratos-autorizacao-por-projeto-operacao-arte.md,ADR-003/ADR-005/ADR-006/ADR-007/ADR-008/ADR-010/ADR-011/ADR-014/ADR-016/ADR-031/ADR-055,AC-ISSUE-0156-01/AC-ISSUE-0156-02/AC-ISSUE-0156-03/AC-ISSUE-0156-04,PASS,PASS,PASS,PASS,CRITICAL
ISSUE-0157,Implementable story,planned,EPIC-010,SPRINT-002,BC-002,Identidade e Controle de Acesso,Backend,STORY-0047-ISSUE-0157-implementar-dominio-e-persistencia-autorizacao-por-projeto-operacao-artefa.md,ADR-003/ADR-005/ADR-006/ADR-007/ADR-008/ADR-016/ADR-018/ADR-019/ADR-055,AC-ISSUE-0157-01/AC-ISSUE-0157-02/AC-ISSUE-0157-03/AC-ISSUE-0157-04,PASS,PASS,PASS,PASS,CRITICAL
ISSUE-0158,Implementable story,planned,EPIC-010,SPRINT-002,BC-002,Identidade e Controle de Acesso,Frontend,STORY-0048-ISSUE-0158-expor-administracao-e-fluxos-de-uso-autorizacao-por-projeto-operacao-artef.md,ADR-003/ADR-005/ADR-006/ADR-007/ADR-008/ADR-010/ADR-011/ADR-014/ADR-016/ADR-055,AC-ISSUE-0158-01/AC-ISSUE-0158-02/AC-ISSUE-0158-03/AC-ISSUE-0158-04,PASS,PASS,PASS,PASS,CRITICAL
ISSUE-0159,Implementable story,planned,EPIC-010,SPRINT-002,BC-002,Identidade e Controle de Acesso,Security,STORY-0049-ISSUE-0159-validar-ameacas-autorizacao-e-falhas-autorizacao-por-projeto-operacao-arte.md,ADR-003/ADR-005/ADR-006/ADR-007/ADR-008/ADR-030/ADR-031/ADR-032/ADR-055,AC-ISSUE-0159-01/AC-ISSUE-0159-02/AC-ISSUE-0159-03/AC-ISSUE-0159-04,PASS,PASS,PASS,PASS,CRITICAL
ISSUE-0160,Implementable story,planned,EPIC-010,SPRINT-002,BC-002,Identidade e Controle de Acesso,Reviewer,STORY-0050-ISSUE-0160-executar-qa-e-auditoria-final-autorizacao-por-projeto-operacao-artefato-e.md,ADR-003/ADR-005/ADR-006/ADR-007/ADR-008/ADR-055,AC-ISSUE-0160-01/AC-ISSUE-0160-02/AC-ISSUE-0160-03/AC-ISSUE-0160-04,PASS,PASS,PASS,PASS,CRITICAL
ISSUE-0161,Implementable story,planned,EPIC-011,SPRINT-002,BC-002,Identidade e Controle de Acesso,Arquiteto,STORY-0051-ISSUE-0161-definir-politica-estados-e-contratos-limites-idempotencia-audit-log-e-cont.md,ADR-003/ADR-005/ADR-006/ADR-007/ADR-008/ADR-010/ADR-011/ADR-014/ADR-016/ADR-017/ADR-031/ADR-055,AC-ISSUE-0161-01/AC-ISSUE-0161-02/AC-ISSUE-0161-03/AC-ISSUE-0161-04,PASS,PASS,PASS,PASS,CRITICAL
ISSUE-0162,Implementable story,planned,EPIC-011,SPRINT-002,BC-002,Identidade e Controle de Acesso,Backend,STORY-0052-ISSUE-0162-implementar-dominio-e-persistencia-limites-idempotencia-audit-log-e-contro.md,ADR-003/ADR-005/ADR-006/ADR-007/ADR-008/ADR-016/ADR-018/ADR-019/ADR-021/ADR-028/ADR-029/ADR-031/ADR-055,AC-ISSUE-0162-01/AC-ISSUE-0162-02/AC-ISSUE-0162-03/AC-ISSUE-0162-04,PASS,PASS,PASS,PASS,CRITICAL
ISSUE-0163,Implementable story,planned,EPIC-011,SPRINT-002,BC-002,Identidade e Controle de Acesso,Frontend,STORY-0053-ISSUE-0163-expor-administracao-e-fluxos-de-uso-limites-idempotencia-audit-log-e-contr.md,ADR-002/ADR-003/ADR-005/ADR-006/ADR-007/ADR-008/ADR-010/ADR-011/ADR-014/ADR-016,AC-ISSUE-0163-01/AC-ISSUE-0163-02/AC-ISSUE-0163-03/AC-ISSUE-0163-04,PASS,PASS,PASS,PASS,HIGH
ISSUE-0164,Implementable story,planned,EPIC-011,SPRINT-002,BC-002,Identidade e Controle de Acesso,Security,STORY-0054-ISSUE-0164-validar-ameacas-autorizacao-e-falhas-limites-idempotencia-audit-log-e-cont.md,ADR-003/ADR-005/ADR-006/ADR-007/ADR-008/ADR-030/ADR-031/ADR-032,AC-ISSUE-0164-01/AC-ISSUE-0164-02/AC-ISSUE-0164-03/AC-ISSUE-0164-04,PASS,PASS,PASS,PASS,CRITICAL
ISSUE-0165,Implementable story,planned,EPIC-011,SPRINT-002,BC-002,Identidade e Controle de Acesso,Reviewer,STORY-0055-ISSUE-0165-executar-qa-e-auditoria-final-limites-idempotencia-audit-log-e-controles-a.md,ADR-003/ADR-005/ADR-006/ADR-007/ADR-008,AC-ISSUE-0165-01/AC-ISSUE-0165-02/AC-ISSUE-0165-03/AC-ISSUE-0165-04,PASS,PASS,PASS,PASS,MEDIUM
ISSUE-0166,Implementable story,planned,EPIC-012,SPRINT-002,BC-003,"Projetos, Workspace e Assets",Arquiteto,STORY-0056-ISSUE-0166-definir-modelo-invariantes-e-contratos-de-dados-raizes-de-workspace-api-de.md,ADR-003/ADR-004/ADR-005/ADR-006/ADR-007/ADR-008/ADR-010/ADR-011/ADR-012/ADR-013/ADR-014/ADR-015/ADR-016/ADR-017/ADR-019/ADR-023/ADR-025/ADR-026/ADR-040/ADR-041/ADR-055,AC-ISSUE-0166-01/AC-ISSUE-0166-02/AC-ISSUE-0166-03/AC-ISSUE-0166-04,PASS,PASS,PASS,PASS,CRITICAL
ISSUE-0167,Implementable story,planned,EPIC-012,SPRINT-002,BC-003,"Projetos, Workspace e Assets",Backend,STORY-0057-ISSUE-0167-implementar-persistencia-e-migrations-raizes-de-workspace-api-de-navegacao.md,ADR-003/ADR-004/ADR-005/ADR-006/ADR-007/ADR-008/ADR-010/ADR-011/ADR-012/ADR-013/ADR-014/ADR-015/ADR-016/ADR-018/ADR-019/ADR-020/ADR-023/ADR-025/ADR-026/ADR-055,AC-ISSUE-0167-01/AC-ISSUE-0167-02/AC-ISSUE-0167-03/AC-ISSUE-0167-04,PASS,PASS,PASS,PASS,CRITICAL
ISSUE-0168,Implementable story,planned,EPIC-012,SPRINT-002,BC-003,"Projetos, Workspace e Assets",Backend,STORY-0058-ISSUE-0168-implementar-armazenamento-e-lifecycle-raizes-de-workspace-api-de-navegacao.md,ADR-003/ADR-004/ADR-005/ADR-006/ADR-007/ADR-008/ADR-010/ADR-011/ADR-012/ADR-013/ADR-014/ADR-015/ADR-016/ADR-018/ADR-019/ADR-020/ADR-023/ADR-025/ADR-026/ADR-055,AC-ISSUE-0168-01/AC-ISSUE-0168-02/AC-ISSUE-0168-03/AC-ISSUE-0168-04,PASS,PASS,PASS,PASS,CRITICAL
ISSUE-0169,Implementable story,planned,EPIC-012,SPRINT-002,BC-003,"Projetos, Workspace e Assets",Backend,STORY-0059-ISSUE-0169-expor-servicos-e-integrar-consumers-raizes-de-workspace-api-de-navegacao-s.md,ADR-003/ADR-004/ADR-005/ADR-006/ADR-007/ADR-008/ADR-010/ADR-011/ADR-012/ADR-013/ADR-014/ADR-015/ADR-016/ADR-018/ADR-019/ADR-020/ADR-023/ADR-025/ADR-026/ADR-055,AC-ISSUE-0169-01/AC-ISSUE-0169-02/AC-ISSUE-0169-03/AC-ISSUE-0169-04,PASS,PASS,PASS,PASS,CRITICAL
ISSUE-0170,Implementable story,planned,EPIC-012,SPRINT-002,BC-003,"Projetos, Workspace e Assets",Security,STORY-0060-ISSUE-0170-validar-seguranca-recuperacao-e-concorrencia-raizes-de-workspace-api-de-na.md,ADR-003/ADR-004/ADR-005/ADR-006/ADR-007/ADR-008/ADR-010/ADR-011/ADR-012/ADR-013/ADR-014/ADR-015/ADR-016/ADR-023/ADR-025/ADR-026/ADR-030/ADR-031/ADR-032/ADR-055,AC-ISSUE-0170-01/AC-ISSUE-0170-02/AC-ISSUE-0170-03/AC-ISSUE-0170-04,PASS,PASS,PASS,PASS,CRITICAL
ISSUE-0171,Implementable story,planned,EPIC-012,SPRINT-002,BC-003,"Projetos, Workspace e Assets",Reviewer,STORY-0061-ISSUE-0171-executar-qa-e-auditoria-final-raizes-de-workspace-api-de-navegacao-segura.md,ADR-003/ADR-004/ADR-005/ADR-006/ADR-007/ADR-008/ADR-010/ADR-011/ADR-012/ADR-013/ADR-014/ADR-015/ADR-016/ADR-023/ADR-025/ADR-026/ADR-055,AC-ISSUE-0171-01/AC-ISSUE-0171-02/AC-ISSUE-0171-03/AC-ISSUE-0171-04,PASS,PASS,PASS,PASS,CRITICAL
ISSUE-0172,Implementable story,planned,EPIC-013,SPRINT-002,BC-013,"Artifacts, Proveniência e Lifecycle",Arquiteto,STORY-0062-ISSUE-0172-definir-modelo-invariantes-e-contratos-de-dados-backup-restore-consistente.md,ADR-003/ADR-004/ADR-005/ADR-006/ADR-007/ADR-008/ADR-010/ADR-011/ADR-016/ADR-018/ADR-019/ADR-026/ADR-027/ADR-055,AC-ISSUE-0172-01/AC-ISSUE-0172-02/AC-ISSUE-0172-03/AC-ISSUE-0172-04,PASS,PASS,PASS,PASS,CRITICAL
ISSUE-0173,Implementable story,planned,EPIC-013,SPRINT-002,BC-013,"Artifacts, Proveniência e Lifecycle",Backend,STORY-0063-ISSUE-0173-implementar-persistencia-e-migrations-backup-restore-consistente-entre-ban.md,ADR-003/ADR-004/ADR-005/ADR-006/ADR-007/ADR-008/ADR-010/ADR-011/ADR-016/ADR-018/ADR-019/ADR-026/ADR-027/ADR-055,AC-ISSUE-0173-01/AC-ISSUE-0173-02/AC-ISSUE-0173-03/AC-ISSUE-0173-04,PASS,PASS,PASS,PASS,CRITICAL
ISSUE-0174,Implementable story,planned,EPIC-013,SPRINT-002,BC-013,"Artifacts, Proveniência e Lifecycle",Backend,STORY-0064-ISSUE-0174-implementar-armazenamento-e-lifecycle-backup-restore-consistente-entre-ban.md,ADR-003/ADR-004/ADR-005/ADR-006/ADR-007/ADR-008/ADR-010/ADR-011/ADR-016/ADR-018/ADR-019/ADR-026/ADR-027/ADR-055,AC-ISSUE-0174-01/AC-ISSUE-0174-02/AC-ISSUE-0174-03/AC-ISSUE-0174-04,PASS,PASS,PASS,PASS,CRITICAL
ISSUE-0175,Implementable story,planned,EPIC-013,SPRINT-002,BC-013,"Artifacts, Proveniência e Lifecycle",Backend,STORY-0065-ISSUE-0175-expor-servicos-e-integrar-consumers-backup-restore-consistente-entre-banco.md,ADR-003/ADR-004/ADR-005/ADR-006/ADR-007/ADR-008/ADR-010/ADR-011/ADR-016/ADR-018/ADR-019/ADR-026/ADR-027/ADR-055,AC-ISSUE-0175-01/AC-ISSUE-0175-02/AC-ISSUE-0175-03/AC-ISSUE-0175-04,PASS,PASS,PASS,PASS,CRITICAL
ISSUE-0176,Implementable story,planned,EPIC-013,SPRINT-002,BC-013,"Artifacts, Proveniência e Lifecycle",Security,STORY-0066-ISSUE-0176-validar-seguranca-recuperacao-e-concorrencia-backup-restore-consistente-en.md,ADR-003/ADR-004/ADR-005/ADR-006/ADR-007/ADR-008/ADR-010/ADR-011/ADR-016/ADR-018/ADR-019/ADR-026/ADR-027/ADR-030/ADR-031/ADR-032/ADR-055,AC-ISSUE-0176-01/AC-ISSUE-0176-02/AC-ISSUE-0176-03/AC-ISSUE-0176-04,PASS,PASS,PASS,PASS,CRITICAL
ISSUE-0177,Implementable story,planned,EPIC-013,SPRINT-002,BC-013,"Artifacts, Proveniência e Lifecycle",Reviewer,STORY-0067-ISSUE-0177-executar-qa-e-auditoria-final-backup-restore-consistente-entre-banco-e-arq.md,ADR-003/ADR-004/ADR-005/ADR-006/ADR-007/ADR-008/ADR-010/ADR-011/ADR-016/ADR-018/ADR-019/ADR-026/ADR-027/ADR-055,AC-ISSUE-0177-01/AC-ISSUE-0177-02/AC-ISSUE-0177-03/AC-ISSUE-0177-04,PASS,PASS,PASS,PASS,CRITICAL
ISSUE-0178,Implementable story,planned,EPIC-014,SPRINT-003,BC-010,Orquestração de Jobs e Recursos,Arquiteto,STORY-0068-ISSUE-0178-definir-estados-envelopes-e-invariantes-modelo-de-job-e-maquina-de-estados.md,ADR-003/ADR-004/ADR-005/ADR-006/ADR-007/ADR-008/ADR-010/ADR-011/ADR-012/ADR-015/ADR-016/ADR-018/ADR-019/ADR-020/ADR-023/ADR-034/ADR-038/ADR-044/ADR-051/ADR-052/ADR-053,AC-ISSUE-0178-01/AC-ISSUE-0178-02/AC-ISSUE-0178-03/AC-ISSUE-0178-04,PASS,PASS,PASS,PASS,CRITICAL
ISSUE-0179,Implementable story,planned,EPIC-014,SPRINT-003,BC-010,Orquestração de Jobs e Recursos,Backend,STORY-0069-ISSUE-0179-implementar-modelo-e-application-services-modelo-de-job-e-maquina-de-estad.md,ADR-003/ADR-004/ADR-005/ADR-006/ADR-007/ADR-008/ADR-016/ADR-018/ADR-019/ADR-020/ADR-023,AC-ISSUE-0179-01/AC-ISSUE-0179-02/AC-ISSUE-0179-03/AC-ISSUE-0179-04,PASS,PASS,PASS,PASS,HIGH
ISSUE-0180,Implementable story,planned,EPIC-014,SPRINT-003,BC-010,Orquestração de Jobs e Recursos,Backend,STORY-0070-ISSUE-0180-implementar-runner-worker-ou-scheduler-modelo-de-job-e-maquina-de-estados.md,ADR-003/ADR-004/ADR-005/ADR-006/ADR-007/ADR-008/ADR-012/ADR-016/ADR-018/ADR-019/ADR-020/ADR-023/ADR-037,AC-ISSUE-0180-01/AC-ISSUE-0180-02/AC-ISSUE-0180-03/AC-ISSUE-0180-04,PASS,PASS,PASS,PASS,HIGH
ISSUE-0181,Implementable story,planned,EPIC-014,SPRINT-003,BC-010,Orquestração de Jobs e Recursos,Backend,STORY-0071-ISSUE-0181-expor-comandos-progresso-e-reconciliacao-modelo-de-job-e-maquina-de-estado.md,ADR-003/ADR-004/ADR-005/ADR-006/ADR-007/ADR-008/ADR-010/ADR-011/ADR-012/ADR-015/ADR-016/ADR-018/ADR-019/ADR-020/ADR-023,AC-ISSUE-0181-01/AC-ISSUE-0181-02/AC-ISSUE-0181-03/AC-ISSUE-0181-04,PASS,PASS,PASS,PASS,HIGH
ISSUE-0182,Implementable story,planned,EPIC-014,SPRINT-003,BC-010,Orquestração de Jobs e Recursos,DevOps,STORY-0072-ISSUE-0182-implementar-falhas-retry-e-recuperacao-modelo-de-job-e-maquina-de-estados.md,ADR-003/ADR-004/ADR-005/ADR-006/ADR-007/ADR-008/ADR-009/ADR-018/ADR-019/ADR-020/ADR-023/ADR-033/ADR-034,AC-ISSUE-0182-01/AC-ISSUE-0182-02/AC-ISSUE-0182-03/AC-ISSUE-0182-04,PASS,PASS,PASS,PASS,CRITICAL
ISSUE-0183,Implementable story,planned,EPIC-014,SPRINT-003,BC-010,Orquestração de Jobs e Recursos,QA,STORY-0073-ISSUE-0183-executar-integracao-real-carga-e-fault-injection-modelo-de-job-e-maquina-d.md,ADR-003/ADR-004/ADR-005/ADR-006/ADR-007/ADR-008/ADR-009/ADR-018/ADR-019/ADR-020/ADR-023/ADR-046/ADR-055,AC-ISSUE-0183-01/AC-ISSUE-0183-02/AC-ISSUE-0183-03/AC-ISSUE-0183-04,PASS,PASS,PASS,PASS,CRITICAL
ISSUE-0184,Implementable story,planned,EPIC-014,SPRINT-003,BC-010,Orquestração de Jobs e Recursos,Reviewer,STORY-0074-ISSUE-0184-auditar-evidencia-e-integracao-final-modelo-de-job-e-maquina-de-estados-no.md,ADR-003/ADR-004/ADR-005/ADR-006/ADR-007/ADR-008/ADR-018/ADR-019/ADR-020/ADR-023,AC-ISSUE-0184-01/AC-ISSUE-0184-02/AC-ISSUE-0184-03/AC-ISSUE-0184-04,PASS,PASS,PASS,PASS,HIGH
ISSUE-0185,Implementable story,planned,EPIC-015,SPRINT-003,BC-010,Orquestração de Jobs e Recursos,Arquiteto,STORY-0075-ISSUE-0185-definir-estados-envelopes-e-invariantes-runner-direto-e-celery-rabbitmq-so.md,ADR-003/ADR-004/ADR-005/ADR-006/ADR-007/ADR-008/ADR-010/ADR-011/ADR-014/ADR-016/ADR-018,AC-ISSUE-0185-01/AC-ISSUE-0185-02/AC-ISSUE-0185-03/AC-ISSUE-0185-04,PASS,PASS,PASS,PASS,HIGH
ISSUE-0186,Implementable story,planned,EPIC-015,SPRINT-003,BC-010,Orquestração de Jobs e Recursos,Backend,STORY-0076-ISSUE-0186-implementar-modelo-e-application-services-runner-direto-e-celery-rabbitmq.md,ADR-003/ADR-004/ADR-005/ADR-006/ADR-007/ADR-008/ADR-016/ADR-018/ADR-019,AC-ISSUE-0186-01/AC-ISSUE-0186-02/AC-ISSUE-0186-03/AC-ISSUE-0186-04,PASS,PASS,PASS,PASS,HIGH
ISSUE-0187,Implementable story,planned,EPIC-015,SPRINT-003,BC-010,Orquestração de Jobs e Recursos,Backend,STORY-0077-ISSUE-0187-implementar-runner-worker-ou-scheduler-runner-direto-e-celery-rabbitmq-sob.md,ADR-003/ADR-004/ADR-005/ADR-006/ADR-007/ADR-008/ADR-016/ADR-018/ADR-019,AC-ISSUE-0187-01/AC-ISSUE-0187-02/AC-ISSUE-0187-03/AC-ISSUE-0187-04,PASS,PASS,PASS,PASS,HIGH
ISSUE-0188,Implementable story,planned,EPIC-015,SPRINT-003,BC-010,Orquestração de Jobs e Recursos,Backend,STORY-0078-ISSUE-0188-expor-comandos-progresso-e-reconciliacao-runner-direto-e-celery-rabbitmq-s.md,ADR-003/ADR-004/ADR-005/ADR-006/ADR-007/ADR-008/ADR-010/ADR-011/ADR-014/ADR-016/ADR-018/ADR-019,AC-ISSUE-0188-01/AC-ISSUE-0188-02/AC-ISSUE-0188-03/AC-ISSUE-0188-04,PASS,PASS,PASS,PASS,HIGH
ISSUE-0189,Implementable story,planned,EPIC-015,SPRINT-003,BC-010,Orquestração de Jobs e Recursos,DevOps,STORY-0079-ISSUE-0189-implementar-falhas-retry-e-recuperacao-runner-direto-e-celery-rabbitmq-sob.md,ADR-003/ADR-004/ADR-005/ADR-006/ADR-007/ADR-008/ADR-009/ADR-033/ADR-034,AC-ISSUE-0189-01/AC-ISSUE-0189-02/AC-ISSUE-0189-03/AC-ISSUE-0189-04,PASS,PASS,PASS,PASS,CRITICAL
ISSUE-0190,Implementable story,planned,EPIC-015,SPRINT-003,BC-010,Orquestração de Jobs e Recursos,QA,STORY-0080-ISSUE-0190-executar-integracao-real-carga-e-fault-injection-runner-direto-e-celery-ra.md,ADR-003/ADR-004/ADR-005/ADR-006/ADR-007/ADR-008,AC-ISSUE-0190-01/AC-ISSUE-0190-02/AC-ISSUE-0190-03/AC-ISSUE-0190-04,PASS,PASS,PASS,PASS,HIGH
ISSUE-0191,Implementable story,planned,EPIC-015,SPRINT-003,BC-010,Orquestração de Jobs e Recursos,Reviewer,STORY-0081-ISSUE-0191-auditar-evidencia-e-integracao-final-runner-direto-e-celery-rabbitmq-sobre.md,ADR-003/ADR-004/ADR-005/ADR-006/ADR-007/ADR-008,AC-ISSUE-0191-01/AC-ISSUE-0191-02/AC-ISSUE-0191-03/AC-ISSUE-0191-04,PASS,PASS,PASS,PASS,HIGH
ISSUE-0192,Implementable story,planned,EPIC-016,SPRINT-003,BC-010,Orquestração de Jobs e Recursos,Arquiteto,STORY-0082-ISSUE-0192-definir-estados-envelopes-e-invariantes-retries-redelivery-cancelamento-re.md,ADR-003/ADR-004/ADR-005/ADR-006/ADR-007/ADR-008/ADR-010/ADR-011/ADR-016/ADR-018/ADR-038,AC-ISSUE-0192-01/AC-ISSUE-0192-02/AC-ISSUE-0192-03/AC-ISSUE-0192-04,PASS,PASS,PASS,PASS,HIGH
ISSUE-0193,Implementable story,planned,EPIC-016,SPRINT-003,BC-010,Orquestração de Jobs e Recursos,Backend,STORY-0083-ISSUE-0193-implementar-modelo-e-application-services-retries-redelivery-cancelamento.md,ADR-003/ADR-004/ADR-005/ADR-006/ADR-007/ADR-008/ADR-016/ADR-018/ADR-019,AC-ISSUE-0193-01/AC-ISSUE-0193-02/AC-ISSUE-0193-03/AC-ISSUE-0193-04,PASS,PASS,PASS,PASS,HIGH
ISSUE-0194,Implementable story,planned,EPIC-016,SPRINT-003,BC-010,Orquestração de Jobs e Recursos,Backend,STORY-0084-ISSUE-0194-implementar-runner-worker-ou-scheduler-retries-redelivery-cancelamento-ret.md,ADR-003/ADR-004/ADR-005/ADR-006/ADR-007/ADR-008/ADR-016/ADR-018/ADR-019/ADR-038,AC-ISSUE-0194-01/AC-ISSUE-0194-02/AC-ISSUE-0194-03/AC-ISSUE-0194-04,PASS,PASS,PASS,PASS,HIGH
ISSUE-0195,Implementable story,planned,EPIC-016,SPRINT-003,BC-010,Orquestração de Jobs e Recursos,Backend,STORY-0085-ISSUE-0195-expor-comandos-progresso-e-reconciliacao-retries-redelivery-cancelamento-r.md,ADR-003/ADR-004/ADR-005/ADR-006/ADR-007/ADR-008/ADR-010/ADR-011/ADR-016/ADR-018/ADR-019,AC-ISSUE-0195-01/AC-ISSUE-0195-02/AC-ISSUE-0195-03/AC-ISSUE-0195-04,PASS,PASS,PASS,PASS,HIGH
ISSUE-0196,Implementable story,planned,EPIC-016,SPRINT-003,BC-010,Orquestração de Jobs e Recursos,DevOps,STORY-0086-ISSUE-0196-implementar-falhas-retry-e-recuperacao-retries-redelivery-cancelamento-ret.md,ADR-003/ADR-004/ADR-005/ADR-006/ADR-007/ADR-008/ADR-009/ADR-033/ADR-034,AC-ISSUE-0196-01/AC-ISSUE-0196-02/AC-ISSUE-0196-03/AC-ISSUE-0196-04,PASS,PASS,PASS,PASS,CRITICAL
ISSUE-0197,Implementable story,planned,EPIC-016,SPRINT-003,BC-010,Orquestração de Jobs e Recursos,QA,STORY-0087-ISSUE-0197-executar-integracao-real-carga-e-fault-injection-retries-redelivery-cancel.md,ADR-003/ADR-004/ADR-005/ADR-006/ADR-007/ADR-008,AC-ISSUE-0197-01/AC-ISSUE-0197-02/AC-ISSUE-0197-03/AC-ISSUE-0197-04,PASS,PASS,PASS,PASS,HIGH
ISSUE-0198,Implementable story,planned,EPIC-016,SPRINT-003,BC-010,Orquestração de Jobs e Recursos,Reviewer,STORY-0088-ISSUE-0198-auditar-evidencia-e-integracao-final-retries-redelivery-cancelamento-retom.md,ADR-003/ADR-004/ADR-005/ADR-006/ADR-007/ADR-008,AC-ISSUE-0198-01/AC-ISSUE-0198-02/AC-ISSUE-0198-03/AC-ISSUE-0198-04,PASS,PASS,PASS,PASS,HIGH
ISSUE-0199,Implementable story,planned,EPIC-017,SPRINT-003,BC-010,Orquestração de Jobs e Recursos,Arquiteto,STORY-0089-ISSUE-0199-definir-estados-envelopes-e-invariantes-rest-sse-e-polling-de-reconciliaca.md,ADR-003/ADR-004/ADR-005/ADR-006/ADR-007/ADR-008/ADR-010/ADR-011/ADR-016,AC-ISSUE-0199-01/AC-ISSUE-0199-02/AC-ISSUE-0199-03/AC-ISSUE-0199-04,PASS,PASS,PASS,PASS,HIGH
ISSUE-0200,Implementable story,planned,EPIC-017,SPRINT-003,BC-010,Orquestração de Jobs e Recursos,Backend,STORY-0090-ISSUE-0200-implementar-modelo-e-application-services-rest-sse-e-polling-de-reconcilia.md,ADR-003/ADR-004/ADR-005/ADR-006/ADR-007/ADR-008/ADR-010/ADR-011/ADR-016/ADR-018/ADR-019,AC-ISSUE-0200-01/AC-ISSUE-0200-02/AC-ISSUE-0200-03/AC-ISSUE-0200-04,PASS,PASS,PASS,PASS,HIGH
ISSUE-0201,Implementable story,planned,EPIC-017,SPRINT-003,BC-010,Orquestração de Jobs e Recursos,Backend,STORY-0091-ISSUE-0201-implementar-runner-worker-ou-scheduler-rest-sse-e-polling-de-reconciliacao.md,ADR-003/ADR-004/ADR-005/ADR-006/ADR-007/ADR-008/ADR-010/ADR-011/ADR-016/ADR-018/ADR-019,AC-ISSUE-0201-01/AC-ISSUE-0201-02/AC-ISSUE-0201-03/AC-ISSUE-0201-04,PASS,PASS,PASS,PASS,HIGH
ISSUE-0202,Implementable story,planned,EPIC-017,SPRINT-003,BC-010,Orquestração de Jobs e Recursos,Backend,STORY-0092-ISSUE-0202-expor-comandos-progresso-e-reconciliacao-rest-sse-e-polling-de-reconciliac.md,ADR-003/ADR-004/ADR-005/ADR-006/ADR-007/ADR-008/ADR-010/ADR-011/ADR-016/ADR-018/ADR-019,AC-ISSUE-0202-01/AC-ISSUE-0202-02/AC-ISSUE-0202-03/AC-ISSUE-0202-04,PASS,PASS,PASS,PASS,HIGH
ISSUE-0203,Implementable story,planned,EPIC-017,SPRINT-003,BC-010,Orquestração de Jobs e Recursos,DevOps,STORY-0093-ISSUE-0203-implementar-falhas-retry-e-recuperacao-rest-sse-e-polling-de-reconciliacao.md,ADR-003/ADR-004/ADR-005/ADR-006/ADR-007/ADR-008/ADR-009/ADR-010/ADR-011/ADR-016/ADR-033/ADR-034,AC-ISSUE-0203-01/AC-ISSUE-0203-02/AC-ISSUE-0203-03/AC-ISSUE-0203-04,PASS,PASS,PASS,PASS,CRITICAL
ISSUE-0204,Implementable story,planned,EPIC-017,SPRINT-003,BC-010,Orquestração de Jobs e Recursos,QA,STORY-0094-ISSUE-0204-executar-integracao-real-carga-e-fault-injection-rest-sse-e-polling-de-rec.md,ADR-003/ADR-004/ADR-005/ADR-006/ADR-007/ADR-008/ADR-010/ADR-011/ADR-016,AC-ISSUE-0204-01/AC-ISSUE-0204-02/AC-ISSUE-0204-03/AC-ISSUE-0204-04,PASS,PASS,PASS,PASS,HIGH
ISSUE-0205,Implementable story,planned,EPIC-017,SPRINT-003,BC-010,Orquestração de Jobs e Recursos,Reviewer,STORY-0095-ISSUE-0205-auditar-evidencia-e-integracao-final-rest-sse-e-polling-de-reconciliacao-c.md,ADR-003/ADR-004/ADR-005/ADR-006/ADR-007/ADR-008/ADR-010/ADR-011/ADR-016,AC-ISSUE-0205-01/AC-ISSUE-0205-02/AC-ISSUE-0205-03/AC-ISSUE-0205-04,PASS,PASS,PASS,PASS,HIGH
ISSUE-0206,Implementable story,planned,EPIC-018,SPRINT-003,BC-010,Orquestração de Jobs e Recursos,Arquiteto,STORY-0096-ISSUE-0206-definir-estados-envelopes-e-invariantes-batch-hierarquico-chunking-backpre.md,ADR-003/ADR-004/ADR-005/ADR-006/ADR-007/ADR-008/ADR-010/ADR-011/ADR-012/ADR-016/ADR-038/ADR-046,AC-ISSUE-0206-01/AC-ISSUE-0206-02/AC-ISSUE-0206-03/AC-ISSUE-0206-04,PASS,PASS,PASS,PASS,CRITICAL
ISSUE-0207,Implementable story,planned,EPIC-018,SPRINT-003,BC-010,Orquestração de Jobs e Recursos,Backend,STORY-0097-ISSUE-0207-implementar-modelo-e-application-services-batch-hierarquico-chunking-backp.md,ADR-003/ADR-004/ADR-005/ADR-006/ADR-007/ADR-008/ADR-012/ADR-016/ADR-018/ADR-019/ADR-038/ADR-039/ADR-049,AC-ISSUE-0207-01/AC-ISSUE-0207-02/AC-ISSUE-0207-03/AC-ISSUE-0207-04,PASS,PASS,PASS,PASS,HIGH
ISSUE-0208,Implementable story,planned,EPIC-018,SPRINT-003,BC-010,Orquestração de Jobs e Recursos,Backend,STORY-0098-ISSUE-0208-implementar-runner-worker-ou-scheduler-batch-hierarquico-chunking-backpres.md,ADR-003/ADR-004/ADR-005/ADR-006/ADR-007/ADR-008/ADR-016/ADR-018/ADR-019/ADR-037/ADR-038/ADR-040,AC-ISSUE-0208-01/AC-ISSUE-0208-02/AC-ISSUE-0208-03/AC-ISSUE-0208-04,PASS,PASS,PASS,PASS,HIGH
ISSUE-0209,Implementable story,planned,EPIC-018,SPRINT-003,BC-010,Orquestração de Jobs e Recursos,Backend,STORY-0099-ISSUE-0209-expor-comandos-progresso-e-reconciliacao-batch-hierarquico-chunking-backpr.md,ADR-002/ADR-003/ADR-004/ADR-005/ADR-006/ADR-007/ADR-008/ADR-010/ADR-011/ADR-012/ADR-016/ADR-018/ADR-019/ADR-039/ADR-053,AC-ISSUE-0209-01/AC-ISSUE-0209-02/AC-ISSUE-0209-03/AC-ISSUE-0209-04,PASS,PASS,PASS,PASS,HIGH
ISSUE-0210,Implementable story,planned,EPIC-018,SPRINT-003,BC-010,Orquestração de Jobs e Recursos,DevOps,STORY-0100-ISSUE-0210-implementar-falhas-retry-e-recuperacao-batch-hierarquico-chunking-backpres.md,ADR-003/ADR-004/ADR-005/ADR-006/ADR-007/ADR-008/ADR-009/ADR-033/ADR-034,AC-ISSUE-0210-01/AC-ISSUE-0210-02/AC-ISSUE-0210-03/AC-ISSUE-0210-04,PASS,PASS,PASS,PASS,CRITICAL
ISSUE-0211,Implementable story,planned,EPIC-018,SPRINT-003,BC-010,Orquestração de Jobs e Recursos,QA,STORY-0101-ISSUE-0211-executar-integracao-real-carga-e-fault-injection-batch-hierarquico-chunkin.md,ADR-003/ADR-004/ADR-005/ADR-006/ADR-007/ADR-008,AC-ISSUE-0211-01/AC-ISSUE-0211-02/AC-ISSUE-0211-03/AC-ISSUE-0211-04,PASS,PASS,PASS,PASS,HIGH
ISSUE-0212,Implementable story,planned,EPIC-018,SPRINT-003,BC-010,Orquestração de Jobs e Recursos,Reviewer,STORY-0102-ISSUE-0212-auditar-evidencia-e-integracao-final-batch-hierarquico-chunking-backpressu.md,ADR-003/ADR-004/ADR-005/ADR-006/ADR-007/ADR-008,AC-ISSUE-0212-01/AC-ISSUE-0212-02/AC-ISSUE-0212-03/AC-ISSUE-0212-04,PASS,PASS,PASS,PASS,HIGH
ISSUE-0213,Implementable story,planned,EPIC-019,SPRINT-003,BC-010,Orquestração de Jobs e Recursos,Arquiteto,STORY-0103-ISSUE-0213-definir-estados-envelopes-e-invariantes-resource-governor-admission-contro.md,ADR-003/ADR-004/ADR-005/ADR-006/ADR-007/ADR-008/ADR-010/ADR-011/ADR-012/ADR-016/ADR-038/ADR-046,AC-ISSUE-0213-01/AC-ISSUE-0213-02/AC-ISSUE-0213-03/AC-ISSUE-0213-04,PASS,PASS,PASS,PASS,CRITICAL
ISSUE-0214,Implementable story,planned,EPIC-019,SPRINT-003,BC-010,Orquestração de Jobs e Recursos,Backend,STORY-0104-ISSUE-0214-implementar-modelo-e-application-services-resource-governor-admission-cont.md,ADR-003/ADR-004/ADR-005/ADR-006/ADR-007/ADR-008/ADR-012/ADR-016/ADR-018/ADR-019/ADR-038/ADR-039/ADR-044,AC-ISSUE-0214-01/AC-ISSUE-0214-02/AC-ISSUE-0214-03/AC-ISSUE-0214-04,PASS,PASS,PASS,PASS,HIGH
ISSUE-0215,Implementable story,planned,EPIC-019,SPRINT-003,BC-010,Orquestração de Jobs e Recursos,Backend,STORY-0105-ISSUE-0215-implementar-runner-worker-ou-scheduler-resource-governor-admission-control.md,ADR-003/ADR-004/ADR-005/ADR-006/ADR-007/ADR-008/ADR-012/ADR-016/ADR-018/ADR-019/ADR-037/ADR-038/ADR-039/ADR-040/ADR-047,AC-ISSUE-0215-01/AC-ISSUE-0215-02/AC-ISSUE-0215-03/AC-ISSUE-0215-04,PASS,PASS,PASS,PASS,HIGH
ISSUE-0216,Implementable story,planned,EPIC-019,SPRINT-003,BC-010,Orquestração de Jobs e Recursos,Backend,STORY-0106-ISSUE-0216-expor-comandos-progresso-e-reconciliacao-resource-governor-admission-contr.md,ADR-003/ADR-004/ADR-005/ADR-006/ADR-007/ADR-008/ADR-010/ADR-011/ADR-012/ADR-016/ADR-018/ADR-019/ADR-039/ADR-053,AC-ISSUE-0216-01/AC-ISSUE-0216-02/AC-ISSUE-0216-03/AC-ISSUE-0216-04,PASS,PASS,PASS,PASS,HIGH
ISSUE-0217,Implementable story,planned,EPIC-019,SPRINT-003,BC-010,Orquestração de Jobs e Recursos,DevOps,STORY-0107-ISSUE-0217-implementar-falhas-retry-e-recuperacao-resource-governor-admission-control.md,ADR-003/ADR-004/ADR-005/ADR-006/ADR-007/ADR-008/ADR-009/ADR-033/ADR-034,AC-ISSUE-0217-01/AC-ISSUE-0217-02/AC-ISSUE-0217-03/AC-ISSUE-0217-04,PASS,PASS,PASS,PASS,CRITICAL
ISSUE-0218,Implementable story,planned,EPIC-019,SPRINT-003,BC-010,Orquestração de Jobs e Recursos,QA,STORY-0108-ISSUE-0218-executar-integracao-real-carga-e-fault-injection-resource-governor-admissi.md,ADR-003/ADR-004/ADR-005/ADR-006/ADR-007/ADR-008,AC-ISSUE-0218-01/AC-ISSUE-0218-02/AC-ISSUE-0218-03/AC-ISSUE-0218-04,PASS,PASS,PASS,PASS,HIGH
ISSUE-0219,Implementable story,planned,EPIC-019,SPRINT-003,BC-010,Orquestração de Jobs e Recursos,Reviewer,STORY-0109-ISSUE-0219-auditar-evidencia-e-integracao-final-resource-governor-admission-control-e.md,ADR-003/ADR-004/ADR-005/ADR-006/ADR-007/ADR-008,AC-ISSUE-0219-01/AC-ISSUE-0219-02/AC-ISSUE-0219-03/AC-ISSUE-0219-04,PASS,PASS,PASS,PASS,HIGH
ISSUE-0220,Implementable story,planned,EPIC-020,SPRINT-003,BC-016,Experiência e Orientação do Operador,Arquiteto,STORY-0110-ISSUE-0220-definir-comandos-opcoes-e-codigos-de-saida-cli-estavel-para-projetos-inges.md,ADR-003/ADR-004/ADR-005/ADR-006/ADR-007/ADR-008/ADR-010/ADR-011/ADR-015/ADR-016/ADR-044,AC-ISSUE-0220-01/AC-ISSUE-0220-02/AC-ISSUE-0220-03/AC-ISSUE-0220-04,PASS,PASS,PASS,PASS,HIGH
ISSUE-0221,Implementable story,planned,EPIC-020,SPRINT-003,BC-016,Experiência e Orientação do Operador,Backend,STORY-0111-ISSUE-0221-implementar-adapter-cli-sobre-o-nucleo-cli-estavel-para-projetos-ingestao.md,ADR-003/ADR-004/ADR-005/ADR-006/ADR-007/ADR-008/ADR-010/ADR-011/ADR-015/ADR-016/ADR-023/ADR-040/ADR-044/ADR-045/ADR-055,AC-ISSUE-0221-01/AC-ISSUE-0221-02/AC-ISSUE-0221-03/AC-ISSUE-0221-04,PASS,PASS,PASS,PASS,CRITICAL
ISSUE-0222,Implementable story,planned,EPIC-020,SPRINT-003,BC-016,Experiência e Orientação do Operador,Backend,STORY-0112-ISSUE-0222-implementar-feedback-erros-e-ajuda-cli-estavel-para-projetos-ingestao-jobs.md,ADR-003/ADR-004/ADR-005/ADR-006/ADR-007/ADR-008/ADR-010/ADR-011/ADR-016/ADR-023,AC-ISSUE-0222-01/AC-ISSUE-0222-02/AC-ISSUE-0222-03/AC-ISSUE-0222-04,PASS,PASS,PASS,PASS,HIGH
ISSUE-0223,Implementable story,planned,EPIC-020,SPRINT-003,BC-016,Experiência e Orientação do Operador,QA,STORY-0113-ISSUE-0223-executar-testes-de-contrato-e-integracao-cli-estavel-para-projetos-ingesta.md,ADR-003/ADR-004/ADR-005/ADR-006/ADR-007/ADR-008/ADR-010/ADR-011/ADR-046/ADR-055,AC-ISSUE-0223-01/AC-ISSUE-0223-02/AC-ISSUE-0223-03/AC-ISSUE-0223-04,PASS,PASS,PASS,PASS,CRITICAL
ISSUE-0224,Implementable story,planned,EPIC-020,SPRINT-003,BC-016,Experiência e Orientação do Operador,Reviewer,STORY-0114-ISSUE-0224-auditar-compatibilidade-e-evidencia-final-cli-estavel-para-projetos-ingest.md,ADR-003/ADR-004/ADR-005/ADR-006/ADR-007/ADR-008/ADR-010/ADR-011,AC-ISSUE-0224-01/AC-ISSUE-0224-02/AC-ISSUE-0224-03/AC-ISSUE-0224-04,PASS,PASS,PASS,PASS,MEDIUM
ISSUE-0225,Implementable story,planned,EPIC-021,SPRINT-005,BC-007,Verificação Geométrica e Qualidade,Arquiteto,STORY-0115-ISSUE-0225-definir-contrato-cientifico-e-invariantes-corpus-versionado-com-decadas-e.md,ADR-003/ADR-004/ADR-005/ADR-006/ADR-007/ADR-008/ADR-010/ADR-011/ADR-015/ADR-041/ADR-042/ADR-043/ADR-044/ADR-045/ADR-046,AC-ISSUE-0225-01/AC-ISSUE-0225-02/AC-ISSUE-0225-03/AC-ISSUE-0225-04,PASS,PASS,PASS,PASS,CRITICAL
ISSUE-0226,Implementable story,planned,EPIC-021,SPRINT-005,BC-007,Verificação Geométrica e Qualidade,Geoprocessamento,STORY-0116-ISSUE-0226-preparar-corpus-fixtures-e-representacao-tipada-corpus-versionado-com-deca.md,ADR-003/ADR-004/ADR-005/ADR-006/ADR-007/ADR-008/ADR-023/ADR-041/ADR-042/ADR-043/ADR-044/ADR-045/ADR-046/ADR-055,AC-ISSUE-0226-01/AC-ISSUE-0226-02/AC-ISSUE-0226-03/AC-ISSUE-0226-04,PASS,PASS,PASS,PASS,CRITICAL
ISSUE-0227,Implementable story,planned,EPIC-021,SPRINT-005,BC-007,Verificação Geométrica e Qualidade,Geoprocessamento,STORY-0117-ISSUE-0227-implementar-o-nucleo-algoritmico-corpus-versionado-com-decadas-e-condicoes.md,ADR-003/ADR-004/ADR-005/ADR-006/ADR-007/ADR-008/ADR-023/ADR-041/ADR-042/ADR-043/ADR-044/ADR-045/ADR-046/ADR-055,AC-ISSUE-0227-01/AC-ISSUE-0227-02/AC-ISSUE-0227-03/AC-ISSUE-0227-04,PASS,PASS,PASS,PASS,CRITICAL
ISSUE-0228,Implementable story,planned,EPIC-021,SPRINT-005,BC-007,Verificação Geométrica e Qualidade,Geoprocessamento,STORY-0118-ISSUE-0228-integrar-ao-processingplan-e-pipeline-corpus-versionado-com-decadas-e-cond.md,ADR-003/ADR-004/ADR-005/ADR-006/ADR-007/ADR-008/ADR-023/ADR-041/ADR-042/ADR-043/ADR-044/ADR-045/ADR-046/ADR-055,AC-ISSUE-0228-01/AC-ISSUE-0228-02/AC-ISSUE-0228-03/AC-ISSUE-0228-04,PASS,PASS,PASS,PASS,CRITICAL
ISSUE-0229,Implementable story,planned,EPIC-021,SPRINT-005,BC-007,Verificação Geométrica e Qualidade,Geoprocessamento,STORY-0119-ISSUE-0229-produzir-metricas-diagnostico-e-lineage-corpus-versionado-com-decadas-e-co.md,ADR-003/ADR-004/ADR-005/ADR-006/ADR-007/ADR-008/ADR-023/ADR-041/ADR-042/ADR-043/ADR-044/ADR-045/ADR-046/ADR-055,AC-ISSUE-0229-01/AC-ISSUE-0229-02/AC-ISSUE-0229-03/AC-ISSUE-0229-04,PASS,PASS,PASS,PASS,CRITICAL
ISSUE-0230,Implementable story,planned,EPIC-021,SPRINT-005,BC-007,Verificação Geométrica e Qualidade,QA,STORY-0120-ISSUE-0230-executar-benchmark-negativos-e-regressao-cientifica-corpus-versionado-com.md,ADR-003/ADR-004/ADR-005/ADR-006/ADR-007/ADR-008/ADR-041/ADR-042/ADR-043/ADR-044/ADR-045/ADR-046/ADR-055,AC-ISSUE-0230-01/AC-ISSUE-0230-02/AC-ISSUE-0230-03/AC-ISSUE-0230-04,PASS,PASS,PASS,PASS,CRITICAL
ISSUE-0231,Implementable story,planned,EPIC-021,SPRINT-005,BC-007,Verificação Geométrica e Qualidade,Reviewer,STORY-0121-ISSUE-0231-auditar-evidencia-cientifica-e-final-corpus-versionado-com-decadas-e-condi.md,ADR-003/ADR-004/ADR-005/ADR-006/ADR-007/ADR-008/ADR-041/ADR-042/ADR-043/ADR-044/ADR-045/ADR-046,AC-ISSUE-0231-01/AC-ISSUE-0231-02/AC-ISSUE-0231-03/AC-ISSUE-0231-04,PASS,PASS,PASS,PASS,CRITICAL
ISSUE-0232,Implementable story,planned,EPIC-022,SPRINT-005,BC-005,Descoberta e Aquisição de Referências,Arquiteto,STORY-0122-ISSUE-0232-definir-contrato-cientifico-e-invariantes-busca-provavel-greenfield-valida.md,ADR-002/ADR-003/ADR-004/ADR-005/ADR-006/ADR-007/ADR-008/ADR-010/ADR-011/ADR-015/ADR-038/ADR-041/ADR-042/ADR-043/ADR-044/ADR-045/ADR-046/ADR-051/ADR-052/ADR-053,AC-ISSUE-0232-01/AC-ISSUE-0232-02/AC-ISSUE-0232-03/AC-ISSUE-0232-04,PASS,PASS,PASS,PASS,CRITICAL
ISSUE-0233,Implementable story,planned,EPIC-022,SPRINT-005,BC-005,Descoberta e Aquisição de Referências,Geoprocessamento,STORY-0123-ISSUE-0233-preparar-corpus-fixtures-e-representacao-tipada-busca-provavel-greenfield.md,ADR-003/ADR-004/ADR-005/ADR-006/ADR-007/ADR-008/ADR-023/ADR-025/ADR-041/ADR-042/ADR-043/ADR-044/ADR-045/ADR-046/ADR-055,AC-ISSUE-0233-01/AC-ISSUE-0233-02/AC-ISSUE-0233-03/AC-ISSUE-0233-04,PASS,PASS,PASS,PASS,CRITICAL
ISSUE-0234,Implementable story,planned,EPIC-022,SPRINT-005,BC-005,Descoberta e Aquisição de Referências,Geoprocessamento,STORY-0124-ISSUE-0234-implementar-o-nucleo-algoritmico-busca-provavel-greenfield-validada.md,ADR-003/ADR-004/ADR-005/ADR-006/ADR-007/ADR-008/ADR-009/ADR-023/ADR-025/ADR-041/ADR-042/ADR-043/ADR-044/ADR-045/ADR-046/ADR-055,AC-ISSUE-0234-01/AC-ISSUE-0234-02/AC-ISSUE-0234-03/AC-ISSUE-0234-04,PASS,PASS,PASS,PASS,CRITICAL
ISSUE-0235,Implementable story,planned,EPIC-022,SPRINT-005,BC-005,Descoberta e Aquisição de Referências,Geoprocessamento,STORY-0125-ISSUE-0235-integrar-ao-processingplan-e-pipeline-busca-provavel-greenfield-validada.md,ADR-003/ADR-004/ADR-005/ADR-006/ADR-007/ADR-008/ADR-023/ADR-025/ADR-041/ADR-042/ADR-043/ADR-044/ADR-045/ADR-046/ADR-055,AC-ISSUE-0235-01/AC-ISSUE-0235-02/AC-ISSUE-0235-03/AC-ISSUE-0235-04,PASS,PASS,PASS,PASS,CRITICAL
ISSUE-0236,Implementable story,planned,EPIC-022,SPRINT-005,BC-005,Descoberta e Aquisição de Referências,Geoprocessamento,STORY-0126-ISSUE-0236-produzir-metricas-diagnostico-e-lineage-busca-provavel-greenfield-validada.md,ADR-003/ADR-004/ADR-005/ADR-006/ADR-007/ADR-008/ADR-023/ADR-025/ADR-041/ADR-042/ADR-043/ADR-044/ADR-045/ADR-046/ADR-055,AC-ISSUE-0236-01/AC-ISSUE-0236-02/AC-ISSUE-0236-03/AC-ISSUE-0236-04,PASS,PASS,PASS,PASS,CRITICAL
ISSUE-0237,Implementable story,planned,EPIC-022,SPRINT-005,BC-005,Descoberta e Aquisição de Referências,QA,STORY-0127-ISSUE-0237-executar-benchmark-negativos-e-regressao-cientifica-busca-provavel-greenfi.md,ADR-003/ADR-004/ADR-005/ADR-006/ADR-007/ADR-008/ADR-009/ADR-041/ADR-042/ADR-043/ADR-044/ADR-045/ADR-046/ADR-055,AC-ISSUE-0237-01/AC-ISSUE-0237-02/AC-ISSUE-0237-03/AC-ISSUE-0237-04,PASS,PASS,PASS,PASS,CRITICAL
ISSUE-0238,Implementable story,planned,EPIC-022,SPRINT-005,BC-005,Descoberta e Aquisição de Referências,Reviewer,STORY-0128-ISSUE-0238-auditar-evidencia-cientifica-e-final-busca-provavel-greenfield-validada.md,ADR-003/ADR-004/ADR-005/ADR-006/ADR-007/ADR-008/ADR-041/ADR-042/ADR-043/ADR-044/ADR-045/ADR-046,AC-ISSUE-0238-01/AC-ISSUE-0238-02/AC-ISSUE-0238-03/AC-ISSUE-0238-04,PASS,PASS,PASS,PASS,CRITICAL
ISSUE-0239,Implementable story,planned,EPIC-023,SPRINT-005,BC-006,Georreferenciamento,Arquiteto,STORY-0129-ISSUE-0239-definir-contrato-cientifico-e-invariantes-correspondencias-e-estimacao-rob.md,ADR-003/ADR-004/ADR-005/ADR-006/ADR-007/ADR-008/ADR-010/ADR-011/ADR-015/ADR-041/ADR-042/ADR-043/ADR-044/ADR-045/ADR-046,AC-ISSUE-0239-01/AC-ISSUE-0239-02/AC-ISSUE-0239-03/AC-ISSUE-0239-04,PASS,PASS,PASS,PASS,CRITICAL
ISSUE-0240,Implementable story,planned,EPIC-023,SPRINT-005,BC-006,Georreferenciamento,Geoprocessamento,STORY-0130-ISSUE-0240-preparar-corpus-fixtures-e-representacao-tipada-correspondencias-e-estimac.md,ADR-003/ADR-004/ADR-005/ADR-006/ADR-007/ADR-008/ADR-015/ADR-023/ADR-040/ADR-041/ADR-042/ADR-043/ADR-044/ADR-045/ADR-046/ADR-053/ADR-055,AC-ISSUE-0240-01/AC-ISSUE-0240-02/AC-ISSUE-0240-03/AC-ISSUE-0240-04,PASS,PASS,PASS,PASS,CRITICAL
ISSUE-0241,Implementable story,planned,EPIC-023,SPRINT-005,BC-006,Georreferenciamento,Geoprocessamento,STORY-0131-ISSUE-0241-implementar-o-nucleo-algoritmico-correspondencias-e-estimacao-robusta-da-h.md,ADR-003/ADR-004/ADR-005/ADR-006/ADR-007/ADR-008/ADR-023/ADR-041/ADR-042/ADR-043/ADR-044/ADR-045/ADR-046/ADR-055,AC-ISSUE-0241-01/AC-ISSUE-0241-02/AC-ISSUE-0241-03/AC-ISSUE-0241-04,PASS,PASS,PASS,PASS,CRITICAL
ISSUE-0242,Implementable story,planned,EPIC-023,SPRINT-005,BC-006,Georreferenciamento,Geoprocessamento,STORY-0132-ISSUE-0242-integrar-ao-processingplan-e-pipeline-correspondencias-e-estimacao-robusta.md,ADR-003/ADR-004/ADR-005/ADR-006/ADR-007/ADR-008/ADR-023/ADR-041/ADR-042/ADR-043/ADR-044/ADR-045/ADR-046/ADR-055,AC-ISSUE-0242-01/AC-ISSUE-0242-02/AC-ISSUE-0242-03/AC-ISSUE-0242-04,PASS,PASS,PASS,PASS,CRITICAL
ISSUE-0243,Implementable story,planned,EPIC-023,SPRINT-005,BC-006,Georreferenciamento,Geoprocessamento,STORY-0133-ISSUE-0243-produzir-metricas-diagnostico-e-lineage-correspondencias-e-estimacao-robus.md,ADR-003/ADR-004/ADR-005/ADR-006/ADR-007/ADR-008/ADR-023/ADR-041/ADR-042/ADR-043/ADR-044/ADR-045/ADR-046/ADR-055,AC-ISSUE-0243-01/AC-ISSUE-0243-02/AC-ISSUE-0243-03/AC-ISSUE-0243-04,PASS,PASS,PASS,PASS,CRITICAL
ISSUE-0244,Implementable story,planned,EPIC-023,SPRINT-005,BC-006,Georreferenciamento,QA,STORY-0134-ISSUE-0244-executar-benchmark-negativos-e-regressao-cientifica-correspondencias-e-est.md,ADR-003/ADR-004/ADR-005/ADR-006/ADR-007/ADR-008/ADR-023/ADR-041/ADR-042/ADR-043/ADR-044/ADR-045/ADR-046/ADR-055,AC-ISSUE-0244-01/AC-ISSUE-0244-02/AC-ISSUE-0244-03/AC-ISSUE-0244-04,PASS,PASS,PASS,PASS,CRITICAL
ISSUE-0245,Implementable story,planned,EPIC-023,SPRINT-005,BC-006,Georreferenciamento,Reviewer,STORY-0135-ISSUE-0245-auditar-evidencia-cientifica-e-final-correspondencias-e-estimacao-robusta.md,ADR-003/ADR-004/ADR-005/ADR-006/ADR-007/ADR-008/ADR-041/ADR-042/ADR-043/ADR-044/ADR-045/ADR-046,AC-ISSUE-0245-01/AC-ISSUE-0245-02/AC-ISSUE-0245-03/AC-ISSUE-0245-04,PASS,PASS,PASS,PASS,CRITICAL
ISSUE-0246,Implementable story,planned,EPIC-024,SPRINT-005,BC-007,Verificação Geométrica e Qualidade,Arquiteto,STORY-0136-ISSUE-0246-definir-contrato-cientifico-e-invariantes-strong-geometric-verifier-fail-c.md,ADR-003/ADR-004/ADR-005/ADR-006/ADR-007/ADR-008/ADR-010/ADR-011/ADR-015/ADR-038/ADR-041/ADR-042/ADR-043/ADR-044/ADR-045/ADR-046/ADR-048/ADR-049/ADR-050/ADR-051/ADR-052/ADR-053,AC-ISSUE-0246-01/AC-ISSUE-0246-02/AC-ISSUE-0246-03/AC-ISSUE-0246-04,PASS,PASS,PASS,PASS,CRITICAL
ISSUE-0247,Implementable story,planned,EPIC-024,SPRINT-005,BC-007,Verificação Geométrica e Qualidade,Geoprocessamento,STORY-0137-ISSUE-0247-preparar-corpus-fixtures-e-representacao-tipada-strong-geometric-verifier.md,ADR-003/ADR-004/ADR-005/ADR-006/ADR-007/ADR-008/ADR-023/ADR-041/ADR-042/ADR-043/ADR-044/ADR-045/ADR-046/ADR-048/ADR-049/ADR-050/ADR-055,AC-ISSUE-0247-01/AC-ISSUE-0247-02/AC-ISSUE-0247-03/AC-ISSUE-0247-04,PASS,PASS,PASS,PASS,CRITICAL
ISSUE-0248,Implementable story,planned,EPIC-024,SPRINT-005,BC-007,Verificação Geométrica e Qualidade,Geoprocessamento,STORY-0138-ISSUE-0248-implementar-o-nucleo-algoritmico-strong-geometric-verifier-fail-closed-par.md,ADR-003/ADR-004/ADR-005/ADR-006/ADR-007/ADR-008/ADR-023/ADR-041/ADR-042/ADR-043/ADR-044/ADR-045/ADR-046/ADR-048/ADR-049/ADR-050/ADR-055,AC-ISSUE-0248-01/AC-ISSUE-0248-02/AC-ISSUE-0248-03/AC-ISSUE-0248-04,PASS,PASS,PASS,PASS,CRITICAL
ISSUE-0249,Implementable story,planned,EPIC-024,SPRINT-005,BC-007,Verificação Geométrica e Qualidade,Geoprocessamento,STORY-0139-ISSUE-0249-integrar-ao-processingplan-e-pipeline-strong-geometric-verifier-fail-close.md,ADR-003/ADR-004/ADR-005/ADR-006/ADR-007/ADR-008/ADR-023/ADR-041/ADR-042/ADR-043/ADR-044/ADR-045/ADR-046/ADR-048/ADR-049/ADR-050/ADR-055,AC-ISSUE-0249-01/AC-ISSUE-0249-02/AC-ISSUE-0249-03/AC-ISSUE-0249-04,PASS,PASS,PASS,PASS,CRITICAL
ISSUE-0250,Implementable story,planned,EPIC-024,SPRINT-005,BC-007,Verificação Geométrica e Qualidade,Geoprocessamento,STORY-0140-ISSUE-0250-produzir-metricas-diagnostico-e-lineage-strong-geometric-verifier-fail-clo.md,ADR-003/ADR-004/ADR-005/ADR-006/ADR-007/ADR-008/ADR-023/ADR-041/ADR-042/ADR-043/ADR-044/ADR-045/ADR-046/ADR-048/ADR-049/ADR-050/ADR-055,AC-ISSUE-0250-01/AC-ISSUE-0250-02/AC-ISSUE-0250-03/AC-ISSUE-0250-04,PASS,PASS,PASS,PASS,CRITICAL
ISSUE-0251,Implementable story,planned,EPIC-024,SPRINT-005,BC-007,Verificação Geométrica e Qualidade,QA,STORY-0141-ISSUE-0251-executar-benchmark-negativos-e-regressao-cientifica-strong-geometric-verif.md,ADR-003/ADR-004/ADR-005/ADR-006/ADR-007/ADR-008/ADR-009/ADR-023/ADR-040/ADR-041/ADR-042/ADR-043/ADR-044/ADR-045/ADR-046/ADR-048/ADR-049/ADR-050/ADR-055,AC-ISSUE-0251-01/AC-ISSUE-0251-02/AC-ISSUE-0251-03/AC-ISSUE-0251-04,PASS,PASS,PASS,PASS,CRITICAL
ISSUE-0252,Implementable story,planned,EPIC-024,SPRINT-005,BC-007,Verificação Geométrica e Qualidade,Reviewer,STORY-0142-ISSUE-0252-auditar-evidencia-cientifica-e-final-strong-geometric-verifier-fail-closed.md,ADR-003/ADR-004/ADR-005/ADR-006/ADR-007/ADR-008/ADR-041/ADR-042/ADR-043/ADR-044/ADR-045/ADR-046/ADR-048/ADR-049/ADR-050,AC-ISSUE-0252-01/AC-ISSUE-0252-02/AC-ISSUE-0252-03/AC-ISSUE-0252-04,PASS,PASS,PASS,PASS,CRITICAL
ISSUE-0253,Implementable story,planned,EPIC-025,SPRINT-005,BC-007,Verificação Geométrica e Qualidade,Arquiteto,STORY-0143-ISSUE-0253-definir-contrato-cientifico-e-invariantes-registry-calibracao-benchmark-e.md,ADR-003/ADR-004/ADR-005/ADR-006/ADR-007/ADR-008/ADR-010/ADR-011/ADR-041/ADR-042/ADR-043/ADR-046,AC-ISSUE-0253-01/AC-ISSUE-0253-02/AC-ISSUE-0253-03/AC-ISSUE-0253-04,PASS,PASS,PASS,PASS,CRITICAL
ISSUE-0254,Implementable story,planned,EPIC-025,SPRINT-005,BC-007,Verificação Geométrica e Qualidade,Geoprocessamento,STORY-0144-ISSUE-0254-preparar-corpus-fixtures-e-representacao-tipada-registry-calibracao-benchm.md,ADR-003/ADR-004/ADR-005/ADR-006/ADR-007/ADR-008/ADR-041/ADR-042/ADR-043/ADR-046,AC-ISSUE-0254-01/AC-ISSUE-0254-02/AC-ISSUE-0254-03/AC-ISSUE-0254-04,PASS,PASS,PASS,PASS,CRITICAL
ISSUE-0255,Implementable story,planned,EPIC-025,SPRINT-005,BC-007,Verificação Geométrica e Qualidade,Geoprocessamento,STORY-0145-ISSUE-0255-implementar-o-nucleo-algoritmico-registry-calibracao-benchmark-e-lifecycle.md,ADR-003/ADR-004/ADR-005/ADR-006/ADR-007/ADR-008/ADR-041/ADR-042/ADR-043/ADR-046,AC-ISSUE-0255-01/AC-ISSUE-0255-02/AC-ISSUE-0255-03/AC-ISSUE-0255-04,PASS,PASS,PASS,PASS,CRITICAL
ISSUE-0256,Implementable story,planned,EPIC-025,SPRINT-005,BC-007,Verificação Geométrica e Qualidade,Geoprocessamento,STORY-0146-ISSUE-0256-integrar-ao-processingplan-e-pipeline-registry-calibracao-benchmark-e-life.md,ADR-003/ADR-004/ADR-005/ADR-006/ADR-007/ADR-008/ADR-041/ADR-042/ADR-043/ADR-046,AC-ISSUE-0256-01/AC-ISSUE-0256-02/AC-ISSUE-0256-03/AC-ISSUE-0256-04,PASS,PASS,PASS,PASS,CRITICAL
ISSUE-0257,Implementable story,planned,EPIC-025,SPRINT-005,BC-007,Verificação Geométrica e Qualidade,Geoprocessamento,STORY-0147-ISSUE-0257-produzir-metricas-diagnostico-e-lineage-registry-calibracao-benchmark-e-li.md,ADR-003/ADR-004/ADR-005/ADR-006/ADR-007/ADR-008/ADR-041/ADR-042/ADR-043/ADR-046,AC-ISSUE-0257-01/AC-ISSUE-0257-02/AC-ISSUE-0257-03/AC-ISSUE-0257-04,PASS,PASS,PASS,PASS,CRITICAL
ISSUE-0258,Implementable story,planned,EPIC-025,SPRINT-005,BC-007,Verificação Geométrica e Qualidade,QA,STORY-0148-ISSUE-0258-executar-benchmark-negativos-e-regressao-cientifica-registry-calibracao-be.md,ADR-003/ADR-004/ADR-005/ADR-006/ADR-007/ADR-008/ADR-041/ADR-042/ADR-043/ADR-046,AC-ISSUE-0258-01/AC-ISSUE-0258-02/AC-ISSUE-0258-03/AC-ISSUE-0258-04,PASS,PASS,PASS,PASS,CRITICAL
ISSUE-0259,Implementable story,planned,EPIC-025,SPRINT-005,BC-007,Verificação Geométrica e Qualidade,Reviewer,STORY-0149-ISSUE-0259-auditar-evidencia-cientifica-e-final-registry-calibracao-benchmark-e-lifec.md,ADR-003/ADR-004/ADR-005/ADR-006/ADR-007/ADR-008/ADR-041/ADR-042/ADR-043/ADR-046,AC-ISSUE-0259-01/AC-ISSUE-0259-02/AC-ISSUE-0259-03/AC-ISSUE-0259-04,PASS,PASS,PASS,PASS,CRITICAL
ISSUE-0260,Implementable story,planned,EPIC-026,SPRINT-005,BC-013,"Artifacts, Proveniência e Lifecycle",Arquiteto,STORY-0150-ISSUE-0260-definir-contrato-cientifico-e-invariantes-artefatos-e-lineage.md,ADR-003/ADR-004/ADR-005/ADR-006/ADR-007/ADR-008/ADR-010/ADR-011/ADR-012/ADR-015/ADR-023/ADR-024/ADR-025/ADR-041/ADR-044/ADR-052/ADR-055,AC-ISSUE-0260-01/AC-ISSUE-0260-02/AC-ISSUE-0260-03/AC-ISSUE-0260-04,PASS,PASS,PASS,PASS,CRITICAL
ISSUE-0261,Implementable story,planned,EPIC-026,SPRINT-005,BC-013,"Artifacts, Proveniência e Lifecycle",Geoprocessamento,STORY-0151-ISSUE-0261-preparar-corpus-fixtures-e-representacao-tipada-artefatos-e-lineage.md,ADR-003/ADR-004/ADR-005/ADR-006/ADR-007/ADR-008/ADR-023/ADR-024/ADR-025/ADR-041/ADR-042/ADR-043/ADR-044/ADR-045/ADR-046/ADR-055,AC-ISSUE-0261-01/AC-ISSUE-0261-02/AC-ISSUE-0261-03/AC-ISSUE-0261-04,PASS,PASS,PASS,PASS,CRITICAL
ISSUE-0262,Implementable story,planned,EPIC-026,SPRINT-005,BC-013,"Artifacts, Proveniência e Lifecycle",Geoprocessamento,STORY-0152-ISSUE-0262-implementar-o-nucleo-algoritmico-artefatos-e-lineage.md,ADR-003/ADR-004/ADR-005/ADR-006/ADR-007/ADR-008/ADR-023/ADR-024/ADR-025/ADR-041/ADR-042/ADR-043/ADR-044/ADR-045/ADR-046/ADR-055,AC-ISSUE-0262-01/AC-ISSUE-0262-02/AC-ISSUE-0262-03/AC-ISSUE-0262-04,PASS,PASS,PASS,PASS,CRITICAL
ISSUE-0263,Implementable story,planned,EPIC-026,SPRINT-005,BC-013,"Artifacts, Proveniência e Lifecycle",Geoprocessamento,STORY-0153-ISSUE-0263-integrar-ao-processingplan-e-pipeline-artefatos-e-lineage.md,ADR-003/ADR-004/ADR-005/ADR-006/ADR-007/ADR-008/ADR-023/ADR-024/ADR-025/ADR-041/ADR-042/ADR-043/ADR-044/ADR-045/ADR-046/ADR-055,AC-ISSUE-0263-01/AC-ISSUE-0263-02/AC-ISSUE-0263-03/AC-ISSUE-0263-04,PASS,PASS,PASS,PASS,CRITICAL
ISSUE-0264,Implementable story,planned,EPIC-026,SPRINT-005,BC-013,"Artifacts, Proveniência e Lifecycle",Geoprocessamento,STORY-0154-ISSUE-0264-produzir-metricas-diagnostico-e-lineage-artefatos-e-lineage.md,ADR-003/ADR-004/ADR-005/ADR-006/ADR-007/ADR-008/ADR-023/ADR-024/ADR-025/ADR-041/ADR-042/ADR-043/ADR-044/ADR-045/ADR-046/ADR-055,AC-ISSUE-0264-01/AC-ISSUE-0264-02/AC-ISSUE-0264-03/AC-ISSUE-0264-04,PASS,PASS,PASS,PASS,CRITICAL
ISSUE-0265,Implementable story,planned,EPIC-026,SPRINT-005,BC-013,"Artifacts, Proveniência e Lifecycle",QA,STORY-0155-ISSUE-0265-executar-benchmark-negativos-e-regressao-cientifica-artefatos-e-lineage.md,ADR-003/ADR-004/ADR-005/ADR-006/ADR-007/ADR-008/ADR-023/ADR-024/ADR-025/ADR-041/ADR-042/ADR-043/ADR-044/ADR-045/ADR-046/ADR-055,AC-ISSUE-0265-01/AC-ISSUE-0265-02/AC-ISSUE-0265-03/AC-ISSUE-0265-04,PASS,PASS,PASS,PASS,CRITICAL
ISSUE-0266,Implementable story,planned,EPIC-026,SPRINT-005,BC-013,"Artifacts, Proveniência e Lifecycle",Reviewer,STORY-0156-ISSUE-0266-auditar-evidencia-cientifica-e-final-artefatos-e-lineage.md,ADR-003/ADR-004/ADR-005/ADR-006/ADR-007/ADR-008/ADR-023/ADR-024/ADR-025/ADR-055,AC-ISSUE-0266-01/AC-ISSUE-0266-02/AC-ISSUE-0266-03/AC-ISSUE-0266-04,PASS,PASS,PASS,PASS,CRITICAL
ISSUE-0267,Implementable story,planned,EPIC-027,SPRINT-005,BC-005,Descoberta e Aquisição de Referências,Arquiteto,STORY-0157-ISSUE-0267-definir-contrato-cientifico-e-invariantes-gateway-de-fontes-protecao-ssrf.md,ADR-003/ADR-004/ADR-005/ADR-006/ADR-007/ADR-008/ADR-010/ADR-011/ADR-041/ADR-042/ADR-043/ADR-047,AC-ISSUE-0267-01/AC-ISSUE-0267-02/AC-ISSUE-0267-03/AC-ISSUE-0267-04,PASS,PASS,PASS,PASS,HIGH
ISSUE-0268,Implementable story,planned,EPIC-027,SPRINT-005,BC-005,Descoberta e Aquisição de Referências,Geoprocessamento,STORY-0158-ISSUE-0268-preparar-corpus-fixtures-e-representacao-tipada-gateway-de-fontes-protecao.md,ADR-003/ADR-004/ADR-005/ADR-006/ADR-007/ADR-008/ADR-041/ADR-042/ADR-043/ADR-047,AC-ISSUE-0268-01/AC-ISSUE-0268-02/AC-ISSUE-0268-03/AC-ISSUE-0268-04,PASS,PASS,PASS,PASS,HIGH
ISSUE-0269,Implementable story,planned,EPIC-027,SPRINT-005,BC-005,Descoberta e Aquisição de Referências,Geoprocessamento,STORY-0159-ISSUE-0269-implementar-o-nucleo-algoritmico-gateway-de-fontes-protecao-ssrf-estados-d.md,ADR-003/ADR-004/ADR-005/ADR-006/ADR-007/ADR-008/ADR-041/ADR-042/ADR-043/ADR-047,AC-ISSUE-0269-01/AC-ISSUE-0269-02/AC-ISSUE-0269-03/AC-ISSUE-0269-04,PASS,PASS,PASS,PASS,HIGH
ISSUE-0270,Implementable story,planned,EPIC-027,SPRINT-005,BC-005,Descoberta e Aquisição de Referências,Geoprocessamento,STORY-0160-ISSUE-0270-integrar-ao-processingplan-e-pipeline-gateway-de-fontes-protecao-ssrf-esta.md,ADR-003/ADR-004/ADR-005/ADR-006/ADR-007/ADR-008/ADR-041/ADR-042/ADR-043/ADR-047,AC-ISSUE-0270-01/AC-ISSUE-0270-02/AC-ISSUE-0270-03/AC-ISSUE-0270-04,PASS,PASS,PASS,PASS,HIGH
ISSUE-0271,Implementable story,planned,EPIC-027,SPRINT-005,BC-005,Descoberta e Aquisição de Referências,Geoprocessamento,STORY-0161-ISSUE-0271-produzir-metricas-diagnostico-e-lineage-gateway-de-fontes-protecao-ssrf-es.md,ADR-003/ADR-004/ADR-005/ADR-006/ADR-007/ADR-008/ADR-041/ADR-042/ADR-043/ADR-047,AC-ISSUE-0271-01/AC-ISSUE-0271-02/AC-ISSUE-0271-03/AC-ISSUE-0271-04,PASS,PASS,PASS,PASS,HIGH
ISSUE-0272,Implementable story,planned,EPIC-027,SPRINT-005,BC-005,Descoberta e Aquisição de Referências,QA,STORY-0162-ISSUE-0272-executar-benchmark-negativos-e-regressao-cientifica-gateway-de-fontes-prot.md,ADR-003/ADR-004/ADR-005/ADR-006/ADR-007/ADR-008/ADR-041/ADR-042/ADR-043/ADR-047,AC-ISSUE-0272-01/AC-ISSUE-0272-02/AC-ISSUE-0272-03/AC-ISSUE-0272-04,PASS,PASS,PASS,PASS,HIGH
ISSUE-0273,Implementable story,planned,EPIC-027,SPRINT-005,BC-005,Descoberta e Aquisição de Referências,Reviewer,STORY-0163-ISSUE-0273-auditar-evidencia-cientifica-e-final-gateway-de-fontes-protecao-ssrf-estad.md,ADR-003/ADR-004/ADR-005/ADR-006/ADR-007/ADR-008/ADR-041/ADR-042/ADR-043/ADR-047,AC-ISSUE-0273-01/AC-ISSUE-0273-02/AC-ISSUE-0273-03/AC-ISSUE-0273-04,PASS,PASS,PASS,PASS,HIGH
ISSUE-0274,Implementable story,planned,EPIC-028,SPRINT-005,BC-007,Verificação Geométrica e Qualidade,Arquiteto,STORY-0164-ISSUE-0274-definir-contrato-cientifico-e-invariantes-benchmarks-por-periodo-sensor-e.md,ADR-002/ADR-003/ADR-004/ADR-005/ADR-006/ADR-007/ADR-008/ADR-010/ADR-011/ADR-038/ADR-041/ADR-042/ADR-043/ADR-044/ADR-045/ADR-046/ADR-051/ADR-052/ADR-053,AC-ISSUE-0274-01/AC-ISSUE-0274-02/AC-ISSUE-0274-03/AC-ISSUE-0274-04,PASS,PASS,PASS,PASS,CRITICAL
ISSUE-0275,Implementable story,planned,EPIC-028,SPRINT-005,BC-007,Verificação Geométrica e Qualidade,Geoprocessamento,STORY-0165-ISSUE-0275-preparar-corpus-fixtures-e-representacao-tipada-benchmarks-por-periodo-sen.md,ADR-003/ADR-004/ADR-005/ADR-006/ADR-007/ADR-008/ADR-025/ADR-041/ADR-042/ADR-043/ADR-044/ADR-045/ADR-046,AC-ISSUE-0275-01/AC-ISSUE-0275-02/AC-ISSUE-0275-03/AC-ISSUE-0275-04,PASS,PASS,PASS,PASS,CRITICAL
ISSUE-0276,Implementable story,planned,EPIC-028,SPRINT-005,BC-007,Verificação Geométrica e Qualidade,Geoprocessamento,STORY-0166-ISSUE-0276-implementar-o-nucleo-algoritmico-benchmarks-por-periodo-sensor-e-perfil-de.md,ADR-003/ADR-004/ADR-005/ADR-006/ADR-007/ADR-008/ADR-025/ADR-041/ADR-042/ADR-043/ADR-044/ADR-045/ADR-046,AC-ISSUE-0276-01/AC-ISSUE-0276-02/AC-ISSUE-0276-03/AC-ISSUE-0276-04,PASS,PASS,PASS,PASS,CRITICAL
ISSUE-0277,Implementable story,planned,EPIC-028,SPRINT-005,BC-007,Verificação Geométrica e Qualidade,Geoprocessamento,STORY-0167-ISSUE-0277-integrar-ao-processingplan-e-pipeline-benchmarks-por-periodo-sensor-e-perf.md,ADR-003/ADR-004/ADR-005/ADR-006/ADR-007/ADR-008/ADR-025/ADR-041/ADR-042/ADR-043/ADR-044/ADR-045/ADR-046,AC-ISSUE-0277-01/AC-ISSUE-0277-02/AC-ISSUE-0277-03/AC-ISSUE-0277-04,PASS,PASS,PASS,PASS,CRITICAL
ISSUE-0278,Implementable story,planned,EPIC-028,SPRINT-005,BC-007,Verificação Geométrica e Qualidade,Geoprocessamento,STORY-0168-ISSUE-0278-produzir-metricas-diagnostico-e-lineage-benchmarks-por-periodo-sensor-e-pe.md,ADR-003/ADR-004/ADR-005/ADR-006/ADR-007/ADR-008/ADR-025/ADR-041/ADR-042/ADR-043/ADR-044/ADR-045/ADR-046,AC-ISSUE-0278-01/AC-ISSUE-0278-02/AC-ISSUE-0278-03/AC-ISSUE-0278-04,PASS,PASS,PASS,PASS,CRITICAL
ISSUE-0279,Implementable story,planned,EPIC-028,SPRINT-005,BC-007,Verificação Geométrica e Qualidade,QA,STORY-0169-ISSUE-0279-executar-benchmark-negativos-e-regressao-cientifica-benchmarks-por-periodo.md,ADR-003/ADR-004/ADR-005/ADR-006/ADR-007/ADR-008/ADR-009/ADR-041/ADR-042/ADR-043/ADR-044/ADR-045/ADR-046/ADR-051/ADR-052/ADR-053,AC-ISSUE-0279-01/AC-ISSUE-0279-02/AC-ISSUE-0279-03/AC-ISSUE-0279-04,PASS,PASS,PASS,PASS,CRITICAL
ISSUE-0280,Implementable story,planned,EPIC-028,SPRINT-005,BC-007,Verificação Geométrica e Qualidade,Reviewer,STORY-0170-ISSUE-0280-auditar-evidencia-cientifica-e-final-benchmarks-por-periodo-sensor-e-perfi.md,ADR-003/ADR-004/ADR-005/ADR-006/ADR-007/ADR-008/ADR-041/ADR-042/ADR-043/ADR-044/ADR-045/ADR-046,AC-ISSUE-0280-01/AC-ISSUE-0280-02/AC-ISSUE-0280-03/AC-ISSUE-0280-04,PASS,PASS,PASS,PASS,CRITICAL
ISSUE-0281,Implementable story,planned,EPIC-029,SPRINT-005,BC-004,Plano de Processamento e Workflow,Arquiteto,STORY-0171-ISSUE-0281-definir-contrato-cientifico-e-invariantes-etapas-capacidades-canonicas-e-p.md,ADR-003/ADR-004/ADR-005/ADR-006/ADR-007/ADR-008/ADR-010/ADR-011/ADR-014/ADR-047,AC-ISSUE-0281-01/AC-ISSUE-0281-02/AC-ISSUE-0281-03/AC-ISSUE-0281-04,PASS,PASS,PASS,PASS,HIGH
ISSUE-0282,Implementable story,planned,EPIC-029,SPRINT-005,BC-004,Plano de Processamento e Workflow,Geoprocessamento,STORY-0172-ISSUE-0282-preparar-corpus-fixtures-e-representacao-tipada-etapas-capacidades-canonic.md,ADR-003/ADR-004/ADR-005/ADR-006/ADR-007/ADR-008/ADR-009/ADR-041/ADR-042/ADR-043/ADR-047/ADR-051,AC-ISSUE-0282-01/AC-ISSUE-0282-02/AC-ISSUE-0282-03/AC-ISSUE-0282-04,PASS,PASS,PASS,PASS,CRITICAL
ISSUE-0283,Implementable story,planned,EPIC-029,SPRINT-005,BC-004,Plano de Processamento e Workflow,Geoprocessamento,STORY-0173-ISSUE-0283-implementar-o-nucleo-algoritmico-etapas-capacidades-canonicas-e-processing.md,ADR-003/ADR-004/ADR-005/ADR-006/ADR-007/ADR-008/ADR-009/ADR-041/ADR-042/ADR-043/ADR-047,AC-ISSUE-0283-01/AC-ISSUE-0283-02/AC-ISSUE-0283-03/AC-ISSUE-0283-04,PASS,PASS,PASS,PASS,HIGH
ISSUE-0284,Implementable story,planned,EPIC-029,SPRINT-005,BC-004,Plano de Processamento e Workflow,Geoprocessamento,STORY-0174-ISSUE-0284-integrar-ao-processingplan-e-pipeline-etapas-capacidades-canonicas-e-proce.md,ADR-003/ADR-004/ADR-005/ADR-006/ADR-007/ADR-008/ADR-041/ADR-042/ADR-043/ADR-047,AC-ISSUE-0284-01/AC-ISSUE-0284-02/AC-ISSUE-0284-03/AC-ISSUE-0284-04,PASS,PASS,PASS,PASS,HIGH
ISSUE-0285,Implementable story,planned,EPIC-029,SPRINT-005,BC-004,Plano de Processamento e Workflow,Geoprocessamento,STORY-0175-ISSUE-0285-produzir-metricas-diagnostico-e-lineage-etapas-capacidades-canonicas-e-pro.md,ADR-003/ADR-004/ADR-005/ADR-006/ADR-007/ADR-008/ADR-041/ADR-042/ADR-043/ADR-047,AC-ISSUE-0285-01/AC-ISSUE-0285-02/AC-ISSUE-0285-03/AC-ISSUE-0285-04,PASS,PASS,PASS,PASS,HIGH
ISSUE-0286,Implementable story,planned,EPIC-029,SPRINT-005,BC-004,Plano de Processamento e Workflow,QA,STORY-0176-ISSUE-0286-executar-benchmark-negativos-e-regressao-cientifica-etapas-capacidades-can.md,ADR-003/ADR-004/ADR-005/ADR-006/ADR-007/ADR-008/ADR-041/ADR-042/ADR-043/ADR-047,AC-ISSUE-0286-01/AC-ISSUE-0286-02/AC-ISSUE-0286-03/AC-ISSUE-0286-04,PASS,PASS,PASS,PASS,HIGH
ISSUE-0287,Implementable story,planned,EPIC-029,SPRINT-005,BC-004,Plano de Processamento e Workflow,Reviewer,STORY-0177-ISSUE-0287-auditar-evidencia-cientifica-e-final-etapas-capacidades-canonicas-e-proces.md,ADR-003/ADR-004/ADR-005/ADR-006/ADR-007/ADR-008,AC-ISSUE-0287-01/AC-ISSUE-0287-02/AC-ISSUE-0287-03/AC-ISSUE-0287-04,PASS,PASS,PASS,PASS,MEDIUM
ISSUE-0288,Implementable story,planned,EPIC-030,SPRINT-005,BC-012,"Resultados, Diagnósticos e Exportação",Arquiteto,STORY-0178-ISSUE-0288-definir-contrato-cientifico-e-invariantes-taxonomia-versionada-de-falhas-e.md,ADR-002/ADR-003/ADR-004/ADR-005/ADR-006/ADR-007/ADR-008/ADR-010/ADR-011/ADR-038,AC-ISSUE-0288-01/AC-ISSUE-0288-02/AC-ISSUE-0288-03/AC-ISSUE-0288-04,PASS,PASS,PASS,PASS,HIGH
ISSUE-0289,Implementable story,planned,EPIC-030,SPRINT-005,BC-012,"Resultados, Diagnósticos e Exportação",Geoprocessamento,STORY-0179-ISSUE-0289-preparar-corpus-fixtures-e-representacao-tipada-taxonomia-versionada-de-fa.md,ADR-003/ADR-004/ADR-005/ADR-006/ADR-007/ADR-008/ADR-041/ADR-042/ADR-043,AC-ISSUE-0289-01/AC-ISSUE-0289-02/AC-ISSUE-0289-03/AC-ISSUE-0289-04,PASS,PASS,PASS,PASS,HIGH
ISSUE-0290,Implementable story,planned,EPIC-030,SPRINT-005,BC-012,"Resultados, Diagnósticos e Exportação",Geoprocessamento,STORY-0180-ISSUE-0290-implementar-o-nucleo-algoritmico-taxonomia-versionada-de-falhas-evidencias.md,ADR-002/ADR-003/ADR-004/ADR-005/ADR-006/ADR-007/ADR-008/ADR-041/ADR-042/ADR-043,AC-ISSUE-0290-01/AC-ISSUE-0290-02/AC-ISSUE-0290-03/AC-ISSUE-0290-04,PASS,PASS,PASS,PASS,HIGH
ISSUE-0291,Implementable story,planned,EPIC-030,SPRINT-005,BC-012,"Resultados, Diagnósticos e Exportação",Geoprocessamento,STORY-0181-ISSUE-0291-integrar-ao-processingplan-e-pipeline-taxonomia-versionada-de-falhas-evide.md,ADR-003/ADR-004/ADR-005/ADR-006/ADR-007/ADR-008/ADR-041/ADR-042/ADR-043,AC-ISSUE-0291-01/AC-ISSUE-0291-02/AC-ISSUE-0291-03/AC-ISSUE-0291-04,PASS,PASS,PASS,PASS,HIGH
ISSUE-0292,Implementable story,planned,EPIC-030,SPRINT-005,BC-012,"Resultados, Diagnósticos e Exportação",Geoprocessamento,STORY-0182-ISSUE-0292-produzir-metricas-diagnostico-e-lineage-taxonomia-versionada-de-falhas-evi.md,ADR-003/ADR-004/ADR-005/ADR-006/ADR-007/ADR-008/ADR-041/ADR-042/ADR-043,AC-ISSUE-0292-01/AC-ISSUE-0292-02/AC-ISSUE-0292-03/AC-ISSUE-0292-04,PASS,PASS,PASS,PASS,HIGH
ISSUE-0293,Implementable story,planned,EPIC-030,SPRINT-005,BC-012,"Resultados, Diagnósticos e Exportação",QA,STORY-0183-ISSUE-0293-executar-benchmark-negativos-e-regressao-cientifica-taxonomia-versionada-d.md,ADR-003/ADR-004/ADR-005/ADR-006/ADR-007/ADR-008/ADR-041/ADR-042/ADR-043,AC-ISSUE-0293-01/AC-ISSUE-0293-02/AC-ISSUE-0293-03/AC-ISSUE-0293-04,PASS,PASS,PASS,PASS,HIGH
ISSUE-0294,Implementable story,planned,EPIC-030,SPRINT-005,BC-012,"Resultados, Diagnósticos e Exportação",Reviewer,STORY-0184-ISSUE-0294-auditar-evidencia-cientifica-e-final-taxonomia-versionada-de-falhas-eviden.md,ADR-003/ADR-004/ADR-005/ADR-006/ADR-007/ADR-008,AC-ISSUE-0294-01/AC-ISSUE-0294-02/AC-ISSUE-0294-03/AC-ISSUE-0294-04,PASS,PASS,PASS,PASS,HIGH
ISSUE-0295,Implementable story,planned,EPIC-031,SPRINT-009,BC-016,Experiência e Orientação do Operador,Product Owner,STORY-0185-ISSUE-0295-definir-jornada-estados-e-acessibilidade-react-typescript-vite-design-syst.md,ADR-003/ADR-004/ADR-005/ADR-006/ADR-007/ADR-008/ADR-010/ADR-011/ADR-013/ADR-014/ADR-015,AC-ISSUE-0295-01/AC-ISSUE-0295-02/AC-ISSUE-0295-03/AC-ISSUE-0295-04,PASS,PASS,PASS,PASS,HIGH
ISSUE-0296,Implementable story,planned,EPIC-031,SPRINT-009,BC-016,Experiência e Orientação do Operador,Frontend,STORY-0186-ISSUE-0296-integrar-contratos-e-cliente-tipado-react-typescript-vite-design-system-cl.md,ADR-003/ADR-004/ADR-005/ADR-006/ADR-007/ADR-008/ADR-010/ADR-011/ADR-013/ADR-014/ADR-015,AC-ISSUE-0296-01/AC-ISSUE-0296-02/AC-ISSUE-0296-03/AC-ISSUE-0296-04,PASS,PASS,PASS,PASS,HIGH
ISSUE-0297,Implementable story,planned,EPIC-031,SPRINT-009,BC-016,Experiência e Orientação do Operador,Frontend,STORY-0187-ISSUE-0297-implementar-componentes-e-interacao-react-typescript-vite-design-system-cl.md,ADR-003/ADR-004/ADR-005/ADR-006/ADR-007/ADR-008/ADR-010/ADR-011/ADR-013/ADR-014/ADR-015,AC-ISSUE-0297-01/AC-ISSUE-0297-02/AC-ISSUE-0297-03/AC-ISSUE-0297-04,PASS,PASS,PASS,PASS,HIGH
ISSUE-0298,Implementable story,planned,EPIC-031,SPRINT-009,BC-016,Experiência e Orientação do Operador,Frontend,STORY-0188-ISSUE-0298-integrar-mapa-fluxo-e-estados-de-erro-react-typescript-vite-design-system.md,ADR-003/ADR-004/ADR-005/ADR-006/ADR-007/ADR-008/ADR-010/ADR-011/ADR-013/ADR-014/ADR-015,AC-ISSUE-0298-01/AC-ISSUE-0298-02/AC-ISSUE-0298-03/AC-ISSUE-0298-04,PASS,PASS,PASS,PASS,HIGH
ISSUE-0299,Implementable story,planned,EPIC-031,SPRINT-009,BC-016,Experiência e Orientação do Operador,QA,STORY-0189-ISSUE-0299-executar-testes-de-componente-acessibilidade-e-e2e-react-typescript-vite-d.md,ADR-003/ADR-004/ADR-005/ADR-006/ADR-007/ADR-008/ADR-010/ADR-011/ADR-013/ADR-014/ADR-015/ADR-046/ADR-055,AC-ISSUE-0299-01/AC-ISSUE-0299-02/AC-ISSUE-0299-03/AC-ISSUE-0299-04,PASS,PASS,PASS,PASS,CRITICAL
ISSUE-0300,Implementable story,planned,EPIC-031,SPRINT-009,BC-016,Experiência e Orientação do Operador,Reviewer,STORY-0190-ISSUE-0300-auditar-ux-contrato-e-evidencia-final-react-typescript-vite-design-system.md,ADR-003/ADR-004/ADR-005/ADR-006/ADR-007/ADR-008/ADR-010/ADR-011/ADR-013/ADR-014/ADR-015,AC-ISSUE-0300-01/AC-ISSUE-0300-02/AC-ISSUE-0300-03/AC-ISSUE-0300-04,PASS,PASS,PASS,PASS,HIGH
ISSUE-0301,Implementable story,planned,EPIC-032,SPRINT-009,BC-016,Experiência e Orientação do Operador,Product Owner,STORY-0191-ISSUE-0301-definir-jornada-estados-e-acessibilidade-workspace-openlayers-configuracao.md,ADR-003/ADR-004/ADR-005/ADR-006/ADR-007/ADR-008/ADR-010/ADR-011/ADR-014/ADR-042/ADR-049,AC-ISSUE-0301-01/AC-ISSUE-0301-02/AC-ISSUE-0301-03/AC-ISSUE-0301-04,PASS,PASS,PASS,PASS,MEDIUM
ISSUE-0302,Implementable story,planned,EPIC-032,SPRINT-009,BC-016,Experiência e Orientação do Operador,Frontend,STORY-0192-ISSUE-0302-integrar-contratos-e-cliente-tipado-workspace-openlayers-configuracao-acom.md,ADR-003/ADR-004/ADR-005/ADR-006/ADR-007/ADR-008/ADR-010/ADR-011/ADR-014/ADR-040/ADR-055,AC-ISSUE-0302-01/AC-ISSUE-0302-02/AC-ISSUE-0302-03/AC-ISSUE-0302-04,PASS,PASS,PASS,PASS,CRITICAL
ISSUE-0303,Implementable story,planned,EPIC-032,SPRINT-009,BC-016,Experiência e Orientação do Operador,Frontend,STORY-0193-ISSUE-0303-implementar-componentes-e-interacao-workspace-openlayers-configuracao-acom.md,ADR-003/ADR-004/ADR-005/ADR-006/ADR-007/ADR-008/ADR-010/ADR-011/ADR-014,AC-ISSUE-0303-01/AC-ISSUE-0303-02/AC-ISSUE-0303-03/AC-ISSUE-0303-04,PASS,PASS,PASS,PASS,HIGH
ISSUE-0304,Implementable story,planned,EPIC-032,SPRINT-009,BC-016,Experiência e Orientação do Operador,Frontend,STORY-0194-ISSUE-0304-integrar-mapa-fluxo-e-estados-de-erro-workspace-openlayers-configuracao-ac.md,ADR-003/ADR-004/ADR-005/ADR-006/ADR-007/ADR-008/ADR-010/ADR-011/ADR-014,AC-ISSUE-0304-01/AC-ISSUE-0304-02/AC-ISSUE-0304-03/AC-ISSUE-0304-04,PASS,PASS,PASS,PASS,HIGH
ISSUE-0305,Implementable story,planned,EPIC-032,SPRINT-009,BC-016,Experiência e Orientação do Operador,QA,STORY-0195-ISSUE-0305-executar-testes-de-componente-acessibilidade-e-e2e-workspace-openlayers-co.md,ADR-003/ADR-004/ADR-005/ADR-006/ADR-007/ADR-008/ADR-010/ADR-011/ADR-014,AC-ISSUE-0305-01/AC-ISSUE-0305-02/AC-ISSUE-0305-03/AC-ISSUE-0305-04,PASS,PASS,PASS,PASS,MEDIUM
ISSUE-0306,Implementable story,planned,EPIC-032,SPRINT-009,BC-016,Experiência e Orientação do Operador,Reviewer,STORY-0196-ISSUE-0306-auditar-ux-contrato-e-evidencia-final-workspace-openlayers-configuracao-ac.md,ADR-003/ADR-004/ADR-005/ADR-006/ADR-007/ADR-008/ADR-010/ADR-011/ADR-014,AC-ISSUE-0306-01/AC-ISSUE-0306-02/AC-ISSUE-0306-03/AC-ISSUE-0306-04,PASS,PASS,PASS,PASS,MEDIUM
ISSUE-0307,Implementable story,planned,EPIC-033,SPRINT-009,BC-016,Experiência e Orientação do Operador,Product Owner,STORY-0197-ISSUE-0307-definir-jornada-estados-e-acessibilidade-assistente-guiado-recomendacao-ex.md,ADR-003/ADR-004/ADR-005/ADR-006/ADR-007/ADR-008/ADR-010/ADR-011/ADR-014/ADR-051,AC-ISSUE-0307-01/AC-ISSUE-0307-02/AC-ISSUE-0307-03/AC-ISSUE-0307-04,PASS,PASS,PASS,PASS,CRITICAL
ISSUE-0308,Implementable story,planned,EPIC-033,SPRINT-009,BC-016,Experiência e Orientação do Operador,Frontend,STORY-0198-ISSUE-0308-integrar-contratos-e-cliente-tipado-assistente-guiado-recomendacao-explica.md,ADR-003/ADR-004/ADR-005/ADR-006/ADR-007/ADR-008/ADR-010/ADR-011/ADR-014/ADR-047,AC-ISSUE-0308-01/AC-ISSUE-0308-02/AC-ISSUE-0308-03/AC-ISSUE-0308-04,PASS,PASS,PASS,PASS,HIGH
ISSUE-0309,Implementable story,planned,EPIC-033,SPRINT-009,BC-016,Experiência e Orientação do Operador,Frontend,STORY-0199-ISSUE-0309-implementar-componentes-e-interacao-assistente-guiado-recomendacao-explica.md,ADR-003/ADR-004/ADR-005/ADR-006/ADR-007/ADR-008/ADR-010/ADR-011/ADR-014,AC-ISSUE-0309-01/AC-ISSUE-0309-02/AC-ISSUE-0309-03/AC-ISSUE-0309-04,PASS,PASS,PASS,PASS,HIGH
ISSUE-0310,Implementable story,planned,EPIC-033,SPRINT-009,BC-016,Experiência e Orientação do Operador,Frontend,STORY-0200-ISSUE-0310-integrar-mapa-fluxo-e-estados-de-erro-assistente-guiado-recomendacao-expli.md,ADR-003/ADR-004/ADR-005/ADR-006/ADR-007/ADR-008/ADR-010/ADR-011/ADR-014,AC-ISSUE-0310-01/AC-ISSUE-0310-02/AC-ISSUE-0310-03/AC-ISSUE-0310-04,PASS,PASS,PASS,PASS,HIGH
ISSUE-0311,Implementable story,planned,EPIC-033,SPRINT-009,BC-016,Experiência e Orientação do Operador,QA,STORY-0201-ISSUE-0311-executar-testes-de-componente-acessibilidade-e-e2e-assistente-guiado-recom.md,ADR-003/ADR-004/ADR-005/ADR-006/ADR-007/ADR-008/ADR-010/ADR-011/ADR-014,AC-ISSUE-0311-01/AC-ISSUE-0311-02/AC-ISSUE-0311-03/AC-ISSUE-0311-04,PASS,PASS,PASS,PASS,MEDIUM
ISSUE-0312,Implementable story,planned,EPIC-033,SPRINT-009,BC-016,Experiência e Orientação do Operador,Reviewer,STORY-0202-ISSUE-0312-auditar-ux-contrato-e-evidencia-final-assistente-guiado-recomendacao-expli.md,ADR-003/ADR-004/ADR-005/ADR-006/ADR-007/ADR-008/ADR-010/ADR-011/ADR-014,AC-ISSUE-0312-01/AC-ISSUE-0312-02/AC-ISSUE-0312-03/AC-ISSUE-0312-04,PASS,PASS,PASS,PASS,MEDIUM
ISSUE-0313,Implementable story,planned,EPIC-034,SPRINT-009,BC-016,Experiência e Orientação do Operador,Product Owner,STORY-0203-ISSUE-0313-definir-jornada-estados-e-acessibilidade-painel-de-qualidade-do-lote-busca.md,ADR-002/ADR-003/ADR-004/ADR-005/ADR-006/ADR-007/ADR-008/ADR-010/ADR-011/ADR-012/ADR-014/ADR-025/ADR-039/ADR-046,AC-ISSUE-0313-01/AC-ISSUE-0313-02/AC-ISSUE-0313-03/AC-ISSUE-0313-04,PASS,PASS,PASS,PASS,CRITICAL
ISSUE-0314,Implementable story,planned,EPIC-034,SPRINT-009,BC-016,Experiência e Orientação do Operador,Frontend,STORY-0204-ISSUE-0314-integrar-contratos-e-cliente-tipado-painel-de-qualidade-do-lote-busca-serv.md,ADR-003/ADR-004/ADR-005/ADR-006/ADR-007/ADR-008/ADR-010/ADR-011/ADR-012/ADR-014,AC-ISSUE-0314-01/AC-ISSUE-0314-02/AC-ISSUE-0314-03/AC-ISSUE-0314-04,PASS,PASS,PASS,PASS,MEDIUM
ISSUE-0315,Implementable story,planned,EPIC-034,SPRINT-009,BC-016,Experiência e Orientação do Operador,Frontend,STORY-0205-ISSUE-0315-implementar-componentes-e-interacao-painel-de-qualidade-do-lote-busca-serv.md,ADR-003/ADR-004/ADR-005/ADR-006/ADR-007/ADR-008/ADR-010/ADR-011/ADR-012/ADR-014,AC-ISSUE-0315-01/AC-ISSUE-0315-02/AC-ISSUE-0315-03/AC-ISSUE-0315-04,PASS,PASS,PASS,PASS,HIGH
ISSUE-0316,Implementable story,planned,EPIC-034,SPRINT-009,BC-016,Experiência e Orientação do Operador,Frontend,STORY-0206-ISSUE-0316-integrar-mapa-fluxo-e-estados-de-erro-painel-de-qualidade-do-lote-busca-se.md,ADR-003/ADR-004/ADR-005/ADR-006/ADR-007/ADR-008/ADR-010/ADR-011/ADR-012/ADR-014,AC-ISSUE-0316-01/AC-ISSUE-0316-02/AC-ISSUE-0316-03/AC-ISSUE-0316-04,PASS,PASS,PASS,PASS,HIGH
ISSUE-0317,Implementable story,planned,EPIC-034,SPRINT-009,BC-016,Experiência e Orientação do Operador,QA,STORY-0207-ISSUE-0317-executar-testes-de-componente-acessibilidade-e-e2e-painel-de-qualidade-do.md,ADR-003/ADR-004/ADR-005/ADR-006/ADR-007/ADR-008/ADR-010/ADR-011/ADR-012/ADR-014,AC-ISSUE-0317-01/AC-ISSUE-0317-02/AC-ISSUE-0317-03/AC-ISSUE-0317-04,PASS,PASS,PASS,PASS,MEDIUM
ISSUE-0318,Implementable story,planned,EPIC-034,SPRINT-009,BC-016,Experiência e Orientação do Operador,Reviewer,STORY-0208-ISSUE-0318-auditar-ux-contrato-e-evidencia-final-painel-de-qualidade-do-lote-busca-se.md,ADR-003/ADR-004/ADR-005/ADR-006/ADR-007/ADR-008/ADR-010/ADR-011/ADR-012/ADR-014,AC-ISSUE-0318-01/AC-ISSUE-0318-02/AC-ISSUE-0318-03/AC-ISSUE-0318-04,PASS,PASS,PASS,PASS,MEDIUM
ISSUE-0319,Implementable story,planned,EPIC-035,SPRINT-009,BC-011,Revisão e Correção,Product Owner,STORY-0209-ISSUE-0319-definir-fluxo-de-revisao-e-decisoes-permitidas-workflow-de-revisao-com-gat.md,ADR-003/ADR-004/ADR-005/ADR-006/ADR-007/ADR-008,AC-ISSUE-0319-01/AC-ISSUE-0319-02/AC-ISSUE-0319-03/AC-ISSUE-0319-04,PASS,PASS,PASS,PASS,MEDIUM
ISSUE-0320,Implementable story,planned,EPIC-035,SPRINT-009,BC-011,Revisão e Correção,Arquiteto,STORY-0210-ISSUE-0320-definir-contratos-de-correcao-e-nova-tentativa-workflow-de-revisao-com-gat.md,ADR-003/ADR-004/ADR-005/ADR-006/ADR-007/ADR-008/ADR-010/ADR-011/ADR-014/ADR-016/ADR-046,AC-ISSUE-0320-01/AC-ISSUE-0320-02/AC-ISSUE-0320-03/AC-ISSUE-0320-04,PASS,PASS,PASS,PASS,CRITICAL
ISSUE-0321,Implementable story,planned,EPIC-035,SPRINT-009,BC-011,Revisão e Correção,Frontend,STORY-0211-ISSUE-0321-implementar-workspace-e-comparacao-workflow-de-revisao-com-gates-revisavei.md,ADR-003/ADR-004/ADR-005/ADR-006/ADR-007/ADR-008/ADR-010/ADR-011/ADR-014,AC-ISSUE-0321-01/AC-ISSUE-0321-02/AC-ISSUE-0321-03/AC-ISSUE-0321-04,PASS,PASS,PASS,PASS,MEDIUM
ISSUE-0322,Implementable story,planned,EPIC-035,SPRINT-009,BC-011,Revisão e Correção,Backend,STORY-0212-ISSUE-0322-implementar-lifecycle-e-auditoria-workflow-de-revisao-com-gates-revisaveis.md,ADR-003/ADR-004/ADR-005/ADR-006/ADR-007/ADR-008/ADR-016/ADR-018/ADR-019,AC-ISSUE-0322-01/AC-ISSUE-0322-02/AC-ISSUE-0322-03/AC-ISSUE-0322-04,PASS,PASS,PASS,PASS,HIGH
ISSUE-0323,Implementable story,planned,EPIC-035,SPRINT-009,BC-011,Revisão e Correção,QA,STORY-0213-ISSUE-0323-executar-testes-de-revisao-hard-gates-e-concorrencia-workflow-de-revisao-c.md,ADR-003/ADR-004/ADR-005/ADR-006/ADR-007/ADR-008,AC-ISSUE-0323-01/AC-ISSUE-0323-02/AC-ISSUE-0323-03/AC-ISSUE-0323-04,PASS,PASS,PASS,PASS,MEDIUM
ISSUE-0324,Implementable story,planned,EPIC-035,SPRINT-009,BC-011,Revisão e Correção,Reviewer,STORY-0214-ISSUE-0324-auditar-rastreabilidade-e-evidencia-final-workflow-de-revisao-com-gates-re.md,ADR-003/ADR-004/ADR-005/ADR-006/ADR-007/ADR-008,AC-ISSUE-0324-01/AC-ISSUE-0324-02/AC-ISSUE-0324-03/AC-ISSUE-0324-04,PASS,PASS,PASS,PASS,MEDIUM
ISSUE-0325,Implementable story,planned,EPIC-036,SPRINT-009,BC-016,Experiência e Orientação do Operador,Product Owner,STORY-0215-ISSUE-0325-definir-conteudo-exemplos-e-objetivos-de-aprendizagem-central-aprender-exe.md,ADR-003/ADR-004/ADR-005/ADR-006/ADR-007/ADR-008/ADR-014,AC-ISSUE-0325-01/AC-ISSUE-0325-02/AC-ISSUE-0325-03/AC-ISSUE-0325-04,PASS,PASS,PASS,PASS,MEDIUM
ISSUE-0326,Implementable story,planned,EPIC-036,SPRINT-009,BC-016,Experiência e Orientação do Operador,Frontend,STORY-0216-ISSUE-0326-implementar-estrutura-e-navegacao-de-aprendizagem-central-aprender-exemplo.md,ADR-002/ADR-003/ADR-004/ADR-005/ADR-006/ADR-007/ADR-008/ADR-009/ADR-014,AC-ISSUE-0326-01/AC-ISSUE-0326-02/AC-ISSUE-0326-03/AC-ISSUE-0326-04,PASS,PASS,PASS,PASS,MEDIUM
ISSUE-0327,Implementable story,planned,EPIC-036,SPRINT-009,BC-016,Experiência e Orientação do Operador,Frontend,STORY-0217-ISSUE-0327-criar-exemplos-visuais-e-projeto-demonstrativo-central-aprender-exemplos-v.md,ADR-003/ADR-004/ADR-005/ADR-006/ADR-007/ADR-008/ADR-014,AC-ISSUE-0327-01/AC-ISSUE-0327-02/AC-ISSUE-0327-03/AC-ISSUE-0327-04,PASS,PASS,PASS,PASS,MEDIUM
ISSUE-0328,Implementable story,planned,EPIC-036,SPRINT-009,BC-016,Experiência e Orientação do Operador,QA,STORY-0218-ISSUE-0328-validar-acessibilidade-clareza-e-consistencia-tecnica-central-aprender-exe.md,ADR-003/ADR-004/ADR-005/ADR-006/ADR-007/ADR-008/ADR-014,AC-ISSUE-0328-01/AC-ISSUE-0328-02/AC-ISSUE-0328-03/AC-ISSUE-0328-04,PASS,PASS,PASS,PASS,MEDIUM
ISSUE-0329,Implementable story,planned,EPIC-036,SPRINT-009,BC-016,Experiência e Orientação do Operador,Reviewer,STORY-0219-ISSUE-0329-auditar-conteudo-e-evidencia-final-central-aprender-exemplos-visuais-proje.md,ADR-003/ADR-004/ADR-005/ADR-006/ADR-007/ADR-008/ADR-014,AC-ISSUE-0329-01/AC-ISSUE-0329-02/AC-ISSUE-0329-03/AC-ISSUE-0329-04,PASS,PASS,PASS,PASS,MEDIUM
ISSUE-0330,Implementable story,planned,EPIC-037,SPRINT-010,BC-012,"Resultados, Diagnósticos e Exportação",Arquiteto,STORY-0220-ISSUE-0330-definir-schemas-formatos-e-invariantes-de-resultado-persistencia-e-exporta.md,ADR-003/ADR-004/ADR-005/ADR-006/ADR-007/ADR-008/ADR-010/ADR-011/ADR-012/ADR-014/ADR-016/ADR-025/ADR-038/ADR-046/ADR-048,AC-ISSUE-0330-01/AC-ISSUE-0330-02/AC-ISSUE-0330-03/AC-ISSUE-0330-04,PASS,PASS,PASS,PASS,CRITICAL
ISSUE-0331,Implementable story,planned,EPIC-037,SPRINT-010,BC-012,"Resultados, Diagnósticos e Exportação",Backend,STORY-0221-ISSUE-0331-implementar-persistencia-e-snapshots-persistencia-e-exportacao-escalavel-d.md,ADR-003/ADR-004/ADR-005/ADR-006/ADR-007/ADR-008/ADR-016/ADR-018/ADR-019/ADR-025,AC-ISSUE-0331-01/AC-ISSUE-0331-02/AC-ISSUE-0331-03/AC-ISSUE-0331-04,PASS,PASS,PASS,PASS,HIGH
ISSUE-0332,Implementable story,planned,EPIC-037,SPRINT-010,BC-012,"Resultados, Diagnósticos e Exportação",Backend,STORY-0222-ISSUE-0332-implementar-geracao-e-exportacao-persistencia-e-exportacao-escalavel-de-re.md,ADR-003/ADR-004/ADR-005/ADR-006/ADR-007/ADR-008/ADR-016/ADR-018/ADR-019/ADR-025,AC-ISSUE-0332-01/AC-ISSUE-0332-02/AC-ISSUE-0332-03/AC-ISSUE-0332-04,PASS,PASS,PASS,PASS,HIGH
ISSUE-0333,Implementable story,planned,EPIC-037,SPRINT-010,BC-012,"Resultados, Diagnósticos e Exportação",Frontend,STORY-0223-ISSUE-0333-expor-consulta-download-e-visualizacao-persistencia-e-exportacao-escalavel.md,ADR-002/ADR-003/ADR-004/ADR-005/ADR-006/ADR-007/ADR-008/ADR-010/ADR-011/ADR-012/ADR-014/ADR-016/ADR-025/ADR-039/ADR-046/ADR-050,AC-ISSUE-0333-01/AC-ISSUE-0333-02/AC-ISSUE-0333-03/AC-ISSUE-0333-04,PASS,PASS,PASS,PASS,CRITICAL
ISSUE-0334,Implementable story,planned,EPIC-037,SPRINT-010,BC-012,"Resultados, Diagnósticos e Exportação",QA,STORY-0224-ISSUE-0334-validar-escala-reprodutibilidade-e-integridade-persistencia-e-exportacao-e.md,ADR-003/ADR-004/ADR-005/ADR-006/ADR-007/ADR-008/ADR-025,AC-ISSUE-0334-01/AC-ISSUE-0334-02/AC-ISSUE-0334-03/AC-ISSUE-0334-04,PASS,PASS,PASS,PASS,HIGH
ISSUE-0335,Implementable story,planned,EPIC-037,SPRINT-010,BC-012,"Resultados, Diagnósticos e Exportação",Reviewer,STORY-0225-ISSUE-0335-auditar-lineage-e-evidencia-final-persistencia-e-exportacao-escalavel-de-r.md,ADR-003/ADR-004/ADR-005/ADR-006/ADR-007/ADR-008/ADR-025,AC-ISSUE-0335-01/AC-ISSUE-0335-02/AC-ISSUE-0335-03/AC-ISSUE-0335-04,PASS,PASS,PASS,PASS,HIGH
ISSUE-0336,Implementable story,planned,EPIC-038,SPRINT-010,BC-007,Verificação Geométrica e Qualidade,Arquiteto,STORY-0226-ISSUE-0336-definir-schemas-formatos-e-invariantes-de-resultado-metricas-heatmap-amost.md,ADR-003/ADR-004/ADR-005/ADR-006/ADR-007/ADR-008/ADR-010/ADR-011/ADR-014/ADR-016/ADR-046,AC-ISSUE-0336-01/AC-ISSUE-0336-02/AC-ISSUE-0336-03/AC-ISSUE-0336-04,PASS,PASS,PASS,PASS,CRITICAL
ISSUE-0337,Implementable story,planned,EPIC-038,SPRINT-010,BC-007,Verificação Geométrica e Qualidade,Backend,STORY-0227-ISSUE-0337-implementar-persistencia-e-snapshots-metricas-heatmap-amostrado-e-diagnost.md,ADR-003/ADR-004/ADR-005/ADR-006/ADR-007/ADR-008/ADR-016/ADR-046,AC-ISSUE-0337-01/AC-ISSUE-0337-02/AC-ISSUE-0337-03/AC-ISSUE-0337-04,PASS,PASS,PASS,PASS,CRITICAL
ISSUE-0338,Implementable story,planned,EPIC-038,SPRINT-010,BC-007,Verificação Geométrica e Qualidade,Backend,STORY-0228-ISSUE-0338-implementar-geracao-e-exportacao-metricas-heatmap-amostrado-e-diagnostico.md,ADR-003/ADR-004/ADR-005/ADR-006/ADR-007/ADR-008/ADR-016/ADR-046,AC-ISSUE-0338-01/AC-ISSUE-0338-02/AC-ISSUE-0338-03/AC-ISSUE-0338-04,PASS,PASS,PASS,PASS,CRITICAL
ISSUE-0339,Implementable story,planned,EPIC-038,SPRINT-010,BC-007,Verificação Geométrica e Qualidade,Frontend,STORY-0229-ISSUE-0339-expor-consulta-download-e-visualizacao-metricas-heatmap-amostrado-e-diagno.md,ADR-003/ADR-004/ADR-005/ADR-006/ADR-007/ADR-008/ADR-010/ADR-011/ADR-014/ADR-016/ADR-046,AC-ISSUE-0339-01/AC-ISSUE-0339-02/AC-ISSUE-0339-03/AC-ISSUE-0339-04,PASS,PASS,PASS,PASS,CRITICAL
ISSUE-0340,Implementable story,planned,EPIC-038,SPRINT-010,BC-007,Verificação Geométrica e Qualidade,QA,STORY-0230-ISSUE-0340-validar-escala-reprodutibilidade-e-integridade-metricas-heatmap-amostrado.md,ADR-003/ADR-004/ADR-005/ADR-006/ADR-007/ADR-008/ADR-046,AC-ISSUE-0340-01/AC-ISSUE-0340-02/AC-ISSUE-0340-03/AC-ISSUE-0340-04,PASS,PASS,PASS,PASS,CRITICAL
ISSUE-0341,Implementable story,planned,EPIC-038,SPRINT-010,BC-007,Verificação Geométrica e Qualidade,Reviewer,STORY-0231-ISSUE-0341-auditar-lineage-e-evidencia-final-metricas-heatmap-amostrado-e-diagnostico.md,ADR-003/ADR-004/ADR-005/ADR-006/ADR-007/ADR-008/ADR-046,AC-ISSUE-0341-01/AC-ISSUE-0341-02/AC-ISSUE-0341-03/AC-ISSUE-0341-04,PASS,PASS,PASS,PASS,CRITICAL
ISSUE-0342,Implementable story,planned,EPIC-039,SPRINT-011,BC-014,"Operações, Auditoria e Suporte",DevOps,STORY-0232-ISSUE-0342-definir-slo-runbook-e-controles-operacionais-instrumentacao-opentelemetry.md,ADR-003/ADR-004/ADR-005/ADR-006/ADR-007/ADR-008/ADR-009/ADR-010/ADR-011/ADR-012/ADR-017/ADR-033/ADR-034/ADR-038/ADR-051/ADR-052/ADR-053/ADR-054,AC-ISSUE-0342-01/AC-ISSUE-0342-02/AC-ISSUE-0342-03/AC-ISSUE-0342-04,PASS,PASS,PASS,PASS,CRITICAL
ISSUE-0343,Implementable story,planned,EPIC-039,SPRINT-011,BC-014,"Operações, Auditoria e Suporte",DevOps,STORY-0233-ISSUE-0343-implementar-automacao-operacional-instrumentacao-opentelemetry-correlation.md,ADR-003/ADR-004/ADR-005/ADR-006/ADR-007/ADR-008/ADR-009/ADR-010/ADR-011/ADR-012/ADR-033/ADR-034,AC-ISSUE-0343-01/AC-ISSUE-0343-02/AC-ISSUE-0343-03/AC-ISSUE-0343-04,PASS,PASS,PASS,PASS,CRITICAL
ISSUE-0344,Implementable story,planned,EPIC-039,SPRINT-011,BC-014,"Operações, Auditoria e Suporte",DevOps,STORY-0234-ISSUE-0344-instrumentar-sinais-dashboards-e-alertas-instrumentacao-opentelemetry-corr.md,ADR-003/ADR-004/ADR-005/ADR-006/ADR-007/ADR-008/ADR-009/ADR-010/ADR-011/ADR-012/ADR-018/ADR-020/ADR-033/ADR-034/ADR-037/ADR-038/ADR-054,AC-ISSUE-0344-01/AC-ISSUE-0344-02/AC-ISSUE-0344-03/AC-ISSUE-0344-04,PASS,PASS,PASS,PASS,CRITICAL
ISSUE-0345,Implementable story,planned,EPIC-039,SPRINT-011,BC-014,"Operações, Auditoria e Suporte",QA,STORY-0235-ISSUE-0345-executar-drills-fault-injection-e-recuperacao-instrumentacao-opentelemetry.md,ADR-003/ADR-004/ADR-005/ADR-006/ADR-007/ADR-008/ADR-010/ADR-011/ADR-012,AC-ISSUE-0345-01/AC-ISSUE-0345-02/AC-ISSUE-0345-03/AC-ISSUE-0345-04,PASS,PASS,PASS,PASS,CRITICAL
ISSUE-0346,Implementable story,planned,EPIC-039,SPRINT-011,BC-014,"Operações, Auditoria e Suporte",Security,STORY-0236-ISSUE-0346-validar-acesso-redaction-e-exposicao-instrumentacao-opentelemetry-correlat.md,ADR-003/ADR-004/ADR-005/ADR-006/ADR-007/ADR-008/ADR-010/ADR-011/ADR-012/ADR-030/ADR-031/ADR-032/ADR-055,AC-ISSUE-0346-01/AC-ISSUE-0346-02/AC-ISSUE-0346-03/AC-ISSUE-0346-04,PASS,PASS,PASS,PASS,CRITICAL
ISSUE-0347,Implementable story,planned,EPIC-039,SPRINT-011,BC-014,"Operações, Auditoria e Suporte",Reviewer,STORY-0237-ISSUE-0347-auditar-evidencia-operacional-final-instrumentacao-opentelemetry-correlati.md,ADR-003/ADR-004/ADR-005/ADR-006/ADR-007/ADR-008/ADR-010/ADR-011/ADR-012,AC-ISSUE-0347-01/AC-ISSUE-0347-02/AC-ISSUE-0347-03/AC-ISSUE-0347-04,PASS,PASS,PASS,PASS,CRITICAL
ISSUE-0348,Implementable story,planned,EPIC-040,SPRINT-011,BC-014,"Operações, Auditoria e Suporte",DevOps,STORY-0238-ISSUE-0348-definir-slo-runbook-e-controles-operacionais-benchmark-limites-e-orcamento.md,ADR-003/ADR-004/ADR-005/ADR-006/ADR-007/ADR-008/ADR-009/ADR-010/ADR-011/ADR-012/ADR-033/ADR-034/ADR-039/ADR-042,AC-ISSUE-0348-01/AC-ISSUE-0348-02/AC-ISSUE-0348-03/AC-ISSUE-0348-04,PASS,PASS,PASS,PASS,CRITICAL
ISSUE-0349,Implementable story,planned,EPIC-040,SPRINT-011,BC-014,"Operações, Auditoria e Suporte",DevOps,STORY-0239-ISSUE-0349-implementar-automacao-operacional-benchmark-limites-e-orcamento-de-recurso.md,ADR-003/ADR-004/ADR-005/ADR-006/ADR-007/ADR-008/ADR-009/ADR-033/ADR-034/ADR-036/ADR-040/ADR-053,AC-ISSUE-0349-01/AC-ISSUE-0349-02/AC-ISSUE-0349-03/AC-ISSUE-0349-04,PASS,PASS,PASS,PASS,CRITICAL
ISSUE-0350,Implementable story,planned,EPIC-040,SPRINT-011,BC-014,"Operações, Auditoria e Suporte",DevOps,STORY-0240-ISSUE-0350-instrumentar-sinais-dashboards-e-alertas-benchmark-limites-e-orcamento-de.md,ADR-003/ADR-004/ADR-005/ADR-006/ADR-007/ADR-008/ADR-009/ADR-012/ADR-033/ADR-034/ADR-039,AC-ISSUE-0350-01/AC-ISSUE-0350-02/AC-ISSUE-0350-03/AC-ISSUE-0350-04,PASS,PASS,PASS,PASS,CRITICAL
ISSUE-0351,Implementable story,planned,EPIC-040,SPRINT-011,BC-014,"Operações, Auditoria e Suporte",QA,STORY-0241-ISSUE-0351-executar-drills-fault-injection-e-recuperacao-benchmark-limites-e-orcament.md,ADR-003/ADR-004/ADR-005/ADR-006/ADR-007/ADR-008,AC-ISSUE-0351-01/AC-ISSUE-0351-02/AC-ISSUE-0351-03/AC-ISSUE-0351-04,PASS,PASS,PASS,PASS,CRITICAL
ISSUE-0352,Implementable story,planned,EPIC-040,SPRINT-011,BC-014,"Operações, Auditoria e Suporte",Security,STORY-0242-ISSUE-0352-validar-acesso-redaction-e-exposicao-benchmark-limites-e-orcamento-de-recu.md,ADR-003/ADR-004/ADR-005/ADR-006/ADR-007/ADR-008/ADR-030/ADR-031/ADR-032/ADR-053,AC-ISSUE-0352-01/AC-ISSUE-0352-02/AC-ISSUE-0352-03/AC-ISSUE-0352-04,PASS,PASS,PASS,PASS,CRITICAL
ISSUE-0353,Implementable story,planned,EPIC-040,SPRINT-011,BC-014,"Operações, Auditoria e Suporte",Reviewer,STORY-0243-ISSUE-0353-auditar-evidencia-operacional-final-benchmark-limites-e-orcamento-de-recur.md,ADR-003/ADR-004/ADR-005/ADR-006/ADR-007/ADR-008,AC-ISSUE-0353-01/AC-ISSUE-0353-02/AC-ISSUE-0353-03/AC-ISSUE-0353-04,PASS,PASS,PASS,PASS,CRITICAL
ISSUE-0354,Implementable story,planned,EPIC-041,SPRINT-002,BC-014,"Operações, Auditoria e Suporte",Security,STORY-0244-ISSUE-0354-modelar-ameacas-e-requisitos-de-controle-threat-model-validado-scanning-e.md,ADR-003/ADR-004/ADR-005/ADR-006/ADR-007/ADR-008/ADR-030/ADR-031/ADR-032,AC-ISSUE-0354-01/AC-ISSUE-0354-02/AC-ISSUE-0354-03/AC-ISSUE-0354-04,PASS,PASS,PASS,PASS,CRITICAL
ISSUE-0355,Implementable story,planned,EPIC-041,SPRINT-002,BC-014,"Operações, Auditoria e Suporte",Arquiteto,STORY-0245-ISSUE-0355-definir-politicas-e-contratos-fail-closed-threat-model-validado-scanning-e.md,ADR-003/ADR-004/ADR-005/ADR-006/ADR-007/ADR-008,AC-ISSUE-0355-01/AC-ISSUE-0355-02/AC-ISSUE-0355-03/AC-ISSUE-0355-04,PASS,PASS,PASS,PASS,CRITICAL
ISSUE-0356,Implementable story,planned,EPIC-041,SPRINT-002,BC-014,"Operações, Auditoria e Suporte",Backend,STORY-0246-ISSUE-0356-implementar-controles-e-enforcement-threat-model-validado-scanning-e-teste.md,ADR-003/ADR-004/ADR-005/ADR-006/ADR-007/ADR-008/ADR-016/ADR-018/ADR-019/ADR-023,AC-ISSUE-0356-01/AC-ISSUE-0356-02/AC-ISSUE-0356-03/AC-ISSUE-0356-04,PASS,PASS,PASS,PASS,CRITICAL
ISSUE-0357,Implementable story,planned,EPIC-041,SPRINT-002,BC-014,"Operações, Auditoria e Suporte",Security,STORY-0247-ISSUE-0357-executar-testes-negativos-e-ofensivos-threat-model-validado-scanning-e-tes.md,ADR-003/ADR-004/ADR-005/ADR-006/ADR-007/ADR-008/ADR-030/ADR-031/ADR-032,AC-ISSUE-0357-01/AC-ISSUE-0357-02/AC-ISSUE-0357-03/AC-ISSUE-0357-04,PASS,PASS,PASS,PASS,CRITICAL
ISSUE-0358,Implementable story,planned,EPIC-041,SPRINT-002,BC-014,"Operações, Auditoria e Suporte",DevOps,STORY-0248-ISSUE-0358-instrumentar-deteccao-resposta-e-runbook-threat-model-validado-scanning-e.md,ADR-003/ADR-004/ADR-005/ADR-006/ADR-007/ADR-008/ADR-009/ADR-033/ADR-034,AC-ISSUE-0358-01/AC-ISSUE-0358-02/AC-ISSUE-0358-03/AC-ISSUE-0358-04,PASS,PASS,PASS,PASS,CRITICAL
ISSUE-0359,Implementable story,planned,EPIC-041,SPRINT-002,BC-014,"Operações, Auditoria e Suporte",Reviewer,STORY-0249-ISSUE-0359-auditar-evidencia-de-seguranca-final-threat-model-validado-scanning-e-test.md,ADR-003/ADR-004/ADR-005/ADR-006/ADR-007/ADR-008,AC-ISSUE-0359-01/AC-ISSUE-0359-02/AC-ISSUE-0359-03/AC-ISSUE-0359-04,PASS,PASS,PASS,PASS,CRITICAL
ISSUE-0360,Implementable story,planned,EPIC-042,SPRINT-012,BC-015,"Release, Instalação e Supply Chain",Product Owner,STORY-0250-ISSUE-0360-definir-criterios-juridicos-e-de-publicacao-licenca-citacao-sanitizacao-e.md,ADR-003/ADR-004/ADR-005/ADR-006/ADR-007/ADR-008/ADR-010/ADR-011/ADR-016,AC-ISSUE-0360-01/AC-ISSUE-0360-02/AC-ISSUE-0360-03/AC-ISSUE-0360-04,PASS,PASS,PASS,PASS,HIGH
ISSUE-0361,Implementable story,planned,EPIC-042,SPRINT-012,BC-015,"Release, Instalação e Supply Chain",Tech Lead,STORY-0251-ISSUE-0361-materializar-notices-citacao-e-manifests-licenca-citacao-sanitizacao-e-rev.md,ADR-002/ADR-003/ADR-004/ADR-005/ADR-006/ADR-007/ADR-008/ADR-016/ADR-037/ADR-056,AC-ISSUE-0361-01/AC-ISSUE-0361-02/AC-ISSUE-0361-03/AC-ISSUE-0361-04,PASS,PASS,PASS,PASS,HIGH
ISSUE-0362,Implementable story,planned,EPIC-042,SPRINT-012,BC-015,"Release, Instalação e Supply Chain",DevOps,STORY-0252-ISSUE-0362-automatizar-verificacoes-de-publicacao-licenca-citacao-sanitizacao-e-revis.md,ADR-003/ADR-004/ADR-005/ADR-006/ADR-007/ADR-008/ADR-009/ADR-033/ADR-034,AC-ISSUE-0362-01/AC-ISSUE-0362-02/AC-ISSUE-0362-03/AC-ISSUE-0362-04,PASS,PASS,PASS,PASS,CRITICAL
ISSUE-0363,Implementable story,planned,EPIC-042,SPRINT-012,BC-015,"Release, Instalação e Supply Chain",Security,STORY-0253-ISSUE-0363-executar-sanitizacao-e-revisao-de-seguranca-licenca-citacao-sanitizacao-e.md,ADR-003/ADR-004/ADR-005/ADR-006/ADR-007/ADR-008/ADR-030/ADR-031/ADR-032,AC-ISSUE-0363-01/AC-ISSUE-0363-02/AC-ISSUE-0363-03/AC-ISSUE-0363-04,PASS,PASS,PASS,PASS,CRITICAL
ISSUE-0364,Implementable story,planned,EPIC-042,SPRINT-012,BC-015,"Release, Instalação e Supply Chain",Reviewer,STORY-0254-ISSUE-0364-registrar-aprovacao-e-evidencia-final-licenca-citacao-sanitizacao-e-revisa.md,ADR-003/ADR-004/ADR-005/ADR-006/ADR-007/ADR-008,AC-ISSUE-0364-01/AC-ISSUE-0364-02/AC-ISSUE-0364-03/AC-ISSUE-0364-04,PASS,PASS,PASS,PASS,HIGH
ISSUE-0365,Implementable story,planned,EPIC-043,SPRINT-012,BC-015,"Release, Instalação e Supply Chain",Tech Lead,STORY-0255-ISSUE-0365-definir-gate-versao-e-criterios-de-release-release-documentada-com-rollbac.md,ADR-003/ADR-004/ADR-005/ADR-006/ADR-007/ADR-008/ADR-010/ADR-011/ADR-014/ADR-016,AC-ISSUE-0365-01/AC-ISSUE-0365-02/AC-ISSUE-0365-03/AC-ISSUE-0365-04,PASS,PASS,PASS,PASS,HIGH
ISSUE-0366,Implementable story,planned,EPIC-043,SPRINT-012,BC-015,"Release, Instalação e Supply Chain",DevOps,STORY-0256-ISSUE-0366-implementar-pipeline-e-artifacts-de-release-release-documentada-com-rollba.md,ADR-001/ADR-003/ADR-004/ADR-005/ADR-006/ADR-007/ADR-008/ADR-009/ADR-014/ADR-033/ADR-034/ADR-053,AC-ISSUE-0366-01/AC-ISSUE-0366-02/AC-ISSUE-0366-03/AC-ISSUE-0366-04,PASS,PASS,PASS,PASS,CRITICAL
ISSUE-0367,Implementable story,planned,EPIC-043,SPRINT-012,BC-015,"Release, Instalação e Supply Chain",DevOps,STORY-0257-ISSUE-0367-implementar-upgrade-rollback-e-compatibilidade-release-documentada-com-rol.md,ADR-003/ADR-004/ADR-005/ADR-006/ADR-007/ADR-008/ADR-009/ADR-033/ADR-034/ADR-053,AC-ISSUE-0367-01/AC-ISSUE-0367-02/AC-ISSUE-0367-03/AC-ISSUE-0367-04,PASS,PASS,PASS,PASS,CRITICAL
ISSUE-0368,Implementable story,planned,EPIC-043,SPRINT-012,BC-015,"Release, Instalação e Supply Chain",Security,STORY-0258-ISSUE-0368-gerar-evidencias-sbom-e-attestations-release-documentada-com-rollback-e-su.md,ADR-003/ADR-004/ADR-005/ADR-006/ADR-007/ADR-008/ADR-030/ADR-031/ADR-032,AC-ISSUE-0368-01/AC-ISSUE-0368-02/AC-ISSUE-0368-03/AC-ISSUE-0368-04,PASS,PASS,PASS,PASS,CRITICAL
ISSUE-0369,Implementable story,planned,EPIC-043,SPRINT-012,BC-015,"Release, Instalação e Supply Chain",QA,STORY-0259-ISSUE-0369-executar-instalacao-limpa-e-rehearsal-release-documentada-com-rollback-e-s.md,ADR-003/ADR-004/ADR-005/ADR-006/ADR-007/ADR-008,AC-ISSUE-0369-01/AC-ISSUE-0369-02/AC-ISSUE-0369-03/AC-ISSUE-0369-04,PASS,PASS,PASS,PASS,HIGH
ISSUE-0370,Implementable story,planned,EPIC-043,SPRINT-012,BC-015,"Release, Instalação e Supply Chain",Reviewer,STORY-0260-ISSUE-0370-auditar-release-candidata-final-release-documentada-com-rollback-e-suporte.md,ADR-003/ADR-004/ADR-005/ADR-006/ADR-007/ADR-008,AC-ISSUE-0370-01/AC-ISSUE-0370-02/AC-ISSUE-0370-03/AC-ISSUE-0370-04,PASS,PASS,PASS,PASS,HIGH
ISSUE-0371,Implementable story,planned,EPIC-044,SPRINT-005,BC-006,Georreferenciamento,Arquiteto,STORY-0261-ISSUE-0371-definir-contrato-cientifico-e-invariantes-outputprofile-cog-canonico-prese.md,ADR-003/ADR-004/ADR-005/ADR-006/ADR-007/ADR-008/ADR-010/ADR-011/ADR-025/ADR-041/ADR-042/ADR-043/ADR-049,AC-ISSUE-0371-01/AC-ISSUE-0371-02/AC-ISSUE-0371-03/AC-ISSUE-0371-04,PASS,PASS,PASS,PASS,HIGH
ISSUE-0372,Implementable story,planned,EPIC-044,SPRINT-005,BC-006,Georreferenciamento,Geoprocessamento,STORY-0262-ISSUE-0372-preparar-corpus-fixtures-e-representacao-tipada-outputprofile-cog-canonico.md,ADR-003/ADR-004/ADR-005/ADR-006/ADR-007/ADR-008/ADR-025/ADR-041/ADR-042/ADR-043/ADR-049,AC-ISSUE-0372-01/AC-ISSUE-0372-02/AC-ISSUE-0372-03/AC-ISSUE-0372-04,PASS,PASS,PASS,PASS,HIGH
ISSUE-0373,Implementable story,planned,EPIC-044,SPRINT-005,BC-006,Georreferenciamento,Geoprocessamento,STORY-0263-ISSUE-0373-implementar-o-nucleo-algoritmico-outputprofile-cog-canonico-preservacao-de.md,ADR-003/ADR-004/ADR-005/ADR-006/ADR-007/ADR-008/ADR-025/ADR-041/ADR-042/ADR-043/ADR-049,AC-ISSUE-0373-01/AC-ISSUE-0373-02/AC-ISSUE-0373-03/AC-ISSUE-0373-04,PASS,PASS,PASS,PASS,HIGH
ISSUE-0374,Implementable story,planned,EPIC-044,SPRINT-005,BC-006,Georreferenciamento,Geoprocessamento,STORY-0264-ISSUE-0374-integrar-ao-processingplan-e-pipeline-outputprofile-cog-canonico-preservac.md,ADR-003/ADR-004/ADR-005/ADR-006/ADR-007/ADR-008/ADR-025/ADR-041/ADR-042/ADR-043/ADR-049,AC-ISSUE-0374-01/AC-ISSUE-0374-02/AC-ISSUE-0374-03/AC-ISSUE-0374-04,PASS,PASS,PASS,PASS,HIGH
ISSUE-0375,Implementable story,planned,EPIC-044,SPRINT-005,BC-006,Georreferenciamento,Geoprocessamento,STORY-0265-ISSUE-0375-produzir-metricas-diagnostico-e-lineage-outputprofile-cog-canonico-preserv.md,ADR-003/ADR-004/ADR-005/ADR-006/ADR-007/ADR-008/ADR-025/ADR-041/ADR-042/ADR-043/ADR-049,AC-ISSUE-0375-01/AC-ISSUE-0375-02/AC-ISSUE-0375-03/AC-ISSUE-0375-04,PASS,PASS,PASS,PASS,HIGH
ISSUE-0376,Implementable story,planned,EPIC-044,SPRINT-005,BC-006,Georreferenciamento,QA,STORY-0266-ISSUE-0376-executar-benchmark-negativos-e-regressao-cientifica-outputprofile-cog-cano.md,ADR-003/ADR-004/ADR-005/ADR-006/ADR-007/ADR-008/ADR-025/ADR-041/ADR-042/ADR-043/ADR-049,AC-ISSUE-0376-01/AC-ISSUE-0376-02/AC-ISSUE-0376-03/AC-ISSUE-0376-04,PASS,PASS,PASS,PASS,HIGH
ISSUE-0377,Implementable story,planned,EPIC-044,SPRINT-005,BC-006,Georreferenciamento,Reviewer,STORY-0267-ISSUE-0377-auditar-evidencia-cientifica-e-final-outputprofile-cog-canonico-preservaca.md,ADR-003/ADR-004/ADR-005/ADR-006/ADR-007/ADR-008/ADR-025/ADR-041/ADR-042/ADR-043/ADR-049,AC-ISSUE-0377-01/AC-ISSUE-0377-02/AC-ISSUE-0377-03/AC-ISSUE-0377-04,PASS,PASS,PASS,PASS,HIGH
ISSUE-0378,Implementable story,planned,EPIC-045,SPRINT-005,BC-006,Georreferenciamento,Arquiteto,STORY-0268-ISSUE-0378-definir-contrato-cientifico-e-invariantes-mascara-analitica-adaptativa-pre.md,ADR-003/ADR-004/ADR-005/ADR-006/ADR-007/ADR-008/ADR-010/ADR-011/ADR-041/ADR-042/ADR-043/ADR-055,AC-ISSUE-0378-01/AC-ISSUE-0378-02/AC-ISSUE-0378-03/AC-ISSUE-0378-04,PASS,PASS,PASS,PASS,CRITICAL
ISSUE-0379,Implementable story,planned,EPIC-045,SPRINT-005,BC-006,Georreferenciamento,Geoprocessamento,STORY-0269-ISSUE-0379-preparar-corpus-fixtures-e-representacao-tipada-mascara-analitica-adaptati.md,ADR-003/ADR-004/ADR-005/ADR-006/ADR-007/ADR-008/ADR-040/ADR-041/ADR-042/ADR-043/ADR-055,AC-ISSUE-0379-01/AC-ISSUE-0379-02/AC-ISSUE-0379-03/AC-ISSUE-0379-04,PASS,PASS,PASS,PASS,CRITICAL
ISSUE-0380,Implementable story,planned,EPIC-045,SPRINT-005,BC-006,Georreferenciamento,Geoprocessamento,STORY-0270-ISSUE-0380-implementar-o-nucleo-algoritmico-mascara-analitica-adaptativa-preview-corr.md,ADR-003/ADR-004/ADR-005/ADR-006/ADR-007/ADR-008/ADR-041/ADR-042/ADR-043/ADR-055,AC-ISSUE-0380-01/AC-ISSUE-0380-02/AC-ISSUE-0380-03/AC-ISSUE-0380-04,PASS,PASS,PASS,PASS,CRITICAL
ISSUE-0381,Implementable story,planned,EPIC-045,SPRINT-005,BC-006,Georreferenciamento,Geoprocessamento,STORY-0271-ISSUE-0381-integrar-ao-processingplan-e-pipeline-mascara-analitica-adaptativa-preview.md,ADR-003/ADR-004/ADR-005/ADR-006/ADR-007/ADR-008/ADR-041/ADR-042/ADR-043/ADR-055,AC-ISSUE-0381-01/AC-ISSUE-0381-02/AC-ISSUE-0381-03/AC-ISSUE-0381-04,PASS,PASS,PASS,PASS,CRITICAL
ISSUE-0382,Implementable story,planned,EPIC-045,SPRINT-005,BC-006,Georreferenciamento,Geoprocessamento,STORY-0272-ISSUE-0382-produzir-metricas-diagnostico-e-lineage-mascara-analitica-adaptativa-previ.md,ADR-003/ADR-004/ADR-005/ADR-006/ADR-007/ADR-008/ADR-041/ADR-042/ADR-043/ADR-055,AC-ISSUE-0382-01/AC-ISSUE-0382-02/AC-ISSUE-0382-03/AC-ISSUE-0382-04,PASS,PASS,PASS,PASS,CRITICAL
ISSUE-0383,Implementable story,planned,EPIC-045,SPRINT-005,BC-006,Georreferenciamento,QA,STORY-0273-ISSUE-0383-executar-benchmark-negativos-e-regressao-cientifica-mascara-analitica-adap.md,ADR-003/ADR-004/ADR-005/ADR-006/ADR-007/ADR-008/ADR-041/ADR-042/ADR-043/ADR-055,AC-ISSUE-0383-01/AC-ISSUE-0383-02/AC-ISSUE-0383-03/AC-ISSUE-0383-04,PASS,PASS,PASS,PASS,CRITICAL
ISSUE-0384,Implementable story,planned,EPIC-045,SPRINT-005,BC-006,Georreferenciamento,Reviewer,STORY-0274-ISSUE-0384-auditar-evidencia-cientifica-e-final-mascara-analitica-adaptativa-preview.md,ADR-003/ADR-004/ADR-005/ADR-006/ADR-007/ADR-008/ADR-041/ADR-042/ADR-043/ADR-055,AC-ISSUE-0384-01/AC-ISSUE-0384-02/AC-ISSUE-0384-03/AC-ISSUE-0384-04,PASS,PASS,PASS,PASS,CRITICAL
ISSUE-0385,Implementable story,planned,EPIC-046,SPRINT-005,BC-013,"Artifacts, Proveniência e Lifecycle",Arquiteto,STORY-0275-ISSUE-0385-definir-contrato-cientifico-e-invariantes-artifactset-imutavel-staging-e-p.md,ADR-003/ADR-004/ADR-005/ADR-006/ADR-007/ADR-008/ADR-010/ADR-011/ADR-023/ADR-042,AC-ISSUE-0385-01/AC-ISSUE-0385-02/AC-ISSUE-0385-03/AC-ISSUE-0385-04,PASS,PASS,PASS,PASS,HIGH
ISSUE-0386,Implementable story,planned,EPIC-046,SPRINT-005,BC-013,"Artifacts, Proveniência e Lifecycle",Geoprocessamento,STORY-0276-ISSUE-0386-preparar-corpus-fixtures-e-representacao-tipada-artifactset-imutavel-stagi.md,ADR-003/ADR-004/ADR-005/ADR-006/ADR-007/ADR-008/ADR-009/ADR-023/ADR-040/ADR-041/ADR-042/ADR-043/ADR-049,AC-ISSUE-0386-01/AC-ISSUE-0386-02/AC-ISSUE-0386-03/AC-ISSUE-0386-04,PASS,PASS,PASS,PASS,HIGH
ISSUE-0387,Implementable story,planned,EPIC-046,SPRINT-005,BC-013,"Artifacts, Proveniência e Lifecycle",Geoprocessamento,STORY-0277-ISSUE-0387-implementar-o-nucleo-algoritmico-artifactset-imutavel-staging-e-publicacao.md,ADR-003/ADR-004/ADR-005/ADR-006/ADR-007/ADR-008/ADR-023/ADR-041/ADR-042/ADR-043/ADR-049,AC-ISSUE-0387-01/AC-ISSUE-0387-02/AC-ISSUE-0387-03/AC-ISSUE-0387-04,PASS,PASS,PASS,PASS,HIGH
ISSUE-0388,Implementable story,planned,EPIC-046,SPRINT-005,BC-013,"Artifacts, Proveniência e Lifecycle",Geoprocessamento,STORY-0278-ISSUE-0388-integrar-ao-processingplan-e-pipeline-artifactset-imutavel-staging-e-publi.md,ADR-003/ADR-004/ADR-005/ADR-006/ADR-007/ADR-008/ADR-023/ADR-041/ADR-042/ADR-043/ADR-049,AC-ISSUE-0388-01/AC-ISSUE-0388-02/AC-ISSUE-0388-03/AC-ISSUE-0388-04,PASS,PASS,PASS,PASS,HIGH
ISSUE-0389,Implementable story,planned,EPIC-046,SPRINT-005,BC-013,"Artifacts, Proveniência e Lifecycle",Geoprocessamento,STORY-0279-ISSUE-0389-produzir-metricas-diagnostico-e-lineage-artifactset-imutavel-staging-e-pub.md,ADR-003/ADR-004/ADR-005/ADR-006/ADR-007/ADR-008/ADR-023/ADR-041/ADR-042/ADR-043/ADR-049,AC-ISSUE-0389-01/AC-ISSUE-0389-02/AC-ISSUE-0389-03/AC-ISSUE-0389-04,PASS,PASS,PASS,PASS,HIGH
ISSUE-0390,Implementable story,planned,EPIC-046,SPRINT-005,BC-013,"Artifacts, Proveniência e Lifecycle",QA,STORY-0280-ISSUE-0390-executar-benchmark-negativos-e-regressao-cientifica-artifactset-imutavel-s.md,ADR-003/ADR-004/ADR-005/ADR-006/ADR-007/ADR-008/ADR-023/ADR-041/ADR-042/ADR-043/ADR-049,AC-ISSUE-0390-01/AC-ISSUE-0390-02/AC-ISSUE-0390-03/AC-ISSUE-0390-04,PASS,PASS,PASS,PASS,HIGH
ISSUE-0391,Implementable story,planned,EPIC-046,SPRINT-005,BC-013,"Artifacts, Proveniência e Lifecycle",Reviewer,STORY-0281-ISSUE-0391-auditar-evidencia-cientifica-e-final-artifactset-imutavel-staging-e-public.md,ADR-003/ADR-004/ADR-005/ADR-006/ADR-007/ADR-008/ADR-023,AC-ISSUE-0391-01/AC-ISSUE-0391-02/AC-ISSUE-0391-03/AC-ISSUE-0391-04,PASS,PASS,PASS,PASS,HIGH
ISSUE-0392,Implementable story,planned,EPIC-047,SPRINT-005,BC-006,Georreferenciamento,Arquiteto,STORY-0282-ISSUE-0392-definir-contrato-cientifico-e-invariantes-matching-coarse-to-fine-tiles-re.md,ADR-003/ADR-004/ADR-005/ADR-006/ADR-007/ADR-008/ADR-010/ADR-011/ADR-041/ADR-042/ADR-043/ADR-044,AC-ISSUE-0392-01/AC-ISSUE-0392-02/AC-ISSUE-0392-03/AC-ISSUE-0392-04,PASS,PASS,PASS,PASS,HIGH
ISSUE-0393,Implementable story,planned,EPIC-047,SPRINT-005,BC-006,Georreferenciamento,Geoprocessamento,STORY-0283-ISSUE-0393-preparar-corpus-fixtures-e-representacao-tipada-matching-coarse-to-fine-ti.md,ADR-003/ADR-004/ADR-005/ADR-006/ADR-007/ADR-008/ADR-041/ADR-042/ADR-043/ADR-044,AC-ISSUE-0393-01/AC-ISSUE-0393-02/AC-ISSUE-0393-03/AC-ISSUE-0393-04,PASS,PASS,PASS,PASS,HIGH
ISSUE-0394,Implementable story,planned,EPIC-047,SPRINT-005,BC-006,Georreferenciamento,Geoprocessamento,STORY-0284-ISSUE-0394-implementar-o-nucleo-algoritmico-matching-coarse-to-fine-tiles-reconciliac.md,ADR-003/ADR-004/ADR-005/ADR-006/ADR-007/ADR-008/ADR-041/ADR-042/ADR-043/ADR-044,AC-ISSUE-0394-01/AC-ISSUE-0394-02/AC-ISSUE-0394-03/AC-ISSUE-0394-04,PASS,PASS,PASS,PASS,HIGH
ISSUE-0395,Implementable story,planned,EPIC-047,SPRINT-005,BC-006,Georreferenciamento,Geoprocessamento,STORY-0285-ISSUE-0395-integrar-ao-processingplan-e-pipeline-matching-coarse-to-fine-tiles-reconc.md,ADR-003/ADR-004/ADR-005/ADR-006/ADR-007/ADR-008/ADR-041/ADR-042/ADR-043/ADR-044,AC-ISSUE-0395-01/AC-ISSUE-0395-02/AC-ISSUE-0395-03/AC-ISSUE-0395-04,PASS,PASS,PASS,PASS,HIGH
ISSUE-0396,Implementable story,planned,EPIC-047,SPRINT-005,BC-006,Georreferenciamento,Geoprocessamento,STORY-0286-ISSUE-0396-produzir-metricas-diagnostico-e-lineage-matching-coarse-to-fine-tiles-reco.md,ADR-003/ADR-004/ADR-005/ADR-006/ADR-007/ADR-008/ADR-041/ADR-042/ADR-043/ADR-044,AC-ISSUE-0396-01/AC-ISSUE-0396-02/AC-ISSUE-0396-03/AC-ISSUE-0396-04,PASS,PASS,PASS,PASS,HIGH
ISSUE-0397,Implementable story,planned,EPIC-047,SPRINT-005,BC-006,Georreferenciamento,QA,STORY-0287-ISSUE-0397-executar-benchmark-negativos-e-regressao-cientifica-matching-coarse-to-fin.md,ADR-003/ADR-004/ADR-005/ADR-006/ADR-007/ADR-008/ADR-041/ADR-042/ADR-043/ADR-044,AC-ISSUE-0397-01/AC-ISSUE-0397-02/AC-ISSUE-0397-03/AC-ISSUE-0397-04,PASS,PASS,PASS,PASS,HIGH
ISSUE-0398,Implementable story,planned,EPIC-047,SPRINT-005,BC-006,Georreferenciamento,Reviewer,STORY-0288-ISSUE-0398-auditar-evidencia-cientifica-e-final-matching-coarse-to-fine-tiles-reconci.md,ADR-003/ADR-004/ADR-005/ADR-006/ADR-007/ADR-008/ADR-041/ADR-042/ADR-043/ADR-044,AC-ISSUE-0398-01/AC-ISSUE-0398-02/AC-ISSUE-0398-03/AC-ISSUE-0398-04,PASS,PASS,PASS,PASS,HIGH
ISSUE-0399,Implementable story,planned,EPIC-048,SPRINT-005,BC-006,Georreferenciamento,Arquiteto,STORY-0289-ISSUE-0399-definir-contrato-cientifico-e-invariantes-extracao-opcional-de-metadados-m.md,ADR-003/ADR-004/ADR-005/ADR-006/ADR-007/ADR-008/ADR-010/ADR-011/ADR-041/ADR-042/ADR-043,AC-ISSUE-0399-01/AC-ISSUE-0399-02/AC-ISSUE-0399-03/AC-ISSUE-0399-04,PASS,PASS,PASS,PASS,HIGH
ISSUE-0400,Implementable story,planned,EPIC-048,SPRINT-005,BC-006,Georreferenciamento,Geoprocessamento,STORY-0290-ISSUE-0400-preparar-corpus-fixtures-e-representacao-tipada-extracao-opcional-de-metad.md,ADR-003/ADR-004/ADR-005/ADR-006/ADR-007/ADR-008/ADR-040/ADR-041/ADR-042/ADR-043,AC-ISSUE-0400-01/AC-ISSUE-0400-02/AC-ISSUE-0400-03/AC-ISSUE-0400-04,PASS,PASS,PASS,PASS,HIGH
ISSUE-0401,Implementable story,planned,EPIC-048,SPRINT-005,BC-006,Georreferenciamento,Geoprocessamento,STORY-0291-ISSUE-0401-implementar-o-nucleo-algoritmico-extracao-opcional-de-metadados-marginais.md,ADR-003/ADR-004/ADR-005/ADR-006/ADR-007/ADR-008/ADR-041/ADR-042/ADR-043,AC-ISSUE-0401-01/AC-ISSUE-0401-02/AC-ISSUE-0401-03/AC-ISSUE-0401-04,PASS,PASS,PASS,PASS,HIGH
ISSUE-0402,Implementable story,planned,EPIC-048,SPRINT-005,BC-006,Georreferenciamento,Geoprocessamento,STORY-0292-ISSUE-0402-integrar-ao-processingplan-e-pipeline-extracao-opcional-de-metadados-margi.md,ADR-003/ADR-004/ADR-005/ADR-006/ADR-007/ADR-008/ADR-041/ADR-042/ADR-043,AC-ISSUE-0402-01/AC-ISSUE-0402-02/AC-ISSUE-0402-03/AC-ISSUE-0402-04,PASS,PASS,PASS,PASS,HIGH
ISSUE-0403,Implementable story,planned,EPIC-048,SPRINT-005,BC-006,Georreferenciamento,Geoprocessamento,STORY-0293-ISSUE-0403-produzir-metricas-diagnostico-e-lineage-extracao-opcional-de-metadados-mar.md,ADR-003/ADR-004/ADR-005/ADR-006/ADR-007/ADR-008/ADR-041/ADR-042/ADR-043,AC-ISSUE-0403-01/AC-ISSUE-0403-02/AC-ISSUE-0403-03/AC-ISSUE-0403-04,PASS,PASS,PASS,PASS,HIGH
ISSUE-0404,Implementable story,planned,EPIC-048,SPRINT-005,BC-006,Georreferenciamento,QA,STORY-0294-ISSUE-0404-executar-benchmark-negativos-e-regressao-cientifica-extracao-opcional-de-m.md,ADR-003/ADR-004/ADR-005/ADR-006/ADR-007/ADR-008/ADR-041/ADR-042/ADR-043,AC-ISSUE-0404-01/AC-ISSUE-0404-02/AC-ISSUE-0404-03/AC-ISSUE-0404-04,PASS,PASS,PASS,PASS,HIGH
ISSUE-0405,Implementable story,planned,EPIC-048,SPRINT-005,BC-006,Georreferenciamento,Reviewer,STORY-0295-ISSUE-0405-auditar-evidencia-cientifica-e-final-extracao-opcional-de-metadados-margin.md,ADR-003/ADR-004/ADR-005/ADR-006/ADR-007/ADR-008/ADR-041/ADR-042/ADR-043,AC-ISSUE-0405-01/AC-ISSUE-0405-02/AC-ISSUE-0405-03/AC-ISSUE-0405-04,PASS,PASS,PASS,PASS,HIGH
ISSUE-0406,Implementable story,planned,EPIC-049,SPRINT-010,BC-013,"Artifacts, Proveniência e Lifecycle",Arquiteto,STORY-0296-ISSUE-0406-definir-modelo-invariantes-e-contratos-de-dados-lineage-normalizado-manife.md,ADR-003/ADR-004/ADR-005/ADR-006/ADR-007/ADR-008/ADR-010/ADR-011/ADR-012/ADR-016/ADR-025/ADR-038,AC-ISSUE-0406-01/AC-ISSUE-0406-02/AC-ISSUE-0406-03/AC-ISSUE-0406-04,PASS,PASS,PASS,PASS,HIGH
ISSUE-0407,Implementable story,planned,EPIC-049,SPRINT-010,BC-013,"Artifacts, Proveniência e Lifecycle",Backend,STORY-0297-ISSUE-0407-implementar-persistencia-e-migrations-lineage-normalizado-manifestos-e-bun.md,ADR-003/ADR-004/ADR-005/ADR-006/ADR-007/ADR-008/ADR-009/ADR-016/ADR-018/ADR-019/ADR-025/ADR-047/ADR-052/ADR-053,AC-ISSUE-0407-01/AC-ISSUE-0407-02/AC-ISSUE-0407-03/AC-ISSUE-0407-04,PASS,PASS,PASS,PASS,CRITICAL
ISSUE-0408,Implementable story,planned,EPIC-049,SPRINT-010,BC-013,"Artifacts, Proveniência e Lifecycle",Backend,STORY-0298-ISSUE-0408-implementar-armazenamento-e-lifecycle-lineage-normalizado-manifestos-e-bun.md,ADR-003/ADR-004/ADR-005/ADR-006/ADR-007/ADR-008/ADR-016/ADR-018/ADR-019/ADR-025,AC-ISSUE-0408-01/AC-ISSUE-0408-02/AC-ISSUE-0408-03/AC-ISSUE-0408-04,PASS,PASS,PASS,PASS,HIGH
ISSUE-0409,Implementable story,planned,EPIC-049,SPRINT-010,BC-013,"Artifacts, Proveniência e Lifecycle",Backend,STORY-0299-ISSUE-0409-expor-servicos-e-integrar-consumers-lineage-normalizado-manifestos-e-bundl.md,ADR-002/ADR-003/ADR-004/ADR-005/ADR-006/ADR-007/ADR-008/ADR-010/ADR-011/ADR-012/ADR-016/ADR-018/ADR-019/ADR-025/ADR-048,AC-ISSUE-0409-01/AC-ISSUE-0409-02/AC-ISSUE-0409-03/AC-ISSUE-0409-04,PASS,PASS,PASS,PASS,HIGH
ISSUE-0410,Implementable story,planned,EPIC-049,SPRINT-010,BC-013,"Artifacts, Proveniência e Lifecycle",Security,STORY-0300-ISSUE-0410-validar-seguranca-recuperacao-e-concorrencia-lineage-normalizado-manifesto.md,ADR-003/ADR-004/ADR-005/ADR-006/ADR-007/ADR-008/ADR-025/ADR-030/ADR-031/ADR-032/ADR-052/ADR-053,AC-ISSUE-0410-01/AC-ISSUE-0410-02/AC-ISSUE-0410-03/AC-ISSUE-0410-04,PASS,PASS,PASS,PASS,CRITICAL
ISSUE-0411,Implementable story,planned,EPIC-049,SPRINT-010,BC-013,"Artifacts, Proveniência e Lifecycle",Reviewer,STORY-0301-ISSUE-0411-executar-qa-e-auditoria-final-lineage-normalizado-manifestos-e-bundle-de-r.md,ADR-003/ADR-004/ADR-005/ADR-006/ADR-007/ADR-008/ADR-025,AC-ISSUE-0411-01/AC-ISSUE-0411-02/AC-ISSUE-0411-03/AC-ISSUE-0411-04,PASS,PASS,PASS,PASS,HIGH
ISSUE-0412,Implementable story,planned,EPIC-050,SPRINT-006,BC-009,Recuperação Assistida por IA e Governança de Modelos,Arquiteto,STORY-0302-ISSUE-0412-definir-contrato-cientifico-e-invariantes-registry-de-matchers-classicos-i.md,ADR-003/ADR-004/ADR-005/ADR-006/ADR-007/ADR-008/ADR-010/ADR-011/ADR-017/ADR-038/ADR-051/ADR-052/ADR-053/ADR-055,AC-ISSUE-0412-01/AC-ISSUE-0412-02/AC-ISSUE-0412-03/AC-ISSUE-0412-04,PASS,PASS,PASS,PASS,CRITICAL
ISSUE-0413,Implementable story,planned,EPIC-050,SPRINT-006,BC-009,Recuperação Assistida por IA e Governança de Modelos,Geoprocessamento,STORY-0303-ISSUE-0413-preparar-corpus-fixtures-e-representacao-tipada-registry-de-matchers-class.md,ADR-003/ADR-004/ADR-005/ADR-006/ADR-007/ADR-008/ADR-017/ADR-041/ADR-042/ADR-043/ADR-046/ADR-051/ADR-052/ADR-053/ADR-055,AC-ISSUE-0413-01/AC-ISSUE-0413-02/AC-ISSUE-0413-03/AC-ISSUE-0413-04,PASS,PASS,PASS,PASS,CRITICAL
ISSUE-0414,Implementable story,planned,EPIC-050,SPRINT-006,BC-009,Recuperação Assistida por IA e Governança de Modelos,Geoprocessamento,STORY-0304-ISSUE-0414-implementar-o-nucleo-algoritmico-registry-de-matchers-classicos-ia-escalon.md,ADR-003/ADR-004/ADR-005/ADR-006/ADR-007/ADR-008/ADR-017/ADR-041/ADR-042/ADR-043/ADR-046/ADR-051/ADR-052/ADR-053/ADR-055,AC-ISSUE-0414-01/AC-ISSUE-0414-02/AC-ISSUE-0414-03/AC-ISSUE-0414-04,PASS,PASS,PASS,PASS,CRITICAL
ISSUE-0415,Implementable story,planned,EPIC-050,SPRINT-006,BC-009,Recuperação Assistida por IA e Governança de Modelos,Geoprocessamento,STORY-0305-ISSUE-0415-integrar-ao-processingplan-e-pipeline-registry-de-matchers-classicos-ia-es.md,ADR-003/ADR-004/ADR-005/ADR-006/ADR-007/ADR-008/ADR-017/ADR-041/ADR-042/ADR-043/ADR-046/ADR-051/ADR-052/ADR-053/ADR-055,AC-ISSUE-0415-01/AC-ISSUE-0415-02/AC-ISSUE-0415-03/AC-ISSUE-0415-04,PASS,PASS,PASS,PASS,CRITICAL
ISSUE-0416,Implementable story,planned,EPIC-050,SPRINT-006,BC-009,Recuperação Assistida por IA e Governança de Modelos,Geoprocessamento,STORY-0306-ISSUE-0416-produzir-metricas-diagnostico-e-lineage-registry-de-matchers-classicos-ia.md,ADR-003/ADR-004/ADR-005/ADR-006/ADR-007/ADR-008/ADR-017/ADR-041/ADR-042/ADR-043/ADR-046/ADR-051/ADR-052/ADR-053/ADR-055,AC-ISSUE-0416-01/AC-ISSUE-0416-02/AC-ISSUE-0416-03/AC-ISSUE-0416-04,PASS,PASS,PASS,PASS,CRITICAL
ISSUE-0417,Implementable story,planned,EPIC-050,SPRINT-006,BC-009,Recuperação Assistida por IA e Governança de Modelos,QA,STORY-0307-ISSUE-0417-executar-benchmark-negativos-e-regressao-cientifica-registry-de-matchers-c.md,ADR-003/ADR-004/ADR-005/ADR-006/ADR-007/ADR-008/ADR-009/ADR-017/ADR-041/ADR-042/ADR-043/ADR-046/ADR-051/ADR-052/ADR-053/ADR-055,AC-ISSUE-0417-01/AC-ISSUE-0417-02/AC-ISSUE-0417-03/AC-ISSUE-0417-04,PASS,PASS,PASS,PASS,CRITICAL
ISSUE-0418,Implementable story,planned,EPIC-050,SPRINT-006,BC-009,Recuperação Assistida por IA e Governança de Modelos,Reviewer,STORY-0308-ISSUE-0418-auditar-evidencia-cientifica-e-final-registry-de-matchers-classicos-ia-esc.md,ADR-003/ADR-004/ADR-005/ADR-006/ADR-007/ADR-008/ADR-017/ADR-051/ADR-052/ADR-053/ADR-055,AC-ISSUE-0418-01/AC-ISSUE-0418-02/AC-ISSUE-0418-03/AC-ISSUE-0418-04,PASS,PASS,PASS,PASS,CRITICAL
ISSUE-0419,Implementable story,planned,EPIC-051,SPRINT-006,BC-006,Georreferenciamento,Arquiteto,STORY-0309-ISSUE-0419-definir-contrato-cientifico-e-invariantes-estimadores-usac-magsac-ransac-e.md,ADR-003/ADR-004/ADR-005/ADR-006/ADR-007/ADR-008/ADR-010/ADR-011/ADR-041/ADR-042/ADR-043/ADR-045,AC-ISSUE-0419-01/AC-ISSUE-0419-02/AC-ISSUE-0419-03/AC-ISSUE-0419-04,PASS,PASS,PASS,PASS,HIGH
ISSUE-0420,Implementable story,planned,EPIC-051,SPRINT-006,BC-006,Georreferenciamento,Geoprocessamento,STORY-0310-ISSUE-0420-preparar-corpus-fixtures-e-representacao-tipada-estimadores-usac-magsac-ra.md,ADR-003/ADR-004/ADR-005/ADR-006/ADR-007/ADR-008/ADR-041/ADR-042/ADR-043/ADR-045,AC-ISSUE-0420-01/AC-ISSUE-0420-02/AC-ISSUE-0420-03/AC-ISSUE-0420-04,PASS,PASS,PASS,PASS,HIGH
ISSUE-0421,Implementable story,planned,EPIC-051,SPRINT-006,BC-006,Georreferenciamento,Geoprocessamento,STORY-0311-ISSUE-0421-implementar-o-nucleo-algoritmico-estimadores-usac-magsac-ransac-explicitos.md,ADR-003/ADR-004/ADR-005/ADR-006/ADR-007/ADR-008/ADR-041/ADR-042/ADR-043/ADR-045,AC-ISSUE-0421-01/AC-ISSUE-0421-02/AC-ISSUE-0421-03/AC-ISSUE-0421-04,PASS,PASS,PASS,PASS,HIGH
ISSUE-0422,Implementable story,planned,EPIC-051,SPRINT-006,BC-006,Georreferenciamento,Geoprocessamento,STORY-0312-ISSUE-0422-integrar-ao-processingplan-e-pipeline-estimadores-usac-magsac-ransac-expli.md,ADR-003/ADR-004/ADR-005/ADR-006/ADR-007/ADR-008/ADR-041/ADR-042/ADR-043/ADR-045,AC-ISSUE-0422-01/AC-ISSUE-0422-02/AC-ISSUE-0422-03/AC-ISSUE-0422-04,PASS,PASS,PASS,PASS,HIGH
ISSUE-0423,Implementable story,planned,EPIC-051,SPRINT-006,BC-006,Georreferenciamento,Geoprocessamento,STORY-0313-ISSUE-0423-produzir-metricas-diagnostico-e-lineage-estimadores-usac-magsac-ransac-exp.md,ADR-003/ADR-004/ADR-005/ADR-006/ADR-007/ADR-008/ADR-041/ADR-042/ADR-043/ADR-045,AC-ISSUE-0423-01/AC-ISSUE-0423-02/AC-ISSUE-0423-03/AC-ISSUE-0423-04,PASS,PASS,PASS,PASS,HIGH
ISSUE-0424,Implementable story,planned,EPIC-051,SPRINT-006,BC-006,Georreferenciamento,QA,STORY-0314-ISSUE-0424-executar-benchmark-negativos-e-regressao-cientifica-estimadores-usac-magsa.md,ADR-003/ADR-004/ADR-005/ADR-006/ADR-007/ADR-008/ADR-041/ADR-042/ADR-043/ADR-045,AC-ISSUE-0424-01/AC-ISSUE-0424-02/AC-ISSUE-0424-03/AC-ISSUE-0424-04,PASS,PASS,PASS,PASS,HIGH
ISSUE-0425,Implementable story,planned,EPIC-051,SPRINT-006,BC-006,Georreferenciamento,Reviewer,STORY-0315-ISSUE-0425-auditar-evidencia-cientifica-e-final-estimadores-usac-magsac-ransac-explic.md,ADR-003/ADR-004/ADR-005/ADR-006/ADR-007/ADR-008/ADR-041/ADR-042/ADR-043/ADR-045,AC-ISSUE-0425-01/AC-ISSUE-0425-02/AC-ISSUE-0425-03/AC-ISSUE-0425-04,PASS,PASS,PASS,PASS,HIGH
ISSUE-0426,Implementable story,planned,EPIC-052,SPRINT-006,BC-006,Georreferenciamento,Arquiteto,STORY-0316-ISSUE-0426-definir-contrato-cientifico-e-invariantes-selecao-de-gcps-por-cobertura-qu.md,ADR-003/ADR-004/ADR-005/ADR-006/ADR-007/ADR-008/ADR-010/ADR-011/ADR-041/ADR-042/ADR-043/ADR-048,AC-ISSUE-0426-01/AC-ISSUE-0426-02/AC-ISSUE-0426-03/AC-ISSUE-0426-04,PASS,PASS,PASS,PASS,HIGH
ISSUE-0427,Implementable story,planned,EPIC-052,SPRINT-006,BC-006,Georreferenciamento,Geoprocessamento,STORY-0317-ISSUE-0427-preparar-corpus-fixtures-e-representacao-tipada-selecao-de-gcps-por-cobert.md,ADR-003/ADR-004/ADR-005/ADR-006/ADR-007/ADR-008/ADR-041/ADR-042/ADR-043/ADR-048,AC-ISSUE-0427-01/AC-ISSUE-0427-02/AC-ISSUE-0427-03/AC-ISSUE-0427-04,PASS,PASS,PASS,PASS,HIGH
ISSUE-0428,Implementable story,planned,EPIC-052,SPRINT-006,BC-006,Georreferenciamento,Geoprocessamento,STORY-0318-ISSUE-0428-implementar-o-nucleo-algoritmico-selecao-de-gcps-por-cobertura-qualidade-d.md,ADR-003/ADR-004/ADR-005/ADR-006/ADR-007/ADR-008/ADR-041/ADR-042/ADR-043/ADR-048,AC-ISSUE-0428-01/AC-ISSUE-0428-02/AC-ISSUE-0428-03/AC-ISSUE-0428-04,PASS,PASS,PASS,PASS,HIGH
ISSUE-0429,Implementable story,planned,EPIC-052,SPRINT-006,BC-006,Georreferenciamento,Geoprocessamento,STORY-0319-ISSUE-0429-integrar-ao-processingplan-e-pipeline-selecao-de-gcps-por-cobertura-qualid.md,ADR-003/ADR-004/ADR-005/ADR-006/ADR-007/ADR-008/ADR-041/ADR-042/ADR-043/ADR-048,AC-ISSUE-0429-01/AC-ISSUE-0429-02/AC-ISSUE-0429-03/AC-ISSUE-0429-04,PASS,PASS,PASS,PASS,HIGH
ISSUE-0430,Implementable story,planned,EPIC-052,SPRINT-006,BC-006,Georreferenciamento,Geoprocessamento,STORY-0320-ISSUE-0430-produzir-metricas-diagnostico-e-lineage-selecao-de-gcps-por-cobertura-qual.md,ADR-003/ADR-004/ADR-005/ADR-006/ADR-007/ADR-008/ADR-041/ADR-042/ADR-043/ADR-048,AC-ISSUE-0430-01/AC-ISSUE-0430-02/AC-ISSUE-0430-03/AC-ISSUE-0430-04,PASS,PASS,PASS,PASS,HIGH
ISSUE-0431,Implementable story,planned,EPIC-052,SPRINT-006,BC-006,Georreferenciamento,QA,STORY-0321-ISSUE-0431-executar-benchmark-negativos-e-regressao-cientifica-selecao-de-gcps-por-co.md,ADR-003/ADR-004/ADR-005/ADR-006/ADR-007/ADR-008/ADR-041/ADR-042/ADR-043/ADR-048,AC-ISSUE-0431-01/AC-ISSUE-0431-02/AC-ISSUE-0431-03/AC-ISSUE-0431-04,PASS,PASS,PASS,PASS,HIGH
ISSUE-0432,Implementable story,planned,EPIC-052,SPRINT-006,BC-006,Georreferenciamento,Reviewer,STORY-0322-ISSUE-0432-auditar-evidencia-cientifica-e-final-selecao-de-gcps-por-cobertura-qualida.md,ADR-003/ADR-004/ADR-005/ADR-006/ADR-007/ADR-008/ADR-041/ADR-042/ADR-043/ADR-048,AC-ISSUE-0432-01/AC-ISSUE-0432-02/AC-ISSUE-0432-03/AC-ISSUE-0432-04,PASS,PASS,PASS,PASS,HIGH
ISSUE-0433,Implementable story,planned,EPIC-053,SPRINT-006,BC-005,Descoberta e Aquisição de Referências,Arquiteto,STORY-0323-ISSUE-0433-definir-contrato-cientifico-e-invariantes-grafo-de-referencias-verificadas.md,ADR-003/ADR-004/ADR-005/ADR-006/ADR-007/ADR-008/ADR-010/ADR-011/ADR-041/ADR-042/ADR-043,AC-ISSUE-0433-01/AC-ISSUE-0433-02/AC-ISSUE-0433-03/AC-ISSUE-0433-04,PASS,PASS,PASS,PASS,HIGH
ISSUE-0434,Implementable story,planned,EPIC-053,SPRINT-006,BC-005,Descoberta e Aquisição de Referências,Geoprocessamento,STORY-0324-ISSUE-0434-preparar-corpus-fixtures-e-representacao-tipada-grafo-de-referencias-verif.md,ADR-003/ADR-004/ADR-005/ADR-006/ADR-007/ADR-008/ADR-040/ADR-041/ADR-042/ADR-043,AC-ISSUE-0434-01/AC-ISSUE-0434-02/AC-ISSUE-0434-03/AC-ISSUE-0434-04,PASS,PASS,PASS,PASS,HIGH
ISSUE-0435,Implementable story,planned,EPIC-053,SPRINT-006,BC-005,Descoberta e Aquisição de Referências,Geoprocessamento,STORY-0325-ISSUE-0435-implementar-o-nucleo-algoritmico-grafo-de-referencias-verificadas-componen.md,ADR-003/ADR-004/ADR-005/ADR-006/ADR-007/ADR-008/ADR-041/ADR-042/ADR-043,AC-ISSUE-0435-01/AC-ISSUE-0435-02/AC-ISSUE-0435-03/AC-ISSUE-0435-04,PASS,PASS,PASS,PASS,HIGH
ISSUE-0436,Implementable story,planned,EPIC-053,SPRINT-006,BC-005,Descoberta e Aquisição de Referências,Geoprocessamento,STORY-0326-ISSUE-0436-integrar-ao-processingplan-e-pipeline-grafo-de-referencias-verificadas-com.md,ADR-003/ADR-004/ADR-005/ADR-006/ADR-007/ADR-008/ADR-041/ADR-042/ADR-043,AC-ISSUE-0436-01/AC-ISSUE-0436-02/AC-ISSUE-0436-03/AC-ISSUE-0436-04,PASS,PASS,PASS,PASS,HIGH
ISSUE-0437,Implementable story,planned,EPIC-053,SPRINT-006,BC-005,Descoberta e Aquisição de Referências,Geoprocessamento,STORY-0327-ISSUE-0437-produzir-metricas-diagnostico-e-lineage-grafo-de-referencias-verificadas-c.md,ADR-003/ADR-004/ADR-005/ADR-006/ADR-007/ADR-008/ADR-041/ADR-042/ADR-043,AC-ISSUE-0437-01/AC-ISSUE-0437-02/AC-ISSUE-0437-03/AC-ISSUE-0437-04,PASS,PASS,PASS,PASS,HIGH
ISSUE-0438,Implementable story,planned,EPIC-053,SPRINT-006,BC-005,Descoberta e Aquisição de Referências,QA,STORY-0328-ISSUE-0438-executar-benchmark-negativos-e-regressao-cientifica-grafo-de-referencias-v.md,ADR-003/ADR-004/ADR-005/ADR-006/ADR-007/ADR-008/ADR-041/ADR-042/ADR-043,AC-ISSUE-0438-01/AC-ISSUE-0438-02/AC-ISSUE-0438-03/AC-ISSUE-0438-04,PASS,PASS,PASS,PASS,HIGH
ISSUE-0439,Implementable story,planned,EPIC-053,SPRINT-006,BC-005,Descoberta e Aquisição de Referências,Reviewer,STORY-0329-ISSUE-0439-auditar-evidencia-cientifica-e-final-grafo-de-referencias-verificadas-comp.md,ADR-003/ADR-004/ADR-005/ADR-006/ADR-007/ADR-008/ADR-041/ADR-042/ADR-043,AC-ISSUE-0439-01/AC-ISSUE-0439-02/AC-ISSUE-0439-03/AC-ISSUE-0439-04,PASS,PASS,PASS,PASS,HIGH
ISSUE-0440,Implementable story,planned,EPIC-054,SPRINT-006,BC-005,Descoberta e Aquisição de Referências,Arquiteto,STORY-0330-ISSUE-0440-definir-contrato-cientifico-e-invariantes-componentes-provisorios-multimod.md,ADR-003/ADR-004/ADR-005/ADR-006/ADR-007/ADR-008/ADR-010/ADR-011/ADR-041/ADR-042/ADR-043/ADR-047,AC-ISSUE-0440-01/AC-ISSUE-0440-02/AC-ISSUE-0440-03/AC-ISSUE-0440-04,PASS,PASS,PASS,PASS,HIGH
ISSUE-0441,Implementable story,planned,EPIC-054,SPRINT-006,BC-005,Descoberta e Aquisição de Referências,Geoprocessamento,STORY-0331-ISSUE-0441-preparar-corpus-fixtures-e-representacao-tipada-componentes-provisorios-mu.md,ADR-003/ADR-004/ADR-005/ADR-006/ADR-007/ADR-008/ADR-041/ADR-042/ADR-043/ADR-047,AC-ISSUE-0441-01/AC-ISSUE-0441-02/AC-ISSUE-0441-03/AC-ISSUE-0441-04,PASS,PASS,PASS,PASS,HIGH
ISSUE-0442,Implementable story,planned,EPIC-054,SPRINT-006,BC-005,Descoberta e Aquisição de Referências,Geoprocessamento,STORY-0332-ISSUE-0442-implementar-o-nucleo-algoritmico-componentes-provisorios-multimodais-score.md,ADR-003/ADR-004/ADR-005/ADR-006/ADR-007/ADR-008/ADR-041/ADR-042/ADR-043/ADR-047,AC-ISSUE-0442-01/AC-ISSUE-0442-02/AC-ISSUE-0442-03/AC-ISSUE-0442-04,PASS,PASS,PASS,PASS,HIGH
ISSUE-0443,Implementable story,planned,EPIC-054,SPRINT-006,BC-005,Descoberta e Aquisição de Referências,Geoprocessamento,STORY-0333-ISSUE-0443-integrar-ao-processingplan-e-pipeline-componentes-provisorios-multimodais.md,ADR-003/ADR-004/ADR-005/ADR-006/ADR-007/ADR-008/ADR-041/ADR-042/ADR-043/ADR-047,AC-ISSUE-0443-01/AC-ISSUE-0443-02/AC-ISSUE-0443-03/AC-ISSUE-0443-04,PASS,PASS,PASS,PASS,HIGH
ISSUE-0444,Implementable story,planned,EPIC-054,SPRINT-006,BC-005,Descoberta e Aquisição de Referências,Geoprocessamento,STORY-0334-ISSUE-0444-produzir-metricas-diagnostico-e-lineage-componentes-provisorios-multimodai.md,ADR-003/ADR-004/ADR-005/ADR-006/ADR-007/ADR-008/ADR-041/ADR-042/ADR-043/ADR-047,AC-ISSUE-0444-01/AC-ISSUE-0444-02/AC-ISSUE-0444-03/AC-ISSUE-0444-04,PASS,PASS,PASS,PASS,HIGH
ISSUE-0445,Implementable story,planned,EPIC-054,SPRINT-006,BC-005,Descoberta e Aquisição de Referências,QA,STORY-0335-ISSUE-0445-executar-benchmark-negativos-e-regressao-cientifica-componentes-provisorio.md,ADR-003/ADR-004/ADR-005/ADR-006/ADR-007/ADR-008/ADR-041/ADR-042/ADR-043/ADR-047,AC-ISSUE-0445-01/AC-ISSUE-0445-02/AC-ISSUE-0445-03/AC-ISSUE-0445-04,PASS,PASS,PASS,PASS,HIGH
ISSUE-0446,Implementable story,planned,EPIC-054,SPRINT-006,BC-005,Descoberta e Aquisição de Referências,Reviewer,STORY-0336-ISSUE-0446-auditar-evidencia-cientifica-e-final-componentes-provisorios-multimodais-s.md,ADR-003/ADR-004/ADR-005/ADR-006/ADR-007/ADR-008/ADR-041/ADR-042/ADR-043/ADR-047,AC-ISSUE-0446-01/AC-ISSUE-0446-02/AC-ISSUE-0446-03/AC-ISSUE-0446-04,PASS,PASS,PASS,PASS,HIGH
ISSUE-0447,Implementable story,planned,EPIC-055,SPRINT-006,BC-005,Descoberta e Aquisição de Referências,Arquiteto,STORY-0337-ISSUE-0447-definir-contrato-cientifico-e-invariantes-recuperacao-progressiva-de-vizin.md,ADR-003/ADR-004/ADR-005/ADR-006/ADR-007/ADR-008/ADR-010/ADR-011/ADR-041/ADR-042/ADR-043/ADR-047,AC-ISSUE-0447-01/AC-ISSUE-0447-02/AC-ISSUE-0447-03/AC-ISSUE-0447-04,PASS,PASS,PASS,PASS,HIGH
ISSUE-0448,Implementable story,planned,EPIC-055,SPRINT-006,BC-005,Descoberta e Aquisição de Referências,Geoprocessamento,STORY-0338-ISSUE-0448-preparar-corpus-fixtures-e-representacao-tipada-recuperacao-progressiva-de.md,ADR-003/ADR-004/ADR-005/ADR-006/ADR-007/ADR-008/ADR-040/ADR-041/ADR-042/ADR-043/ADR-047,AC-ISSUE-0448-01/AC-ISSUE-0448-02/AC-ISSUE-0448-03/AC-ISSUE-0448-04,PASS,PASS,PASS,PASS,HIGH
ISSUE-0449,Implementable story,planned,EPIC-055,SPRINT-006,BC-005,Descoberta e Aquisição de Referências,Geoprocessamento,STORY-0339-ISSUE-0449-implementar-o-nucleo-algoritmico-recuperacao-progressiva-de-vizinhos-com-c.md,ADR-003/ADR-004/ADR-005/ADR-006/ADR-007/ADR-008/ADR-041/ADR-042/ADR-043/ADR-047,AC-ISSUE-0449-01/AC-ISSUE-0449-02/AC-ISSUE-0449-03/AC-ISSUE-0449-04,PASS,PASS,PASS,PASS,HIGH
ISSUE-0450,Implementable story,planned,EPIC-055,SPRINT-006,BC-005,Descoberta e Aquisição de Referências,Geoprocessamento,STORY-0340-ISSUE-0450-integrar-ao-processingplan-e-pipeline-recuperacao-progressiva-de-vizinhos.md,ADR-003/ADR-004/ADR-005/ADR-006/ADR-007/ADR-008/ADR-041/ADR-042/ADR-043/ADR-047,AC-ISSUE-0450-01/AC-ISSUE-0450-02/AC-ISSUE-0450-03/AC-ISSUE-0450-04,PASS,PASS,PASS,PASS,HIGH
ISSUE-0451,Implementable story,planned,EPIC-055,SPRINT-006,BC-005,Descoberta e Aquisição de Referências,Geoprocessamento,STORY-0341-ISSUE-0451-produzir-metricas-diagnostico-e-lineage-recuperacao-progressiva-de-vizinho.md,ADR-003/ADR-004/ADR-005/ADR-006/ADR-007/ADR-008/ADR-041/ADR-042/ADR-043/ADR-047,AC-ISSUE-0451-01/AC-ISSUE-0451-02/AC-ISSUE-0451-03/AC-ISSUE-0451-04,PASS,PASS,PASS,PASS,HIGH
ISSUE-0452,Implementable story,planned,EPIC-055,SPRINT-006,BC-005,Descoberta e Aquisição de Referências,QA,STORY-0342-ISSUE-0452-executar-benchmark-negativos-e-regressao-cientifica-recuperacao-progressiv.md,ADR-003/ADR-004/ADR-005/ADR-006/ADR-007/ADR-008/ADR-041/ADR-042/ADR-043/ADR-047,AC-ISSUE-0452-01/AC-ISSUE-0452-02/AC-ISSUE-0452-03/AC-ISSUE-0452-04,PASS,PASS,PASS,PASS,HIGH
ISSUE-0453,Implementable story,planned,EPIC-055,SPRINT-006,BC-005,Descoberta e Aquisição de Referências,Reviewer,STORY-0343-ISSUE-0453-auditar-evidencia-cientifica-e-final-recuperacao-progressiva-de-vizinhos-c.md,ADR-003/ADR-004/ADR-005/ADR-006/ADR-007/ADR-008/ADR-041/ADR-042/ADR-043/ADR-047,AC-ISSUE-0453-01/AC-ISSUE-0453-02/AC-ISSUE-0453-03/AC-ISSUE-0453-04,PASS,PASS,PASS,PASS,HIGH
ISSUE-0454,Implementable story,planned,EPIC-056,SPRINT-006,BC-005,Descoberta e Aquisição de Referências,Arquiteto,STORY-0344-ISSUE-0454-definir-contrato-cientifico-e-invariantes-maquina-de-estados-de-arestas-ev.md,ADR-003/ADR-004/ADR-005/ADR-006/ADR-007/ADR-008/ADR-010/ADR-011/ADR-041/ADR-042/ADR-043/ADR-050,AC-ISSUE-0454-01/AC-ISSUE-0454-02/AC-ISSUE-0454-03/AC-ISSUE-0454-04,PASS,PASS,PASS,PASS,HIGH
ISSUE-0455,Implementable story,planned,EPIC-056,SPRINT-006,BC-005,Descoberta e Aquisição de Referências,Geoprocessamento,STORY-0345-ISSUE-0455-preparar-corpus-fixtures-e-representacao-tipada-maquina-de-estados-de-ares.md,ADR-003/ADR-004/ADR-005/ADR-006/ADR-007/ADR-008/ADR-010/ADR-011/ADR-041/ADR-042/ADR-043/ADR-050,AC-ISSUE-0455-01/AC-ISSUE-0455-02/AC-ISSUE-0455-03/AC-ISSUE-0455-04,PASS,PASS,PASS,PASS,HIGH
ISSUE-0456,Implementable story,planned,EPIC-056,SPRINT-006,BC-005,Descoberta e Aquisição de Referências,Geoprocessamento,STORY-0346-ISSUE-0456-implementar-o-nucleo-algoritmico-maquina-de-estados-de-arestas-evidencia-d.md,ADR-003/ADR-004/ADR-005/ADR-006/ADR-007/ADR-008/ADR-010/ADR-011/ADR-041/ADR-042/ADR-043/ADR-050,AC-ISSUE-0456-01/AC-ISSUE-0456-02/AC-ISSUE-0456-03/AC-ISSUE-0456-04,PASS,PASS,PASS,PASS,HIGH
ISSUE-0457,Implementable story,planned,EPIC-056,SPRINT-006,BC-005,Descoberta e Aquisição de Referências,Geoprocessamento,STORY-0347-ISSUE-0457-integrar-ao-processingplan-e-pipeline-maquina-de-estados-de-arestas-eviden.md,ADR-003/ADR-004/ADR-005/ADR-006/ADR-007/ADR-008/ADR-010/ADR-011/ADR-041/ADR-042/ADR-043/ADR-050,AC-ISSUE-0457-01/AC-ISSUE-0457-02/AC-ISSUE-0457-03/AC-ISSUE-0457-04,PASS,PASS,PASS,PASS,HIGH
ISSUE-0458,Implementable story,planned,EPIC-056,SPRINT-006,BC-005,Descoberta e Aquisição de Referências,Geoprocessamento,STORY-0348-ISSUE-0458-produzir-metricas-diagnostico-e-lineage-maquina-de-estados-de-arestas-evid.md,ADR-003/ADR-004/ADR-005/ADR-006/ADR-007/ADR-008/ADR-010/ADR-011/ADR-041/ADR-042/ADR-043/ADR-050,AC-ISSUE-0458-01/AC-ISSUE-0458-02/AC-ISSUE-0458-03/AC-ISSUE-0458-04,PASS,PASS,PASS,PASS,HIGH
ISSUE-0459,Implementable story,planned,EPIC-056,SPRINT-006,BC-005,Descoberta e Aquisição de Referências,QA,STORY-0349-ISSUE-0459-executar-benchmark-negativos-e-regressao-cientifica-maquina-de-estados-de.md,ADR-003/ADR-004/ADR-005/ADR-006/ADR-007/ADR-008/ADR-010/ADR-011/ADR-040/ADR-041/ADR-042/ADR-043/ADR-050,AC-ISSUE-0459-01/AC-ISSUE-0459-02/AC-ISSUE-0459-03/AC-ISSUE-0459-04,PASS,PASS,PASS,PASS,HIGH
ISSUE-0460,Implementable story,planned,EPIC-056,SPRINT-006,BC-005,Descoberta e Aquisição de Referências,Reviewer,STORY-0350-ISSUE-0460-auditar-evidencia-cientifica-e-final-maquina-de-estados-de-arestas-evidenc.md,ADR-003/ADR-004/ADR-005/ADR-006/ADR-007/ADR-008/ADR-010/ADR-011/ADR-041/ADR-042/ADR-043/ADR-050,AC-ISSUE-0460-01/AC-ISSUE-0460-02/AC-ISSUE-0460-03/AC-ISSUE-0460-04,PASS,PASS,PASS,PASS,HIGH
ISSUE-0461,Implementable story,planned,EPIC-057,SPRINT-006,BC-012,"Resultados, Diagnósticos e Exportação",Arquiteto,STORY-0351-ISSUE-0461-definir-contrato-cientifico-e-invariantes-resultados-por-componente-sucess.md,ADR-003/ADR-004/ADR-005/ADR-006/ADR-007/ADR-008/ADR-010/ADR-011,AC-ISSUE-0461-01/AC-ISSUE-0461-02/AC-ISSUE-0461-03/AC-ISSUE-0461-04,PASS,PASS,PASS,PASS,HIGH
ISSUE-0462,Implementable story,planned,EPIC-057,SPRINT-006,BC-012,"Resultados, Diagnósticos e Exportação",Geoprocessamento,STORY-0352-ISSUE-0462-preparar-corpus-fixtures-e-representacao-tipada-resultados-por-componente.md,ADR-003/ADR-004/ADR-005/ADR-006/ADR-007/ADR-008/ADR-010/ADR-011/ADR-039/ADR-041/ADR-042/ADR-043,AC-ISSUE-0462-01/AC-ISSUE-0462-02/AC-ISSUE-0462-03/AC-ISSUE-0462-04,PASS,PASS,PASS,PASS,HIGH
ISSUE-0463,Implementable story,planned,EPIC-057,SPRINT-006,BC-012,"Resultados, Diagnósticos e Exportação",Geoprocessamento,STORY-0353-ISSUE-0463-implementar-o-nucleo-algoritmico-resultados-por-componente-sucesso-parcial.md,ADR-003/ADR-004/ADR-005/ADR-006/ADR-007/ADR-008/ADR-010/ADR-011/ADR-041/ADR-042/ADR-043,AC-ISSUE-0463-01/AC-ISSUE-0463-02/AC-ISSUE-0463-03/AC-ISSUE-0463-04,PASS,PASS,PASS,PASS,HIGH
ISSUE-0464,Implementable story,planned,EPIC-057,SPRINT-006,BC-012,"Resultados, Diagnósticos e Exportação",Geoprocessamento,STORY-0354-ISSUE-0464-integrar-ao-processingplan-e-pipeline-resultados-por-componente-sucesso-pa.md,ADR-003/ADR-004/ADR-005/ADR-006/ADR-007/ADR-008/ADR-010/ADR-011/ADR-041/ADR-042/ADR-043,AC-ISSUE-0464-01/AC-ISSUE-0464-02/AC-ISSUE-0464-03/AC-ISSUE-0464-04,PASS,PASS,PASS,PASS,HIGH
ISSUE-0465,Implementable story,planned,EPIC-057,SPRINT-006,BC-012,"Resultados, Diagnósticos e Exportação",Geoprocessamento,STORY-0355-ISSUE-0465-produzir-metricas-diagnostico-e-lineage-resultados-por-componente-sucesso.md,ADR-003/ADR-004/ADR-005/ADR-006/ADR-007/ADR-008/ADR-010/ADR-011/ADR-041/ADR-042/ADR-043,AC-ISSUE-0465-01/AC-ISSUE-0465-02/AC-ISSUE-0465-03/AC-ISSUE-0465-04,PASS,PASS,PASS,PASS,HIGH
ISSUE-0466,Implementable story,planned,EPIC-057,SPRINT-006,BC-012,"Resultados, Diagnósticos e Exportação",QA,STORY-0356-ISSUE-0466-executar-benchmark-negativos-e-regressao-cientifica-resultados-por-compone.md,ADR-003/ADR-004/ADR-005/ADR-006/ADR-007/ADR-008/ADR-010/ADR-011/ADR-041/ADR-042/ADR-043,AC-ISSUE-0466-01/AC-ISSUE-0466-02/AC-ISSUE-0466-03/AC-ISSUE-0466-04,PASS,PASS,PASS,PASS,HIGH
ISSUE-0467,Implementable story,planned,EPIC-057,SPRINT-006,BC-012,"Resultados, Diagnósticos e Exportação",Reviewer,STORY-0357-ISSUE-0467-auditar-evidencia-cientifica-e-final-resultados-por-componente-sucesso-par.md,ADR-003/ADR-004/ADR-005/ADR-006/ADR-007/ADR-008/ADR-010/ADR-011,AC-ISSUE-0467-01/AC-ISSUE-0467-02/AC-ISSUE-0467-03/AC-ISSUE-0467-04,PASS,PASS,PASS,PASS,HIGH
ISSUE-0468,Implementable story,planned,EPIC-058,SPRINT-006,BC-005,Descoberta e Aquisição de Referências,Arquiteto,STORY-0358-ISSUE-0468-definir-contrato-cientifico-e-invariantes-gateway-por-capacidades-adapters.md,ADR-003/ADR-004/ADR-005/ADR-006/ADR-007/ADR-008/ADR-010/ADR-011/ADR-012/ADR-034/ADR-041/ADR-042/ADR-043/ADR-047/ADR-049,AC-ISSUE-0468-01/AC-ISSUE-0468-02/AC-ISSUE-0468-03/AC-ISSUE-0468-04,PASS,PASS,PASS,PASS,HIGH
ISSUE-0469,Implementable story,planned,EPIC-058,SPRINT-006,BC-005,Descoberta e Aquisição de Referências,Geoprocessamento,STORY-0359-ISSUE-0469-preparar-corpus-fixtures-e-representacao-tipada-gateway-por-capacidades-ad.md,ADR-003/ADR-004/ADR-005/ADR-006/ADR-007/ADR-008/ADR-010/ADR-011/ADR-012/ADR-041/ADR-042/ADR-043/ADR-047/ADR-049/ADR-052,AC-ISSUE-0469-01/AC-ISSUE-0469-02/AC-ISSUE-0469-03/AC-ISSUE-0469-04,PASS,PASS,PASS,PASS,CRITICAL
ISSUE-0470,Implementable story,planned,EPIC-058,SPRINT-006,BC-005,Descoberta e Aquisição de Referências,Geoprocessamento,STORY-0360-ISSUE-0470-implementar-o-nucleo-algoritmico-gateway-por-capacidades-adapters-stac-api.md,ADR-003/ADR-004/ADR-005/ADR-006/ADR-007/ADR-008/ADR-010/ADR-011/ADR-012/ADR-041/ADR-042/ADR-043/ADR-047/ADR-049,AC-ISSUE-0470-01/AC-ISSUE-0470-02/AC-ISSUE-0470-03/AC-ISSUE-0470-04,PASS,PASS,PASS,PASS,HIGH
ISSUE-0471,Implementable story,planned,EPIC-058,SPRINT-006,BC-005,Descoberta e Aquisição de Referências,Geoprocessamento,STORY-0361-ISSUE-0471-integrar-ao-processingplan-e-pipeline-gateway-por-capacidades-adapters-sta.md,ADR-003/ADR-004/ADR-005/ADR-006/ADR-007/ADR-008/ADR-010/ADR-011/ADR-012/ADR-041/ADR-042/ADR-043/ADR-047/ADR-049,AC-ISSUE-0471-01/AC-ISSUE-0471-02/AC-ISSUE-0471-03/AC-ISSUE-0471-04,PASS,PASS,PASS,PASS,HIGH
ISSUE-0472,Implementable story,planned,EPIC-058,SPRINT-006,BC-005,Descoberta e Aquisição de Referências,Geoprocessamento,STORY-0362-ISSUE-0472-produzir-metricas-diagnostico-e-lineage-gateway-por-capacidades-adapters-s.md,ADR-003/ADR-004/ADR-005/ADR-006/ADR-007/ADR-008/ADR-010/ADR-011/ADR-012/ADR-041/ADR-042/ADR-043/ADR-047/ADR-049,AC-ISSUE-0472-01/AC-ISSUE-0472-02/AC-ISSUE-0472-03/AC-ISSUE-0472-04,PASS,PASS,PASS,PASS,HIGH
ISSUE-0473,Implementable story,planned,EPIC-058,SPRINT-006,BC-005,Descoberta e Aquisição de Referências,QA,STORY-0363-ISSUE-0473-executar-benchmark-negativos-e-regressao-cientifica-gateway-por-capacidade.md,ADR-003/ADR-004/ADR-005/ADR-006/ADR-007/ADR-008/ADR-010/ADR-011/ADR-012/ADR-041/ADR-042/ADR-043/ADR-047/ADR-049,AC-ISSUE-0473-01/AC-ISSUE-0473-02/AC-ISSUE-0473-03/AC-ISSUE-0473-04,PASS,PASS,PASS,PASS,HIGH
ISSUE-0474,Implementable story,planned,EPIC-058,SPRINT-006,BC-005,Descoberta e Aquisição de Referências,Reviewer,STORY-0364-ISSUE-0474-auditar-evidencia-cientifica-e-final-gateway-por-capacidades-adapters-stac.md,ADR-003/ADR-004/ADR-005/ADR-006/ADR-007/ADR-008/ADR-010/ADR-011/ADR-012/ADR-041/ADR-042/ADR-043/ADR-047/ADR-049,AC-ISSUE-0474-01/AC-ISSUE-0474-02/AC-ISSUE-0474-03/AC-ISSUE-0474-04,PASS,PASS,PASS,PASS,HIGH
ISSUE-0475,Implementable story,planned,EPIC-059,SPRINT-006,BC-005,Descoberta e Aquisição de Referências,Arquiteto,STORY-0365-ISSUE-0475-definir-contrato-cientifico-e-invariantes-busca-espaciotemporal-guiada-ran.md,ADR-003/ADR-004/ADR-005/ADR-006/ADR-007/ADR-008/ADR-010/ADR-011/ADR-041/ADR-042/ADR-043/ADR-047,AC-ISSUE-0475-01/AC-ISSUE-0475-02/AC-ISSUE-0475-03/AC-ISSUE-0475-04,PASS,PASS,PASS,PASS,HIGH
ISSUE-0476,Implementable story,planned,EPIC-059,SPRINT-006,BC-005,Descoberta e Aquisição de Referências,Geoprocessamento,STORY-0366-ISSUE-0476-preparar-corpus-fixtures-e-representacao-tipada-busca-espaciotemporal-guia.md,ADR-003/ADR-004/ADR-005/ADR-006/ADR-007/ADR-008/ADR-041/ADR-042/ADR-043/ADR-047,AC-ISSUE-0476-01/AC-ISSUE-0476-02/AC-ISSUE-0476-03/AC-ISSUE-0476-04,PASS,PASS,PASS,PASS,HIGH
ISSUE-0477,Implementable story,planned,EPIC-059,SPRINT-006,BC-005,Descoberta e Aquisição de Referências,Geoprocessamento,STORY-0367-ISSUE-0477-implementar-o-nucleo-algoritmico-busca-espaciotemporal-guiada-ranking-expl.md,ADR-003/ADR-004/ADR-005/ADR-006/ADR-007/ADR-008/ADR-041/ADR-042/ADR-043/ADR-047,AC-ISSUE-0477-01/AC-ISSUE-0477-02/AC-ISSUE-0477-03/AC-ISSUE-0477-04,PASS,PASS,PASS,PASS,HIGH
ISSUE-0478,Implementable story,planned,EPIC-059,SPRINT-006,BC-005,Descoberta e Aquisição de Referências,Geoprocessamento,STORY-0368-ISSUE-0478-integrar-ao-processingplan-e-pipeline-busca-espaciotemporal-guiada-ranking.md,ADR-003/ADR-004/ADR-005/ADR-006/ADR-007/ADR-008/ADR-041/ADR-042/ADR-043/ADR-047,AC-ISSUE-0478-01/AC-ISSUE-0478-02/AC-ISSUE-0478-03/AC-ISSUE-0478-04,PASS,PASS,PASS,PASS,HIGH
ISSUE-0479,Implementable story,planned,EPIC-059,SPRINT-006,BC-005,Descoberta e Aquisição de Referências,Geoprocessamento,STORY-0369-ISSUE-0479-produzir-metricas-diagnostico-e-lineage-busca-espaciotemporal-guiada-ranki.md,ADR-003/ADR-004/ADR-005/ADR-006/ADR-007/ADR-008/ADR-041/ADR-042/ADR-043/ADR-047,AC-ISSUE-0479-01/AC-ISSUE-0479-02/AC-ISSUE-0479-03/AC-ISSUE-0479-04,PASS,PASS,PASS,PASS,HIGH
ISSUE-0480,Implementable story,planned,EPIC-059,SPRINT-006,BC-005,Descoberta e Aquisição de Referências,QA,STORY-0370-ISSUE-0480-executar-benchmark-negativos-e-regressao-cientifica-busca-espaciotemporal.md,ADR-003/ADR-004/ADR-005/ADR-006/ADR-007/ADR-008/ADR-041/ADR-042/ADR-043/ADR-047,AC-ISSUE-0480-01/AC-ISSUE-0480-02/AC-ISSUE-0480-03/AC-ISSUE-0480-04,PASS,PASS,PASS,PASS,HIGH
ISSUE-0481,Implementable story,planned,EPIC-059,SPRINT-006,BC-005,Descoberta e Aquisição de Referências,Reviewer,STORY-0371-ISSUE-0481-auditar-evidencia-cientifica-e-final-busca-espaciotemporal-guiada-ranking.md,ADR-003/ADR-004/ADR-005/ADR-006/ADR-007/ADR-008/ADR-041/ADR-042/ADR-043/ADR-047,AC-ISSUE-0481-01/AC-ISSUE-0481-02/AC-ISSUE-0481-03/AC-ISSUE-0481-04,PASS,PASS,PASS,PASS,HIGH
ISSUE-0482,Implementable story,planned,EPIC-060,SPRINT-006,BC-005,Descoberta e Aquisição de Referências,Arquiteto,STORY-0372-ISSUE-0482-definir-contrato-cientifico-e-invariantes-policy-de-aquisicao-no-processin.md,ADR-003/ADR-004/ADR-005/ADR-006/ADR-007/ADR-008/ADR-010/ADR-011/ADR-012/ADR-041/ADR-042/ADR-043/ADR-047,AC-ISSUE-0482-01/AC-ISSUE-0482-02/AC-ISSUE-0482-03/AC-ISSUE-0482-04,PASS,PASS,PASS,PASS,HIGH
ISSUE-0483,Implementable story,planned,EPIC-060,SPRINT-006,BC-005,Descoberta e Aquisição de Referências,Geoprocessamento,STORY-0373-ISSUE-0483-preparar-corpus-fixtures-e-representacao-tipada-policy-de-aquisicao-no-pro.md,ADR-003/ADR-004/ADR-005/ADR-006/ADR-007/ADR-008/ADR-041/ADR-042/ADR-043/ADR-047,AC-ISSUE-0483-01/AC-ISSUE-0483-02/AC-ISSUE-0483-03/AC-ISSUE-0483-04,PASS,PASS,PASS,PASS,HIGH
ISSUE-0484,Implementable story,planned,EPIC-060,SPRINT-006,BC-005,Descoberta e Aquisição de Referências,Geoprocessamento,STORY-0374-ISSUE-0484-implementar-o-nucleo-algoritmico-policy-de-aquisicao-no-processingplan-pre.md,ADR-003/ADR-004/ADR-005/ADR-006/ADR-007/ADR-008/ADR-041/ADR-042/ADR-043/ADR-047,AC-ISSUE-0484-01/AC-ISSUE-0484-02/AC-ISSUE-0484-03/AC-ISSUE-0484-04,PASS,PASS,PASS,PASS,HIGH
ISSUE-0485,Implementable story,planned,EPIC-060,SPRINT-006,BC-005,Descoberta e Aquisição de Referências,Geoprocessamento,STORY-0375-ISSUE-0485-integrar-ao-processingplan-e-pipeline-policy-de-aquisicao-no-processingpla.md,ADR-003/ADR-004/ADR-005/ADR-006/ADR-007/ADR-008/ADR-041/ADR-042/ADR-043/ADR-047,AC-ISSUE-0485-01/AC-ISSUE-0485-02/AC-ISSUE-0485-03/AC-ISSUE-0485-04,PASS,PASS,PASS,PASS,HIGH
ISSUE-0486,Implementable story,planned,EPIC-060,SPRINT-006,BC-005,Descoberta e Aquisição de Referências,Geoprocessamento,STORY-0376-ISSUE-0486-produzir-metricas-diagnostico-e-lineage-policy-de-aquisicao-no-processingp.md,ADR-003/ADR-004/ADR-005/ADR-006/ADR-007/ADR-008/ADR-041/ADR-042/ADR-043/ADR-047,AC-ISSUE-0486-01/AC-ISSUE-0486-02/AC-ISSUE-0486-03/AC-ISSUE-0486-04,PASS,PASS,PASS,PASS,HIGH
ISSUE-0487,Implementable story,planned,EPIC-060,SPRINT-006,BC-005,Descoberta e Aquisição de Referências,QA,STORY-0377-ISSUE-0487-executar-benchmark-negativos-e-regressao-cientifica-policy-de-aquisicao-no.md,ADR-003/ADR-004/ADR-005/ADR-006/ADR-007/ADR-008/ADR-041/ADR-042/ADR-043/ADR-047,AC-ISSUE-0487-01/AC-ISSUE-0487-02/AC-ISSUE-0487-03/AC-ISSUE-0487-04,PASS,PASS,PASS,PASS,HIGH
ISSUE-0488,Implementable story,planned,EPIC-060,SPRINT-006,BC-005,Descoberta e Aquisição de Referências,Reviewer,STORY-0378-ISSUE-0488-auditar-evidencia-cientifica-e-final-policy-de-aquisicao-no-processingplan.md,ADR-003/ADR-004/ADR-005/ADR-006/ADR-007/ADR-008/ADR-041/ADR-042/ADR-043/ADR-047,AC-ISSUE-0488-01/AC-ISSUE-0488-02/AC-ISSUE-0488-03/AC-ISSUE-0488-04,PASS,PASS,PASS,PASS,HIGH
ISSUE-0489,Implementable story,planned,EPIC-061,SPRINT-010,BC-013,"Artifacts, Proveniência e Lifecycle",Arquiteto,STORY-0379-ISSUE-0489-definir-modelo-invariantes-e-contratos-de-dados-cache-enderecado-por-conte.md,ADR-003/ADR-004/ADR-005/ADR-006/ADR-007/ADR-008/ADR-010/ADR-011/ADR-012/ADR-016,AC-ISSUE-0489-01/AC-ISSUE-0489-02/AC-ISSUE-0489-03/AC-ISSUE-0489-04,PASS,PASS,PASS,PASS,HIGH
ISSUE-0490,Implementable story,planned,EPIC-061,SPRINT-010,BC-013,"Artifacts, Proveniência e Lifecycle",Backend,STORY-0380-ISSUE-0490-implementar-persistencia-e-migrations-cache-enderecado-por-conteudo-dedupl.md,ADR-003/ADR-004/ADR-005/ADR-006/ADR-007/ADR-008/ADR-016/ADR-018/ADR-019/ADR-047,AC-ISSUE-0490-01/AC-ISSUE-0490-02/AC-ISSUE-0490-03/AC-ISSUE-0490-04,PASS,PASS,PASS,PASS,HIGH
ISSUE-0491,Implementable story,planned,EPIC-061,SPRINT-010,BC-013,"Artifacts, Proveniência e Lifecycle",Backend,STORY-0381-ISSUE-0491-implementar-armazenamento-e-lifecycle-cache-enderecado-por-conteudo-dedupl.md,ADR-003/ADR-004/ADR-005/ADR-006/ADR-007/ADR-008/ADR-016/ADR-018/ADR-019,AC-ISSUE-0491-01/AC-ISSUE-0491-02/AC-ISSUE-0491-03/AC-ISSUE-0491-04,PASS,PASS,PASS,PASS,HIGH
ISSUE-0492,Implementable story,planned,EPIC-061,SPRINT-010,BC-013,"Artifacts, Proveniência e Lifecycle",Backend,STORY-0382-ISSUE-0492-expor-servicos-e-integrar-consumers-cache-enderecado-por-conteudo-deduplic.md,ADR-003/ADR-004/ADR-005/ADR-006/ADR-007/ADR-008/ADR-010/ADR-011/ADR-012/ADR-016/ADR-018/ADR-019,AC-ISSUE-0492-01/AC-ISSUE-0492-02/AC-ISSUE-0492-03/AC-ISSUE-0492-04,PASS,PASS,PASS,PASS,HIGH
ISSUE-0493,Implementable story,planned,EPIC-061,SPRINT-010,BC-013,"Artifacts, Proveniência e Lifecycle",Security,STORY-0383-ISSUE-0493-validar-seguranca-recuperacao-e-concorrencia-cache-enderecado-por-conteudo.md,ADR-003/ADR-004/ADR-005/ADR-006/ADR-007/ADR-008/ADR-030/ADR-031/ADR-032,AC-ISSUE-0493-01/AC-ISSUE-0493-02/AC-ISSUE-0493-03/AC-ISSUE-0493-04,PASS,PASS,PASS,PASS,CRITICAL
ISSUE-0494,Implementable story,planned,EPIC-061,SPRINT-010,BC-013,"Artifacts, Proveniência e Lifecycle",Reviewer,STORY-0384-ISSUE-0494-executar-qa-e-auditoria-final-cache-enderecado-por-conteudo-deduplicacao-q.md,ADR-003/ADR-004/ADR-005/ADR-006/ADR-007/ADR-008,AC-ISSUE-0494-01/AC-ISSUE-0494-02/AC-ISSUE-0494-03/AC-ISSUE-0494-04,PASS,PASS,PASS,PASS,HIGH
ISSUE-0495,Implementable story,planned,EPIC-062,SPRINT-009,BC-011,Revisão e Correção,Product Owner,STORY-0385-ISSUE-0495-definir-fluxo-de-revisao-e-decisoes-permitidas-workspace-visual-assistido.md,ADR-002/ADR-003/ADR-004/ADR-005/ADR-006/ADR-007/ADR-008,AC-ISSUE-0495-01/AC-ISSUE-0495-02/AC-ISSUE-0495-03/AC-ISSUE-0495-04,PASS,PASS,PASS,PASS,MEDIUM
ISSUE-0496,Implementable story,planned,EPIC-062,SPRINT-009,BC-011,Revisão e Correção,Arquiteto,STORY-0386-ISSUE-0496-definir-contratos-de-correcao-e-nova-tentativa-workspace-visual-assistido.md,ADR-003/ADR-004/ADR-005/ADR-006/ADR-007/ADR-008/ADR-010/ADR-011/ADR-014/ADR-016/ADR-048,AC-ISSUE-0496-01/AC-ISSUE-0496-02/AC-ISSUE-0496-03/AC-ISSUE-0496-04,PASS,PASS,PASS,PASS,HIGH
ISSUE-0497,Implementable story,planned,EPIC-062,SPRINT-009,BC-011,Revisão e Correção,Frontend,STORY-0387-ISSUE-0497-implementar-workspace-e-comparacao-workspace-visual-assistido-correctionse.md,ADR-003/ADR-004/ADR-005/ADR-006/ADR-007/ADR-008/ADR-010/ADR-011/ADR-014,AC-ISSUE-0497-01/AC-ISSUE-0497-02/AC-ISSUE-0497-03/AC-ISSUE-0497-04,PASS,PASS,PASS,PASS,MEDIUM
ISSUE-0498,Implementable story,planned,EPIC-062,SPRINT-009,BC-011,Revisão e Correção,Backend,STORY-0388-ISSUE-0498-implementar-lifecycle-e-auditoria-workspace-visual-assistido-correctionset.md,ADR-003/ADR-004/ADR-005/ADR-006/ADR-007/ADR-008/ADR-016/ADR-018/ADR-019/ADR-048,AC-ISSUE-0498-01/AC-ISSUE-0498-02/AC-ISSUE-0498-03/AC-ISSUE-0498-04,PASS,PASS,PASS,PASS,HIGH
ISSUE-0499,Implementable story,planned,EPIC-062,SPRINT-009,BC-011,Revisão e Correção,QA,STORY-0389-ISSUE-0499-executar-testes-de-revisao-hard-gates-e-concorrencia-workspace-visual-assi.md,ADR-003/ADR-004/ADR-005/ADR-006/ADR-007/ADR-008,AC-ISSUE-0499-01/AC-ISSUE-0499-02/AC-ISSUE-0499-03/AC-ISSUE-0499-04,PASS,PASS,PASS,PASS,MEDIUM
ISSUE-0500,Implementable story,planned,EPIC-062,SPRINT-009,BC-011,Revisão e Correção,Reviewer,STORY-0390-ISSUE-0500-auditar-rastreabilidade-e-evidencia-final-workspace-visual-assistido-corre.md,ADR-003/ADR-004/ADR-005/ADR-006/ADR-007/ADR-008,AC-ISSUE-0500-01/AC-ISSUE-0500-02/AC-ISSUE-0500-03/AC-ISSUE-0500-04,PASS,PASS,PASS,PASS,MEDIUM
ISSUE-0501,Implementable story,planned,EPIC-063,SPRINT-006,BC-011,Revisão e Correção,Arquiteto,STORY-0391-ISSUE-0501-definir-contrato-cientifico-e-invariantes-modelo-tipado-versionado-de-gcps.md,ADR-003/ADR-004/ADR-005/ADR-006/ADR-007/ADR-008/ADR-010/ADR-011/ADR-041/ADR-048,AC-ISSUE-0501-01/AC-ISSUE-0501-02/AC-ISSUE-0501-03/AC-ISSUE-0501-04,PASS,PASS,PASS,PASS,HIGH
ISSUE-0502,Implementable story,planned,EPIC-063,SPRINT-006,BC-011,Revisão e Correção,Geoprocessamento,STORY-0392-ISSUE-0502-preparar-corpus-fixtures-e-representacao-tipada-modelo-tipado-versionado-d.md,ADR-003/ADR-004/ADR-005/ADR-006/ADR-007/ADR-008/ADR-041/ADR-042/ADR-043/ADR-048,AC-ISSUE-0502-01/AC-ISSUE-0502-02/AC-ISSUE-0502-03/AC-ISSUE-0502-04,PASS,PASS,PASS,PASS,HIGH
ISSUE-0503,Implementable story,planned,EPIC-063,SPRINT-006,BC-011,Revisão e Correção,Geoprocessamento,STORY-0393-ISSUE-0503-implementar-o-nucleo-algoritmico-modelo-tipado-versionado-de-gcps-lifecycl.md,ADR-003/ADR-004/ADR-005/ADR-006/ADR-007/ADR-008/ADR-041/ADR-042/ADR-043/ADR-048,AC-ISSUE-0503-01/AC-ISSUE-0503-02/AC-ISSUE-0503-03/AC-ISSUE-0503-04,PASS,PASS,PASS,PASS,HIGH
ISSUE-0504,Implementable story,planned,EPIC-063,SPRINT-006,BC-011,Revisão e Correção,Geoprocessamento,STORY-0394-ISSUE-0504-integrar-ao-processingplan-e-pipeline-modelo-tipado-versionado-de-gcps-lif.md,ADR-003/ADR-004/ADR-005/ADR-006/ADR-007/ADR-008/ADR-041/ADR-042/ADR-043/ADR-048,AC-ISSUE-0504-01/AC-ISSUE-0504-02/AC-ISSUE-0504-03/AC-ISSUE-0504-04,PASS,PASS,PASS,PASS,HIGH
ISSUE-0505,Implementable story,planned,EPIC-063,SPRINT-006,BC-011,Revisão e Correção,Geoprocessamento,STORY-0395-ISSUE-0505-produzir-metricas-diagnostico-e-lineage-modelo-tipado-versionado-de-gcps-l.md,ADR-003/ADR-004/ADR-005/ADR-006/ADR-007/ADR-008/ADR-041/ADR-042/ADR-043/ADR-048,AC-ISSUE-0505-01/AC-ISSUE-0505-02/AC-ISSUE-0505-03/AC-ISSUE-0505-04,PASS,PASS,PASS,PASS,HIGH
ISSUE-0506,Implementable story,planned,EPIC-063,SPRINT-006,BC-011,Revisão e Correção,QA,STORY-0396-ISSUE-0506-executar-benchmark-negativos-e-regressao-cientifica-modelo-tipado-versiona.md,ADR-003/ADR-004/ADR-005/ADR-006/ADR-007/ADR-008/ADR-041/ADR-042/ADR-043/ADR-048,AC-ISSUE-0506-01/AC-ISSUE-0506-02/AC-ISSUE-0506-03/AC-ISSUE-0506-04,PASS,PASS,PASS,PASS,HIGH
ISSUE-0507,Implementable story,planned,EPIC-063,SPRINT-006,BC-011,Revisão e Correção,Reviewer,STORY-0397-ISSUE-0507-auditar-evidencia-cientifica-e-final-modelo-tipado-versionado-de-gcps-life.md,ADR-003/ADR-004/ADR-005/ADR-006/ADR-007/ADR-008,AC-ISSUE-0507-01/AC-ISSUE-0507-02/AC-ISSUE-0507-03/AC-ISSUE-0507-04,PASS,PASS,PASS,PASS,HIGH
ISSUE-0508,Implementable story,planned,EPIC-064,SPRINT-009,BC-011,Revisão e Correção,Product Owner,STORY-0398-ISSUE-0508-definir-jornada-estados-e-acessibilidade-fila-de-revisao-explicavel-filtro.md,ADR-003/ADR-004/ADR-005/ADR-006/ADR-007/ADR-008/ADR-010/ADR-011/ADR-014,AC-ISSUE-0508-01/AC-ISSUE-0508-02/AC-ISSUE-0508-03/AC-ISSUE-0508-04,PASS,PASS,PASS,PASS,MEDIUM
ISSUE-0509,Implementable story,planned,EPIC-064,SPRINT-009,BC-011,Revisão e Correção,Frontend,STORY-0399-ISSUE-0509-integrar-contratos-e-cliente-tipado-fila-de-revisao-explicavel-filtros-pri.md,ADR-003/ADR-004/ADR-005/ADR-006/ADR-007/ADR-008/ADR-010/ADR-011/ADR-014/ADR-048,AC-ISSUE-0509-01/AC-ISSUE-0509-02/AC-ISSUE-0509-03/AC-ISSUE-0509-04,PASS,PASS,PASS,PASS,HIGH
ISSUE-0510,Implementable story,planned,EPIC-064,SPRINT-009,BC-011,Revisão e Correção,Frontend,STORY-0400-ISSUE-0510-implementar-componentes-e-interacao-fila-de-revisao-explicavel-filtros-pri.md,ADR-003/ADR-004/ADR-005/ADR-006/ADR-007/ADR-008/ADR-010/ADR-011/ADR-014,AC-ISSUE-0510-01/AC-ISSUE-0510-02/AC-ISSUE-0510-03/AC-ISSUE-0510-04,PASS,PASS,PASS,PASS,HIGH
ISSUE-0511,Implementable story,planned,EPIC-064,SPRINT-009,BC-011,Revisão e Correção,Frontend,STORY-0401-ISSUE-0511-integrar-mapa-fluxo-e-estados-de-erro-fila-de-revisao-explicavel-filtros-p.md,ADR-003/ADR-004/ADR-005/ADR-006/ADR-007/ADR-008/ADR-010/ADR-011/ADR-014,AC-ISSUE-0511-01/AC-ISSUE-0511-02/AC-ISSUE-0511-03/AC-ISSUE-0511-04,PASS,PASS,PASS,PASS,HIGH
ISSUE-0512,Implementable story,planned,EPIC-064,SPRINT-009,BC-011,Revisão e Correção,QA,STORY-0402-ISSUE-0512-executar-testes-de-componente-acessibilidade-e-e2e-fila-de-revisao-explica.md,ADR-003/ADR-004/ADR-005/ADR-006/ADR-007/ADR-008/ADR-010/ADR-011/ADR-014,AC-ISSUE-0512-01/AC-ISSUE-0512-02/AC-ISSUE-0512-03/AC-ISSUE-0512-04,PASS,PASS,PASS,PASS,MEDIUM
ISSUE-0513,Implementable story,planned,EPIC-064,SPRINT-009,BC-011,Revisão e Correção,Reviewer,STORY-0403-ISSUE-0513-auditar-ux-contrato-e-evidencia-final-fila-de-revisao-explicavel-filtros-p.md,ADR-003/ADR-004/ADR-005/ADR-006/ADR-007/ADR-008/ADR-010/ADR-011/ADR-014,AC-ISSUE-0513-01/AC-ISSUE-0513-02/AC-ISSUE-0513-03/AC-ISSUE-0513-04,PASS,PASS,PASS,PASS,MEDIUM
ISSUE-0514,Implementable story,planned,EPIC-065,SPRINT-004,BC-010,Orquestração de Jobs e Recursos,Arquiteto,STORY-0404-ISSUE-0514-definir-estados-envelopes-e-invariantes-taxonomia-de-retry-tecnico-orcamen.md,ADR-003/ADR-004/ADR-005/ADR-006/ADR-007/ADR-008/ADR-010/ADR-011/ADR-012/ADR-016/ADR-038/ADR-046,AC-ISSUE-0514-01/AC-ISSUE-0514-02/AC-ISSUE-0514-03/AC-ISSUE-0514-04,PASS,PASS,PASS,PASS,CRITICAL
ISSUE-0515,Implementable story,planned,EPIC-065,SPRINT-004,BC-010,Orquestração de Jobs e Recursos,Backend,STORY-0405-ISSUE-0515-implementar-modelo-e-application-services-taxonomia-de-retry-tecnico-orcam.md,ADR-003/ADR-004/ADR-005/ADR-006/ADR-007/ADR-008/ADR-012/ADR-016/ADR-018/ADR-019/ADR-038/ADR-039,AC-ISSUE-0515-01/AC-ISSUE-0515-02/AC-ISSUE-0515-03/AC-ISSUE-0515-04,PASS,PASS,PASS,PASS,HIGH
ISSUE-0516,Implementable story,planned,EPIC-065,SPRINT-004,BC-010,Orquestração de Jobs e Recursos,Backend,STORY-0406-ISSUE-0516-implementar-runner-worker-ou-scheduler-taxonomia-de-retry-tecnico-orcament.md,ADR-003/ADR-004/ADR-005/ADR-006/ADR-007/ADR-008/ADR-016/ADR-018/ADR-019/ADR-037/ADR-038/ADR-040,AC-ISSUE-0516-01/AC-ISSUE-0516-02/AC-ISSUE-0516-03/AC-ISSUE-0516-04,PASS,PASS,PASS,PASS,HIGH
ISSUE-0517,Implementable story,planned,EPIC-065,SPRINT-004,BC-010,Orquestração de Jobs e Recursos,Backend,STORY-0407-ISSUE-0517-expor-comandos-progresso-e-reconciliacao-taxonomia-de-retry-tecnico-orcame.md,ADR-003/ADR-004/ADR-005/ADR-006/ADR-007/ADR-008/ADR-010/ADR-011/ADR-012/ADR-016/ADR-018/ADR-019/ADR-039,AC-ISSUE-0517-01/AC-ISSUE-0517-02/AC-ISSUE-0517-03/AC-ISSUE-0517-04,PASS,PASS,PASS,PASS,HIGH
ISSUE-0518,Implementable story,planned,EPIC-065,SPRINT-004,BC-010,Orquestração de Jobs e Recursos,DevOps,STORY-0408-ISSUE-0518-implementar-falhas-retry-e-recuperacao-taxonomia-de-retry-tecnico-orcament.md,ADR-003/ADR-004/ADR-005/ADR-006/ADR-007/ADR-008/ADR-009/ADR-033/ADR-034,AC-ISSUE-0518-01/AC-ISSUE-0518-02/AC-ISSUE-0518-03/AC-ISSUE-0518-04,PASS,PASS,PASS,PASS,CRITICAL
ISSUE-0519,Implementable story,planned,EPIC-065,SPRINT-004,BC-010,Orquestração de Jobs e Recursos,QA,STORY-0409-ISSUE-0519-executar-integracao-real-carga-e-fault-injection-taxonomia-de-retry-tecnic.md,ADR-003/ADR-004/ADR-005/ADR-006/ADR-007/ADR-008,AC-ISSUE-0519-01/AC-ISSUE-0519-02/AC-ISSUE-0519-03/AC-ISSUE-0519-04,PASS,PASS,PASS,PASS,HIGH
ISSUE-0520,Implementable story,planned,EPIC-065,SPRINT-004,BC-010,Orquestração de Jobs e Recursos,Reviewer,STORY-0410-ISSUE-0520-auditar-evidencia-e-integracao-final-taxonomia-de-retry-tecnico-orcamento.md,ADR-003/ADR-004/ADR-005/ADR-006/ADR-007/ADR-008,AC-ISSUE-0520-01/AC-ISSUE-0520-02/AC-ISSUE-0520-03/AC-ISSUE-0520-04,PASS,PASS,PASS,PASS,HIGH
ISSUE-0521,Implementable story,planned,EPIC-066,SPRINT-004,BC-010,Orquestração de Jobs e Recursos,Arquiteto,STORY-0411-ISSUE-0521-definir-estados-envelopes-e-invariantes-checkpoints-canonicos-manifests-de.md,ADR-003/ADR-004/ADR-005/ADR-006/ADR-007/ADR-008/ADR-010/ADR-011/ADR-012/ADR-016/ADR-038/ADR-046/ADR-048,AC-ISSUE-0521-01/AC-ISSUE-0521-02/AC-ISSUE-0521-03/AC-ISSUE-0521-04,PASS,PASS,PASS,PASS,CRITICAL
ISSUE-0522,Implementable story,planned,EPIC-066,SPRINT-004,BC-010,Orquestração de Jobs e Recursos,Backend,STORY-0412-ISSUE-0522-implementar-modelo-e-application-services-checkpoints-canonicos-manifests.md,ADR-003/ADR-004/ADR-005/ADR-006/ADR-007/ADR-008/ADR-012/ADR-016/ADR-018/ADR-019/ADR-038/ADR-039,AC-ISSUE-0522-01/AC-ISSUE-0522-02/AC-ISSUE-0522-03/AC-ISSUE-0522-04,PASS,PASS,PASS,PASS,HIGH
ISSUE-0523,Implementable story,planned,EPIC-066,SPRINT-004,BC-010,Orquestração de Jobs e Recursos,Backend,STORY-0413-ISSUE-0523-implementar-runner-worker-ou-scheduler-checkpoints-canonicos-manifests-de.md,ADR-003/ADR-004/ADR-005/ADR-006/ADR-007/ADR-008/ADR-016/ADR-018/ADR-019/ADR-037/ADR-038/ADR-040,AC-ISSUE-0523-01/AC-ISSUE-0523-02/AC-ISSUE-0523-03/AC-ISSUE-0523-04,PASS,PASS,PASS,PASS,HIGH
ISSUE-0524,Implementable story,planned,EPIC-066,SPRINT-004,BC-010,Orquestração de Jobs e Recursos,Backend,STORY-0414-ISSUE-0524-expor-comandos-progresso-e-reconciliacao-checkpoints-canonicos-manifests-d.md,ADR-003/ADR-004/ADR-005/ADR-006/ADR-007/ADR-008/ADR-010/ADR-011/ADR-012/ADR-016/ADR-018/ADR-019/ADR-039,AC-ISSUE-0524-01/AC-ISSUE-0524-02/AC-ISSUE-0524-03/AC-ISSUE-0524-04,PASS,PASS,PASS,PASS,HIGH
ISSUE-0525,Implementable story,planned,EPIC-066,SPRINT-004,BC-010,Orquestração de Jobs e Recursos,DevOps,STORY-0415-ISSUE-0525-implementar-falhas-retry-e-recuperacao-checkpoints-canonicos-manifests-de.md,ADR-003/ADR-004/ADR-005/ADR-006/ADR-007/ADR-008/ADR-009/ADR-033/ADR-034,AC-ISSUE-0525-01/AC-ISSUE-0525-02/AC-ISSUE-0525-03/AC-ISSUE-0525-04,PASS,PASS,PASS,PASS,CRITICAL
ISSUE-0526,Implementable story,planned,EPIC-066,SPRINT-004,BC-010,Orquestração de Jobs e Recursos,QA,STORY-0416-ISSUE-0526-executar-integracao-real-carga-e-fault-injection-checkpoints-canonicos-man.md,ADR-003/ADR-004/ADR-005/ADR-006/ADR-007/ADR-008,AC-ISSUE-0526-01/AC-ISSUE-0526-02/AC-ISSUE-0526-03/AC-ISSUE-0526-04,PASS,PASS,PASS,PASS,HIGH
ISSUE-0527,Implementable story,planned,EPIC-066,SPRINT-004,BC-010,Orquestração de Jobs e Recursos,Reviewer,STORY-0417-ISSUE-0527-auditar-evidencia-e-integracao-final-checkpoints-canonicos-manifests-de-co.md,ADR-003/ADR-004/ADR-005/ADR-006/ADR-007/ADR-008,AC-ISSUE-0527-01/AC-ISSUE-0527-02/AC-ISSUE-0527-03/AC-ISSUE-0527-04,PASS,PASS,PASS,PASS,HIGH
ISSUE-0528,Implementable story,planned,EPIC-067,SPRINT-004,BC-010,Orquestração de Jobs e Recursos,Arquiteto,STORY-0418-ISSUE-0528-definir-estados-envelopes-e-invariantes-cancelamento-cooperativo-supervisa.md,ADR-003/ADR-004/ADR-005/ADR-006/ADR-007/ADR-008/ADR-010/ADR-011/ADR-012/ADR-016/ADR-038/ADR-046,AC-ISSUE-0528-01/AC-ISSUE-0528-02/AC-ISSUE-0528-03/AC-ISSUE-0528-04,PASS,PASS,PASS,PASS,CRITICAL
ISSUE-0529,Implementable story,planned,EPIC-067,SPRINT-004,BC-010,Orquestração de Jobs e Recursos,Backend,STORY-0419-ISSUE-0529-implementar-modelo-e-application-services-cancelamento-cooperativo-supervi.md,ADR-003/ADR-004/ADR-005/ADR-006/ADR-007/ADR-008/ADR-012/ADR-016/ADR-018/ADR-019/ADR-038/ADR-039,AC-ISSUE-0529-01/AC-ISSUE-0529-02/AC-ISSUE-0529-03/AC-ISSUE-0529-04,PASS,PASS,PASS,PASS,HIGH
ISSUE-0530,Implementable story,planned,EPIC-067,SPRINT-004,BC-010,Orquestração de Jobs e Recursos,Backend,STORY-0420-ISSUE-0530-implementar-runner-worker-ou-scheduler-cancelamento-cooperativo-supervisao.md,ADR-003/ADR-004/ADR-005/ADR-006/ADR-007/ADR-008/ADR-016/ADR-018/ADR-019/ADR-037/ADR-038/ADR-040,AC-ISSUE-0530-01/AC-ISSUE-0530-02/AC-ISSUE-0530-03/AC-ISSUE-0530-04,PASS,PASS,PASS,PASS,HIGH
ISSUE-0531,Implementable story,planned,EPIC-067,SPRINT-004,BC-010,Orquestração de Jobs e Recursos,Backend,STORY-0421-ISSUE-0531-expor-comandos-progresso-e-reconciliacao-cancelamento-cooperativo-supervis.md,ADR-003/ADR-004/ADR-005/ADR-006/ADR-007/ADR-008/ADR-010/ADR-011/ADR-012/ADR-016/ADR-018/ADR-019/ADR-039,AC-ISSUE-0531-01/AC-ISSUE-0531-02/AC-ISSUE-0531-03/AC-ISSUE-0531-04,PASS,PASS,PASS,PASS,HIGH
ISSUE-0532,Implementable story,planned,EPIC-067,SPRINT-004,BC-010,Orquestração de Jobs e Recursos,DevOps,STORY-0422-ISSUE-0532-implementar-falhas-retry-e-recuperacao-cancelamento-cooperativo-supervisao.md,ADR-003/ADR-004/ADR-005/ADR-006/ADR-007/ADR-008/ADR-009/ADR-033/ADR-034,AC-ISSUE-0532-01/AC-ISSUE-0532-02/AC-ISSUE-0532-03/AC-ISSUE-0532-04,PASS,PASS,PASS,PASS,CRITICAL
ISSUE-0533,Implementable story,planned,EPIC-067,SPRINT-004,BC-010,Orquestração de Jobs e Recursos,QA,STORY-0423-ISSUE-0533-executar-integracao-real-carga-e-fault-injection-cancelamento-cooperativo.md,ADR-003/ADR-004/ADR-005/ADR-006/ADR-007/ADR-008,AC-ISSUE-0533-01/AC-ISSUE-0533-02/AC-ISSUE-0533-03/AC-ISSUE-0533-04,PASS,PASS,PASS,PASS,HIGH
ISSUE-0534,Implementable story,planned,EPIC-067,SPRINT-004,BC-010,Orquestração de Jobs e Recursos,Reviewer,STORY-0424-ISSUE-0534-auditar-evidencia-e-integracao-final-cancelamento-cooperativo-supervisao-d.md,ADR-003/ADR-004/ADR-005/ADR-006/ADR-007/ADR-008,AC-ISSUE-0534-01/AC-ISSUE-0534-02/AC-ISSUE-0534-03/AC-ISSUE-0534-04,PASS,PASS,PASS,PASS,HIGH
ISSUE-0535,Implementable story,planned,EPIC-068,SPRINT-004,BC-010,Orquestração de Jobs e Recursos,Arquiteto,STORY-0425-ISSUE-0535-definir-estados-envelopes-e-invariantes-concorrencia-escalonamento-e-isola.md,ADR-003/ADR-004/ADR-005/ADR-006/ADR-007/ADR-008/ADR-010/ADR-011/ADR-012/ADR-016/ADR-038/ADR-039/ADR-046,AC-ISSUE-0535-01/AC-ISSUE-0535-02/AC-ISSUE-0535-03/AC-ISSUE-0535-04,PASS,PASS,PASS,PASS,CRITICAL
ISSUE-0536,Implementable story,planned,EPIC-068,SPRINT-004,BC-010,Orquestração de Jobs e Recursos,Backend,STORY-0426-ISSUE-0536-implementar-modelo-e-application-services-concorrencia-escalonamento-e-iso.md,ADR-003/ADR-004/ADR-005/ADR-006/ADR-007/ADR-008/ADR-012/ADR-016/ADR-018/ADR-019/ADR-038/ADR-039,AC-ISSUE-0536-01/AC-ISSUE-0536-02/AC-ISSUE-0536-03/AC-ISSUE-0536-04,PASS,PASS,PASS,PASS,HIGH
ISSUE-0537,Implementable story,planned,EPIC-068,SPRINT-004,BC-010,Orquestração de Jobs e Recursos,Backend,STORY-0427-ISSUE-0537-implementar-runner-worker-ou-scheduler-concorrencia-escalonamento-e-isolam.md,ADR-003/ADR-004/ADR-005/ADR-006/ADR-007/ADR-008/ADR-012/ADR-016/ADR-018/ADR-019/ADR-037/ADR-038/ADR-040,AC-ISSUE-0537-01/AC-ISSUE-0537-02/AC-ISSUE-0537-03/AC-ISSUE-0537-04,PASS,PASS,PASS,PASS,HIGH
ISSUE-0538,Implementable story,planned,EPIC-068,SPRINT-004,BC-010,Orquestração de Jobs e Recursos,Backend,STORY-0428-ISSUE-0538-expor-comandos-progresso-e-reconciliacao-concorrencia-escalonamento-e-isol.md,ADR-003/ADR-004/ADR-005/ADR-006/ADR-007/ADR-008/ADR-010/ADR-011/ADR-012/ADR-016/ADR-018/ADR-019/ADR-039,AC-ISSUE-0538-01/AC-ISSUE-0538-02/AC-ISSUE-0538-03/AC-ISSUE-0538-04,PASS,PASS,PASS,PASS,HIGH
ISSUE-0539,Implementable story,planned,EPIC-068,SPRINT-004,BC-010,Orquestração de Jobs e Recursos,DevOps,STORY-0429-ISSUE-0539-implementar-falhas-retry-e-recuperacao-concorrencia-escalonamento-e-isolam.md,ADR-003/ADR-004/ADR-005/ADR-006/ADR-007/ADR-008/ADR-009/ADR-033/ADR-034,AC-ISSUE-0539-01/AC-ISSUE-0539-02/AC-ISSUE-0539-03/AC-ISSUE-0539-04,PASS,PASS,PASS,PASS,CRITICAL
ISSUE-0540,Implementable story,planned,EPIC-068,SPRINT-004,BC-010,Orquestração de Jobs e Recursos,QA,STORY-0430-ISSUE-0540-executar-integracao-real-carga-e-fault-injection-concorrencia-escalonament.md,ADR-003/ADR-004/ADR-005/ADR-006/ADR-007/ADR-008,AC-ISSUE-0540-01/AC-ISSUE-0540-02/AC-ISSUE-0540-03/AC-ISSUE-0540-04,PASS,PASS,PASS,PASS,HIGH
ISSUE-0541,Implementable story,planned,EPIC-068,SPRINT-004,BC-010,Orquestração de Jobs e Recursos,Reviewer,STORY-0431-ISSUE-0541-auditar-evidencia-e-integracao-final-concorrencia-escalonamento-e-isolamen.md,ADR-003/ADR-004/ADR-005/ADR-006/ADR-007/ADR-008,AC-ISSUE-0541-01/AC-ISSUE-0541-02/AC-ISSUE-0541-03/AC-ISSUE-0541-04,PASS,PASS,PASS,PASS,HIGH
ISSUE-0542,Implementable story,planned,EPIC-069,SPRINT-004,BC-010,Orquestração de Jobs e Recursos,Arquiteto,STORY-0432-ISSUE-0542-definir-estados-envelopes-e-invariantes-observabilidade-slos-e-diagnostico.md,ADR-003/ADR-004/ADR-005/ADR-006/ADR-007/ADR-008/ADR-010/ADR-011/ADR-012/ADR-016/ADR-038/ADR-046,AC-ISSUE-0542-01/AC-ISSUE-0542-02/AC-ISSUE-0542-03/AC-ISSUE-0542-04,PASS,PASS,PASS,PASS,CRITICAL
ISSUE-0543,Implementable story,planned,EPIC-069,SPRINT-004,BC-010,Orquestração de Jobs e Recursos,Backend,STORY-0433-ISSUE-0543-implementar-modelo-e-application-services-observabilidade-slos-e-diagnosti.md,ADR-003/ADR-004/ADR-005/ADR-006/ADR-007/ADR-008/ADR-012/ADR-016/ADR-018/ADR-019/ADR-030/ADR-038/ADR-039,AC-ISSUE-0543-01/AC-ISSUE-0543-02/AC-ISSUE-0543-03/AC-ISSUE-0543-04,PASS,PASS,PASS,PASS,CRITICAL
ISSUE-0544,Implementable story,planned,EPIC-069,SPRINT-004,BC-010,Orquestração de Jobs e Recursos,Backend,STORY-0434-ISSUE-0544-implementar-runner-worker-ou-scheduler-observabilidade-slos-e-diagnostico.md,ADR-003/ADR-004/ADR-005/ADR-006/ADR-007/ADR-008/ADR-012/ADR-016/ADR-018/ADR-019/ADR-037/ADR-038/ADR-039/ADR-040,AC-ISSUE-0544-01/AC-ISSUE-0544-02/AC-ISSUE-0544-03/AC-ISSUE-0544-04,PASS,PASS,PASS,PASS,HIGH
ISSUE-0545,Implementable story,planned,EPIC-069,SPRINT-004,BC-010,Orquestração de Jobs e Recursos,Backend,STORY-0435-ISSUE-0545-expor-comandos-progresso-e-reconciliacao-observabilidade-slos-e-diagnostic.md,ADR-003/ADR-004/ADR-005/ADR-006/ADR-007/ADR-008/ADR-010/ADR-011/ADR-012/ADR-016/ADR-018/ADR-019/ADR-039,AC-ISSUE-0545-01/AC-ISSUE-0545-02/AC-ISSUE-0545-03/AC-ISSUE-0545-04,PASS,PASS,PASS,PASS,HIGH
ISSUE-0546,Implementable story,planned,EPIC-069,SPRINT-004,BC-010,Orquestração de Jobs e Recursos,DevOps,STORY-0436-ISSUE-0546-implementar-falhas-retry-e-recuperacao-observabilidade-slos-e-diagnostico.md,ADR-003/ADR-004/ADR-005/ADR-006/ADR-007/ADR-008/ADR-009/ADR-033/ADR-034,AC-ISSUE-0546-01/AC-ISSUE-0546-02/AC-ISSUE-0546-03/AC-ISSUE-0546-04,PASS,PASS,PASS,PASS,CRITICAL
ISSUE-0547,Implementable story,planned,EPIC-069,SPRINT-004,BC-010,Orquestração de Jobs e Recursos,QA,STORY-0437-ISSUE-0547-executar-integracao-real-carga-e-fault-injection-observabilidade-slos-e-di.md,ADR-003/ADR-004/ADR-005/ADR-006/ADR-007/ADR-008,AC-ISSUE-0547-01/AC-ISSUE-0547-02/AC-ISSUE-0547-03/AC-ISSUE-0547-04,PASS,PASS,PASS,PASS,HIGH
ISSUE-0548,Implementable story,planned,EPIC-069,SPRINT-004,BC-010,Orquestração de Jobs e Recursos,Reviewer,STORY-0438-ISSUE-0548-auditar-evidencia-e-integracao-final-observabilidade-slos-e-diagnostico-do.md,ADR-003/ADR-004/ADR-005/ADR-006/ADR-007/ADR-008,AC-ISSUE-0548-01/AC-ISSUE-0548-02/AC-ISSUE-0548-03/AC-ISSUE-0548-04,PASS,PASS,PASS,PASS,HIGH
ISSUE-0549,Implementable story,planned,EPIC-070,SPRINT-010,BC-012,"Resultados, Diagnósticos e Exportação",Arquiteto,STORY-0439-ISSUE-0549-definir-schemas-formatos-e-invariantes-de-resultado-snapshots-imutaveis-re.md,ADR-003/ADR-004/ADR-005/ADR-006/ADR-007/ADR-008/ADR-010/ADR-011/ADR-014/ADR-016,AC-ISSUE-0549-01/AC-ISSUE-0549-02/AC-ISSUE-0549-03/AC-ISSUE-0549-04,PASS,PASS,PASS,PASS,HIGH
ISSUE-0550,Implementable story,planned,EPIC-070,SPRINT-010,BC-012,"Resultados, Diagnósticos e Exportação",Backend,STORY-0440-ISSUE-0550-implementar-persistencia-e-snapshots-snapshots-imutaveis-regra-de-resultad.md,ADR-003/ADR-004/ADR-005/ADR-006/ADR-007/ADR-008/ADR-016/ADR-018/ADR-019,AC-ISSUE-0550-01/AC-ISSUE-0550-02/AC-ISSUE-0550-03/AC-ISSUE-0550-04,PASS,PASS,PASS,PASS,HIGH
ISSUE-0551,Implementable story,planned,EPIC-070,SPRINT-010,BC-012,"Resultados, Diagnósticos e Exportação",Backend,STORY-0441-ISSUE-0551-implementar-geracao-e-exportacao-snapshots-imutaveis-regra-de-resultado-vi.md,ADR-003/ADR-004/ADR-005/ADR-006/ADR-007/ADR-008/ADR-016/ADR-018/ADR-019,AC-ISSUE-0551-01/AC-ISSUE-0551-02/AC-ISSUE-0551-03/AC-ISSUE-0551-04,PASS,PASS,PASS,PASS,HIGH
ISSUE-0552,Implementable story,planned,EPIC-070,SPRINT-010,BC-012,"Resultados, Diagnósticos e Exportação",Frontend,STORY-0442-ISSUE-0552-expor-consulta-download-e-visualizacao-snapshots-imutaveis-regra-de-result.md,ADR-003/ADR-004/ADR-005/ADR-006/ADR-007/ADR-008/ADR-010/ADR-011/ADR-014/ADR-016,AC-ISSUE-0552-01/AC-ISSUE-0552-02/AC-ISSUE-0552-03/AC-ISSUE-0552-04,PASS,PASS,PASS,PASS,HIGH
ISSUE-0553,Implementable story,planned,EPIC-070,SPRINT-010,BC-012,"Resultados, Diagnósticos e Exportação",QA,STORY-0443-ISSUE-0553-validar-escala-reprodutibilidade-e-integridade-snapshots-imutaveis-regra-d.md,ADR-003/ADR-004/ADR-005/ADR-006/ADR-007/ADR-008,AC-ISSUE-0553-01/AC-ISSUE-0553-02/AC-ISSUE-0553-03/AC-ISSUE-0553-04,PASS,PASS,PASS,PASS,HIGH
ISSUE-0554,Implementable story,planned,EPIC-070,SPRINT-010,BC-012,"Resultados, Diagnósticos e Exportação",Reviewer,STORY-0444-ISSUE-0554-auditar-lineage-e-evidencia-final-snapshots-imutaveis-regra-de-resultado-v.md,ADR-003/ADR-004/ADR-005/ADR-006/ADR-007/ADR-008,AC-ISSUE-0554-01/AC-ISSUE-0554-02/AC-ISSUE-0554-03/AC-ISSUE-0554-04,PASS,PASS,PASS,PASS,HIGH
ISSUE-0555,Implementable story,planned,EPIC-071,SPRINT-011,BC-013,"Artifacts, Proveniência e Lifecycle",Arquiteto,STORY-0445-ISSUE-0555-definir-modelo-invariantes-e-contratos-de-dados-backupset-coordenado-manif.md,ADR-003/ADR-004/ADR-005/ADR-006/ADR-007/ADR-008/ADR-010/ADR-011/ADR-016/ADR-018/ADR-025/ADR-035,AC-ISSUE-0555-01/AC-ISSUE-0555-02/AC-ISSUE-0555-03/AC-ISSUE-0555-04,PASS,PASS,PASS,PASS,CRITICAL
ISSUE-0556,Implementable story,planned,EPIC-071,SPRINT-011,BC-013,"Artifacts, Proveniência e Lifecycle",Backend,STORY-0446-ISSUE-0556-implementar-persistencia-e-migrations-backupset-coordenado-manifests-check.md,ADR-003/ADR-004/ADR-005/ADR-006/ADR-007/ADR-008/ADR-016/ADR-018/ADR-019/ADR-025,AC-ISSUE-0556-01/AC-ISSUE-0556-02/AC-ISSUE-0556-03/AC-ISSUE-0556-04,PASS,PASS,PASS,PASS,HIGH
ISSUE-0557,Implementable story,planned,EPIC-071,SPRINT-011,BC-013,"Artifacts, Proveniência e Lifecycle",Backend,STORY-0447-ISSUE-0557-implementar-armazenamento-e-lifecycle-backupset-coordenado-manifests-check.md,ADR-003/ADR-004/ADR-005/ADR-006/ADR-007/ADR-008/ADR-016/ADR-018/ADR-019/ADR-025,AC-ISSUE-0557-01/AC-ISSUE-0557-02/AC-ISSUE-0557-03/AC-ISSUE-0557-04,PASS,PASS,PASS,PASS,HIGH
ISSUE-0558,Implementable story,planned,EPIC-071,SPRINT-011,BC-013,"Artifacts, Proveniência e Lifecycle",Backend,STORY-0448-ISSUE-0558-expor-servicos-e-integrar-consumers-backupset-coordenado-manifests-checksu.md,ADR-003/ADR-004/ADR-005/ADR-006/ADR-007/ADR-008/ADR-010/ADR-011/ADR-016/ADR-018/ADR-019/ADR-025,AC-ISSUE-0558-01/AC-ISSUE-0558-02/AC-ISSUE-0558-03/AC-ISSUE-0558-04,PASS,PASS,PASS,PASS,HIGH
ISSUE-0559,Implementable story,planned,EPIC-071,SPRINT-011,BC-013,"Artifacts, Proveniência e Lifecycle",Security,STORY-0449-ISSUE-0559-validar-seguranca-recuperacao-e-concorrencia-backupset-coordenado-manifest.md,ADR-003/ADR-004/ADR-005/ADR-006/ADR-007/ADR-008/ADR-018/ADR-025/ADR-030/ADR-031/ADR-032,AC-ISSUE-0559-01/AC-ISSUE-0559-02/AC-ISSUE-0559-03/AC-ISSUE-0559-04,PASS,PASS,PASS,PASS,CRITICAL
ISSUE-0560,Implementable story,planned,EPIC-071,SPRINT-011,BC-013,"Artifacts, Proveniência e Lifecycle",Reviewer,STORY-0450-ISSUE-0560-executar-qa-e-auditoria-final-backupset-coordenado-manifests-checksums-wat.md,ADR-003/ADR-004/ADR-005/ADR-006/ADR-007/ADR-008/ADR-018/ADR-025,AC-ISSUE-0560-01/AC-ISSUE-0560-02/AC-ISSUE-0560-03/AC-ISSUE-0560-04,PASS,PASS,PASS,PASS,HIGH
ISSUE-0561,Implementable story,planned,EPIC-072,SPRINT-011,BC-014,"Operações, Auditoria e Suporte",DevOps,STORY-0451-ISSUE-0561-definir-slo-runbook-e-controles-operacionais-restore-drills-isolados-evide.md,ADR-003/ADR-004/ADR-005/ADR-006/ADR-007/ADR-008/ADR-009/ADR-010/ADR-011/ADR-025/ADR-027/ADR-033/ADR-034/ADR-035,AC-ISSUE-0561-01/AC-ISSUE-0561-02/AC-ISSUE-0561-03/AC-ISSUE-0561-04,PASS,PASS,PASS,PASS,CRITICAL
ISSUE-0562,Implementable story,planned,EPIC-072,SPRINT-011,BC-014,"Operações, Auditoria e Suporte",DevOps,STORY-0452-ISSUE-0562-implementar-automacao-operacional-restore-drills-isolados-evidencias-rpo-r.md,ADR-003/ADR-004/ADR-005/ADR-006/ADR-007/ADR-008/ADR-009/ADR-010/ADR-011/ADR-025/ADR-027/ADR-033/ADR-034,AC-ISSUE-0562-01/AC-ISSUE-0562-02/AC-ISSUE-0562-03/AC-ISSUE-0562-04,PASS,PASS,PASS,PASS,CRITICAL
ISSUE-0563,Implementable story,planned,EPIC-072,SPRINT-011,BC-014,"Operações, Auditoria e Suporte",DevOps,STORY-0453-ISSUE-0563-instrumentar-sinais-dashboards-e-alertas-restore-drills-isolados-evidencia.md,ADR-003/ADR-004/ADR-005/ADR-006/ADR-007/ADR-008/ADR-009/ADR-010/ADR-011/ADR-025/ADR-027/ADR-033/ADR-034,AC-ISSUE-0563-01/AC-ISSUE-0563-02/AC-ISSUE-0563-03/AC-ISSUE-0563-04,PASS,PASS,PASS,PASS,CRITICAL
ISSUE-0564,Implementable story,planned,EPIC-072,SPRINT-011,BC-014,"Operações, Auditoria e Suporte",QA,STORY-0454-ISSUE-0564-executar-drills-fault-injection-e-recuperacao-restore-drills-isolados-evid.md,ADR-003/ADR-004/ADR-005/ADR-006/ADR-007/ADR-008/ADR-010/ADR-011/ADR-025/ADR-027,AC-ISSUE-0564-01/AC-ISSUE-0564-02/AC-ISSUE-0564-03/AC-ISSUE-0564-04,PASS,PASS,PASS,PASS,CRITICAL
ISSUE-0565,Implementable story,planned,EPIC-072,SPRINT-011,BC-014,"Operações, Auditoria e Suporte",Security,STORY-0455-ISSUE-0565-validar-acesso-redaction-e-exposicao-restore-drills-isolados-evidencias-rp.md,ADR-003/ADR-004/ADR-005/ADR-006/ADR-007/ADR-008/ADR-010/ADR-011/ADR-025/ADR-027/ADR-030/ADR-031/ADR-032,AC-ISSUE-0565-01/AC-ISSUE-0565-02/AC-ISSUE-0565-03/AC-ISSUE-0565-04,PASS,PASS,PASS,PASS,CRITICAL
ISSUE-0566,Implementable story,planned,EPIC-072,SPRINT-011,BC-014,"Operações, Auditoria e Suporte",Reviewer,STORY-0456-ISSUE-0566-auditar-evidencia-operacional-final-restore-drills-isolados-evidencias-rpo.md,ADR-003/ADR-004/ADR-005/ADR-006/ADR-007/ADR-008/ADR-010/ADR-011/ADR-025/ADR-027,AC-ISSUE-0566-01/AC-ISSUE-0566-02/AC-ISSUE-0566-03/AC-ISSUE-0566-04,PASS,PASS,PASS,PASS,CRITICAL
ISSUE-0567,Implementable story,planned,EPIC-073,SPRINT-011,BC-013,"Artifacts, Proveniência e Lifecycle",Arquiteto,STORY-0457-ISSUE-0567-definir-modelo-invariantes-e-contratos-de-dados-retentionpolicy-por-classe.md,ADR-003/ADR-004/ADR-005/ADR-006/ADR-007/ADR-008/ADR-010/ADR-011/ADR-012/ADR-016,AC-ISSUE-0567-01/AC-ISSUE-0567-02/AC-ISSUE-0567-03/AC-ISSUE-0567-04,PASS,PASS,PASS,PASS,HIGH
ISSUE-0568,Implementable story,planned,EPIC-073,SPRINT-011,BC-013,"Artifacts, Proveniência e Lifecycle",Backend,STORY-0458-ISSUE-0568-implementar-persistencia-e-migrations-retentionpolicy-por-classe-estado-de.md,ADR-003/ADR-004/ADR-005/ADR-006/ADR-007/ADR-008/ADR-010/ADR-011/ADR-012/ADR-016/ADR-018/ADR-019,AC-ISSUE-0568-01/AC-ISSUE-0568-02/AC-ISSUE-0568-03/AC-ISSUE-0568-04,PASS,PASS,PASS,PASS,HIGH
ISSUE-0569,Implementable story,planned,EPIC-073,SPRINT-011,BC-013,"Artifacts, Proveniência e Lifecycle",Backend,STORY-0459-ISSUE-0569-implementar-armazenamento-e-lifecycle-retentionpolicy-por-classe-estado-de.md,ADR-003/ADR-004/ADR-005/ADR-006/ADR-007/ADR-008/ADR-010/ADR-011/ADR-012/ADR-016/ADR-018/ADR-019,AC-ISSUE-0569-01/AC-ISSUE-0569-02/AC-ISSUE-0569-03/AC-ISSUE-0569-04,PASS,PASS,PASS,PASS,HIGH
ISSUE-0570,Implementable story,planned,EPIC-073,SPRINT-011,BC-013,"Artifacts, Proveniência e Lifecycle",Backend,STORY-0460-ISSUE-0570-expor-servicos-e-integrar-consumers-retentionpolicy-por-classe-estado-depe.md,ADR-003/ADR-004/ADR-005/ADR-006/ADR-007/ADR-008/ADR-010/ADR-011/ADR-012/ADR-016/ADR-018/ADR-019/ADR-053,AC-ISSUE-0570-01/AC-ISSUE-0570-02/AC-ISSUE-0570-03/AC-ISSUE-0570-04,PASS,PASS,PASS,PASS,HIGH
ISSUE-0571,Implementable story,planned,EPIC-073,SPRINT-011,BC-013,"Artifacts, Proveniência e Lifecycle",Security,STORY-0461-ISSUE-0571-validar-seguranca-recuperacao-e-concorrencia-retentionpolicy-por-classe-es.md,ADR-003/ADR-004/ADR-005/ADR-006/ADR-007/ADR-008/ADR-010/ADR-011/ADR-012/ADR-016/ADR-030/ADR-031/ADR-032,AC-ISSUE-0571-01/AC-ISSUE-0571-02/AC-ISSUE-0571-03/AC-ISSUE-0571-04,PASS,PASS,PASS,PASS,CRITICAL
ISSUE-0572,Implementable story,planned,EPIC-073,SPRINT-011,BC-013,"Artifacts, Proveniência e Lifecycle",Reviewer,STORY-0462-ISSUE-0572-executar-qa-e-auditoria-final-retentionpolicy-por-classe-estado-dependenci.md,ADR-003/ADR-004/ADR-005/ADR-006/ADR-007/ADR-008/ADR-010/ADR-011/ADR-012/ADR-016,AC-ISSUE-0572-01/AC-ISSUE-0572-02/AC-ISSUE-0572-03/AC-ISSUE-0572-04,PASS,PASS,PASS,PASS,HIGH
ISSUE-0573,Implementable story,planned,EPIC-074,SPRINT-011,BC-013,"Artifacts, Proveniência e Lifecycle",Arquiteto,STORY-0463-ISSUE-0573-definir-modelo-invariantes-e-contratos-de-dados-gc-reference-aware-tombsto.md,ADR-003/ADR-004/ADR-005/ADR-006/ADR-007/ADR-008/ADR-010/ADR-011/ADR-016,AC-ISSUE-0573-01/AC-ISSUE-0573-02/AC-ISSUE-0573-03/AC-ISSUE-0573-04,PASS,PASS,PASS,PASS,HIGH
ISSUE-0574,Implementable story,planned,EPIC-074,SPRINT-011,BC-013,"Artifacts, Proveniência e Lifecycle",Backend,STORY-0464-ISSUE-0574-implementar-persistencia-e-migrations-gc-reference-aware-tombstone-quarent.md,ADR-003/ADR-004/ADR-005/ADR-006/ADR-007/ADR-008/ADR-016/ADR-018/ADR-019,AC-ISSUE-0574-01/AC-ISSUE-0574-02/AC-ISSUE-0574-03/AC-ISSUE-0574-04,PASS,PASS,PASS,PASS,HIGH
ISSUE-0575,Implementable story,planned,EPIC-074,SPRINT-011,BC-013,"Artifacts, Proveniência e Lifecycle",Backend,STORY-0465-ISSUE-0575-implementar-armazenamento-e-lifecycle-gc-reference-aware-tombstone-quarent.md,ADR-003/ADR-004/ADR-005/ADR-006/ADR-007/ADR-008/ADR-016/ADR-018/ADR-019,AC-ISSUE-0575-01/AC-ISSUE-0575-02/AC-ISSUE-0575-03/AC-ISSUE-0575-04,PASS,PASS,PASS,PASS,HIGH
ISSUE-0576,Implementable story,planned,EPIC-074,SPRINT-011,BC-013,"Artifacts, Proveniência e Lifecycle",Backend,STORY-0466-ISSUE-0576-expor-servicos-e-integrar-consumers-gc-reference-aware-tombstone-quarenten.md,ADR-003/ADR-004/ADR-005/ADR-006/ADR-007/ADR-008/ADR-010/ADR-011/ADR-016/ADR-018/ADR-019,AC-ISSUE-0576-01/AC-ISSUE-0576-02/AC-ISSUE-0576-03/AC-ISSUE-0576-04,PASS,PASS,PASS,PASS,HIGH
ISSUE-0577,Implementable story,planned,EPIC-074,SPRINT-011,BC-013,"Artifacts, Proveniência e Lifecycle",Security,STORY-0467-ISSUE-0577-validar-seguranca-recuperacao-e-concorrencia-gc-reference-aware-tombstone.md,ADR-003/ADR-004/ADR-005/ADR-006/ADR-007/ADR-008/ADR-030/ADR-031/ADR-032,AC-ISSUE-0577-01/AC-ISSUE-0577-02/AC-ISSUE-0577-03/AC-ISSUE-0577-04,PASS,PASS,PASS,PASS,CRITICAL
ISSUE-0578,Implementable story,planned,EPIC-074,SPRINT-011,BC-013,"Artifacts, Proveniência e Lifecycle",Reviewer,STORY-0468-ISSUE-0578-executar-qa-e-auditoria-final-gc-reference-aware-tombstone-quarentena-peri.md,ADR-003/ADR-004/ADR-005/ADR-006/ADR-007/ADR-008,AC-ISSUE-0578-01/AC-ISSUE-0578-02/AC-ISSUE-0578-03/AC-ISSUE-0578-04,PASS,PASS,PASS,PASS,HIGH
ISSUE-0579,Implementable story,planned,EPIC-075,SPRINT-011,BC-014,"Operações, Auditoria e Suporte",DevOps,STORY-0469-ISSUE-0579-definir-slo-runbook-e-controles-operacionais-canal-append-only-de-auditori.md,ADR-003/ADR-004/ADR-005/ADR-006/ADR-007/ADR-008/ADR-009/ADR-010/ADR-011/ADR-033/ADR-034/ADR-055,AC-ISSUE-0579-01/AC-ISSUE-0579-02/AC-ISSUE-0579-03/AC-ISSUE-0579-04,PASS,PASS,PASS,PASS,CRITICAL
ISSUE-0580,Implementable story,planned,EPIC-075,SPRINT-011,BC-014,"Operações, Auditoria e Suporte",DevOps,STORY-0470-ISSUE-0580-implementar-automacao-operacional-canal-append-only-de-auditoria-particion.md,ADR-003/ADR-004/ADR-005/ADR-006/ADR-007/ADR-008/ADR-009/ADR-030/ADR-033/ADR-034/ADR-035/ADR-039,AC-ISSUE-0580-01/AC-ISSUE-0580-02/AC-ISSUE-0580-03/AC-ISSUE-0580-04,PASS,PASS,PASS,PASS,CRITICAL
ISSUE-0581,Implementable story,planned,EPIC-075,SPRINT-011,BC-014,"Operações, Auditoria e Suporte",DevOps,STORY-0471-ISSUE-0581-instrumentar-sinais-dashboards-e-alertas-canal-append-only-de-auditoria-pa.md,ADR-003/ADR-004/ADR-005/ADR-006/ADR-007/ADR-008/ADR-009/ADR-033/ADR-034,AC-ISSUE-0581-01/AC-ISSUE-0581-02/AC-ISSUE-0581-03/AC-ISSUE-0581-04,PASS,PASS,PASS,PASS,CRITICAL
ISSUE-0582,Implementable story,planned,EPIC-075,SPRINT-011,BC-014,"Operações, Auditoria e Suporte",QA,STORY-0472-ISSUE-0582-executar-drills-fault-injection-e-recuperacao-canal-append-only-de-auditor.md,ADR-003/ADR-004/ADR-005/ADR-006/ADR-007/ADR-008,AC-ISSUE-0582-01/AC-ISSUE-0582-02/AC-ISSUE-0582-03/AC-ISSUE-0582-04,PASS,PASS,PASS,PASS,CRITICAL
ISSUE-0583,Implementable story,planned,EPIC-075,SPRINT-011,BC-014,"Operações, Auditoria e Suporte",Security,STORY-0473-ISSUE-0583-validar-acesso-redaction-e-exposicao-canal-append-only-de-auditoria-partic.md,ADR-003/ADR-004/ADR-005/ADR-006/ADR-007/ADR-008/ADR-030/ADR-031/ADR-032,AC-ISSUE-0583-01/AC-ISSUE-0583-02/AC-ISSUE-0583-03/AC-ISSUE-0583-04,PASS,PASS,PASS,PASS,CRITICAL
ISSUE-0584,Implementable story,planned,EPIC-075,SPRINT-011,BC-014,"Operações, Auditoria e Suporte",Reviewer,STORY-0474-ISSUE-0584-auditar-evidencia-operacional-final-canal-append-only-de-auditoria-partici.md,ADR-003/ADR-004/ADR-005/ADR-006/ADR-007/ADR-008,AC-ISSUE-0584-01/AC-ISSUE-0584-02/AC-ISSUE-0584-03/AC-ISSUE-0584-04,PASS,PASS,PASS,PASS,CRITICAL
ISSUE-0585,Implementable story,planned,EPIC-076,SPRINT-011,BC-014,"Operações, Auditoria e Suporte",Security,STORY-0475-ISSUE-0585-modelar-ameacas-e-requisitos-de-controle-catalogo-de-campos-redaction-cent.md,ADR-003/ADR-004/ADR-005/ADR-006/ADR-007/ADR-008/ADR-030/ADR-031/ADR-032/ADR-034/ADR-055,AC-ISSUE-0585-01/AC-ISSUE-0585-02/AC-ISSUE-0585-03/AC-ISSUE-0585-04,PASS,PASS,PASS,PASS,CRITICAL
ISSUE-0586,Implementable story,planned,EPIC-076,SPRINT-011,BC-014,"Operações, Auditoria e Suporte",Arquiteto,STORY-0476-ISSUE-0586-definir-politicas-e-contratos-fail-closed-catalogo-de-campos-redaction-cen.md,ADR-003/ADR-004/ADR-005/ADR-006/ADR-007/ADR-008/ADR-010/ADR-011/ADR-016/ADR-053,AC-ISSUE-0586-01/AC-ISSUE-0586-02/AC-ISSUE-0586-03/AC-ISSUE-0586-04,PASS,PASS,PASS,PASS,CRITICAL
ISSUE-0587,Implementable story,planned,EPIC-076,SPRINT-011,BC-014,"Operações, Auditoria e Suporte",Backend,STORY-0477-ISSUE-0587-implementar-controles-e-enforcement-catalogo-de-campos-redaction-centraliz.md,ADR-003/ADR-004/ADR-005/ADR-006/ADR-007/ADR-008/ADR-016/ADR-018/ADR-019,AC-ISSUE-0587-01/AC-ISSUE-0587-02/AC-ISSUE-0587-03/AC-ISSUE-0587-04,PASS,PASS,PASS,PASS,CRITICAL
ISSUE-0588,Implementable story,planned,EPIC-076,SPRINT-011,BC-014,"Operações, Auditoria e Suporte",Security,STORY-0478-ISSUE-0588-executar-testes-negativos-e-ofensivos-catalogo-de-campos-redaction-central.md,ADR-003/ADR-004/ADR-005/ADR-006/ADR-007/ADR-008/ADR-030/ADR-031/ADR-032,AC-ISSUE-0588-01/AC-ISSUE-0588-02/AC-ISSUE-0588-03/AC-ISSUE-0588-04,PASS,PASS,PASS,PASS,CRITICAL
ISSUE-0589,Implementable story,planned,EPIC-076,SPRINT-011,BC-014,"Operações, Auditoria e Suporte",DevOps,STORY-0479-ISSUE-0589-instrumentar-deteccao-resposta-e-runbook-catalogo-de-campos-redaction-cent.md,ADR-003/ADR-004/ADR-005/ADR-006/ADR-007/ADR-008/ADR-009/ADR-033/ADR-034,AC-ISSUE-0589-01/AC-ISSUE-0589-02/AC-ISSUE-0589-03/AC-ISSUE-0589-04,PASS,PASS,PASS,PASS,CRITICAL
ISSUE-0590,Implementable story,planned,EPIC-076,SPRINT-011,BC-014,"Operações, Auditoria e Suporte",Reviewer,STORY-0480-ISSUE-0590-auditar-evidencia-de-seguranca-final-catalogo-de-campos-redaction-centrali.md,ADR-003/ADR-004/ADR-005/ADR-006/ADR-007/ADR-008,AC-ISSUE-0590-01/AC-ISSUE-0590-02/AC-ISSUE-0590-03/AC-ISSUE-0590-04,PASS,PASS,PASS,PASS,CRITICAL
ISSUE-0591,Implementable story,planned,EPIC-077,SPRINT-011,BC-014,"Operações, Auditoria e Suporte",DevOps,STORY-0481-ISSUE-0591-definir-slo-runbook-e-controles-operacionais-budgets-de-cardinalidade-samp.md,ADR-003/ADR-004/ADR-005/ADR-006/ADR-007/ADR-008/ADR-009/ADR-010/ADR-011/ADR-033/ADR-034,AC-ISSUE-0591-01/AC-ISSUE-0591-02/AC-ISSUE-0591-03/AC-ISSUE-0591-04,PASS,PASS,PASS,PASS,CRITICAL
ISSUE-0592,Implementable story,planned,EPIC-077,SPRINT-011,BC-014,"Operações, Auditoria e Suporte",DevOps,STORY-0482-ISSUE-0592-implementar-automacao-operacional-budgets-de-cardinalidade-sampling-retenc.md,ADR-003/ADR-004/ADR-005/ADR-006/ADR-007/ADR-008/ADR-009/ADR-033/ADR-034/ADR-054,AC-ISSUE-0592-01/AC-ISSUE-0592-02/AC-ISSUE-0592-03/AC-ISSUE-0592-04,PASS,PASS,PASS,PASS,CRITICAL
ISSUE-0593,Implementable story,planned,EPIC-077,SPRINT-011,BC-014,"Operações, Auditoria e Suporte",DevOps,STORY-0483-ISSUE-0593-instrumentar-sinais-dashboards-e-alertas-budgets-de-cardinalidade-sampling.md,ADR-003/ADR-004/ADR-005/ADR-006/ADR-007/ADR-008/ADR-009/ADR-033/ADR-034,AC-ISSUE-0593-01/AC-ISSUE-0593-02/AC-ISSUE-0593-03/AC-ISSUE-0593-04,PASS,PASS,PASS,PASS,CRITICAL
ISSUE-0594,Implementable story,planned,EPIC-077,SPRINT-011,BC-014,"Operações, Auditoria e Suporte",QA,STORY-0484-ISSUE-0594-executar-drills-fault-injection-e-recuperacao-budgets-de-cardinalidade-sam.md,ADR-003/ADR-004/ADR-005/ADR-006/ADR-007/ADR-008,AC-ISSUE-0594-01/AC-ISSUE-0594-02/AC-ISSUE-0594-03/AC-ISSUE-0594-04,PASS,PASS,PASS,PASS,CRITICAL
ISSUE-0595,Implementable story,planned,EPIC-077,SPRINT-011,BC-014,"Operações, Auditoria e Suporte",Security,STORY-0485-ISSUE-0595-validar-acesso-redaction-e-exposicao-budgets-de-cardinalidade-sampling-ret.md,ADR-003/ADR-004/ADR-005/ADR-006/ADR-007/ADR-008/ADR-030/ADR-031/ADR-032,AC-ISSUE-0595-01/AC-ISSUE-0595-02/AC-ISSUE-0595-03/AC-ISSUE-0595-04,PASS,PASS,PASS,PASS,CRITICAL
ISSUE-0596,Implementable story,planned,EPIC-077,SPRINT-011,BC-014,"Operações, Auditoria e Suporte",Reviewer,STORY-0486-ISSUE-0596-auditar-evidencia-operacional-final-budgets-de-cardinalidade-sampling-rete.md,ADR-003/ADR-004/ADR-005/ADR-006/ADR-007/ADR-008,AC-ISSUE-0596-01/AC-ISSUE-0596-02/AC-ISSUE-0596-03/AC-ISSUE-0596-04,PASS,PASS,PASS,PASS,CRITICAL
ISSUE-0597,Implementable story,planned,EPIC-078,SPRINT-011,BC-014,"Operações, Auditoria e Suporte",Security,STORY-0487-ISSUE-0597-modelar-ameacas-e-requisitos-de-controle-contrato-de-secrets-setup-permiss.md,ADR-003/ADR-004/ADR-005/ADR-006/ADR-007/ADR-008/ADR-030/ADR-031/ADR-032,AC-ISSUE-0597-01/AC-ISSUE-0597-02/AC-ISSUE-0597-03/AC-ISSUE-0597-04,PASS,PASS,PASS,PASS,CRITICAL
ISSUE-0598,Implementable story,planned,EPIC-078,SPRINT-011,BC-014,"Operações, Auditoria e Suporte",Arquiteto,STORY-0488-ISSUE-0598-definir-politicas-e-contratos-fail-closed-contrato-de-secrets-setup-permis.md,ADR-003/ADR-004/ADR-005/ADR-006/ADR-007/ADR-008/ADR-010/ADR-011/ADR-016/ADR-023/ADR-024/ADR-040/ADR-045,AC-ISSUE-0598-01/AC-ISSUE-0598-02/AC-ISSUE-0598-03/AC-ISSUE-0598-04,PASS,PASS,PASS,PASS,CRITICAL
ISSUE-0599,Implementable story,planned,EPIC-078,SPRINT-011,BC-014,"Operações, Auditoria e Suporte",Backend,STORY-0489-ISSUE-0599-implementar-controles-e-enforcement-contrato-de-secrets-setup-permissoes-r.md,ADR-003/ADR-004/ADR-005/ADR-006/ADR-007/ADR-008/ADR-016/ADR-018/ADR-019/ADR-023/ADR-024,AC-ISSUE-0599-01/AC-ISSUE-0599-02/AC-ISSUE-0599-03/AC-ISSUE-0599-04,PASS,PASS,PASS,PASS,CRITICAL
ISSUE-0600,Implementable story,planned,EPIC-078,SPRINT-011,BC-014,"Operações, Auditoria e Suporte",Security,STORY-0490-ISSUE-0600-executar-testes-negativos-e-ofensivos-contrato-de-secrets-setup-permissoes.md,ADR-003/ADR-004/ADR-005/ADR-006/ADR-007/ADR-008/ADR-030/ADR-031/ADR-032,AC-ISSUE-0600-01/AC-ISSUE-0600-02/AC-ISSUE-0600-03/AC-ISSUE-0600-04,PASS,PASS,PASS,PASS,CRITICAL
ISSUE-0601,Implementable story,planned,EPIC-078,SPRINT-011,BC-014,"Operações, Auditoria e Suporte",DevOps,STORY-0491-ISSUE-0601-instrumentar-deteccao-resposta-e-runbook-contrato-de-secrets-setup-permiss.md,ADR-003/ADR-004/ADR-005/ADR-006/ADR-007/ADR-008/ADR-009/ADR-033/ADR-034,AC-ISSUE-0601-01/AC-ISSUE-0601-02/AC-ISSUE-0601-03/AC-ISSUE-0601-04,PASS,PASS,PASS,PASS,CRITICAL
ISSUE-0602,Implementable story,planned,EPIC-078,SPRINT-011,BC-014,"Operações, Auditoria e Suporte",Reviewer,STORY-0492-ISSUE-0602-auditar-evidencia-de-seguranca-final-contrato-de-secrets-setup-permissoes.md,ADR-003/ADR-004/ADR-005/ADR-006/ADR-007/ADR-008,AC-ISSUE-0602-01/AC-ISSUE-0602-02/AC-ISSUE-0602-03/AC-ISSUE-0602-04,PASS,PASS,PASS,PASS,CRITICAL
ISSUE-0603,Implementable story,planned,EPIC-079,SPRINT-011,BC-014,"Operações, Auditoria e Suporte",DevOps,STORY-0493-ISSUE-0603-definir-slo-runbook-e-controles-operacionais-ingress-unico-tls-redes-priva.md,ADR-003/ADR-004/ADR-005/ADR-006/ADR-007/ADR-008/ADR-009/ADR-010/ADR-011/ADR-033/ADR-034,AC-ISSUE-0603-01/AC-ISSUE-0603-02/AC-ISSUE-0603-03/AC-ISSUE-0603-04,PASS,PASS,PASS,PASS,CRITICAL
ISSUE-0604,Implementable story,planned,EPIC-079,SPRINT-011,BC-014,"Operações, Auditoria e Suporte",DevOps,STORY-0494-ISSUE-0604-implementar-automacao-operacional-ingress-unico-tls-redes-privadas-limites.md,ADR-003/ADR-004/ADR-005/ADR-006/ADR-007/ADR-008/ADR-009/ADR-033/ADR-034,AC-ISSUE-0604-01/AC-ISSUE-0604-02/AC-ISSUE-0604-03/AC-ISSUE-0604-04,PASS,PASS,PASS,PASS,CRITICAL
ISSUE-0605,Implementable story,planned,EPIC-079,SPRINT-011,BC-014,"Operações, Auditoria e Suporte",DevOps,STORY-0495-ISSUE-0605-instrumentar-sinais-dashboards-e-alertas-ingress-unico-tls-redes-privadas.md,ADR-003/ADR-004/ADR-005/ADR-006/ADR-007/ADR-008/ADR-009/ADR-033/ADR-034,AC-ISSUE-0605-01/AC-ISSUE-0605-02/AC-ISSUE-0605-03/AC-ISSUE-0605-04,PASS,PASS,PASS,PASS,CRITICAL
ISSUE-0606,Implementable story,planned,EPIC-079,SPRINT-011,BC-014,"Operações, Auditoria e Suporte",QA,STORY-0496-ISSUE-0606-executar-drills-fault-injection-e-recuperacao-ingress-unico-tls-redes-priv.md,ADR-003/ADR-004/ADR-005/ADR-006/ADR-007/ADR-008,AC-ISSUE-0606-01/AC-ISSUE-0606-02/AC-ISSUE-0606-03/AC-ISSUE-0606-04,PASS,PASS,PASS,PASS,CRITICAL
ISSUE-0607,Implementable story,planned,EPIC-079,SPRINT-011,BC-014,"Operações, Auditoria e Suporte",Security,STORY-0497-ISSUE-0607-validar-acesso-redaction-e-exposicao-ingress-unico-tls-redes-privadas-limi.md,ADR-003/ADR-004/ADR-005/ADR-006/ADR-007/ADR-008/ADR-030/ADR-031/ADR-032,AC-ISSUE-0607-01/AC-ISSUE-0607-02/AC-ISSUE-0607-03/AC-ISSUE-0607-04,PASS,PASS,PASS,PASS,CRITICAL
ISSUE-0608,Implementable story,planned,EPIC-079,SPRINT-011,BC-014,"Operações, Auditoria e Suporte",Reviewer,STORY-0498-ISSUE-0608-auditar-evidencia-operacional-final-ingress-unico-tls-redes-privadas-limit.md,ADR-003/ADR-004/ADR-005/ADR-006/ADR-007/ADR-008,AC-ISSUE-0608-01/AC-ISSUE-0608-02/AC-ISSUE-0608-03/AC-ISSUE-0608-04,PASS,PASS,PASS,PASS,CRITICAL
ISSUE-0609,Implementable story,planned,EPIC-080,SPRINT-011,BC-015,"Release, Instalação e Supply Chain",Security,STORY-0499-ISSUE-0609-modelar-ameacas-e-requisitos-de-controle-lockfiles-pins-por-digest-sha-sca.md,ADR-003/ADR-004/ADR-005/ADR-006/ADR-007/ADR-008/ADR-030/ADR-031/ADR-032,AC-ISSUE-0609-01/AC-ISSUE-0609-02/AC-ISSUE-0609-03/AC-ISSUE-0609-04,PASS,PASS,PASS,PASS,CRITICAL
ISSUE-0610,Implementable story,planned,EPIC-080,SPRINT-011,BC-015,"Release, Instalação e Supply Chain",Arquiteto,STORY-0500-ISSUE-0610-definir-politicas-e-contratos-fail-closed-lockfiles-pins-por-digest-sha-sc.md,ADR-002/ADR-003/ADR-004/ADR-005/ADR-006/ADR-007/ADR-008/ADR-010/ADR-011/ADR-016/ADR-024/ADR-033/ADR-034/ADR-052,AC-ISSUE-0610-01/AC-ISSUE-0610-02/AC-ISSUE-0610-03/AC-ISSUE-0610-04,PASS,PASS,PASS,PASS,CRITICAL
ISSUE-0611,Implementable story,planned,EPIC-080,SPRINT-011,BC-015,"Release, Instalação e Supply Chain",Backend,STORY-0501-ISSUE-0611-implementar-controles-e-enforcement-lockfiles-pins-por-digest-sha-scanners.md,ADR-003/ADR-004/ADR-005/ADR-006/ADR-007/ADR-008/ADR-016/ADR-018/ADR-019/ADR-024,AC-ISSUE-0611-01/AC-ISSUE-0611-02/AC-ISSUE-0611-03/AC-ISSUE-0611-04,PASS,PASS,PASS,PASS,HIGH
ISSUE-0612,Implementable story,planned,EPIC-080,SPRINT-011,BC-015,"Release, Instalação e Supply Chain",Security,STORY-0502-ISSUE-0612-executar-testes-negativos-e-ofensivos-lockfiles-pins-por-digest-sha-scanne.md,ADR-003/ADR-004/ADR-005/ADR-006/ADR-007/ADR-008/ADR-030/ADR-031/ADR-032,AC-ISSUE-0612-01/AC-ISSUE-0612-02/AC-ISSUE-0612-03/AC-ISSUE-0612-04,PASS,PASS,PASS,PASS,CRITICAL
ISSUE-0613,Implementable story,planned,EPIC-080,SPRINT-011,BC-015,"Release, Instalação e Supply Chain",DevOps,STORY-0503-ISSUE-0613-instrumentar-deteccao-resposta-e-runbook-lockfiles-pins-por-digest-sha-sca.md,ADR-003/ADR-004/ADR-005/ADR-006/ADR-007/ADR-008/ADR-009/ADR-033/ADR-034,AC-ISSUE-0613-01/AC-ISSUE-0613-02/AC-ISSUE-0613-03/AC-ISSUE-0613-04,PASS,PASS,PASS,PASS,CRITICAL
ISSUE-0614,Implementable story,planned,EPIC-080,SPRINT-011,BC-015,"Release, Instalação e Supply Chain",Reviewer,STORY-0504-ISSUE-0614-auditar-evidencia-de-seguranca-final-lockfiles-pins-por-digest-sha-scanner.md,ADR-003/ADR-004/ADR-005/ADR-006/ADR-007/ADR-008,AC-ISSUE-0614-01/AC-ISSUE-0614-02/AC-ISSUE-0614-03/AC-ISSUE-0614-04,PASS,PASS,PASS,PASS,HIGH
ISSUE-0615,Implementable story,planned,EPIC-081,SPRINT-012,BC-015,"Release, Instalação e Supply Chain",Tech Lead,STORY-0505-ISSUE-0615-definir-gate-versao-e-criterios-de-release-orquestrador-de-upgrade-preflig.md,ADR-003/ADR-004/ADR-005/ADR-006/ADR-007/ADR-008/ADR-010/ADR-011/ADR-016/ADR-035,AC-ISSUE-0615-01/AC-ISSUE-0615-02/AC-ISSUE-0615-03/AC-ISSUE-0615-04,PASS,PASS,PASS,PASS,CRITICAL
ISSUE-0616,Implementable story,planned,EPIC-081,SPRINT-012,BC-015,"Release, Instalação e Supply Chain",DevOps,STORY-0506-ISSUE-0616-implementar-pipeline-e-artifacts-de-release-orquestrador-de-upgrade-prefli.md,ADR-003/ADR-004/ADR-005/ADR-006/ADR-007/ADR-008/ADR-009/ADR-010/ADR-011/ADR-016/ADR-033/ADR-034,AC-ISSUE-0616-01/AC-ISSUE-0616-02/AC-ISSUE-0616-03/AC-ISSUE-0616-04,PASS,PASS,PASS,PASS,CRITICAL
ISSUE-0617,Implementable story,planned,EPIC-081,SPRINT-012,BC-015,"Release, Instalação e Supply Chain",DevOps,STORY-0507-ISSUE-0617-implementar-upgrade-rollback-e-compatibilidade-orquestrador-de-upgrade-pre.md,ADR-003/ADR-004/ADR-005/ADR-006/ADR-007/ADR-008/ADR-009/ADR-010/ADR-011/ADR-016/ADR-033/ADR-034,AC-ISSUE-0617-01/AC-ISSUE-0617-02/AC-ISSUE-0617-03/AC-ISSUE-0617-04,PASS,PASS,PASS,PASS,CRITICAL
ISSUE-0618,Implementable story,planned,EPIC-081,SPRINT-012,BC-015,"Release, Instalação e Supply Chain",Security,STORY-0508-ISSUE-0618-gerar-evidencias-sbom-e-attestations-orquestrador-de-upgrade-preflight-mig.md,ADR-003/ADR-004/ADR-005/ADR-006/ADR-007/ADR-008/ADR-010/ADR-011/ADR-016/ADR-030/ADR-031/ADR-032,AC-ISSUE-0618-01/AC-ISSUE-0618-02/AC-ISSUE-0618-03/AC-ISSUE-0618-04,PASS,PASS,PASS,PASS,CRITICAL
ISSUE-0619,Implementable story,planned,EPIC-081,SPRINT-012,BC-015,"Release, Instalação e Supply Chain",QA,STORY-0509-ISSUE-0619-executar-instalacao-limpa-e-rehearsal-orquestrador-de-upgrade-preflight-mi.md,ADR-003/ADR-004/ADR-005/ADR-006/ADR-007/ADR-008/ADR-010/ADR-011/ADR-016,AC-ISSUE-0619-01/AC-ISSUE-0619-02/AC-ISSUE-0619-03/AC-ISSUE-0619-04,PASS,PASS,PASS,PASS,HIGH
ISSUE-0620,Implementable story,planned,EPIC-081,SPRINT-012,BC-015,"Release, Instalação e Supply Chain",Reviewer,STORY-0510-ISSUE-0620-auditar-release-candidata-final-orquestrador-de-upgrade-preflight-migratio.md,ADR-003/ADR-004/ADR-005/ADR-006/ADR-007/ADR-008/ADR-010/ADR-011/ADR-016,AC-ISSUE-0620-01/AC-ISSUE-0620-02/AC-ISSUE-0620-03/AC-ISSUE-0620-04,PASS,PASS,PASS,PASS,HIGH
ISSUE-0621,Implementable story,planned,EPIC-082,SPRINT-002,BC-014,"Operações, Auditoria e Suporte",Arquiteto,STORY-0511-ISSUE-0621-definir-politica-estados-e-contratos-preflight-de-hardware-e-executionprof.md,ADR-003/ADR-004/ADR-005/ADR-006/ADR-007/ADR-008/ADR-010/ADR-011/ADR-014/ADR-016,AC-ISSUE-0621-01/AC-ISSUE-0621-02/AC-ISSUE-0621-03/AC-ISSUE-0621-04,PASS,PASS,PASS,PASS,CRITICAL
ISSUE-0622,Implementable story,planned,EPIC-082,SPRINT-002,BC-014,"Operações, Auditoria e Suporte",Backend,STORY-0512-ISSUE-0622-implementar-dominio-e-persistencia-preflight-de-hardware-e-executionprofil.md,ADR-003/ADR-004/ADR-005/ADR-006/ADR-007/ADR-008/ADR-016/ADR-018/ADR-019/ADR-037/ADR-053,AC-ISSUE-0622-01/AC-ISSUE-0622-02/AC-ISSUE-0622-03/AC-ISSUE-0622-04,PASS,PASS,PASS,PASS,CRITICAL
ISSUE-0623,Implementable story,planned,EPIC-082,SPRINT-002,BC-014,"Operações, Auditoria e Suporte",Frontend,STORY-0513-ISSUE-0623-expor-administracao-e-fluxos-de-uso-preflight-de-hardware-e-executionprofi.md,ADR-003/ADR-004/ADR-005/ADR-006/ADR-007/ADR-008/ADR-010/ADR-011/ADR-014/ADR-016,AC-ISSUE-0623-01/AC-ISSUE-0623-02/AC-ISSUE-0623-03/AC-ISSUE-0623-04,PASS,PASS,PASS,PASS,CRITICAL
ISSUE-0624,Implementable story,planned,EPIC-082,SPRINT-002,BC-014,"Operações, Auditoria e Suporte",Security,STORY-0514-ISSUE-0624-validar-ameacas-autorizacao-e-falhas-preflight-de-hardware-e-executionprof.md,ADR-003/ADR-004/ADR-005/ADR-006/ADR-007/ADR-008/ADR-030/ADR-031/ADR-032,AC-ISSUE-0624-01/AC-ISSUE-0624-02/AC-ISSUE-0624-03/AC-ISSUE-0624-04,PASS,PASS,PASS,PASS,CRITICAL
ISSUE-0625,Implementable story,planned,EPIC-082,SPRINT-002,BC-014,"Operações, Auditoria e Suporte",Reviewer,STORY-0515-ISSUE-0625-executar-qa-e-auditoria-final-preflight-de-hardware-e-executionprofiles-cp.md,ADR-003/ADR-004/ADR-005/ADR-006/ADR-007/ADR-008,AC-ISSUE-0625-01/AC-ISSUE-0625-02/AC-ISSUE-0625-03/AC-ISSUE-0625-04,PASS,PASS,PASS,PASS,CRITICAL
ISSUE-0626,Implementable story,planned,EPIC-083,SPRINT-011,BC-014,"Operações, Auditoria e Suporte",DevOps,STORY-0516-ISSUE-0626-definir-slo-runbook-e-controles-operacionais-modos-offline-restricted-conn.md,ADR-003/ADR-004/ADR-005/ADR-006/ADR-007/ADR-008/ADR-009/ADR-010/ADR-011/ADR-033/ADR-034,AC-ISSUE-0626-01/AC-ISSUE-0626-02/AC-ISSUE-0626-03/AC-ISSUE-0626-04,PASS,PASS,PASS,PASS,CRITICAL
ISSUE-0627,Implementable story,planned,EPIC-083,SPRINT-011,BC-014,"Operações, Auditoria e Suporte",DevOps,STORY-0517-ISSUE-0627-implementar-automacao-operacional-modos-offline-restricted-connected-egres.md,ADR-003/ADR-004/ADR-005/ADR-006/ADR-007/ADR-008/ADR-009/ADR-010/ADR-011/ADR-033/ADR-034/ADR-052,AC-ISSUE-0627-01/AC-ISSUE-0627-02/AC-ISSUE-0627-03/AC-ISSUE-0627-04,PASS,PASS,PASS,PASS,CRITICAL
ISSUE-0628,Implementable story,planned,EPIC-083,SPRINT-011,BC-014,"Operações, Auditoria e Suporte",DevOps,STORY-0518-ISSUE-0628-instrumentar-sinais-dashboards-e-alertas-modos-offline-restricted-connecte.md,ADR-003/ADR-004/ADR-005/ADR-006/ADR-007/ADR-008/ADR-009/ADR-010/ADR-011/ADR-033/ADR-034,AC-ISSUE-0628-01/AC-ISSUE-0628-02/AC-ISSUE-0628-03/AC-ISSUE-0628-04,PASS,PASS,PASS,PASS,CRITICAL
ISSUE-0629,Implementable story,planned,EPIC-083,SPRINT-011,BC-014,"Operações, Auditoria e Suporte",QA,STORY-0519-ISSUE-0629-executar-drills-fault-injection-e-recuperacao-modos-offline-restricted-con.md,ADR-003/ADR-004/ADR-005/ADR-006/ADR-007/ADR-008/ADR-010/ADR-011,AC-ISSUE-0629-01/AC-ISSUE-0629-02/AC-ISSUE-0629-03/AC-ISSUE-0629-04,PASS,PASS,PASS,PASS,CRITICAL
ISSUE-0630,Implementable story,planned,EPIC-083,SPRINT-011,BC-014,"Operações, Auditoria e Suporte",Security,STORY-0520-ISSUE-0630-validar-acesso-redaction-e-exposicao-modos-offline-restricted-connected-eg.md,ADR-003/ADR-004/ADR-005/ADR-006/ADR-007/ADR-008/ADR-010/ADR-011/ADR-030/ADR-031/ADR-032,AC-ISSUE-0630-01/AC-ISSUE-0630-02/AC-ISSUE-0630-03/AC-ISSUE-0630-04,PASS,PASS,PASS,PASS,CRITICAL
ISSUE-0631,Implementable story,planned,EPIC-083,SPRINT-011,BC-014,"Operações, Auditoria e Suporte",Reviewer,STORY-0521-ISSUE-0631-auditar-evidencia-operacional-final-modos-offline-restricted-connected-egr.md,ADR-003/ADR-004/ADR-005/ADR-006/ADR-007/ADR-008/ADR-010/ADR-011,AC-ISSUE-0631-01/AC-ISSUE-0631-02/AC-ISSUE-0631-03/AC-ISSUE-0631-04,PASS,PASS,PASS,PASS,CRITICAL
ISSUE-0632,Implementable story,planned,EPIC-084,SPRINT-009,BC-016,Experiência e Orientação do Operador,Product Owner,STORY-0522-ISSUE-0632-definir-jornada-estados-e-acessibilidade-ux-guiada-de-ia-explicacao-do-pla.md,ADR-003/ADR-004/ADR-005/ADR-006/ADR-007/ADR-008/ADR-009/ADR-010/ADR-011/ADR-014,AC-ISSUE-0632-01/AC-ISSUE-0632-02/AC-ISSUE-0632-03/AC-ISSUE-0632-04,PASS,PASS,PASS,PASS,MEDIUM
ISSUE-0633,Implementable story,planned,EPIC-084,SPRINT-009,BC-016,Experiência e Orientação do Operador,Frontend,STORY-0523-ISSUE-0633-integrar-contratos-e-cliente-tipado-ux-guiada-de-ia-explicacao-do-plano-ca.md,ADR-003/ADR-004/ADR-005/ADR-006/ADR-007/ADR-008/ADR-010/ADR-011/ADR-014,AC-ISSUE-0633-01/AC-ISSUE-0633-02/AC-ISSUE-0633-03/AC-ISSUE-0633-04,PASS,PASS,PASS,PASS,HIGH
ISSUE-0634,Implementable story,planned,EPIC-084,SPRINT-009,BC-016,Experiência e Orientação do Operador,Frontend,STORY-0524-ISSUE-0634-implementar-componentes-e-interacao-ux-guiada-de-ia-explicacao-do-plano-ca.md,ADR-003/ADR-004/ADR-005/ADR-006/ADR-007/ADR-008/ADR-010/ADR-011/ADR-014,AC-ISSUE-0634-01/AC-ISSUE-0634-02/AC-ISSUE-0634-03/AC-ISSUE-0634-04,PASS,PASS,PASS,PASS,HIGH
ISSUE-0635,Implementable story,planned,EPIC-084,SPRINT-009,BC-016,Experiência e Orientação do Operador,Frontend,STORY-0525-ISSUE-0635-integrar-mapa-fluxo-e-estados-de-erro-ux-guiada-de-ia-explicacao-do-plano.md,ADR-003/ADR-004/ADR-005/ADR-006/ADR-007/ADR-008/ADR-010/ADR-011/ADR-014,AC-ISSUE-0635-01/AC-ISSUE-0635-02/AC-ISSUE-0635-03/AC-ISSUE-0635-04,PASS,PASS,PASS,PASS,HIGH
ISSUE-0636,Implementable story,planned,EPIC-084,SPRINT-009,BC-016,Experiência e Orientação do Operador,QA,STORY-0526-ISSUE-0636-executar-testes-de-componente-acessibilidade-e-e2e-ux-guiada-de-ia-explica.md,ADR-003/ADR-004/ADR-005/ADR-006/ADR-007/ADR-008/ADR-010/ADR-011/ADR-014,AC-ISSUE-0636-01/AC-ISSUE-0636-02/AC-ISSUE-0636-03/AC-ISSUE-0636-04,PASS,PASS,PASS,PASS,MEDIUM
ISSUE-0637,Implementable story,planned,EPIC-084,SPRINT-009,BC-016,Experiência e Orientação do Operador,Reviewer,STORY-0527-ISSUE-0637-auditar-ux-contrato-e-evidencia-final-ux-guiada-de-ia-explicacao-do-plano.md,ADR-003/ADR-004/ADR-005/ADR-006/ADR-007/ADR-008/ADR-010/ADR-011/ADR-014,AC-ISSUE-0637-01/AC-ISSUE-0637-02/AC-ISSUE-0637-03/AC-ISSUE-0637-04,PASS,PASS,PASS,PASS,MEDIUM
ISSUE-0638,Implementable story,planned,EPIC-085,SPRINT-012,BC-015,"Release, Instalação e Supply Chain",Tech Lead,STORY-0528-ISSUE-0638-definir-gate-versao-e-criterios-de-release-definicao-e-automacao-de-milest.md,ADR-003/ADR-004/ADR-005/ADR-006/ADR-007/ADR-008/ADR-010/ADR-011/ADR-016,AC-ISSUE-0638-01/AC-ISSUE-0638-02/AC-ISSUE-0638-03/AC-ISSUE-0638-04,PASS,PASS,PASS,PASS,HIGH
ISSUE-0639,Implementable story,planned,EPIC-085,SPRINT-012,BC-015,"Release, Instalação e Supply Chain",DevOps,STORY-0529-ISSUE-0639-implementar-pipeline-e-artifacts-de-release-definicao-e-automacao-de-miles.md,ADR-003/ADR-004/ADR-005/ADR-006/ADR-007/ADR-008/ADR-009/ADR-033/ADR-034/ADR-037,AC-ISSUE-0639-01/AC-ISSUE-0639-02/AC-ISSUE-0639-03/AC-ISSUE-0639-04,PASS,PASS,PASS,PASS,CRITICAL
ISSUE-0640,Implementable story,planned,EPIC-085,SPRINT-012,BC-015,"Release, Instalação e Supply Chain",DevOps,STORY-0530-ISSUE-0640-implementar-upgrade-rollback-e-compatibilidade-definicao-e-automacao-de-mi.md,ADR-003/ADR-004/ADR-005/ADR-006/ADR-007/ADR-008/ADR-009/ADR-033/ADR-034,AC-ISSUE-0640-01/AC-ISSUE-0640-02/AC-ISSUE-0640-03/AC-ISSUE-0640-04,PASS,PASS,PASS,PASS,CRITICAL
ISSUE-0641,Implementable story,planned,EPIC-085,SPRINT-012,BC-015,"Release, Instalação e Supply Chain",Security,STORY-0531-ISSUE-0641-gerar-evidencias-sbom-e-attestations-definicao-e-automacao-de-milestones-i.md,ADR-003/ADR-004/ADR-005/ADR-006/ADR-007/ADR-008/ADR-030/ADR-031/ADR-032,AC-ISSUE-0641-01/AC-ISSUE-0641-02/AC-ISSUE-0641-03/AC-ISSUE-0641-04,PASS,PASS,PASS,PASS,CRITICAL
ISSUE-0642,Implementable story,planned,EPIC-085,SPRINT-012,BC-015,"Release, Instalação e Supply Chain",QA,STORY-0532-ISSUE-0642-executar-instalacao-limpa-e-rehearsal-definicao-e-automacao-de-milestones.md,ADR-003/ADR-004/ADR-005/ADR-006/ADR-007/ADR-008,AC-ISSUE-0642-01/AC-ISSUE-0642-02/AC-ISSUE-0642-03/AC-ISSUE-0642-04,PASS,PASS,PASS,PASS,HIGH
ISSUE-0643,Implementable story,planned,EPIC-085,SPRINT-012,BC-015,"Release, Instalação e Supply Chain",Reviewer,STORY-0533-ISSUE-0643-auditar-release-candidata-final-definicao-e-automacao-de-milestones-intern.md,ADR-003/ADR-004/ADR-005/ADR-006/ADR-007/ADR-008,AC-ISSUE-0643-01/AC-ISSUE-0643-02/AC-ISSUE-0643-03/AC-ISSUE-0643-04,PASS,PASS,PASS,PASS,HIGH
ISSUE-0644,Implementable story,planned,EPIC-086,SPRINT-001,BC-001,Governança de Engenharia e Entrega,Arquiteto,STORY-0534-ISSUE-0644-definir-escopo-contratos-e-invariantes-walking-skeleton-frontendapipostgre.md,ADR-002/ADR-003/ADR-006/ADR-007/ADR-008/ADR-010/ADR-011/ADR-012/ADR-014,AC-ISSUE-0644-01/AC-ISSUE-0644-02/AC-ISSUE-0644-03/AC-ISSUE-0644-04,PASS,PASS,PASS,PASS,HIGH
ISSUE-0645,Implementable story,planned,EPIC-086,SPRINT-001,BC-001,Governança de Engenharia e Entrega,Tech Lead,STORY-0535-ISSUE-0645-materializar-a-fundacao-executavel-walking-skeleton-frontendapipostgresqlr.md,ADR-003/ADR-006/ADR-007/ADR-008/ADR-010/ADR-011/ADR-012/ADR-014,AC-ISSUE-0645-01/AC-ISSUE-0645-02/AC-ISSUE-0645-03/AC-ISSUE-0645-04,PASS,PASS,PASS,PASS,HIGH
ISSUE-0646,Implementable story,planned,EPIC-086,SPRINT-001,BC-001,Governança de Engenharia e Entrega,DevOps,STORY-0536-ISSUE-0646-automatizar-validacoes-e-controles-walking-skeleton-frontendapipostgresqlr.md,ADR-003/ADR-006/ADR-007/ADR-008/ADR-009/ADR-010/ADR-011/ADR-012/ADR-014/ADR-033/ADR-034,AC-ISSUE-0646-01/AC-ISSUE-0646-02/AC-ISSUE-0646-03/AC-ISSUE-0646-04,PASS,PASS,PASS,PASS,CRITICAL
ISSUE-0647,Implementable story,planned,EPIC-086,SPRINT-001,BC-001,Governança de Engenharia e Entrega,Tech Lead,STORY-0537-ISSUE-0647-integrar-a-capacidade-ao-fluxo-do-repositorio-walking-skeleton-frontendapi.md,ADR-003/ADR-006/ADR-007/ADR-008/ADR-010/ADR-011/ADR-012/ADR-014,AC-ISSUE-0647-01/AC-ISSUE-0647-02/AC-ISSUE-0647-03/AC-ISSUE-0647-04,PASS,PASS,PASS,PASS,HIGH
ISSUE-0648,Implementable story,planned,EPIC-086,SPRINT-001,BC-001,Governança de Engenharia e Entrega,Reviewer,STORY-0538-ISSUE-0648-validar-evidencia-e-realizar-auditoria-final-walking-skeleton-frontendapip.md,ADR-003/ADR-006/ADR-007/ADR-008/ADR-010/ADR-011/ADR-012/ADR-014,AC-ISSUE-0648-01/AC-ISSUE-0648-02/AC-ISSUE-0648-03/AC-ISSUE-0648-04,PASS,PASS,PASS,PASS,HIGH
ISSUE-0649,Implementable story,planned,EPIC-087,SPRINT-012,BC-015,"Release, Instalação e Supply Chain",Tech Lead,STORY-0539-ISSUE-0649-definir-gate-versao-e-criterios-de-release-baseline-operacional-vertical-p.md,ADR-003/ADR-004/ADR-005/ADR-006/ADR-007/ADR-008/ADR-010/ADR-011/ADR-016,AC-ISSUE-0649-01/AC-ISSUE-0649-02/AC-ISSUE-0649-03/AC-ISSUE-0649-04,PASS,PASS,PASS,PASS,HIGH
ISSUE-0650,Implementable story,planned,EPIC-087,SPRINT-012,BC-015,"Release, Instalação e Supply Chain",DevOps,STORY-0540-ISSUE-0650-implementar-pipeline-e-artifacts-de-release-baseline-operacional-vertical.md,ADR-003/ADR-004/ADR-005/ADR-006/ADR-007/ADR-008/ADR-009/ADR-033/ADR-034/ADR-057,AC-ISSUE-0650-01/AC-ISSUE-0650-02/AC-ISSUE-0650-03/AC-ISSUE-0650-04,PASS,PASS,PASS,PASS,CRITICAL
ISSUE-0651,Implementable story,planned,EPIC-087,SPRINT-012,BC-015,"Release, Instalação e Supply Chain",DevOps,STORY-0541-ISSUE-0651-implementar-upgrade-rollback-e-compatibilidade-baseline-operacional-vertic.md,ADR-003/ADR-004/ADR-005/ADR-006/ADR-007/ADR-008/ADR-009/ADR-033/ADR-034,AC-ISSUE-0651-01/AC-ISSUE-0651-02/AC-ISSUE-0651-03/AC-ISSUE-0651-04,PASS,PASS,PASS,PASS,CRITICAL
ISSUE-0652,Implementable story,planned,EPIC-087,SPRINT-012,BC-015,"Release, Instalação e Supply Chain",Security,STORY-0542-ISSUE-0652-gerar-evidencias-sbom-e-attestations-baseline-operacional-vertical-privado.md,ADR-003/ADR-004/ADR-005/ADR-006/ADR-007/ADR-008/ADR-030/ADR-031/ADR-032,AC-ISSUE-0652-01/AC-ISSUE-0652-02/AC-ISSUE-0652-03/AC-ISSUE-0652-04,PASS,PASS,PASS,PASS,CRITICAL
ISSUE-0653,Implementable story,planned,EPIC-087,SPRINT-012,BC-015,"Release, Instalação e Supply Chain",QA,STORY-0543-ISSUE-0653-executar-instalacao-limpa-e-rehearsal-baseline-operacional-vertical-privad.md,ADR-003/ADR-004/ADR-005/ADR-006/ADR-007/ADR-008,AC-ISSUE-0653-01/AC-ISSUE-0653-02/AC-ISSUE-0653-03/AC-ISSUE-0653-04,PASS,PASS,PASS,PASS,HIGH
ISSUE-0654,Implementable story,planned,EPIC-087,SPRINT-012,BC-015,"Release, Instalação e Supply Chain",Reviewer,STORY-0544-ISSUE-0654-auditar-release-candidata-final-baseline-operacional-vertical-privado-com.md,ADR-003/ADR-004/ADR-005/ADR-006/ADR-007/ADR-008,AC-ISSUE-0654-01/AC-ISSUE-0654-02/AC-ISSUE-0654-03/AC-ISSUE-0654-04,PASS,PASS,PASS,PASS,HIGH
ISSUE-0655,Implementable story,planned,EPIC-088,SPRINT-011,BC-009,Recuperação Assistida por IA e Governança de Modelos,IA,STORY-0545-ISSUE-0655-definir-hipotese-isolamento-e-criterios-de-promocao-namespace-experimental.md,ADR-003/ADR-004/ADR-005/ADR-006/ADR-007/ADR-008/ADR-051/ADR-052/ADR-053,AC-ISSUE-0655-01/AC-ISSUE-0655-02/AC-ISSUE-0655-03/AC-ISSUE-0655-04,PASS,PASS,PASS,PASS,CRITICAL
ISSUE-0656,Implementable story,planned,EPIC-088,SPRINT-011,BC-009,Recuperação Assistida por IA e Governança de Modelos,IA,STORY-0546-ISSUE-0656-implementar-experimento-isolado-namespace-experimental-labs-registry-separ.md,ADR-003/ADR-004/ADR-005/ADR-006/ADR-007/ADR-008/ADR-009/ADR-051/ADR-052/ADR-053,AC-ISSUE-0656-01/AC-ISSUE-0656-02/AC-ISSUE-0656-03/AC-ISSUE-0656-04,PASS,PASS,PASS,PASS,CRITICAL
ISSUE-0657,Implementable story,planned,EPIC-088,SPRINT-011,BC-009,Recuperação Assistida por IA e Governança de Modelos,QA,STORY-0547-ISSUE-0657-executar-avaliacao-e-comparacao-namespace-experimental-labs-registry-separ.md,ADR-003/ADR-004/ADR-005/ADR-006/ADR-007/ADR-008/ADR-051/ADR-052/ADR-053,AC-ISSUE-0657-01/AC-ISSUE-0657-02/AC-ISSUE-0657-03/AC-ISSUE-0657-04,PASS,PASS,PASS,PASS,CRITICAL
ISSUE-0658,Implementable story,planned,EPIC-088,SPRINT-011,BC-009,Recuperação Assistida por IA e Governança de Modelos,Reviewer,STORY-0548-ISSUE-0658-auditar-conclusao-bloqueios-e-evidencia-namespace-experimental-labs-regist.md,ADR-003/ADR-004/ADR-005/ADR-006/ADR-007/ADR-008/ADR-051/ADR-052/ADR-053,AC-ISSUE-0658-01/AC-ISSUE-0658-02/AC-ISSUE-0658-03/AC-ISSUE-0658-04,PASS,PASS,PASS,PASS,CRITICAL
ISSUE-0659,Implementable story,planned,EPIC-089,SPRINT-012,BC-015,"Release, Instalação e Supply Chain",Tech Lead,STORY-0549-ISSUE-0659-definir-gate-versao-e-criterios-de-release-release-train-internal-alpha-be.md,ADR-003/ADR-004/ADR-005/ADR-006/ADR-007/ADR-008/ADR-010/ADR-011/ADR-016,AC-ISSUE-0659-01/AC-ISSUE-0659-02/AC-ISSUE-0659-03/AC-ISSUE-0659-04,PASS,PASS,PASS,PASS,HIGH
ISSUE-0660,Implementable story,planned,EPIC-089,SPRINT-012,BC-015,"Release, Instalação e Supply Chain",DevOps,STORY-0550-ISSUE-0660-implementar-pipeline-e-artifacts-de-release-release-train-internal-alpha-b.md,ADR-003/ADR-004/ADR-005/ADR-006/ADR-007/ADR-008/ADR-009/ADR-033/ADR-034/ADR-037,AC-ISSUE-0660-01/AC-ISSUE-0660-02/AC-ISSUE-0660-03/AC-ISSUE-0660-04,PASS,PASS,PASS,PASS,CRITICAL
ISSUE-0661,Implementable story,planned,EPIC-089,SPRINT-012,BC-015,"Release, Instalação e Supply Chain",DevOps,STORY-0551-ISSUE-0661-implementar-upgrade-rollback-e-compatibilidade-release-train-internal-alph.md,ADR-003/ADR-004/ADR-005/ADR-006/ADR-007/ADR-008/ADR-009/ADR-033/ADR-034,AC-ISSUE-0661-01/AC-ISSUE-0661-02/AC-ISSUE-0661-03/AC-ISSUE-0661-04,PASS,PASS,PASS,PASS,CRITICAL
ISSUE-0662,Implementable story,planned,EPIC-089,SPRINT-012,BC-015,"Release, Instalação e Supply Chain",Security,STORY-0552-ISSUE-0662-gerar-evidencias-sbom-e-attestations-release-train-internal-alpha-beta-1-0.md,ADR-003/ADR-004/ADR-005/ADR-006/ADR-007/ADR-008/ADR-030/ADR-031/ADR-032,AC-ISSUE-0662-01/AC-ISSUE-0662-02/AC-ISSUE-0662-03/AC-ISSUE-0662-04,PASS,PASS,PASS,PASS,CRITICAL
ISSUE-0663,Implementable story,planned,EPIC-089,SPRINT-012,BC-015,"Release, Instalação e Supply Chain",QA,STORY-0553-ISSUE-0663-executar-instalacao-limpa-e-rehearsal-release-train-internal-alpha-beta-1.md,ADR-003/ADR-004/ADR-005/ADR-006/ADR-007/ADR-008,AC-ISSUE-0663-01/AC-ISSUE-0663-02/AC-ISSUE-0663-03/AC-ISSUE-0663-04,PASS,PASS,PASS,PASS,HIGH
ISSUE-0664,Implementable story,planned,EPIC-089,SPRINT-012,BC-015,"Release, Instalação e Supply Chain",Reviewer,STORY-0554-ISSUE-0664-auditar-release-candidata-final-release-train-internal-alpha-beta-1-0-auto.md,ADR-003/ADR-004/ADR-005/ADR-006/ADR-007/ADR-008,AC-ISSUE-0664-01/AC-ISSUE-0664-02/AC-ISSUE-0664-03/AC-ISSUE-0664-04,PASS,PASS,PASS,PASS,HIGH
ISSUE-0665,Implementable story,planned,EPIC-090,SPRINT-001,BC-001,Governança de Engenharia e Entrega,Arquiteto,STORY-0555-ISSUE-0665-definir-escopo-contratos-e-invariantes-issue-forms-templates-e-taxonomia-d.md,ADR-003/ADR-006/ADR-007/ADR-008/ADR-010/ADR-011,AC-ISSUE-0665-01/AC-ISSUE-0665-02/AC-ISSUE-0665-03/AC-ISSUE-0665-04,PASS,PASS,PASS,PASS,HIGH
ISSUE-0666,Implementable story,planned,EPIC-090,SPRINT-001,BC-001,Governança de Engenharia e Entrega,Tech Lead,STORY-0556-ISSUE-0666-materializar-a-fundacao-executavel-issue-forms-templates-e-taxonomia-de-ti.md,ADR-003/ADR-006/ADR-007/ADR-008,AC-ISSUE-0666-01/AC-ISSUE-0666-02/AC-ISSUE-0666-03/AC-ISSUE-0666-04,PASS,PASS,PASS,PASS,MEDIUM
ISSUE-0667,Implementable story,planned,EPIC-090,SPRINT-001,BC-001,Governança de Engenharia e Entrega,DevOps,STORY-0557-ISSUE-0667-automatizar-validacoes-e-controles-issue-forms-templates-e-taxonomia-de-ti.md,ADR-003/ADR-006/ADR-007/ADR-008/ADR-009/ADR-033/ADR-034,AC-ISSUE-0667-01/AC-ISSUE-0667-02/AC-ISSUE-0667-03/AC-ISSUE-0667-04,PASS,PASS,PASS,PASS,CRITICAL
ISSUE-0668,Implementable story,planned,EPIC-090,SPRINT-001,BC-001,Governança de Engenharia e Entrega,Tech Lead,STORY-0558-ISSUE-0668-integrar-a-capacidade-ao-fluxo-do-repositorio-issue-forms-templates-e-taxo.md,ADR-003/ADR-006/ADR-007/ADR-008,AC-ISSUE-0668-01/AC-ISSUE-0668-02/AC-ISSUE-0668-03/AC-ISSUE-0668-04,PASS,PASS,PASS,PASS,MEDIUM
ISSUE-0669,Implementable story,planned,EPIC-090,SPRINT-001,BC-001,Governança de Engenharia e Entrega,Reviewer,STORY-0559-ISSUE-0669-validar-evidencia-e-realizar-auditoria-final-issue-forms-templates-e-taxon.md,ADR-003/ADR-006/ADR-007/ADR-008,AC-ISSUE-0669-01/AC-ISSUE-0669-02/AC-ISSUE-0669-03/AC-ISSUE-0669-04,PASS,PASS,PASS,PASS,MEDIUM
ISSUE-0670,Implementable story,planned,EPIC-091,SPRINT-001,BC-001,Governança de Engenharia e Entrega,Arquiteto,STORY-0560-ISSUE-0670-definir-escopo-contratos-e-invariantes-ruleset-de-main-checks-unicos-codeo.md,ADR-003/ADR-006/ADR-007/ADR-008/ADR-010/ADR-011/ADR-016,AC-ISSUE-0670-01/AC-ISSUE-0670-02/AC-ISSUE-0670-03/AC-ISSUE-0670-04,PASS,PASS,PASS,PASS,HIGH
ISSUE-0671,Implementable story,planned,EPIC-091,SPRINT-001,BC-001,Governança de Engenharia e Entrega,Tech Lead,STORY-0561-ISSUE-0671-materializar-a-fundacao-executavel-ruleset-de-main-checks-unicos-codeowner.md,ADR-003/ADR-006/ADR-007/ADR-008/ADR-016/ADR-057,AC-ISSUE-0671-01/AC-ISSUE-0671-02/AC-ISSUE-0671-03/AC-ISSUE-0671-04,PASS,PASS,PASS,PASS,CRITICAL
ISSUE-0672,Implementable story,planned,EPIC-091,SPRINT-001,BC-001,Governança de Engenharia e Entrega,DevOps,STORY-0562-ISSUE-0672-automatizar-validacoes-e-controles-ruleset-de-main-checks-unicos-codeowner.md,ADR-003/ADR-006/ADR-007/ADR-008/ADR-009/ADR-033/ADR-034,AC-ISSUE-0672-01/AC-ISSUE-0672-02/AC-ISSUE-0672-03/AC-ISSUE-0672-04,PASS,PASS,PASS,PASS,CRITICAL
ISSUE-0673,Implementable story,planned,EPIC-091,SPRINT-001,BC-001,Governança de Engenharia e Entrega,Tech Lead,STORY-0563-ISSUE-0673-integrar-a-capacidade-ao-fluxo-do-repositorio-ruleset-de-main-checks-unico.md,ADR-003/ADR-006/ADR-007/ADR-008,AC-ISSUE-0673-01/AC-ISSUE-0673-02/AC-ISSUE-0673-03/AC-ISSUE-0673-04,PASS,PASS,PASS,PASS,MEDIUM
ISSUE-0674,Implementable story,planned,EPIC-091,SPRINT-001,BC-001,Governança de Engenharia e Entrega,Reviewer,STORY-0564-ISSUE-0674-validar-evidencia-e-realizar-auditoria-final-ruleset-de-main-checks-unicos.md,ADR-003/ADR-006/ADR-007/ADR-008,AC-ISSUE-0674-01/AC-ISSUE-0674-02/AC-ISSUE-0674-03/AC-ISSUE-0674-04,PASS,PASS,PASS,PASS,MEDIUM
ISSUE-0675,Implementable story,planned,EPIC-092,SPRINT-001,BC-001,Governança de Engenharia e Entrega,Arquiteto,STORY-0565-ISSUE-0675-definir-escopo-contratos-e-invariantes-fechamento-da-sprint-001-e-autoriza.md,ADR-002/ADR-003/ADR-006/ADR-007/ADR-008/ADR-010/ADR-011,AC-ISSUE-0675-01/AC-ISSUE-0675-02/AC-ISSUE-0675-03/AC-ISSUE-0675-04,PASS,PASS,PASS,PASS,HIGH
ISSUE-0676,Implementable story,planned,EPIC-092,SPRINT-001,BC-001,Governança de Engenharia e Entrega,Tech Lead,STORY-0566-ISSUE-0676-materializar-a-fundacao-executavel-fechamento-da-sprint-001-e-autorizacao.md,ADR-001/ADR-003/ADR-006/ADR-007/ADR-008/ADR-053/ADR-057,AC-ISSUE-0676-01/AC-ISSUE-0676-02/AC-ISSUE-0676-03/AC-ISSUE-0676-04,PASS,PASS,PASS,PASS,CRITICAL
ISSUE-0677,Implementable story,planned,EPIC-092,SPRINT-001,BC-001,Governança de Engenharia e Entrega,DevOps,STORY-0567-ISSUE-0677-automatizar-validacoes-e-controles-fechamento-da-sprint-001-e-autorizacao.md,ADR-003/ADR-006/ADR-007/ADR-008/ADR-009/ADR-033/ADR-034,AC-ISSUE-0677-01/AC-ISSUE-0677-02/AC-ISSUE-0677-03/AC-ISSUE-0677-04,PASS,PASS,PASS,PASS,CRITICAL
ISSUE-0678,Implementable story,planned,EPIC-092,SPRINT-001,BC-001,Governança de Engenharia e Entrega,Tech Lead,STORY-0568-ISSUE-0678-integrar-a-capacidade-ao-fluxo-do-repositorio-fechamento-da-sprint-001-e-a.md,ADR-003/ADR-006/ADR-007/ADR-008,AC-ISSUE-0678-01/AC-ISSUE-0678-02/AC-ISSUE-0678-03/AC-ISSUE-0678-04,PASS,PASS,PASS,PASS,MEDIUM
ISSUE-0679,Implementable story,planned,EPIC-092,SPRINT-001,BC-001,Governança de Engenharia e Entrega,Reviewer,STORY-0569-ISSUE-0679-validar-evidencia-e-realizar-auditoria-final-fechamento-da-sprint-001-e-au.md,ADR-003/ADR-006/ADR-007/ADR-008,AC-ISSUE-0679-01/AC-ISSUE-0679-02/AC-ISSUE-0679-03/AC-ISSUE-0679-04,PASS,PASS,PASS,PASS,MEDIUM
ISSUE-0680,Implementable story,planned,EPIC-093,SPRINT-007,BC-006,Georreferenciamento,Arquiteto,STORY-0570-ISSUE-0680-definir-contrato-cientifico-e-invariantes-contratos-de-crs-espacos-de-coor.md,ADR-003/ADR-004/ADR-005/ADR-006/ADR-007/ADR-008/ADR-010/ADR-011/ADR-041/ADR-042/ADR-043,AC-ISSUE-0680-01/AC-ISSUE-0680-02/AC-ISSUE-0680-03/AC-ISSUE-0680-04,PASS,PASS,PASS,PASS,HIGH
ISSUE-0681,Implementable story,planned,EPIC-093,SPRINT-007,BC-006,Georreferenciamento,Geoprocessamento,STORY-0571-ISSUE-0681-preparar-corpus-fixtures-e-representacao-tipada-contratos-de-crs-espacos-d.md,ADR-003/ADR-004/ADR-005/ADR-006/ADR-007/ADR-008/ADR-041/ADR-042/ADR-043,AC-ISSUE-0681-01/AC-ISSUE-0681-02/AC-ISSUE-0681-03/AC-ISSUE-0681-04,PASS,PASS,PASS,PASS,HIGH
ISSUE-0682,Implementable story,planned,EPIC-093,SPRINT-007,BC-006,Georreferenciamento,Geoprocessamento,STORY-0572-ISSUE-0682-implementar-o-nucleo-algoritmico-contratos-de-crs-espacos-de-coordenadas-o.md,ADR-003/ADR-004/ADR-005/ADR-006/ADR-007/ADR-008/ADR-041/ADR-042/ADR-043,AC-ISSUE-0682-01/AC-ISSUE-0682-02/AC-ISSUE-0682-03/AC-ISSUE-0682-04,PASS,PASS,PASS,PASS,HIGH
ISSUE-0683,Implementable story,planned,EPIC-093,SPRINT-007,BC-006,Georreferenciamento,Geoprocessamento,STORY-0573-ISSUE-0683-integrar-ao-processingplan-e-pipeline-contratos-de-crs-espacos-de-coordena.md,ADR-003/ADR-004/ADR-005/ADR-006/ADR-007/ADR-008/ADR-041/ADR-042/ADR-043,AC-ISSUE-0683-01/AC-ISSUE-0683-02/AC-ISSUE-0683-03/AC-ISSUE-0683-04,PASS,PASS,PASS,PASS,HIGH
ISSUE-0684,Implementable story,planned,EPIC-093,SPRINT-007,BC-006,Georreferenciamento,Geoprocessamento,STORY-0574-ISSUE-0684-produzir-metricas-diagnostico-e-lineage-contratos-de-crs-espacos-de-coorde.md,ADR-003/ADR-004/ADR-005/ADR-006/ADR-007/ADR-008/ADR-041/ADR-042/ADR-043,AC-ISSUE-0684-01/AC-ISSUE-0684-02/AC-ISSUE-0684-03/AC-ISSUE-0684-04,PASS,PASS,PASS,PASS,HIGH
ISSUE-0685,Implementable story,planned,EPIC-093,SPRINT-007,BC-006,Georreferenciamento,QA,STORY-0575-ISSUE-0685-executar-benchmark-negativos-e-regressao-cientifica-contratos-de-crs-espac.md,ADR-003/ADR-004/ADR-005/ADR-006/ADR-007/ADR-008/ADR-041/ADR-042/ADR-043,AC-ISSUE-0685-01/AC-ISSUE-0685-02/AC-ISSUE-0685-03/AC-ISSUE-0685-04,PASS,PASS,PASS,PASS,HIGH
ISSUE-0686,Implementable story,planned,EPIC-093,SPRINT-007,BC-006,Georreferenciamento,Reviewer,STORY-0576-ISSUE-0686-auditar-evidencia-cientifica-e-final-contratos-de-crs-espacos-de-coordenad.md,ADR-003/ADR-004/ADR-005/ADR-006/ADR-007/ADR-008/ADR-041/ADR-042/ADR-043,AC-ISSUE-0686-01/AC-ISSUE-0686-02/AC-ISSUE-0686-03/AC-ISSUE-0686-04,PASS,PASS,PASS,PASS,HIGH
ISSUE-0687,Implementable story,planned,EPIC-094,SPRINT-007,BC-006,Georreferenciamento,Arquiteto,STORY-0577-ISSUE-0687-definir-contrato-cientifico-e-invariantes-registry-e-transformacoes-de-crs.md,ADR-003/ADR-004/ADR-005/ADR-006/ADR-007/ADR-008/ADR-010/ADR-011/ADR-041/ADR-042/ADR-043,AC-ISSUE-0687-01/AC-ISSUE-0687-02/AC-ISSUE-0687-03/AC-ISSUE-0687-04,PASS,PASS,PASS,PASS,HIGH
ISSUE-0688,Implementable story,planned,EPIC-094,SPRINT-007,BC-006,Georreferenciamento,Geoprocessamento,STORY-0578-ISSUE-0688-preparar-corpus-fixtures-e-representacao-tipada-registry-e-transformacoes.md,ADR-003/ADR-004/ADR-005/ADR-006/ADR-007/ADR-008/ADR-041/ADR-042/ADR-043,AC-ISSUE-0688-01/AC-ISSUE-0688-02/AC-ISSUE-0688-03/AC-ISSUE-0688-04,PASS,PASS,PASS,PASS,HIGH
ISSUE-0689,Implementable story,planned,EPIC-094,SPRINT-007,BC-006,Georreferenciamento,Geoprocessamento,STORY-0579-ISSUE-0689-implementar-o-nucleo-algoritmico-registry-e-transformacoes-de-crs.md,ADR-003/ADR-004/ADR-005/ADR-006/ADR-007/ADR-008/ADR-041/ADR-042/ADR-043,AC-ISSUE-0689-01/AC-ISSUE-0689-02/AC-ISSUE-0689-03/AC-ISSUE-0689-04,PASS,PASS,PASS,PASS,HIGH
ISSUE-0690,Implementable story,planned,EPIC-094,SPRINT-007,BC-006,Georreferenciamento,Geoprocessamento,STORY-0580-ISSUE-0690-integrar-ao-processingplan-e-pipeline-registry-e-transformacoes-de-crs.md,ADR-003/ADR-004/ADR-005/ADR-006/ADR-007/ADR-008/ADR-041/ADR-042/ADR-043,AC-ISSUE-0690-01/AC-ISSUE-0690-02/AC-ISSUE-0690-03/AC-ISSUE-0690-04,PASS,PASS,PASS,PASS,HIGH
ISSUE-0691,Implementable story,planned,EPIC-094,SPRINT-007,BC-006,Georreferenciamento,Geoprocessamento,STORY-0581-ISSUE-0691-produzir-metricas-diagnostico-e-lineage-registry-e-transformacoes-de-crs.md,ADR-003/ADR-004/ADR-005/ADR-006/ADR-007/ADR-008/ADR-041/ADR-042/ADR-043,AC-ISSUE-0691-01/AC-ISSUE-0691-02/AC-ISSUE-0691-03/AC-ISSUE-0691-04,PASS,PASS,PASS,PASS,HIGH
ISSUE-0692,Implementable story,planned,EPIC-094,SPRINT-007,BC-006,Georreferenciamento,QA,STORY-0582-ISSUE-0692-executar-benchmark-negativos-e-regressao-cientifica-registry-e-transformac.md,ADR-003/ADR-004/ADR-005/ADR-006/ADR-007/ADR-008/ADR-041/ADR-042/ADR-043,AC-ISSUE-0692-01/AC-ISSUE-0692-02/AC-ISSUE-0692-03/AC-ISSUE-0692-04,PASS,PASS,PASS,PASS,HIGH
ISSUE-0693,Implementable story,planned,EPIC-094,SPRINT-007,BC-006,Georreferenciamento,Reviewer,STORY-0583-ISSUE-0693-auditar-evidencia-cientifica-e-final-registry-e-transformacoes-de-crs.md,ADR-003/ADR-004/ADR-005/ADR-006/ADR-007/ADR-008/ADR-041/ADR-042/ADR-043,AC-ISSUE-0693-01/AC-ISSUE-0693-02/AC-ISSUE-0693-03/AC-ISSUE-0693-04,PASS,PASS,PASS,PASS,HIGH
ISSUE-0694,Implementable story,planned,EPIC-095,SPRINT-007,BC-006,Georreferenciamento,Arquiteto,STORY-0584-ISSUE-0694-definir-contrato-cientifico-e-invariantes-validade-raster-explicita.md,ADR-003/ADR-004/ADR-005/ADR-006/ADR-007/ADR-008/ADR-010/ADR-011/ADR-041/ADR-042/ADR-043/ADR-049,AC-ISSUE-0694-01/AC-ISSUE-0694-02/AC-ISSUE-0694-03/AC-ISSUE-0694-04,PASS,PASS,PASS,PASS,HIGH
ISSUE-0695,Implementable story,planned,EPIC-095,SPRINT-007,BC-006,Georreferenciamento,Geoprocessamento,STORY-0585-ISSUE-0695-preparar-corpus-fixtures-e-representacao-tipada-validade-raster-explicita.md,ADR-003/ADR-004/ADR-005/ADR-006/ADR-007/ADR-008/ADR-041/ADR-042/ADR-043/ADR-049,AC-ISSUE-0695-01/AC-ISSUE-0695-02/AC-ISSUE-0695-03/AC-ISSUE-0695-04,PASS,PASS,PASS,PASS,HIGH
ISSUE-0696,Implementable story,planned,EPIC-095,SPRINT-007,BC-006,Georreferenciamento,Geoprocessamento,STORY-0586-ISSUE-0696-implementar-o-nucleo-algoritmico-validade-raster-explicita.md,ADR-003/ADR-004/ADR-005/ADR-006/ADR-007/ADR-008/ADR-041/ADR-042/ADR-043/ADR-049,AC-ISSUE-0696-01/AC-ISSUE-0696-02/AC-ISSUE-0696-03/AC-ISSUE-0696-04,PASS,PASS,PASS,PASS,HIGH
ISSUE-0697,Implementable story,planned,EPIC-095,SPRINT-007,BC-006,Georreferenciamento,Geoprocessamento,STORY-0587-ISSUE-0697-integrar-ao-processingplan-e-pipeline-validade-raster-explicita.md,ADR-003/ADR-004/ADR-005/ADR-006/ADR-007/ADR-008/ADR-041/ADR-042/ADR-043/ADR-049,AC-ISSUE-0697-01/AC-ISSUE-0697-02/AC-ISSUE-0697-03/AC-ISSUE-0697-04,PASS,PASS,PASS,PASS,HIGH
ISSUE-0698,Implementable story,planned,EPIC-095,SPRINT-007,BC-006,Georreferenciamento,Geoprocessamento,STORY-0588-ISSUE-0698-produzir-metricas-diagnostico-e-lineage-validade-raster-explicita.md,ADR-003/ADR-004/ADR-005/ADR-006/ADR-007/ADR-008/ADR-041/ADR-042/ADR-043/ADR-049,AC-ISSUE-0698-01/AC-ISSUE-0698-02/AC-ISSUE-0698-03/AC-ISSUE-0698-04,PASS,PASS,PASS,PASS,HIGH
ISSUE-0699,Implementable story,planned,EPIC-095,SPRINT-007,BC-006,Georreferenciamento,QA,STORY-0589-ISSUE-0699-executar-benchmark-negativos-e-regressao-cientifica-validade-raster-explic.md,ADR-003/ADR-004/ADR-005/ADR-006/ADR-007/ADR-008/ADR-041/ADR-042/ADR-043/ADR-049,AC-ISSUE-0699-01/AC-ISSUE-0699-02/AC-ISSUE-0699-03/AC-ISSUE-0699-04,PASS,PASS,PASS,PASS,HIGH
ISSUE-0700,Implementable story,planned,EPIC-095,SPRINT-007,BC-006,Georreferenciamento,Reviewer,STORY-0590-ISSUE-0700-auditar-evidencia-cientifica-e-final-validade-raster-explicita.md,ADR-003/ADR-004/ADR-005/ADR-006/ADR-007/ADR-008/ADR-041/ADR-042/ADR-043/ADR-049,AC-ISSUE-0700-01/AC-ISSUE-0700-02/AC-ISSUE-0700-03/AC-ISSUE-0700-04,PASS,PASS,PASS,PASS,HIGH
ISSUE-0701,Implementable story,planned,EPIC-096,SPRINT-007,BC-006,Georreferenciamento,Arquiteto,STORY-0591-ISSUE-0701-definir-contrato-cientifico-e-invariantes-seletor-e-validador-de-crs.md,ADR-003/ADR-004/ADR-005/ADR-006/ADR-007/ADR-008/ADR-010/ADR-011/ADR-025/ADR-034/ADR-041/ADR-042/ADR-043,AC-ISSUE-0701-01/AC-ISSUE-0701-02/AC-ISSUE-0701-03/AC-ISSUE-0701-04,PASS,PASS,PASS,PASS,HIGH
ISSUE-0702,Implementable story,planned,EPIC-096,SPRINT-007,BC-006,Georreferenciamento,Geoprocessamento,STORY-0592-ISSUE-0702-preparar-corpus-fixtures-e-representacao-tipada-seletor-e-validador-de-crs.md,ADR-003/ADR-004/ADR-005/ADR-006/ADR-007/ADR-008/ADR-025/ADR-041/ADR-042/ADR-043,AC-ISSUE-0702-01/AC-ISSUE-0702-02/AC-ISSUE-0702-03/AC-ISSUE-0702-04,PASS,PASS,PASS,PASS,HIGH
ISSUE-0703,Implementable story,planned,EPIC-096,SPRINT-007,BC-006,Georreferenciamento,Geoprocessamento,STORY-0593-ISSUE-0703-implementar-o-nucleo-algoritmico-seletor-e-validador-de-crs.md,ADR-003/ADR-004/ADR-005/ADR-006/ADR-007/ADR-008/ADR-025/ADR-041/ADR-042/ADR-043,AC-ISSUE-0703-01/AC-ISSUE-0703-02/AC-ISSUE-0703-03/AC-ISSUE-0703-04,PASS,PASS,PASS,PASS,HIGH
ISSUE-0704,Implementable story,planned,EPIC-096,SPRINT-007,BC-006,Georreferenciamento,Geoprocessamento,STORY-0594-ISSUE-0704-integrar-ao-processingplan-e-pipeline-seletor-e-validador-de-crs.md,ADR-003/ADR-004/ADR-005/ADR-006/ADR-007/ADR-008/ADR-025/ADR-041/ADR-042/ADR-043,AC-ISSUE-0704-01/AC-ISSUE-0704-02/AC-ISSUE-0704-03/AC-ISSUE-0704-04,PASS,PASS,PASS,PASS,HIGH
ISSUE-0705,Implementable story,planned,EPIC-096,SPRINT-007,BC-006,Georreferenciamento,Geoprocessamento,STORY-0595-ISSUE-0705-produzir-metricas-diagnostico-e-lineage-seletor-e-validador-de-crs.md,ADR-003/ADR-004/ADR-005/ADR-006/ADR-007/ADR-008/ADR-025/ADR-041/ADR-042/ADR-043,AC-ISSUE-0705-01/AC-ISSUE-0705-02/AC-ISSUE-0705-03/AC-ISSUE-0705-04,PASS,PASS,PASS,PASS,HIGH
ISSUE-0706,Implementable story,planned,EPIC-096,SPRINT-007,BC-006,Georreferenciamento,QA,STORY-0596-ISSUE-0706-executar-benchmark-negativos-e-regressao-cientifica-seletor-e-validador-de.md,ADR-003/ADR-004/ADR-005/ADR-006/ADR-007/ADR-008/ADR-041/ADR-042/ADR-043,AC-ISSUE-0706-01/AC-ISSUE-0706-02/AC-ISSUE-0706-03/AC-ISSUE-0706-04,PASS,PASS,PASS,PASS,HIGH
ISSUE-0707,Implementable story,planned,EPIC-096,SPRINT-007,BC-006,Georreferenciamento,Reviewer,STORY-0597-ISSUE-0707-auditar-evidencia-cientifica-e-final-seletor-e-validador-de-crs.md,ADR-003/ADR-004/ADR-005/ADR-006/ADR-007/ADR-008/ADR-041/ADR-042/ADR-043,AC-ISSUE-0707-01/AC-ISSUE-0707-02/AC-ISSUE-0707-03/AC-ISSUE-0707-04,PASS,PASS,PASS,PASS,HIGH
ISSUE-0708,Implementable story,planned,EPIC-097,SPRINT-007,BC-006,Georreferenciamento,Arquiteto,STORY-0598-ISSUE-0708-definir-contrato-cientifico-e-invariantes-grade-resolucao-e-reamostragem.md,ADR-003/ADR-004/ADR-005/ADR-006/ADR-007/ADR-008/ADR-010/ADR-011/ADR-041/ADR-042/ADR-043/ADR-049,AC-ISSUE-0708-01/AC-ISSUE-0708-02/AC-ISSUE-0708-03/AC-ISSUE-0708-04,PASS,PASS,PASS,PASS,HIGH
ISSUE-0709,Implementable story,planned,EPIC-097,SPRINT-007,BC-006,Georreferenciamento,Geoprocessamento,STORY-0599-ISSUE-0709-preparar-corpus-fixtures-e-representacao-tipada-grade-resolucao-e-reamostr.md,ADR-003/ADR-004/ADR-005/ADR-006/ADR-007/ADR-008/ADR-040/ADR-041/ADR-042/ADR-043/ADR-049,AC-ISSUE-0709-01/AC-ISSUE-0709-02/AC-ISSUE-0709-03/AC-ISSUE-0709-04,PASS,PASS,PASS,PASS,HIGH
ISSUE-0710,Implementable story,planned,EPIC-097,SPRINT-007,BC-006,Georreferenciamento,Geoprocessamento,STORY-0600-ISSUE-0710-implementar-o-nucleo-algoritmico-grade-resolucao-e-reamostragem.md,ADR-003/ADR-004/ADR-005/ADR-006/ADR-007/ADR-008/ADR-041/ADR-042/ADR-043/ADR-049,AC-ISSUE-0710-01/AC-ISSUE-0710-02/AC-ISSUE-0710-03/AC-ISSUE-0710-04,PASS,PASS,PASS,PASS,HIGH
ISSUE-0711,Implementable story,planned,EPIC-097,SPRINT-007,BC-006,Georreferenciamento,Geoprocessamento,STORY-0601-ISSUE-0711-integrar-ao-processingplan-e-pipeline-grade-resolucao-e-reamostragem.md,ADR-003/ADR-004/ADR-005/ADR-006/ADR-007/ADR-008/ADR-041/ADR-042/ADR-043/ADR-049,AC-ISSUE-0711-01/AC-ISSUE-0711-02/AC-ISSUE-0711-03/AC-ISSUE-0711-04,PASS,PASS,PASS,PASS,HIGH
ISSUE-0712,Implementable story,planned,EPIC-097,SPRINT-007,BC-006,Georreferenciamento,Geoprocessamento,STORY-0602-ISSUE-0712-produzir-metricas-diagnostico-e-lineage-grade-resolucao-e-reamostragem.md,ADR-003/ADR-004/ADR-005/ADR-006/ADR-007/ADR-008/ADR-041/ADR-042/ADR-043/ADR-049,AC-ISSUE-0712-01/AC-ISSUE-0712-02/AC-ISSUE-0712-03/AC-ISSUE-0712-04,PASS,PASS,PASS,PASS,HIGH
ISSUE-0713,Implementable story,planned,EPIC-097,SPRINT-007,BC-006,Georreferenciamento,QA,STORY-0603-ISSUE-0713-executar-benchmark-negativos-e-regressao-cientifica-grade-resolucao-e-ream.md,ADR-003/ADR-004/ADR-005/ADR-006/ADR-007/ADR-008/ADR-041/ADR-042/ADR-043/ADR-049,AC-ISSUE-0713-01/AC-ISSUE-0713-02/AC-ISSUE-0713-03/AC-ISSUE-0713-04,PASS,PASS,PASS,PASS,HIGH
ISSUE-0714,Implementable story,planned,EPIC-097,SPRINT-007,BC-006,Georreferenciamento,Reviewer,STORY-0604-ISSUE-0714-auditar-evidencia-cientifica-e-final-grade-resolucao-e-reamostragem.md,ADR-003/ADR-004/ADR-005/ADR-006/ADR-007/ADR-008/ADR-041/ADR-042/ADR-043/ADR-049,AC-ISSUE-0714-01/AC-ISSUE-0714-02/AC-ISSUE-0714-03/AC-ISSUE-0714-04,PASS,PASS,PASS,PASS,HIGH
ISSUE-0715,Implementable story,planned,EPIC-098,SPRINT-007,BC-008,Mosaico Relativo,Arquiteto,STORY-0605-ISSUE-0715-definir-contrato-cientifico-e-invariantes-mosaico-relativo-de-recuperacao.md,ADR-003/ADR-004/ADR-005/ADR-006/ADR-007/ADR-008/ADR-010/ADR-011/ADR-041/ADR-042/ADR-043/ADR-044/ADR-049/ADR-050,AC-ISSUE-0715-01/AC-ISSUE-0715-02/AC-ISSUE-0715-03/AC-ISSUE-0715-04,PASS,PASS,PASS,PASS,HIGH
ISSUE-0716,Implementable story,planned,EPIC-098,SPRINT-007,BC-008,Mosaico Relativo,Geoprocessamento,STORY-0606-ISSUE-0716-preparar-corpus-fixtures-e-representacao-tipada-mosaico-relativo-de-recupe.md,ADR-003/ADR-004/ADR-005/ADR-006/ADR-007/ADR-008/ADR-040/ADR-041/ADR-042/ADR-043/ADR-044/ADR-049/ADR-050,AC-ISSUE-0716-01/AC-ISSUE-0716-02/AC-ISSUE-0716-03/AC-ISSUE-0716-04,PASS,PASS,PASS,PASS,HIGH
ISSUE-0717,Implementable story,planned,EPIC-098,SPRINT-007,BC-008,Mosaico Relativo,Geoprocessamento,STORY-0607-ISSUE-0717-implementar-o-nucleo-algoritmico-mosaico-relativo-de-recuperacao.md,ADR-003/ADR-004/ADR-005/ADR-006/ADR-007/ADR-008/ADR-036/ADR-041/ADR-042/ADR-043/ADR-044/ADR-049/ADR-050,AC-ISSUE-0717-01/AC-ISSUE-0717-02/AC-ISSUE-0717-03/AC-ISSUE-0717-04,PASS,PASS,PASS,PASS,HIGH
ISSUE-0718,Implementable story,planned,EPIC-098,SPRINT-007,BC-008,Mosaico Relativo,Geoprocessamento,STORY-0608-ISSUE-0718-integrar-ao-processingplan-e-pipeline-mosaico-relativo-de-recuperacao.md,ADR-003/ADR-004/ADR-005/ADR-006/ADR-007/ADR-008/ADR-041/ADR-042/ADR-043/ADR-044/ADR-049/ADR-050,AC-ISSUE-0718-01/AC-ISSUE-0718-02/AC-ISSUE-0718-03/AC-ISSUE-0718-04,PASS,PASS,PASS,PASS,HIGH
ISSUE-0719,Implementable story,planned,EPIC-098,SPRINT-007,BC-008,Mosaico Relativo,Geoprocessamento,STORY-0609-ISSUE-0719-produzir-metricas-diagnostico-e-lineage-mosaico-relativo-de-recuperacao.md,ADR-003/ADR-004/ADR-005/ADR-006/ADR-007/ADR-008/ADR-041/ADR-042/ADR-043/ADR-044/ADR-049/ADR-050,AC-ISSUE-0719-01/AC-ISSUE-0719-02/AC-ISSUE-0719-03/AC-ISSUE-0719-04,PASS,PASS,PASS,PASS,HIGH
ISSUE-0720,Implementable story,planned,EPIC-098,SPRINT-007,BC-008,Mosaico Relativo,QA,STORY-0610-ISSUE-0720-executar-benchmark-negativos-e-regressao-cientifica-mosaico-relativo-de-re.md,ADR-003/ADR-004/ADR-005/ADR-006/ADR-007/ADR-008/ADR-041/ADR-042/ADR-043/ADR-044/ADR-049/ADR-050,AC-ISSUE-0720-01/AC-ISSUE-0720-02/AC-ISSUE-0720-03/AC-ISSUE-0720-04,PASS,PASS,PASS,PASS,HIGH
ISSUE-0721,Implementable story,planned,EPIC-098,SPRINT-007,BC-008,Mosaico Relativo,Reviewer,STORY-0611-ISSUE-0721-auditar-evidencia-cientifica-e-final-mosaico-relativo-de-recuperacao.md,ADR-003/ADR-004/ADR-005/ADR-006/ADR-007/ADR-008/ADR-041/ADR-042/ADR-043/ADR-044/ADR-049/ADR-050,AC-ISSUE-0721-01/AC-ISSUE-0721-02/AC-ISSUE-0721-03/AC-ISSUE-0721-04,PASS,PASS,PASS,PASS,HIGH
ISSUE-0722,Implementable story,planned,EPIC-099,SPRINT-008,BC-008,Mosaico Relativo,Arquiteto,STORY-0612-ISSUE-0722-definir-contrato-cientifico-e-invariantes-ancoragem-e-recuperacao-a-partir.md,ADR-003/ADR-004/ADR-005/ADR-006/ADR-007/ADR-008/ADR-010/ADR-011/ADR-041/ADR-042/ADR-043/ADR-045/ADR-049/ADR-050,AC-ISSUE-0722-01/AC-ISSUE-0722-02/AC-ISSUE-0722-03/AC-ISSUE-0722-04,PASS,PASS,PASS,PASS,HIGH
ISSUE-0723,Implementable story,planned,EPIC-099,SPRINT-008,BC-008,Mosaico Relativo,Geoprocessamento,STORY-0613-ISSUE-0723-preparar-corpus-fixtures-e-representacao-tipada-ancoragem-e-recuperacao-a.md,ADR-003/ADR-004/ADR-005/ADR-006/ADR-007/ADR-008/ADR-041/ADR-042/ADR-043/ADR-045/ADR-049/ADR-050,AC-ISSUE-0723-01/AC-ISSUE-0723-02/AC-ISSUE-0723-03/AC-ISSUE-0723-04,PASS,PASS,PASS,PASS,HIGH
ISSUE-0724,Implementable story,planned,EPIC-099,SPRINT-008,BC-008,Mosaico Relativo,Geoprocessamento,STORY-0614-ISSUE-0724-implementar-o-nucleo-algoritmico-ancoragem-e-recuperacao-a-partir-do-mosai.md,ADR-003/ADR-004/ADR-005/ADR-006/ADR-007/ADR-008/ADR-041/ADR-042/ADR-043/ADR-045/ADR-049/ADR-050,AC-ISSUE-0724-01/AC-ISSUE-0724-02/AC-ISSUE-0724-03/AC-ISSUE-0724-04,PASS,PASS,PASS,PASS,HIGH
ISSUE-0725,Implementable story,planned,EPIC-099,SPRINT-008,BC-008,Mosaico Relativo,Geoprocessamento,STORY-0615-ISSUE-0725-integrar-ao-processingplan-e-pipeline-ancoragem-e-recuperacao-a-partir-do.md,ADR-003/ADR-004/ADR-005/ADR-006/ADR-007/ADR-008/ADR-041/ADR-042/ADR-043/ADR-045/ADR-049/ADR-050,AC-ISSUE-0725-01/AC-ISSUE-0725-02/AC-ISSUE-0725-03/AC-ISSUE-0725-04,PASS,PASS,PASS,PASS,HIGH
ISSUE-0726,Implementable story,planned,EPIC-099,SPRINT-008,BC-008,Mosaico Relativo,Geoprocessamento,STORY-0616-ISSUE-0726-produzir-metricas-diagnostico-e-lineage-ancoragem-e-recuperacao-a-partir-d.md,ADR-003/ADR-004/ADR-005/ADR-006/ADR-007/ADR-008/ADR-041/ADR-042/ADR-043/ADR-045/ADR-049/ADR-050,AC-ISSUE-0726-01/AC-ISSUE-0726-02/AC-ISSUE-0726-03/AC-ISSUE-0726-04,PASS,PASS,PASS,PASS,HIGH
ISSUE-0727,Implementable story,planned,EPIC-099,SPRINT-008,BC-008,Mosaico Relativo,QA,STORY-0617-ISSUE-0727-executar-benchmark-negativos-e-regressao-cientifica-ancoragem-e-recuperaca.md,ADR-003/ADR-004/ADR-005/ADR-006/ADR-007/ADR-008/ADR-041/ADR-042/ADR-043/ADR-045/ADR-049/ADR-050,AC-ISSUE-0727-01/AC-ISSUE-0727-02/AC-ISSUE-0727-03/AC-ISSUE-0727-04,PASS,PASS,PASS,PASS,HIGH
ISSUE-0728,Implementable story,planned,EPIC-099,SPRINT-008,BC-008,Mosaico Relativo,Reviewer,STORY-0618-ISSUE-0728-auditar-evidencia-cientifica-e-final-ancoragem-e-recuperacao-a-partir-do-m.md,ADR-003/ADR-004/ADR-005/ADR-006/ADR-007/ADR-008/ADR-041/ADR-042/ADR-043/ADR-045/ADR-049/ADR-050,AC-ISSUE-0728-01/AC-ISSUE-0728-02/AC-ISSUE-0728-03/AC-ISSUE-0728-04,PASS,PASS,PASS,PASS,HIGH
ISSUE-0729,Implementable story,planned,EPIC-100,SPRINT-008,BC-008,Mosaico Relativo,Arquiteto,STORY-0619-ISSUE-0729-definir-contrato-cientifico-e-invariantes-workspace-e-lifecycle-de-ancoras.md,ADR-003/ADR-004/ADR-005/ADR-006/ADR-007/ADR-008/ADR-010/ADR-011/ADR-041/ADR-042/ADR-043/ADR-048/ADR-049,AC-ISSUE-0729-01/AC-ISSUE-0729-02/AC-ISSUE-0729-03/AC-ISSUE-0729-04,PASS,PASS,PASS,PASS,HIGH
ISSUE-0730,Implementable story,planned,EPIC-100,SPRINT-008,BC-008,Mosaico Relativo,Geoprocessamento,STORY-0620-ISSUE-0730-preparar-corpus-fixtures-e-representacao-tipada-workspace-e-lifecycle-de-a.md,ADR-003/ADR-004/ADR-005/ADR-006/ADR-007/ADR-008/ADR-041/ADR-042/ADR-043/ADR-048/ADR-049/ADR-055,AC-ISSUE-0730-01/AC-ISSUE-0730-02/AC-ISSUE-0730-03/AC-ISSUE-0730-04,PASS,PASS,PASS,PASS,CRITICAL
ISSUE-0731,Implementable story,planned,EPIC-100,SPRINT-008,BC-008,Mosaico Relativo,Geoprocessamento,STORY-0621-ISSUE-0731-implementar-o-nucleo-algoritmico-workspace-e-lifecycle-de-ancoras.md,ADR-003/ADR-004/ADR-005/ADR-006/ADR-007/ADR-008/ADR-041/ADR-042/ADR-043/ADR-048/ADR-049/ADR-055,AC-ISSUE-0731-01/AC-ISSUE-0731-02/AC-ISSUE-0731-03/AC-ISSUE-0731-04,PASS,PASS,PASS,PASS,CRITICAL
ISSUE-0732,Implementable story,planned,EPIC-100,SPRINT-008,BC-008,Mosaico Relativo,Geoprocessamento,STORY-0622-ISSUE-0732-integrar-ao-processingplan-e-pipeline-workspace-e-lifecycle-de-ancoras.md,ADR-003/ADR-004/ADR-005/ADR-006/ADR-007/ADR-008/ADR-041/ADR-042/ADR-043/ADR-048/ADR-049/ADR-055,AC-ISSUE-0732-01/AC-ISSUE-0732-02/AC-ISSUE-0732-03/AC-ISSUE-0732-04,PASS,PASS,PASS,PASS,CRITICAL
ISSUE-0733,Implementable story,planned,EPIC-100,SPRINT-008,BC-008,Mosaico Relativo,Geoprocessamento,STORY-0623-ISSUE-0733-produzir-metricas-diagnostico-e-lineage-workspace-e-lifecycle-de-ancoras.md,ADR-003/ADR-004/ADR-005/ADR-006/ADR-007/ADR-008/ADR-041/ADR-042/ADR-043/ADR-048/ADR-049/ADR-055,AC-ISSUE-0733-01/AC-ISSUE-0733-02/AC-ISSUE-0733-03/AC-ISSUE-0733-04,PASS,PASS,PASS,PASS,CRITICAL
ISSUE-0734,Implementable story,planned,EPIC-100,SPRINT-008,BC-008,Mosaico Relativo,QA,STORY-0624-ISSUE-0734-executar-benchmark-negativos-e-regressao-cientifica-workspace-e-lifecycle.md,ADR-003/ADR-004/ADR-005/ADR-006/ADR-007/ADR-008/ADR-041/ADR-042/ADR-043/ADR-048/ADR-049,AC-ISSUE-0734-01/AC-ISSUE-0734-02/AC-ISSUE-0734-03/AC-ISSUE-0734-04,PASS,PASS,PASS,PASS,HIGH
ISSUE-0735,Implementable story,planned,EPIC-100,SPRINT-008,BC-008,Mosaico Relativo,Reviewer,STORY-0625-ISSUE-0735-auditar-evidencia-cientifica-e-final-workspace-e-lifecycle-de-ancoras.md,ADR-003/ADR-004/ADR-005/ADR-006/ADR-007/ADR-008/ADR-041/ADR-042/ADR-043/ADR-048/ADR-049,AC-ISSUE-0735-01/AC-ISSUE-0735-02/AC-ISSUE-0735-03/AC-ISSUE-0735-04,PASS,PASS,PASS,PASS,HIGH
ISSUE-0736,Implementable story,planned,EPIC-101,SPRINT-008,BC-008,Mosaico Relativo,Arquiteto,STORY-0626-ISSUE-0736-definir-contrato-cientifico-e-invariantes-relative-mosaic-verifier-e-promo.md,ADR-003/ADR-004/ADR-005/ADR-006/ADR-007/ADR-008/ADR-010/ADR-011/ADR-041/ADR-042/ADR-043/ADR-050,AC-ISSUE-0736-01/AC-ISSUE-0736-02/AC-ISSUE-0736-03/AC-ISSUE-0736-04,PASS,PASS,PASS,PASS,HIGH
ISSUE-0737,Implementable story,planned,EPIC-101,SPRINT-008,BC-008,Mosaico Relativo,Geoprocessamento,STORY-0627-ISSUE-0737-preparar-corpus-fixtures-e-representacao-tipada-relative-mosaic-verifier-e.md,ADR-003/ADR-004/ADR-005/ADR-006/ADR-007/ADR-008/ADR-041/ADR-042/ADR-043/ADR-050,AC-ISSUE-0737-01/AC-ISSUE-0737-02/AC-ISSUE-0737-03/AC-ISSUE-0737-04,PASS,PASS,PASS,PASS,HIGH
ISSUE-0738,Implementable story,planned,EPIC-101,SPRINT-008,BC-008,Mosaico Relativo,Geoprocessamento,STORY-0628-ISSUE-0738-implementar-o-nucleo-algoritmico-relative-mosaic-verifier-e-promotion-life.md,ADR-003/ADR-004/ADR-005/ADR-006/ADR-007/ADR-008/ADR-041/ADR-042/ADR-043/ADR-050,AC-ISSUE-0738-01/AC-ISSUE-0738-02/AC-ISSUE-0738-03/AC-ISSUE-0738-04,PASS,PASS,PASS,PASS,HIGH
ISSUE-0739,Implementable story,planned,EPIC-101,SPRINT-008,BC-008,Mosaico Relativo,Geoprocessamento,STORY-0629-ISSUE-0739-integrar-ao-processingplan-e-pipeline-relative-mosaic-verifier-e-promotion.md,ADR-003/ADR-004/ADR-005/ADR-006/ADR-007/ADR-008/ADR-041/ADR-042/ADR-043/ADR-050,AC-ISSUE-0739-01/AC-ISSUE-0739-02/AC-ISSUE-0739-03/AC-ISSUE-0739-04,PASS,PASS,PASS,PASS,HIGH
ISSUE-0740,Implementable story,planned,EPIC-101,SPRINT-008,BC-008,Mosaico Relativo,Geoprocessamento,STORY-0630-ISSUE-0740-produzir-metricas-diagnostico-e-lineage-relative-mosaic-verifier-e-promoti.md,ADR-003/ADR-004/ADR-005/ADR-006/ADR-007/ADR-008/ADR-041/ADR-042/ADR-043/ADR-050,AC-ISSUE-0740-01/AC-ISSUE-0740-02/AC-ISSUE-0740-03/AC-ISSUE-0740-04,PASS,PASS,PASS,PASS,HIGH
ISSUE-0741,Implementable story,planned,EPIC-101,SPRINT-008,BC-008,Mosaico Relativo,QA,STORY-0631-ISSUE-0741-executar-benchmark-negativos-e-regressao-cientifica-relative-mosaic-verifi.md,ADR-003/ADR-004/ADR-005/ADR-006/ADR-007/ADR-008/ADR-041/ADR-042/ADR-043/ADR-050,AC-ISSUE-0741-01/AC-ISSUE-0741-02/AC-ISSUE-0741-03/AC-ISSUE-0741-04,PASS,PASS,PASS,PASS,HIGH
ISSUE-0742,Implementable story,planned,EPIC-101,SPRINT-008,BC-008,Mosaico Relativo,Reviewer,STORY-0632-ISSUE-0742-auditar-evidencia-cientifica-e-final-relative-mosaic-verifier-e-promotion.md,ADR-003/ADR-004/ADR-005/ADR-006/ADR-007/ADR-008/ADR-041/ADR-042/ADR-043/ADR-050,AC-ISSUE-0742-01/AC-ISSUE-0742-02/AC-ISSUE-0742-03/AC-ISSUE-0742-04,PASS,PASS,PASS,PASS,HIGH
ISSUE-0743,Implementable story,planned,EPIC-102,SPRINT-008,BC-008,Mosaico Relativo,Arquiteto,STORY-0633-ISSUE-0743-definir-contrato-cientifico-e-invariantes-relatorios-visualizacao-e-export.md,ADR-003/ADR-004/ADR-005/ADR-006/ADR-007/ADR-008/ADR-010/ADR-011/ADR-041/ADR-042/ADR-043/ADR-050,AC-ISSUE-0743-01/AC-ISSUE-0743-02/AC-ISSUE-0743-03/AC-ISSUE-0743-04,PASS,PASS,PASS,PASS,HIGH
ISSUE-0744,Implementable story,planned,EPIC-102,SPRINT-008,BC-008,Mosaico Relativo,Geoprocessamento,STORY-0634-ISSUE-0744-preparar-corpus-fixtures-e-representacao-tipada-relatorios-visualizacao-e.md,ADR-003/ADR-004/ADR-005/ADR-006/ADR-007/ADR-008/ADR-041/ADR-042/ADR-043/ADR-050,AC-ISSUE-0744-01/AC-ISSUE-0744-02/AC-ISSUE-0744-03/AC-ISSUE-0744-04,PASS,PASS,PASS,PASS,HIGH
ISSUE-0745,Implementable story,planned,EPIC-102,SPRINT-008,BC-008,Mosaico Relativo,Geoprocessamento,STORY-0635-ISSUE-0745-implementar-o-nucleo-algoritmico-relatorios-visualizacao-e-exports-do-mosa.md,ADR-003/ADR-004/ADR-005/ADR-006/ADR-007/ADR-008/ADR-041/ADR-042/ADR-043/ADR-050,AC-ISSUE-0745-01/AC-ISSUE-0745-02/AC-ISSUE-0745-03/AC-ISSUE-0745-04,PASS,PASS,PASS,PASS,HIGH
ISSUE-0746,Implementable story,planned,EPIC-102,SPRINT-008,BC-008,Mosaico Relativo,Geoprocessamento,STORY-0636-ISSUE-0746-integrar-ao-processingplan-e-pipeline-relatorios-visualizacao-e-exports-do.md,ADR-003/ADR-004/ADR-005/ADR-006/ADR-007/ADR-008/ADR-041/ADR-042/ADR-043/ADR-050,AC-ISSUE-0746-01/AC-ISSUE-0746-02/AC-ISSUE-0746-03/AC-ISSUE-0746-04,PASS,PASS,PASS,PASS,HIGH
ISSUE-0747,Implementable story,planned,EPIC-102,SPRINT-008,BC-008,Mosaico Relativo,Geoprocessamento,STORY-0637-ISSUE-0747-produzir-metricas-diagnostico-e-lineage-relatorios-visualizacao-e-exports.md,ADR-003/ADR-004/ADR-005/ADR-006/ADR-007/ADR-008/ADR-041/ADR-042/ADR-043/ADR-050,AC-ISSUE-0747-01/AC-ISSUE-0747-02/AC-ISSUE-0747-03/AC-ISSUE-0747-04,PASS,PASS,PASS,PASS,HIGH
ISSUE-0748,Implementable story,planned,EPIC-102,SPRINT-008,BC-008,Mosaico Relativo,QA,STORY-0638-ISSUE-0748-executar-benchmark-negativos-e-regressao-cientifica-relatorios-visualizaca.md,ADR-003/ADR-004/ADR-005/ADR-006/ADR-007/ADR-008/ADR-041/ADR-042/ADR-043/ADR-050,AC-ISSUE-0748-01/AC-ISSUE-0748-02/AC-ISSUE-0748-03/AC-ISSUE-0748-04,PASS,PASS,PASS,PASS,HIGH
ISSUE-0749,Implementable story,planned,EPIC-102,SPRINT-008,BC-008,Mosaico Relativo,Reviewer,STORY-0639-ISSUE-0749-auditar-evidencia-cientifica-e-final-relatorios-visualizacao-e-exports-do.md,ADR-003/ADR-004/ADR-005/ADR-006/ADR-007/ADR-008/ADR-041/ADR-042/ADR-043/ADR-050,AC-ISSUE-0749-01/AC-ISSUE-0749-02/AC-ISSUE-0749-03/AC-ISSUE-0749-04,PASS,PASS,PASS,PASS,HIGH
ISSUE-0750,Implementable story,planned,EPIC-103,SPRINT-008,BC-008,Mosaico Relativo,Arquiteto,STORY-0640-ISSUE-0750-definir-contrato-cientifico-e-invariantes-budgets-persistencia-e-materiali.md,ADR-003/ADR-004/ADR-005/ADR-006/ADR-007/ADR-008/ADR-010/ADR-011/ADR-041/ADR-042/ADR-043,AC-ISSUE-0750-01/AC-ISSUE-0750-02/AC-ISSUE-0750-03/AC-ISSUE-0750-04,PASS,PASS,PASS,PASS,HIGH
ISSUE-0751,Implementable story,planned,EPIC-103,SPRINT-008,BC-008,Mosaico Relativo,Geoprocessamento,STORY-0641-ISSUE-0751-preparar-corpus-fixtures-e-representacao-tipada-budgets-persistencia-e-mat.md,ADR-003/ADR-004/ADR-005/ADR-006/ADR-007/ADR-008/ADR-009/ADR-036/ADR-039/ADR-041/ADR-042/ADR-043,AC-ISSUE-0751-01/AC-ISSUE-0751-02/AC-ISSUE-0751-03/AC-ISSUE-0751-04,PASS,PASS,PASS,PASS,HIGH
ISSUE-0752,Implementable story,planned,EPIC-103,SPRINT-008,BC-008,Mosaico Relativo,Geoprocessamento,STORY-0642-ISSUE-0752-implementar-o-nucleo-algoritmico-budgets-persistencia-e-materializacao-do.md,ADR-003/ADR-004/ADR-005/ADR-006/ADR-007/ADR-008/ADR-036/ADR-041/ADR-042/ADR-043,AC-ISSUE-0752-01/AC-ISSUE-0752-02/AC-ISSUE-0752-03/AC-ISSUE-0752-04,PASS,PASS,PASS,PASS,HIGH
ISSUE-0753,Implementable story,planned,EPIC-103,SPRINT-008,BC-008,Mosaico Relativo,Geoprocessamento,STORY-0643-ISSUE-0753-integrar-ao-processingplan-e-pipeline-budgets-persistencia-e-materializaca.md,ADR-003/ADR-004/ADR-005/ADR-006/ADR-007/ADR-008/ADR-041/ADR-042/ADR-043,AC-ISSUE-0753-01/AC-ISSUE-0753-02/AC-ISSUE-0753-03/AC-ISSUE-0753-04,PASS,PASS,PASS,PASS,HIGH
ISSUE-0754,Implementable story,planned,EPIC-103,SPRINT-008,BC-008,Mosaico Relativo,Geoprocessamento,STORY-0644-ISSUE-0754-produzir-metricas-diagnostico-e-lineage-budgets-persistencia-e-materializa.md,ADR-003/ADR-004/ADR-005/ADR-006/ADR-007/ADR-008/ADR-041/ADR-042/ADR-043,AC-ISSUE-0754-01/AC-ISSUE-0754-02/AC-ISSUE-0754-03/AC-ISSUE-0754-04,PASS,PASS,PASS,PASS,HIGH
ISSUE-0755,Implementable story,planned,EPIC-103,SPRINT-008,BC-008,Mosaico Relativo,QA,STORY-0645-ISSUE-0755-executar-benchmark-negativos-e-regressao-cientifica-budgets-persistencia-e.md,ADR-003/ADR-004/ADR-005/ADR-006/ADR-007/ADR-008/ADR-041/ADR-042/ADR-043,AC-ISSUE-0755-01/AC-ISSUE-0755-02/AC-ISSUE-0755-03/AC-ISSUE-0755-04,PASS,PASS,PASS,PASS,HIGH
ISSUE-0756,Implementable story,planned,EPIC-103,SPRINT-008,BC-008,Mosaico Relativo,Reviewer,STORY-0646-ISSUE-0756-auditar-evidencia-cientifica-e-final-budgets-persistencia-e-materializacao.md,ADR-003/ADR-004/ADR-005/ADR-006/ADR-007/ADR-008/ADR-041/ADR-042/ADR-043,AC-ISSUE-0756-01/AC-ISSUE-0756-02/AC-ISSUE-0756-03/AC-ISSUE-0756-04,PASS,PASS,PASS,PASS,HIGH
ISSUE-0757,Implementable story,planned,EPIC-104,SPRINT-004,BC-010,Orquestração de Jobs e Recursos,Arquiteto,STORY-0647-ISSUE-0757-definir-estados-envelopes-e-invariantes-snapshots-replay-e-bundles-do-sche.md,ADR-003/ADR-004/ADR-005/ADR-006/ADR-007/ADR-008/ADR-010/ADR-011/ADR-016,AC-ISSUE-0757-01/AC-ISSUE-0757-02/AC-ISSUE-0757-03/AC-ISSUE-0757-04,PASS,PASS,PASS,PASS,HIGH
ISSUE-0758,Implementable story,planned,EPIC-104,SPRINT-004,BC-010,Orquestração de Jobs e Recursos,Backend,STORY-0648-ISSUE-0758-implementar-modelo-e-application-services-snapshots-replay-e-bundles-do-sc.md,ADR-003/ADR-004/ADR-005/ADR-006/ADR-007/ADR-008/ADR-016/ADR-018/ADR-019/ADR-053,AC-ISSUE-0758-01/AC-ISSUE-0758-02/AC-ISSUE-0758-03/AC-ISSUE-0758-04,PASS,PASS,PASS,PASS,HIGH
ISSUE-0759,Implementable story,planned,EPIC-104,SPRINT-004,BC-010,Orquestração de Jobs e Recursos,Backend,STORY-0649-ISSUE-0759-implementar-runner-worker-ou-scheduler-snapshots-replay-e-bundles-do-sched.md,ADR-003/ADR-004/ADR-005/ADR-006/ADR-007/ADR-008/ADR-016/ADR-018/ADR-019/ADR-037,AC-ISSUE-0759-01/AC-ISSUE-0759-02/AC-ISSUE-0759-03/AC-ISSUE-0759-04,PASS,PASS,PASS,PASS,HIGH
ISSUE-0760,Implementable story,planned,EPIC-104,SPRINT-004,BC-010,Orquestração de Jobs e Recursos,Backend,STORY-0650-ISSUE-0760-expor-comandos-progresso-e-reconciliacao-snapshots-replay-e-bundles-do-sch.md,ADR-003/ADR-004/ADR-005/ADR-006/ADR-007/ADR-008/ADR-010/ADR-011/ADR-016/ADR-018/ADR-019,AC-ISSUE-0760-01/AC-ISSUE-0760-02/AC-ISSUE-0760-03/AC-ISSUE-0760-04,PASS,PASS,PASS,PASS,HIGH
ISSUE-0761,Implementable story,planned,EPIC-104,SPRINT-004,BC-010,Orquestração de Jobs e Recursos,DevOps,STORY-0651-ISSUE-0761-implementar-falhas-retry-e-recuperacao-snapshots-replay-e-bundles-do-sched.md,ADR-003/ADR-004/ADR-005/ADR-006/ADR-007/ADR-008/ADR-009/ADR-033/ADR-034,AC-ISSUE-0761-01/AC-ISSUE-0761-02/AC-ISSUE-0761-03/AC-ISSUE-0761-04,PASS,PASS,PASS,PASS,CRITICAL
ISSUE-0762,Implementable story,planned,EPIC-104,SPRINT-004,BC-010,Orquestração de Jobs e Recursos,QA,STORY-0652-ISSUE-0762-executar-integracao-real-carga-e-fault-injection-snapshots-replay-e-bundle.md,ADR-003/ADR-004/ADR-005/ADR-006/ADR-007/ADR-008/ADR-053,AC-ISSUE-0762-01/AC-ISSUE-0762-02/AC-ISSUE-0762-03/AC-ISSUE-0762-04,PASS,PASS,PASS,PASS,HIGH
ISSUE-0763,Implementable story,planned,EPIC-104,SPRINT-004,BC-010,Orquestração de Jobs e Recursos,Reviewer,STORY-0653-ISSUE-0763-auditar-evidencia-e-integracao-final-snapshots-replay-e-bundles-do-schedul.md,ADR-003/ADR-004/ADR-005/ADR-006/ADR-007/ADR-008,AC-ISSUE-0763-01/AC-ISSUE-0763-02/AC-ISSUE-0763-03/AC-ISSUE-0763-04,PASS,PASS,PASS,PASS,HIGH
ISSUE-0764,Implementable story,planned,EPIC-105,SPRINT-010,BC-013,"Artifacts, Proveniência e Lifecycle",Arquiteto,STORY-0654-ISSUE-0764-definir-modelo-invariantes-e-contratos-de-dados-registry-de-schemas-e-comp.md,ADR-003/ADR-004/ADR-005/ADR-006/ADR-007/ADR-008/ADR-010/ADR-011/ADR-016/ADR-035/ADR-053,AC-ISSUE-0764-01/AC-ISSUE-0764-02/AC-ISSUE-0764-03/AC-ISSUE-0764-04,PASS,PASS,PASS,PASS,CRITICAL
ISSUE-0765,Implementable story,planned,EPIC-105,SPRINT-010,BC-013,"Artifacts, Proveniência e Lifecycle",Backend,STORY-0655-ISSUE-0765-implementar-persistencia-e-migrations-registry-de-schemas-e-compatibilidad.md,ADR-003/ADR-004/ADR-005/ADR-006/ADR-007/ADR-008/ADR-016/ADR-018/ADR-019/ADR-053,AC-ISSUE-0765-01/AC-ISSUE-0765-02/AC-ISSUE-0765-03/AC-ISSUE-0765-04,PASS,PASS,PASS,PASS,HIGH
ISSUE-0766,Implementable story,planned,EPIC-105,SPRINT-010,BC-013,"Artifacts, Proveniência e Lifecycle",Backend,STORY-0656-ISSUE-0766-implementar-armazenamento-e-lifecycle-registry-de-schemas-e-compatibilidad.md,ADR-003/ADR-004/ADR-005/ADR-006/ADR-007/ADR-008/ADR-016/ADR-018/ADR-019,AC-ISSUE-0766-01/AC-ISSUE-0766-02/AC-ISSUE-0766-03/AC-ISSUE-0766-04,PASS,PASS,PASS,PASS,HIGH
ISSUE-0767,Implementable story,planned,EPIC-105,SPRINT-010,BC-013,"Artifacts, Proveniência e Lifecycle",Backend,STORY-0657-ISSUE-0767-expor-servicos-e-integrar-consumers-registry-de-schemas-e-compatibilidade.md,ADR-003/ADR-004/ADR-005/ADR-006/ADR-007/ADR-008/ADR-010/ADR-011/ADR-016/ADR-018/ADR-019,AC-ISSUE-0767-01/AC-ISSUE-0767-02/AC-ISSUE-0767-03/AC-ISSUE-0767-04,PASS,PASS,PASS,PASS,HIGH
ISSUE-0768,Implementable story,planned,EPIC-105,SPRINT-010,BC-013,"Artifacts, Proveniência e Lifecycle",Security,STORY-0658-ISSUE-0768-validar-seguranca-recuperacao-e-concorrencia-registry-de-schemas-e-compati.md,ADR-003/ADR-004/ADR-005/ADR-006/ADR-007/ADR-008/ADR-030/ADR-031/ADR-032/ADR-035,AC-ISSUE-0768-01/AC-ISSUE-0768-02/AC-ISSUE-0768-03/AC-ISSUE-0768-04,PASS,PASS,PASS,PASS,CRITICAL
ISSUE-0769,Implementable story,planned,EPIC-105,SPRINT-010,BC-013,"Artifacts, Proveniência e Lifecycle",Reviewer,STORY-0659-ISSUE-0769-executar-qa-e-auditoria-final-registry-de-schemas-e-compatibilidade-de-art.md,ADR-003/ADR-004/ADR-005/ADR-006/ADR-007/ADR-008,AC-ISSUE-0769-01/AC-ISSUE-0769-02/AC-ISSUE-0769-03/AC-ISSUE-0769-04,PASS,PASS,PASS,PASS,HIGH
ISSUE-0770,Implementable story,planned,EPIC-106,SPRINT-012,BC-015,"Release, Instalação e Supply Chain",Tech Lead,STORY-0660-ISSUE-0770-definir-gate-versao-e-criterios-de-release-migrations-compativeis-upgrade.md,ADR-003/ADR-004/ADR-005/ADR-006/ADR-007/ADR-008/ADR-010/ADR-011/ADR-016/ADR-026/ADR-035,AC-ISSUE-0770-01/AC-ISSUE-0770-02/AC-ISSUE-0770-03/AC-ISSUE-0770-04,PASS,PASS,PASS,PASS,CRITICAL
ISSUE-0771,Implementable story,planned,EPIC-106,SPRINT-012,BC-015,"Release, Instalação e Supply Chain",DevOps,STORY-0661-ISSUE-0771-implementar-pipeline-e-artifacts-de-release-migrations-compativeis-upgrade.md,ADR-003/ADR-004/ADR-005/ADR-006/ADR-007/ADR-008/ADR-009/ADR-026/ADR-033/ADR-034,AC-ISSUE-0771-01/AC-ISSUE-0771-02/AC-ISSUE-0771-03/AC-ISSUE-0771-04,PASS,PASS,PASS,PASS,CRITICAL
ISSUE-0772,Implementable story,planned,EPIC-106,SPRINT-012,BC-015,"Release, Instalação e Supply Chain",DevOps,STORY-0662-ISSUE-0772-implementar-upgrade-rollback-e-compatibilidade-migrations-compativeis-upgr.md,ADR-003/ADR-004/ADR-005/ADR-006/ADR-007/ADR-008/ADR-009/ADR-026/ADR-033/ADR-034,AC-ISSUE-0772-01/AC-ISSUE-0772-02/AC-ISSUE-0772-03/AC-ISSUE-0772-04,PASS,PASS,PASS,PASS,CRITICAL
ISSUE-0773,Implementable story,planned,EPIC-106,SPRINT-012,BC-015,"Release, Instalação e Supply Chain",Security,STORY-0663-ISSUE-0773-gerar-evidencias-sbom-e-attestations-migrations-compativeis-upgrade-e-down.md,ADR-003/ADR-004/ADR-005/ADR-006/ADR-007/ADR-008/ADR-026/ADR-030/ADR-031/ADR-032,AC-ISSUE-0773-01/AC-ISSUE-0773-02/AC-ISSUE-0773-03/AC-ISSUE-0773-04,PASS,PASS,PASS,PASS,CRITICAL
ISSUE-0774,Implementable story,planned,EPIC-106,SPRINT-012,BC-015,"Release, Instalação e Supply Chain",QA,STORY-0664-ISSUE-0774-executar-instalacao-limpa-e-rehearsal-migrations-compativeis-upgrade-e-dow.md,ADR-003/ADR-004/ADR-005/ADR-006/ADR-007/ADR-008/ADR-026,AC-ISSUE-0774-01/AC-ISSUE-0774-02/AC-ISSUE-0774-03/AC-ISSUE-0774-04,PASS,PASS,PASS,PASS,HIGH
ISSUE-0775,Implementable story,planned,EPIC-106,SPRINT-012,BC-015,"Release, Instalação e Supply Chain",Reviewer,STORY-0665-ISSUE-0775-auditar-release-candidata-final-migrations-compativeis-upgrade-e-downgrade.md,ADR-003/ADR-004/ADR-005/ADR-006/ADR-007/ADR-008/ADR-026,AC-ISSUE-0775-01/AC-ISSUE-0775-02/AC-ISSUE-0775-03/AC-ISSUE-0775-04,PASS,PASS,PASS,PASS,HIGH
ISSUE-0776,Implementable story,planned,EPIC-107,SPRINT-012,BC-015,"Release, Instalação e Supply Chain",Tech Lead,STORY-0666-ISSUE-0776-definir-gate-versao-e-criterios-de-release-controlador-e-rollout-coordenad.md,ADR-003/ADR-004/ADR-005/ADR-006/ADR-007/ADR-008/ADR-010/ADR-011/ADR-016/ADR-026/ADR-035,AC-ISSUE-0776-01/AC-ISSUE-0776-02/AC-ISSUE-0776-03/AC-ISSUE-0776-04,PASS,PASS,PASS,PASS,CRITICAL
ISSUE-0777,Implementable story,planned,EPIC-107,SPRINT-012,BC-015,"Release, Instalação e Supply Chain",DevOps,STORY-0667-ISSUE-0777-implementar-pipeline-e-artifacts-de-release-controlador-e-rollout-coordena.md,ADR-003/ADR-004/ADR-005/ADR-006/ADR-007/ADR-008/ADR-009/ADR-026/ADR-033/ADR-034/ADR-035,AC-ISSUE-0777-01/AC-ISSUE-0777-02/AC-ISSUE-0777-03/AC-ISSUE-0777-04,PASS,PASS,PASS,PASS,CRITICAL
ISSUE-0778,Implementable story,planned,EPIC-107,SPRINT-012,BC-015,"Release, Instalação e Supply Chain",DevOps,STORY-0668-ISSUE-0778-implementar-upgrade-rollback-e-compatibilidade-controlador-e-rollout-coord.md,ADR-003/ADR-004/ADR-005/ADR-006/ADR-007/ADR-008/ADR-009/ADR-026/ADR-033/ADR-034,AC-ISSUE-0778-01/AC-ISSUE-0778-02/AC-ISSUE-0778-03/AC-ISSUE-0778-04,PASS,PASS,PASS,PASS,CRITICAL
ISSUE-0779,Implementable story,planned,EPIC-107,SPRINT-012,BC-015,"Release, Instalação e Supply Chain",Security,STORY-0669-ISSUE-0779-gerar-evidencias-sbom-e-attestations-controlador-e-rollout-coordenado-de-u.md,ADR-003/ADR-004/ADR-005/ADR-006/ADR-007/ADR-008/ADR-030/ADR-031/ADR-032,AC-ISSUE-0779-01/AC-ISSUE-0779-02/AC-ISSUE-0779-03/AC-ISSUE-0779-04,PASS,PASS,PASS,PASS,CRITICAL
ISSUE-0780,Implementable story,planned,EPIC-107,SPRINT-012,BC-015,"Release, Instalação e Supply Chain",QA,STORY-0670-ISSUE-0780-executar-instalacao-limpa-e-rehearsal-controlador-e-rollout-coordenado-de.md,ADR-003/ADR-004/ADR-005/ADR-006/ADR-007/ADR-008,AC-ISSUE-0780-01/AC-ISSUE-0780-02/AC-ISSUE-0780-03/AC-ISSUE-0780-04,PASS,PASS,PASS,PASS,HIGH
ISSUE-0781,Implementable story,planned,EPIC-107,SPRINT-012,BC-015,"Release, Instalação e Supply Chain",Reviewer,STORY-0671-ISSUE-0781-auditar-release-candidata-final-controlador-e-rollout-coordenado-de-upgrad.md,ADR-003/ADR-004/ADR-005/ADR-006/ADR-007/ADR-008,AC-ISSUE-0781-01/AC-ISSUE-0781-02/AC-ISSUE-0781-03/AC-ISSUE-0781-04,PASS,PASS,PASS,PASS,HIGH
ISSUE-0782,Implementable story,planned,EPIC-108,SPRINT-012,BC-015,"Release, Instalação e Supply Chain",Tech Lead,STORY-0672-ISSUE-0782-definir-gate-versao-e-criterios-de-release-instalador-bootstrap-readiness.md,ADR-003/ADR-004/ADR-005/ADR-006/ADR-007/ADR-008/ADR-010/ADR-011/ADR-016/ADR-034,AC-ISSUE-0782-01/AC-ISSUE-0782-02/AC-ISSUE-0782-03/AC-ISSUE-0782-04,PASS,PASS,PASS,PASS,HIGH
ISSUE-0783,Implementable story,planned,EPIC-108,SPRINT-012,BC-015,"Release, Instalação e Supply Chain",DevOps,STORY-0673-ISSUE-0783-implementar-pipeline-e-artifacts-de-release-instalador-bootstrap-readiness.md,ADR-003/ADR-004/ADR-005/ADR-006/ADR-007/ADR-008/ADR-009/ADR-033/ADR-034,AC-ISSUE-0783-01/AC-ISSUE-0783-02/AC-ISSUE-0783-03/AC-ISSUE-0783-04,PASS,PASS,PASS,PASS,CRITICAL
ISSUE-0784,Implementable story,planned,EPIC-108,SPRINT-012,BC-015,"Release, Instalação e Supply Chain",DevOps,STORY-0674-ISSUE-0784-implementar-upgrade-rollback-e-compatibilidade-instalador-bootstrap-readin.md,ADR-003/ADR-004/ADR-005/ADR-006/ADR-007/ADR-008/ADR-009/ADR-033/ADR-034,AC-ISSUE-0784-01/AC-ISSUE-0784-02/AC-ISSUE-0784-03/AC-ISSUE-0784-04,PASS,PASS,PASS,PASS,CRITICAL
ISSUE-0785,Implementable story,planned,EPIC-108,SPRINT-012,BC-015,"Release, Instalação e Supply Chain",Security,STORY-0675-ISSUE-0785-gerar-evidencias-sbom-e-attestations-instalador-bootstrap-readiness-e-supo.md,ADR-003/ADR-004/ADR-005/ADR-006/ADR-007/ADR-008/ADR-030/ADR-031/ADR-032,AC-ISSUE-0785-01/AC-ISSUE-0785-02/AC-ISSUE-0785-03/AC-ISSUE-0785-04,PASS,PASS,PASS,PASS,CRITICAL
ISSUE-0786,Implementable story,planned,EPIC-108,SPRINT-012,BC-015,"Release, Instalação e Supply Chain",QA,STORY-0676-ISSUE-0786-executar-instalacao-limpa-e-rehearsal-instalador-bootstrap-readiness-e-sup.md,ADR-003/ADR-004/ADR-005/ADR-006/ADR-007/ADR-008,AC-ISSUE-0786-01/AC-ISSUE-0786-02/AC-ISSUE-0786-03/AC-ISSUE-0786-04,PASS,PASS,PASS,PASS,HIGH
ISSUE-0787,Implementable story,planned,EPIC-108,SPRINT-012,BC-015,"Release, Instalação e Supply Chain",Reviewer,STORY-0677-ISSUE-0787-auditar-release-candidata-final-instalador-bootstrap-readiness-e-suporte-d.md,ADR-003/ADR-004/ADR-005/ADR-006/ADR-007/ADR-008,AC-ISSUE-0787-01/AC-ISSUE-0787-02/AC-ISSUE-0787-03/AC-ISSUE-0787-04,PASS,PASS,PASS,PASS,HIGH
ISSUE-0788,Implementable story,planned,EPIC-109,SPRINT-012,BC-015,"Release, Instalação e Supply Chain",Product Owner,STORY-0678-ISSUE-0788-definir-criterios-juridicos-e-de-publicacao-licenciamento-contribuicao-rig.md,ADR-003/ADR-004/ADR-005/ADR-006/ADR-007/ADR-008/ADR-010/ADR-011/ADR-016,AC-ISSUE-0788-01/AC-ISSUE-0788-02/AC-ISSUE-0788-03/AC-ISSUE-0788-04,PASS,PASS,PASS,PASS,HIGH
ISSUE-0789,Implementable story,planned,EPIC-109,SPRINT-012,BC-015,"Release, Instalação e Supply Chain",Tech Lead,STORY-0679-ISSUE-0789-materializar-notices-citacao-e-manifests-licenciamento-contribuicao-rights.md,ADR-003/ADR-004/ADR-005/ADR-006/ADR-007/ADR-008/ADR-016,AC-ISSUE-0789-01/AC-ISSUE-0789-02/AC-ISSUE-0789-03/AC-ISSUE-0789-04,PASS,PASS,PASS,PASS,HIGH
ISSUE-0790,Implementable story,planned,EPIC-109,SPRINT-012,BC-015,"Release, Instalação e Supply Chain",DevOps,STORY-0680-ISSUE-0790-automatizar-verificacoes-de-publicacao-licenciamento-contribuicao-rights-m.md,ADR-003/ADR-004/ADR-005/ADR-006/ADR-007/ADR-008/ADR-009/ADR-033/ADR-034,AC-ISSUE-0790-01/AC-ISSUE-0790-02/AC-ISSUE-0790-03/AC-ISSUE-0790-04,PASS,PASS,PASS,PASS,CRITICAL
ISSUE-0791,Implementable story,planned,EPIC-109,SPRINT-012,BC-015,"Release, Instalação e Supply Chain",Security,STORY-0681-ISSUE-0791-executar-sanitizacao-e-revisao-de-seguranca-licenciamento-contribuicao-rig.md,ADR-003/ADR-004/ADR-005/ADR-006/ADR-007/ADR-008/ADR-030/ADR-031/ADR-032,AC-ISSUE-0791-01/AC-ISSUE-0791-02/AC-ISSUE-0791-03/AC-ISSUE-0791-04,PASS,PASS,PASS,PASS,CRITICAL
ISSUE-0792,Implementable story,planned,EPIC-109,SPRINT-012,BC-015,"Release, Instalação e Supply Chain",Reviewer,STORY-0682-ISSUE-0792-registrar-aprovacao-e-evidencia-final-licenciamento-contribuicao-rights-ma.md,ADR-003/ADR-004/ADR-005/ADR-006/ADR-007/ADR-008,AC-ISSUE-0792-01/AC-ISSUE-0792-02/AC-ISSUE-0792-03/AC-ISSUE-0792-04,PASS,PASS,PASS,PASS,HIGH
ISSUE-0793,Implementable story,planned,EPIC-110,SPRINT-001,BC-001,Governança de Engenharia e Entrega,Arquiteto,STORY-0683-ISSUE-0793-definir-escopo-contratos-e-invariantes-governanca-continua-do-backlog-e-de.md,ADR-003/ADR-006/ADR-007/ADR-008/ADR-010/ADR-011/ADR-012/ADR-016/ADR-022/ADR-038,AC-ISSUE-0793-01/AC-ISSUE-0793-02/AC-ISSUE-0793-03/AC-ISSUE-0793-04,PASS,PASS,PASS,PASS,HIGH
ISSUE-0794,Implementable story,planned,EPIC-110,SPRINT-001,BC-001,Governança de Engenharia e Entrega,Tech Lead,STORY-0684-ISSUE-0794-materializar-a-fundacao-executavel-governanca-continua-do-backlog-e-decomp.md,ADR-003/ADR-006/ADR-007/ADR-008,AC-ISSUE-0794-01/AC-ISSUE-0794-02/AC-ISSUE-0794-03/AC-ISSUE-0794-04,PASS,PASS,PASS,PASS,MEDIUM
ISSUE-0795,Implementable story,planned,EPIC-110,SPRINT-001,BC-001,Governança de Engenharia e Entrega,DevOps,STORY-0685-ISSUE-0795-automatizar-validacoes-e-controles-governanca-continua-do-backlog-e-decomp.md,ADR-003/ADR-006/ADR-007/ADR-008/ADR-009/ADR-033/ADR-034,AC-ISSUE-0795-01/AC-ISSUE-0795-02/AC-ISSUE-0795-03/AC-ISSUE-0795-04,PASS,PASS,PASS,PASS,CRITICAL
ISSUE-0796,Implementable story,planned,EPIC-110,SPRINT-001,BC-001,Governança de Engenharia e Entrega,Tech Lead,STORY-0686-ISSUE-0796-integrar-a-capacidade-ao-fluxo-do-repositorio-governanca-continua-do-backl.md,ADR-003/ADR-006/ADR-007/ADR-008,AC-ISSUE-0796-01/AC-ISSUE-0796-02/AC-ISSUE-0796-03/AC-ISSUE-0796-04,PASS,PASS,PASS,PASS,MEDIUM
ISSUE-0797,Implementable story,planned,EPIC-110,SPRINT-001,BC-001,Governança de Engenharia e Entrega,Reviewer,STORY-0687-ISSUE-0797-validar-evidencia-e-realizar-auditoria-final-governanca-continua-do-backlo.md,ADR-003/ADR-006/ADR-007/ADR-008,AC-ISSUE-0797-01/AC-ISSUE-0797-02/AC-ISSUE-0797-03/AC-ISSUE-0797-04,PASS,PASS,PASS,PASS,MEDIUM
ISSUE-0798,Implementable story,planned,EPIC-001,SPRINT-001,BC-001,Governança de Engenharia e Entrega,Tech Lead,STORY-0688-ISSUE-0798-slice-1-2-materializar-a-fundacao-executavel-governanca-de-decisoes-arquiteturais-e-ma.md,ADR-003/ADR-006/ADR-007/ADR-008/ADR-040/ADR-057,AC-ISSUE-0798-01/AC-ISSUE-0798-02/AC-ISSUE-0798-03/AC-ISSUE-0798-04,PASS,PASS,PASS,PASS,CRITICAL
ISSUE-0799,Implementable story,planned,EPIC-001,SPRINT-001,BC-001,Governança de Engenharia e Entrega,Tech Lead,STORY-0689-ISSUE-0799-slice-2-2-materializar-a-fundacao-executavel-governanca-de-decisoes-arquiteturais-e-ma.md,ADR-001/ADR-003/ADR-006/ADR-007/ADR-008/ADR-012/ADR-035,AC-ISSUE-0799-01/AC-ISSUE-0799-02/AC-ISSUE-0799-03/AC-ISSUE-0799-04,PASS,PASS,PASS,PASS,CRITICAL
ISSUE-0800,Implementable story,planned,EPIC-002,SPRINT-001,BC-001,Governança de Engenharia e Entrega,Arquiteto,STORY-0690-ISSUE-0800-slice-1-2-definir-escopo-contratos-e-invariantes-repositorio-privado-project-central-v.md,ADR-003/ADR-004/ADR-005/ADR-006/ADR-007/ADR-008/ADR-013/ADR-015/ADR-017/ADR-022/ADR-025/ADR-038/ADR-040/ADR-041/ADR-044/ADR-055,AC-ISSUE-0800-01/AC-ISSUE-0800-02/AC-ISSUE-0800-03/AC-ISSUE-0800-04,PASS,PASS,PASS,PASS,CRITICAL
ISSUE-0801,Implementable story,planned,EPIC-002,SPRINT-001,BC-001,Governança de Engenharia e Entrega,Arquiteto,STORY-0691-ISSUE-0801-slice-2-2-definir-escopo-contratos-e-invariantes-repositorio-privado-project-central-v.md,ADR-003/ADR-004/ADR-005/ADR-006/ADR-007/ADR-008/ADR-034,AC-ISSUE-0801-01/AC-ISSUE-0801-02/AC-ISSUE-0801-03/AC-ISSUE-0801-04,PASS,PASS,PASS,PASS,MEDIUM
ISSUE-0802,Implementable story,planned,EPIC-002,SPRINT-001,BC-001,Governança de Engenharia e Entrega,Tech Lead,STORY-0692-ISSUE-0802-slice-1-9-materializar-a-fundacao-executavel-repositorio-privado-project-central-views.md,ADR-003/ADR-004/ADR-005/ADR-006/ADR-007/ADR-008/ADR-022/ADR-025/ADR-039/ADR-043/ADR-044/ADR-055,AC-ISSUE-0802-01/AC-ISSUE-0802-02/AC-ISSUE-0802-03/AC-ISSUE-0802-04,PASS,PASS,PASS,PASS,CRITICAL
ISSUE-0803,Implementable story,planned,EPIC-002,SPRINT-001,BC-001,Governança de Engenharia e Entrega,Tech Lead,STORY-0693-ISSUE-0803-slice-2-9-materializar-a-fundacao-executavel-repositorio-privado-project-central-views.md,ADR-003/ADR-004/ADR-005/ADR-006/ADR-007/ADR-008/ADR-016/ADR-022/ADR-025/ADR-040/ADR-043/ADR-055,AC-ISSUE-0803-01/AC-ISSUE-0803-02/AC-ISSUE-0803-03/AC-ISSUE-0803-04,PASS,PASS,PASS,PASS,CRITICAL
ISSUE-0804,Implementable story,planned,EPIC-002,SPRINT-001,BC-001,Governança de Engenharia e Entrega,Tech Lead,STORY-0694-ISSUE-0804-slice-3-9-materializar-a-fundacao-executavel-repositorio-privado-project-central-views.md,ADR-003/ADR-004/ADR-005/ADR-006/ADR-007/ADR-008/ADR-009/ADR-016/ADR-022/ADR-025/ADR-037/ADR-042/ADR-043/ADR-044/ADR-055,AC-ISSUE-0804-01/AC-ISSUE-0804-02/AC-ISSUE-0804-03/AC-ISSUE-0804-04,PASS,PASS,PASS,PASS,CRITICAL
ISSUE-0805,Implementable story,planned,EPIC-002,SPRINT-001,BC-001,Governança de Engenharia e Entrega,Tech Lead,STORY-0695-ISSUE-0805-slice-4-9-materializar-a-fundacao-executavel-repositorio-privado-project-central-views.md,ADR-003/ADR-004/ADR-005/ADR-006/ADR-007/ADR-008/ADR-012/ADR-016/ADR-022/ADR-025/ADR-043/ADR-055,AC-ISSUE-0805-01/AC-ISSUE-0805-02/AC-ISSUE-0805-03/AC-ISSUE-0805-04,PASS,PASS,PASS,PASS,CRITICAL
ISSUE-0806,Implementable story,planned,EPIC-002,SPRINT-001,BC-001,Governança de Engenharia e Entrega,Tech Lead,STORY-0696-ISSUE-0806-slice-5-9-materializar-a-fundacao-executavel-repositorio-privado-project-central-views.md,ADR-003/ADR-004/ADR-005/ADR-006/ADR-007/ADR-008/ADR-016/ADR-017/ADR-022/ADR-025/ADR-050/ADR-053/ADR-055,AC-ISSUE-0806-01/AC-ISSUE-0806-02/AC-ISSUE-0806-03/AC-ISSUE-0806-04,PASS,PASS,PASS,PASS,CRITICAL
ISSUE-0807,Implementable story,planned,EPIC-002,SPRINT-001,BC-001,Governança de Engenharia e Entrega,Tech Lead,STORY-0697-ISSUE-0807-slice-6-9-materializar-a-fundacao-executavel-repositorio-privado-project-central-views.md,ADR-003/ADR-004/ADR-005/ADR-006/ADR-007/ADR-008/ADR-017/ADR-040/ADR-045/ADR-053/ADR-055,AC-ISSUE-0807-01/AC-ISSUE-0807-02/AC-ISSUE-0807-03/AC-ISSUE-0807-04,PASS,PASS,PASS,PASS,CRITICAL
ISSUE-0808,Implementable story,planned,EPIC-002,SPRINT-001,BC-001,Governança de Engenharia e Entrega,Tech Lead,STORY-0698-ISSUE-0808-slice-7-9-materializar-a-fundacao-executavel-repositorio-privado-project-central-views.md,ADR-002/ADR-003/ADR-004/ADR-005/ADR-006/ADR-007/ADR-008/ADR-012,AC-ISSUE-0808-01/AC-ISSUE-0808-02/AC-ISSUE-0808-03/AC-ISSUE-0808-04,PASS,PASS,PASS,PASS,MEDIUM
ISSUE-0809,Implementable story,planned,EPIC-002,SPRINT-001,BC-001,Governança de Engenharia e Entrega,Tech Lead,STORY-0699-ISSUE-0809-slice-8-9-materializar-a-fundacao-executavel-repositorio-privado-project-central-views.md,ADR-001/ADR-003/ADR-004/ADR-005/ADR-006/ADR-007/ADR-008/ADR-012/ADR-018/ADR-020/ADR-035/ADR-037,AC-ISSUE-0809-01/AC-ISSUE-0809-02/AC-ISSUE-0809-03/AC-ISSUE-0809-04,PASS,PASS,PASS,PASS,CRITICAL
ISSUE-0810,Implementable story,planned,EPIC-002,SPRINT-001,BC-001,Governança de Engenharia e Entrega,Tech Lead,STORY-0700-ISSUE-0810-slice-9-9-materializar-a-fundacao-executavel-repositorio-privado-project-central-views.md,ADR-003/ADR-004/ADR-005/ADR-006/ADR-007/ADR-008/ADR-012/ADR-037,AC-ISSUE-0810-01/AC-ISSUE-0810-02/AC-ISSUE-0810-03/AC-ISSUE-0810-04,PASS,PASS,PASS,PASS,MEDIUM
ISSUE-0811,Implementable story,planned,EPIC-004,SPRINT-001,BC-001,Governança de Engenharia e Entrega,Arquiteto,STORY-0701-ISSUE-0811-slice-1-2-definir-escopo-contratos-e-invariantes-openapi-cliente-typescript-e-contrato.md,ADR-003/ADR-005/ADR-006/ADR-007/ADR-008/ADR-010/ADR-011/ADR-013/ADR-014/ADR-015/ADR-017/ADR-019/ADR-021/ADR-023/ADR-040/ADR-041/ADR-044/ADR-055,AC-ISSUE-0811-01/AC-ISSUE-0811-02/AC-ISSUE-0811-03/AC-ISSUE-0811-04,PASS,PASS,PASS,PASS,CRITICAL
ISSUE-0812,Implementable story,planned,EPIC-004,SPRINT-001,BC-001,Governança de Engenharia e Entrega,Arquiteto,STORY-0702-ISSUE-0812-slice-2-2-definir-escopo-contratos-e-invariantes-openapi-cliente-typescript-e-contrato.md,ADR-003/ADR-005/ADR-006/ADR-007/ADR-008/ADR-010/ADR-011/ADR-013/ADR-014/ADR-015/ADR-017/ADR-021/ADR-023/ADR-053/ADR-055,AC-ISSUE-0812-01/AC-ISSUE-0812-02/AC-ISSUE-0812-03/AC-ISSUE-0812-04,PASS,PASS,PASS,PASS,CRITICAL
ISSUE-0813,Implementable story,planned,EPIC-004,SPRINT-001,BC-001,Governança de Engenharia e Entrega,Tech Lead,STORY-0703-ISSUE-0813-slice-1-3-materializar-a-fundacao-executavel-openapi-cliente-typescript-e-contratos-cl.md,ADR-003/ADR-005/ADR-006/ADR-007/ADR-008/ADR-010/ADR-011/ADR-013/ADR-014/ADR-015/ADR-019/ADR-021/ADR-023/ADR-040/ADR-044/ADR-046/ADR-055,AC-ISSUE-0813-01/AC-ISSUE-0813-02/AC-ISSUE-0813-03/AC-ISSUE-0813-04,PASS,PASS,PASS,PASS,CRITICAL
ISSUE-0814,Implementable story,planned,EPIC-004,SPRINT-001,BC-001,Governança de Engenharia e Entrega,Tech Lead,STORY-0704-ISSUE-0814-slice-2-3-materializar-a-fundacao-executavel-openapi-cliente-typescript-e-contratos-cl.md,ADR-002/ADR-003/ADR-005/ADR-006/ADR-007/ADR-008/ADR-010/ADR-011/ADR-013/ADR-014/ADR-015/ADR-021/ADR-023/ADR-040/ADR-045/ADR-055,AC-ISSUE-0814-01/AC-ISSUE-0814-02/AC-ISSUE-0814-03/AC-ISSUE-0814-04,PASS,PASS,PASS,PASS,CRITICAL
ISSUE-0815,Implementable story,planned,EPIC-004,SPRINT-001,BC-001,Governança de Engenharia e Entrega,Tech Lead,STORY-0705-ISSUE-0815-slice-3-3-materializar-a-fundacao-executavel-openapi-cliente-typescript-e-contratos-cl.md,ADR-001/ADR-002/ADR-003/ADR-005/ADR-006/ADR-007/ADR-008/ADR-010/ADR-011/ADR-013/ADR-014/ADR-015/ADR-021/ADR-023/ADR-035/ADR-055,AC-ISSUE-0815-01/AC-ISSUE-0815-02/AC-ISSUE-0815-03/AC-ISSUE-0815-04,PASS,PASS,PASS,PASS,CRITICAL
ISSUE-0816,Implementable story,planned,EPIC-005,SPRINT-001,BC-001,Governança de Engenharia e Entrega,Arquiteto,STORY-0706-ISSUE-0816-slice-1-2-definir-escopo-contratos-e-invariantes-migrations-ci-secret-dependency-scan.md,ADR-003/ADR-006/ADR-007/ADR-008/ADR-018/ADR-023/ADR-024/ADR-026/ADR-034/ADR-038/ADR-044/ADR-046/ADR-051/ADR-052/ADR-053/ADR-054,AC-ISSUE-0816-01/AC-ISSUE-0816-02/AC-ISSUE-0816-03/AC-ISSUE-0816-04,PASS,PASS,PASS,PASS,CRITICAL
ISSUE-0817,Implementable story,planned,EPIC-005,SPRINT-001,BC-001,Governança de Engenharia e Entrega,Arquiteto,STORY-0707-ISSUE-0817-slice-2-2-definir-escopo-contratos-e-invariantes-migrations-ci-secret-dependency-scan.md,ADR-002/ADR-003/ADR-006/ADR-007/ADR-008/ADR-018/ADR-023/ADR-024/ADR-026,AC-ISSUE-0817-01/AC-ISSUE-0817-02/AC-ISSUE-0817-03/AC-ISSUE-0817-04,PASS,PASS,PASS,PASS,HIGH
ISSUE-0818,Implementable story,planned,EPIC-005,SPRINT-001,BC-001,Governança de Engenharia e Entrega,Tech Lead,STORY-0708-ISSUE-0818-slice-1-4-materializar-a-fundacao-executavel-migrations-ci-secret-dependency-scan-e-te.md,ADR-003/ADR-006/ADR-007/ADR-008/ADR-009/ADR-012/ADR-018/ADR-023/ADR-024/ADR-026/ADR-030/ADR-038/ADR-039/ADR-046/ADR-051/ADR-052/ADR-053,AC-ISSUE-0818-01/AC-ISSUE-0818-02/AC-ISSUE-0818-03/AC-ISSUE-0818-04,PASS,PASS,PASS,PASS,CRITICAL
ISSUE-0819,Implementable story,planned,EPIC-005,SPRINT-001,BC-001,Governança de Engenharia e Entrega,Tech Lead,STORY-0709-ISSUE-0819-slice-2-4-materializar-a-fundacao-executavel-migrations-ci-secret-dependency-scan-e-te.md,ADR-002/ADR-003/ADR-006/ADR-007/ADR-008/ADR-018/ADR-023/ADR-024/ADR-026/ADR-037/ADR-038/ADR-039/ADR-040/ADR-044/ADR-046/ADR-055/ADR-057,AC-ISSUE-0819-01/AC-ISSUE-0819-02/AC-ISSUE-0819-03/AC-ISSUE-0819-04,PASS,PASS,PASS,PASS,CRITICAL
ISSUE-0820,Implementable story,planned,EPIC-005,SPRINT-001,BC-001,Governança de Engenharia e Entrega,Tech Lead,STORY-0710-ISSUE-0820-slice-3-4-materializar-a-fundacao-executavel-migrations-ci-secret-dependency-scan-e-te.md,ADR-003/ADR-006/ADR-007/ADR-008/ADR-009/ADR-015/ADR-018/ADR-023/ADR-024/ADR-026/ADR-044/ADR-046/ADR-055,AC-ISSUE-0820-01/AC-ISSUE-0820-02/AC-ISSUE-0820-03/AC-ISSUE-0820-04,PASS,PASS,PASS,PASS,CRITICAL
ISSUE-0821,Implementable story,planned,EPIC-005,SPRINT-001,BC-001,Governança de Engenharia e Entrega,Tech Lead,STORY-0711-ISSUE-0821-slice-4-4-materializar-a-fundacao-executavel-migrations-ci-secret-dependency-scan-e-te.md,ADR-003/ADR-006/ADR-007/ADR-008/ADR-009/ADR-014/ADR-018/ADR-023/ADR-024/ADR-026/ADR-035/ADR-037/ADR-046/ADR-051/ADR-052/ADR-053/ADR-055,AC-ISSUE-0821-01/AC-ISSUE-0821-02/AC-ISSUE-0821-03/AC-ISSUE-0821-04,PASS,PASS,PASS,PASS,CRITICAL
ISSUE-0822,Implementable story,planned,EPIC-008,SPRINT-002,BC-002,Identidade e Controle de Acesso,Backend,STORY-0712-ISSUE-0822-slice-1-2-implementar-dominio-e-persistencia-contas-locais-bootstrap-unico-sessoes-tok.md,ADR-003/ADR-005/ADR-006/ADR-007/ADR-008/ADR-016/ADR-018/ADR-019/ADR-028/ADR-029/ADR-031/ADR-043/ADR-055,AC-ISSUE-0822-01/AC-ISSUE-0822-02/AC-ISSUE-0822-03/AC-ISSUE-0822-04,PASS,PASS,PASS,PASS,CRITICAL
ISSUE-0823,Implementable story,planned,EPIC-008,SPRINT-002,BC-002,Identidade e Controle de Acesso,Backend,STORY-0713-ISSUE-0823-slice-2-2-implementar-dominio-e-persistencia-contas-locais-bootstrap-unico-sessoes-tok.md,ADR-003/ADR-005/ADR-006/ADR-007/ADR-008/ADR-016/ADR-018/ADR-019/ADR-029,AC-ISSUE-0823-01/AC-ISSUE-0823-02/AC-ISSUE-0823-03/AC-ISSUE-0823-04,PASS,PASS,PASS,PASS,HIGH
ISSUE-0824,Implementable story,planned,EPIC-009,SPRINT-002,BC-002,Identidade e Controle de Acesso,Backend,STORY-0714-ISSUE-0824-slice-1-2-implementar-dominio-e-persistencia-usuarios-e-papeis-da-instancia-req-acc-re.md,ADR-003/ADR-005/ADR-006/ADR-007/ADR-008/ADR-016/ADR-018/ADR-019/ADR-028/ADR-029/ADR-031/ADR-043/ADR-055,AC-ISSUE-0824-01/AC-ISSUE-0824-02/AC-ISSUE-0824-03/AC-ISSUE-0824-04,PASS,PASS,PASS,PASS,CRITICAL
ISSUE-0825,Implementable story,planned,EPIC-009,SPRINT-002,BC-002,Identidade e Controle de Acesso,Backend,STORY-0715-ISSUE-0825-slice-2-2-implementar-dominio-e-persistencia-usuarios-e-papeis-da-instancia-req-id.md,ADR-003/ADR-005/ADR-006/ADR-007/ADR-008/ADR-016/ADR-018/ADR-019/ADR-029,AC-ISSUE-0825-01/AC-ISSUE-0825-02/AC-ISSUE-0825-03/AC-ISSUE-0825-04,PASS,PASS,PASS,PASS,HIGH
ISSUE-0826,Implementable story,planned,EPIC-010,SPRINT-002,BC-002,Identidade e Controle de Acesso,Backend,STORY-0716-ISSUE-0826-slice-1-2-implementar-dominio-e-persistencia-autorizacao-por-projeto-operacao-artefato.md,ADR-003/ADR-005/ADR-006/ADR-007/ADR-008/ADR-016/ADR-018/ADR-019/ADR-028/ADR-029/ADR-031/ADR-043/ADR-055,AC-ISSUE-0826-01/AC-ISSUE-0826-02/AC-ISSUE-0826-03/AC-ISSUE-0826-04,PASS,PASS,PASS,PASS,CRITICAL
ISSUE-0827,Implementable story,planned,EPIC-010,SPRINT-002,BC-002,Identidade e Controle de Acesso,Backend,STORY-0717-ISSUE-0827-slice-2-2-implementar-dominio-e-persistencia-autorizacao-por-projeto-operacao-artefato.md,ADR-003/ADR-005/ADR-006/ADR-007/ADR-008/ADR-016/ADR-018/ADR-019/ADR-037/ADR-055,AC-ISSUE-0827-01/AC-ISSUE-0827-02/AC-ISSUE-0827-03/AC-ISSUE-0827-04,PASS,PASS,PASS,PASS,CRITICAL
ISSUE-0828,Implementable story,planned,EPIC-012,SPRINT-002,BC-003,"Projetos, Workspace e Assets",Backend,STORY-0718-ISSUE-0828-slice-1-3-implementar-persistencia-e-migrations-raizes-de-workspace-api-de-navegacao-s.md,ADR-003/ADR-004/ADR-005/ADR-006/ADR-007/ADR-008/ADR-010/ADR-011/ADR-012/ADR-013/ADR-014/ADR-015/ADR-016/ADR-018/ADR-019/ADR-020/ADR-023/ADR-025/ADR-026/ADR-043/ADR-055,AC-ISSUE-0828-01/AC-ISSUE-0828-02/AC-ISSUE-0828-03/AC-ISSUE-0828-04,PASS,PASS,PASS,PASS,CRITICAL
ISSUE-0829,Implementable story,planned,EPIC-012,SPRINT-002,BC-003,"Projetos, Workspace e Assets",Backend,STORY-0719-ISSUE-0829-slice-2-3-implementar-persistencia-e-migrations-raizes-de-workspace-api-de-navegacao-s.md,ADR-001/ADR-003/ADR-004/ADR-005/ADR-006/ADR-007/ADR-008/ADR-010/ADR-011/ADR-012/ADR-013/ADR-014/ADR-015/ADR-016/ADR-018/ADR-019/ADR-020/ADR-023/ADR-025/ADR-026/ADR-040/ADR-045/ADR-055,AC-ISSUE-0829-01/AC-ISSUE-0829-02/AC-ISSUE-0829-03/AC-ISSUE-0829-04,PASS,PASS,PASS,PASS,CRITICAL
ISSUE-0830,Implementable story,planned,EPIC-012,SPRINT-002,BC-003,"Projetos, Workspace e Assets",Backend,STORY-0720-ISSUE-0830-slice-3-3-implementar-persistencia-e-migrations-raizes-de-workspace-api-de-navegacao-s.md,ADR-003/ADR-004/ADR-005/ADR-006/ADR-007/ADR-008/ADR-010/ADR-011/ADR-012/ADR-013/ADR-014/ADR-015/ADR-016/ADR-018/ADR-019/ADR-020/ADR-023/ADR-025/ADR-026/ADR-055,AC-ISSUE-0830-01/AC-ISSUE-0830-02/AC-ISSUE-0830-03/AC-ISSUE-0830-04,PASS,PASS,PASS,PASS,CRITICAL
ISSUE-0831,Implementable story,planned,EPIC-014,SPRINT-003,BC-010,Orquestração de Jobs e Recursos,Backend,STORY-0721-ISSUE-0831-slice-1-2-implementar-modelo-e-application-services-modelo-de-job-e-maquina-de-estados.md,ADR-003/ADR-004/ADR-005/ADR-006/ADR-007/ADR-008/ADR-016/ADR-018/ADR-019/ADR-020/ADR-023/ADR-030/ADR-038/ADR-040/ADR-044/ADR-045/ADR-051/ADR-052/ADR-053,AC-ISSUE-0831-01/AC-ISSUE-0831-02/AC-ISSUE-0831-03/AC-ISSUE-0831-04,PASS,PASS,PASS,PASS,CRITICAL
ISSUE-0832,Implementable story,planned,EPIC-014,SPRINT-003,BC-010,Orquestração de Jobs e Recursos,Backend,STORY-0722-ISSUE-0832-slice-2-2-implementar-modelo-e-application-services-modelo-de-job-e-maquina-de-estados.md,ADR-002/ADR-003/ADR-004/ADR-005/ADR-006/ADR-007/ADR-008/ADR-015/ADR-016/ADR-018/ADR-019/ADR-020/ADR-023/ADR-037/ADR-044/ADR-055,AC-ISSUE-0832-01/AC-ISSUE-0832-02/AC-ISSUE-0832-03/AC-ISSUE-0832-04,PASS,PASS,PASS,PASS,CRITICAL
ISSUE-0833,Implementable story,planned,EPIC-021,SPRINT-005,BC-007,Verificação Geométrica e Qualidade,Geoprocessamento,STORY-0723-ISSUE-0833-slice-1-2-preparar-corpus-fixtures-e-representacao-tipada-corpus-versionado-com-decada.md,ADR-003/ADR-004/ADR-005/ADR-006/ADR-007/ADR-008/ADR-015/ADR-023/ADR-040/ADR-041/ADR-042/ADR-043/ADR-044/ADR-045/ADR-046/ADR-055,AC-ISSUE-0833-01/AC-ISSUE-0833-02/AC-ISSUE-0833-03/AC-ISSUE-0833-04,PASS,PASS,PASS,PASS,CRITICAL
ISSUE-0834,Implementable story,planned,EPIC-021,SPRINT-005,BC-007,Verificação Geométrica e Qualidade,Geoprocessamento,STORY-0724-ISSUE-0834-slice-2-2-preparar-corpus-fixtures-e-representacao-tipada-corpus-versionado-com-decada.md,ADR-003/ADR-004/ADR-005/ADR-006/ADR-007/ADR-008/ADR-009/ADR-023/ADR-041/ADR-042/ADR-043/ADR-044/ADR-045/ADR-046/ADR-053/ADR-055,AC-ISSUE-0834-01/AC-ISSUE-0834-02/AC-ISSUE-0834-03/AC-ISSUE-0834-04,PASS,PASS,PASS,PASS,CRITICAL
ISSUE-0835,Implementable story,planned,EPIC-022,SPRINT-005,BC-005,Descoberta e Aquisição de Referências,Geoprocessamento,STORY-0725-ISSUE-0835-slice-1-4-preparar-corpus-fixtures-e-representacao-tipada-busca-provavel-greenfield-va.md,ADR-003/ADR-004/ADR-005/ADR-006/ADR-007/ADR-008/ADR-023/ADR-025/ADR-030/ADR-038/ADR-039/ADR-041/ADR-042/ADR-043/ADR-044/ADR-045/ADR-046/ADR-051/ADR-052/ADR-053/ADR-055,AC-ISSUE-0835-01/AC-ISSUE-0835-02/AC-ISSUE-0835-03/AC-ISSUE-0835-04,PASS,PASS,PASS,PASS,CRITICAL
ISSUE-0836,Implementable story,planned,EPIC-022,SPRINT-005,BC-005,Descoberta e Aquisição de Referências,Geoprocessamento,STORY-0726-ISSUE-0836-slice-2-4-preparar-corpus-fixtures-e-representacao-tipada-busca-provavel-greenfield-va.md,ADR-003/ADR-004/ADR-005/ADR-006/ADR-007/ADR-008/ADR-015/ADR-023/ADR-025/ADR-040/ADR-041/ADR-042/ADR-043/ADR-044/ADR-045/ADR-046/ADR-055,AC-ISSUE-0836-01/AC-ISSUE-0836-02/AC-ISSUE-0836-03/AC-ISSUE-0836-04,PASS,PASS,PASS,PASS,CRITICAL
ISSUE-0837,Implementable story,planned,EPIC-022,SPRINT-005,BC-005,Descoberta e Aquisição de Referências,Geoprocessamento,STORY-0727-ISSUE-0837-slice-3-4-preparar-corpus-fixtures-e-representacao-tipada-busca-provavel-greenfield-va.md,ADR-003/ADR-004/ADR-005/ADR-006/ADR-007/ADR-008/ADR-009/ADR-023/ADR-025/ADR-041/ADR-042/ADR-043/ADR-044/ADR-045/ADR-046/ADR-055,AC-ISSUE-0837-01/AC-ISSUE-0837-02/AC-ISSUE-0837-03/AC-ISSUE-0837-04,PASS,PASS,PASS,PASS,CRITICAL
ISSUE-0838,Implementable story,planned,EPIC-022,SPRINT-005,BC-005,Descoberta e Aquisição de Referências,Geoprocessamento,STORY-0728-ISSUE-0838-slice-4-4-preparar-corpus-fixtures-e-representacao-tipada-busca-provavel-greenfield-va.md,ADR-003/ADR-004/ADR-005/ADR-006/ADR-007/ADR-008/ADR-023/ADR-025/ADR-041/ADR-042/ADR-043/ADR-044/ADR-045/ADR-046/ADR-055,AC-ISSUE-0838-01/AC-ISSUE-0838-02/AC-ISSUE-0838-03/AC-ISSUE-0838-04,PASS,PASS,PASS,PASS,CRITICAL
ISSUE-0839,Implementable story,planned,EPIC-024,SPRINT-005,BC-007,Verificação Geométrica e Qualidade,Geoprocessamento,STORY-0729-ISSUE-0839-slice-1-3-preparar-corpus-fixtures-e-representacao-tipada-strong-geometric-verifier-fa.md,ADR-003/ADR-004/ADR-005/ADR-006/ADR-007/ADR-008/ADR-023/ADR-030/ADR-038/ADR-041/ADR-042/ADR-043/ADR-044/ADR-045/ADR-046/ADR-048/ADR-049/ADR-050/ADR-051/ADR-052/ADR-053/ADR-055,AC-ISSUE-0839-01/AC-ISSUE-0839-02/AC-ISSUE-0839-03/AC-ISSUE-0839-04,PASS,PASS,PASS,PASS,CRITICAL
ISSUE-0840,Implementable story,planned,EPIC-024,SPRINT-005,BC-007,Verificação Geométrica e Qualidade,Geoprocessamento,STORY-0730-ISSUE-0840-slice-2-3-preparar-corpus-fixtures-e-representacao-tipada-strong-geometric-verifier-fa.md,ADR-003/ADR-004/ADR-005/ADR-006/ADR-007/ADR-008/ADR-015/ADR-023/ADR-040/ADR-041/ADR-042/ADR-043/ADR-044/ADR-045/ADR-046/ADR-048/ADR-049/ADR-050/ADR-055,AC-ISSUE-0840-01/AC-ISSUE-0840-02/AC-ISSUE-0840-03/AC-ISSUE-0840-04,PASS,PASS,PASS,PASS,CRITICAL
ISSUE-0841,Implementable story,planned,EPIC-024,SPRINT-005,BC-007,Verificação Geométrica e Qualidade,Geoprocessamento,STORY-0731-ISSUE-0841-slice-3-3-preparar-corpus-fixtures-e-representacao-tipada-strong-geometric-verifier-fa.md,ADR-003/ADR-004/ADR-005/ADR-006/ADR-007/ADR-008/ADR-023/ADR-041/ADR-042/ADR-043/ADR-044/ADR-045/ADR-046/ADR-048/ADR-049/ADR-050/ADR-055,AC-ISSUE-0841-01/AC-ISSUE-0841-02/AC-ISSUE-0841-03/AC-ISSUE-0841-04,PASS,PASS,PASS,PASS,CRITICAL
ISSUE-0842,Implementable story,planned,EPIC-026,SPRINT-005,BC-013,"Artifacts, Proveniência e Lifecycle",Geoprocessamento,STORY-0732-ISSUE-0842-slice-1-3-preparar-corpus-fixtures-e-representacao-tipada-artefatos-e-lineage-req-art.md,ADR-003/ADR-004/ADR-005/ADR-006/ADR-007/ADR-008/ADR-009/ADR-012/ADR-023/ADR-024/ADR-025/ADR-040/ADR-041/ADR-042/ADR-043/ADR-044/ADR-045/ADR-046/ADR-055,AC-ISSUE-0842-01/AC-ISSUE-0842-02/AC-ISSUE-0842-03/AC-ISSUE-0842-04,PASS,PASS,PASS,PASS,CRITICAL
ISSUE-0843,Implementable story,planned,EPIC-026,SPRINT-005,BC-013,"Artifacts, Proveniência e Lifecycle",Geoprocessamento,STORY-0733-ISSUE-0843-slice-2-3-preparar-corpus-fixtures-e-representacao-tipada-artefatos-e-lineage-req-artl.md,ADR-003/ADR-004/ADR-005/ADR-006/ADR-007/ADR-008/ADR-015/ADR-019/ADR-023/ADR-024/ADR-025/ADR-040/ADR-041/ADR-042/ADR-043/ADR-044/ADR-045/ADR-046/ADR-055,AC-ISSUE-0843-01/AC-ISSUE-0843-02/AC-ISSUE-0843-03/AC-ISSUE-0843-04,PASS,PASS,PASS,PASS,CRITICAL
ISSUE-0844,Implementable story,planned,EPIC-026,SPRINT-005,BC-013,"Artifacts, Proveniência e Lifecycle",Geoprocessamento,STORY-0734-ISSUE-0844-slice-3-3-preparar-corpus-fixtures-e-representacao-tipada-artefatos-e-lineage-req-nati.md,ADR-003/ADR-004/ADR-005/ADR-006/ADR-007/ADR-008/ADR-009/ADR-023/ADR-024/ADR-025/ADR-041/ADR-042/ADR-043/ADR-044/ADR-045/ADR-046/ADR-055,AC-ISSUE-0844-01/AC-ISSUE-0844-02/AC-ISSUE-0844-03/AC-ISSUE-0844-04,PASS,PASS,PASS,PASS,CRITICAL
ISSUE-0845,Implementable story,planned,EPIC-028,SPRINT-005,BC-007,Verificação Geométrica e Qualidade,Geoprocessamento,STORY-0735-ISSUE-0845-slice-1-3-preparar-corpus-fixtures-e-representacao-tipada-benchmarks-por-periodo-senso.md,ADR-003/ADR-004/ADR-005/ADR-006/ADR-007/ADR-008/ADR-025/ADR-030/ADR-038/ADR-039/ADR-041/ADR-042/ADR-043/ADR-044/ADR-045/ADR-046/ADR-051/ADR-052/ADR-053,AC-ISSUE-0845-01/AC-ISSUE-0845-02/AC-ISSUE-0845-03/AC-ISSUE-0845-04,PASS,PASS,PASS,PASS,CRITICAL
ISSUE-0846,Implementable story,planned,EPIC-028,SPRINT-005,BC-007,Verificação Geométrica e Qualidade,Geoprocessamento,STORY-0736-ISSUE-0846-slice-2-3-preparar-corpus-fixtures-e-representacao-tipada-benchmarks-por-periodo-senso.md,ADR-003/ADR-004/ADR-005/ADR-006/ADR-007/ADR-008/ADR-009/ADR-025/ADR-041/ADR-042/ADR-043/ADR-044/ADR-045/ADR-046/ADR-051/ADR-052/ADR-053,AC-ISSUE-0846-01/AC-ISSUE-0846-02/AC-ISSUE-0846-03/AC-ISSUE-0846-04,PASS,PASS,PASS,PASS,CRITICAL
ISSUE-0847,Implementable story,planned,EPIC-028,SPRINT-005,BC-007,Verificação Geométrica e Qualidade,Geoprocessamento,STORY-0737-ISSUE-0847-slice-3-3-preparar-corpus-fixtures-e-representacao-tipada-benchmarks-por-periodo-senso.md,ADR-003/ADR-004/ADR-005/ADR-006/ADR-007/ADR-008/ADR-018/ADR-025/ADR-041/ADR-042/ADR-043/ADR-044/ADR-045/ADR-046/ADR-051/ADR-052/ADR-053,AC-ISSUE-0847-01/AC-ISSUE-0847-02/AC-ISSUE-0847-03/AC-ISSUE-0847-04,PASS,PASS,PASS,PASS,CRITICAL
ISSUE-0848,Implementable story,planned,EPIC-031,SPRINT-009,BC-016,Experiência e Orientação do Operador,Frontend,STORY-0738-ISSUE-0848-slice-1-3-integrar-contratos-e-cliente-tipado-react-typescript-vite-design-system-clie.md,ADR-003/ADR-004/ADR-005/ADR-006/ADR-007/ADR-008/ADR-010/ADR-011/ADR-013/ADR-014/ADR-015/ADR-023/ADR-040/ADR-044/ADR-045/ADR-055,AC-ISSUE-0848-01/AC-ISSUE-0848-02/AC-ISSUE-0848-03/AC-ISSUE-0848-04,PASS,PASS,PASS,PASS,CRITICAL
ISSUE-0849,Implementable story,planned,EPIC-031,SPRINT-009,BC-016,Experiência e Orientação do Operador,Frontend,STORY-0739-ISSUE-0849-slice-2-3-integrar-contratos-e-cliente-tipado-react-typescript-vite-design-system-clie.md,ADR-003/ADR-004/ADR-005/ADR-006/ADR-007/ADR-008/ADR-010/ADR-011/ADR-013/ADR-014/ADR-015/ADR-017/ADR-040/ADR-045/ADR-055,AC-ISSUE-0849-01/AC-ISSUE-0849-02/AC-ISSUE-0849-03/AC-ISSUE-0849-04,PASS,PASS,PASS,PASS,CRITICAL
ISSUE-0850,Implementable story,planned,EPIC-031,SPRINT-009,BC-016,Experiência e Orientação do Operador,Frontend,STORY-0740-ISSUE-0850-slice-3-3-integrar-contratos-e-cliente-tipado-react-typescript-vite-design-system-clie.md,ADR-003/ADR-004/ADR-005/ADR-006/ADR-007/ADR-008/ADR-010/ADR-011/ADR-013/ADR-014/ADR-015,AC-ISSUE-0850-01/AC-ISSUE-0850-02/AC-ISSUE-0850-03/AC-ISSUE-0850-04,PASS,PASS,PASS,PASS,HIGH
ISSUE-0851,Implementable story,planned,EPIC-034,SPRINT-009,BC-016,Experiência e Orientação do Operador,Frontend,STORY-0741-ISSUE-0851-slice-1-2-integrar-contratos-e-cliente-tipado-painel-de-qualidade-do-lote-busca-server.md,ADR-003/ADR-004/ADR-005/ADR-006/ADR-007/ADR-008/ADR-010/ADR-011/ADR-012/ADR-014/ADR-037/ADR-038/ADR-039/ADR-040/ADR-046,AC-ISSUE-0851-01/AC-ISSUE-0851-02/AC-ISSUE-0851-03/AC-ISSUE-0851-04,PASS,PASS,PASS,PASS,CRITICAL
ISSUE-0852,Implementable story,planned,EPIC-034,SPRINT-009,BC-016,Experiência e Orientação do Operador,Frontend,STORY-0742-ISSUE-0852-slice-2-2-integrar-contratos-e-cliente-tipado-painel-de-qualidade-do-lote-busca-server.md,ADR-002/ADR-003/ADR-004/ADR-005/ADR-006/ADR-007/ADR-008/ADR-010/ADR-011/ADR-012/ADR-014/ADR-030/ADR-040/ADR-046/ADR-053,AC-ISSUE-0852-01/AC-ISSUE-0852-02/AC-ISSUE-0852-03/AC-ISSUE-0852-04,PASS,PASS,PASS,PASS,CRITICAL
ISSUE-0853,Implementable story,planned,EPIC-037,SPRINT-010,BC-012,"Resultados, Diagnósticos e Exportação",Backend,STORY-0743-ISSUE-0853-slice-1-2-implementar-persistencia-e-snapshots-persistencia-e-exportacao-escalavel-de.md,ADR-002/ADR-003/ADR-004/ADR-005/ADR-006/ADR-007/ADR-008/ADR-012/ADR-016/ADR-018/ADR-019/ADR-025/ADR-037/ADR-038/ADR-039/ADR-040/ADR-050,AC-ISSUE-0853-01/AC-ISSUE-0853-02/AC-ISSUE-0853-03/AC-ISSUE-0853-04,PASS,PASS,PASS,PASS,HIGH
ISSUE-0854,Implementable story,planned,EPIC-037,SPRINT-010,BC-012,"Resultados, Diagnósticos e Exportação",Backend,STORY-0744-ISSUE-0854-slice-2-2-implementar-persistencia-e-snapshots-persistencia-e-exportacao-escalavel-de.md,ADR-003/ADR-004/ADR-005/ADR-006/ADR-007/ADR-008/ADR-016/ADR-018/ADR-019/ADR-025/ADR-053,AC-ISSUE-0854-01/AC-ISSUE-0854-02/AC-ISSUE-0854-03/AC-ISSUE-0854-04,PASS,PASS,PASS,PASS,HIGH
ISSUE-0855,Implementable story,planned,EPIC-039,SPRINT-011,BC-014,"Operações, Auditoria e Suporte",DevOps,STORY-0745-ISSUE-0855-slice-1-2-implementar-automacao-operacional-instrumentacao-opentelemetry-correlation-i.md,ADR-003/ADR-004/ADR-005/ADR-006/ADR-007/ADR-008/ADR-009/ADR-010/ADR-011/ADR-012/ADR-017/ADR-023/ADR-024/ADR-030/ADR-033/ADR-034/ADR-038/ADR-046/ADR-051/ADR-052/ADR-053/ADR-055,AC-ISSUE-0855-01/AC-ISSUE-0855-02/AC-ISSUE-0855-03/AC-ISSUE-0855-04,PASS,PASS,PASS,PASS,CRITICAL
ISSUE-0856,Implementable story,planned,EPIC-039,SPRINT-011,BC-014,"Operações, Auditoria e Suporte",DevOps,STORY-0746-ISSUE-0856-slice-2-2-implementar-automacao-operacional-instrumentacao-opentelemetry-correlation-i.md,ADR-003/ADR-004/ADR-005/ADR-006/ADR-007/ADR-008/ADR-009/ADR-010/ADR-011/ADR-012/ADR-023/ADR-024/ADR-033/ADR-034/ADR-037/ADR-054/ADR-055,AC-ISSUE-0856-01/AC-ISSUE-0856-02/AC-ISSUE-0856-03/AC-ISSUE-0856-04,PASS,PASS,PASS,PASS,CRITICAL
ISSUE-0857,Implementable story,planned,EPIC-041,SPRINT-002,BC-014,"Operações, Auditoria e Suporte",Arquiteto,STORY-0747-ISSUE-0857-slice-1-3-definir-politicas-e-contratos-fail-closed-threat-model-validado-scanning-e-t.md,ADR-003/ADR-004/ADR-005/ADR-006/ADR-007/ADR-008/ADR-009/ADR-030/ADR-038/ADR-046/ADR-051/ADR-052/ADR-053,AC-ISSUE-0857-01/AC-ISSUE-0857-02/AC-ISSUE-0857-03/AC-ISSUE-0857-04,PASS,PASS,PASS,PASS,CRITICAL
ISSUE-0858,Implementable story,planned,EPIC-041,SPRINT-002,BC-014,"Operações, Auditoria e Suporte",Arquiteto,STORY-0748-ISSUE-0858-slice-2-3-definir-politicas-e-contratos-fail-closed-threat-model-validado-scanning-e-t.md,ADR-003/ADR-004/ADR-005/ADR-006/ADR-007/ADR-008/ADR-023/ADR-028/ADR-029/ADR-031/ADR-055,AC-ISSUE-0858-01/AC-ISSUE-0858-02/AC-ISSUE-0858-03/AC-ISSUE-0858-04,PASS,PASS,PASS,PASS,CRITICAL
ISSUE-0859,Implementable story,planned,EPIC-041,SPRINT-002,BC-014,"Operações, Auditoria e Suporte",Arquiteto,STORY-0749-ISSUE-0859-slice-3-3-definir-politicas-e-contratos-fail-closed-threat-model-validado-scanning-e-t.md,ADR-002/ADR-003/ADR-004/ADR-005/ADR-006/ADR-007/ADR-008/ADR-014/ADR-031/ADR-047,AC-ISSUE-0859-01/AC-ISSUE-0859-02/AC-ISSUE-0859-03/AC-ISSUE-0859-04,PASS,PASS,PASS,PASS,CRITICAL
ISSUE-0860,Implementable story,planned,EPIC-050,SPRINT-006,BC-009,Recuperação Assistida por IA e Governança de Modelos,Geoprocessamento,STORY-0750-ISSUE-0860-slice-1-2-preparar-corpus-fixtures-e-representacao-tipada-registry-de-matchers-classic.md,ADR-003/ADR-004/ADR-005/ADR-006/ADR-007/ADR-008/ADR-009/ADR-017/ADR-033/ADR-038/ADR-041/ADR-042/ADR-043/ADR-046/ADR-051/ADR-052/ADR-053/ADR-055,AC-ISSUE-0860-01/AC-ISSUE-0860-02/AC-ISSUE-0860-03/AC-ISSUE-0860-04,PASS,PASS,PASS,PASS,CRITICAL
ISSUE-0861,Implementable story,planned,EPIC-050,SPRINT-006,BC-009,Recuperação Assistida por IA e Governança de Modelos,Geoprocessamento,STORY-0751-ISSUE-0861-slice-2-2-preparar-corpus-fixtures-e-representacao-tipada-registry-de-matchers-classic.md,ADR-003/ADR-004/ADR-005/ADR-006/ADR-007/ADR-008/ADR-009/ADR-017/ADR-030/ADR-037/ADR-041/ADR-042/ADR-043/ADR-046/ADR-051/ADR-052/ADR-053/ADR-055,AC-ISSUE-0861-01/AC-ISSUE-0861-02/AC-ISSUE-0861-03/AC-ISSUE-0861-04,PASS,PASS,PASS,PASS,CRITICAL
ISSUE-0862,Implementable story,planned,EPIC-086,SPRINT-001,BC-001,Governança de Engenharia e Entrega,Tech Lead,STORY-0752-ISSUE-0862-slice-1-2-materializar-a-fundacao-executavel-walking-skeleton-frontendapipostgresqlrab.md,ADR-003/ADR-006/ADR-007/ADR-008/ADR-010/ADR-011/ADR-012/ADR-014/ADR-057,AC-ISSUE-0862-01/AC-ISSUE-0862-02/AC-ISSUE-0862-03/AC-ISSUE-0862-04,PASS,PASS,PASS,PASS,CRITICAL
ISSUE-0863,Implementable story,planned,EPIC-086,SPRINT-001,BC-001,Governança de Engenharia e Entrega,Tech Lead,STORY-0753-ISSUE-0863-slice-2-2-materializar-a-fundacao-executavel-walking-skeleton-frontendapipostgresqlrab.md,ADR-003/ADR-006/ADR-007/ADR-008/ADR-010/ADR-011/ADR-012/ADR-014/ADR-035,AC-ISSUE-0863-01/AC-ISSUE-0863-02/AC-ISSUE-0863-03/AC-ISSUE-0863-04,PASS,PASS,PASS,PASS,CRITICAL
ISSUE-0864,Implementable story,planned,EPIC-110,SPRINT-001,BC-001,Governança de Engenharia e Entrega,Tech Lead,STORY-0754-ISSUE-0864-slice-1-5-materializar-a-fundacao-executavel-governanca-continua-do-backlog-e-decompos.md,ADR-003/ADR-006/ADR-007/ADR-008/ADR-040,AC-ISSUE-0864-01/AC-ISSUE-0864-02/AC-ISSUE-0864-03/AC-ISSUE-0864-04,PASS,PASS,PASS,PASS,MEDIUM
ISSUE-0865,Implementable story,planned,EPIC-110,SPRINT-001,BC-001,Governança de Engenharia e Entrega,Tech Lead,STORY-0755-ISSUE-0865-slice-2-5-materializar-a-fundacao-executavel-governanca-continua-do-backlog-e-decompos.md,ADR-003/ADR-006/ADR-007/ADR-008/ADR-012/ADR-016/ADR-037/ADR-040,AC-ISSUE-0865-01/AC-ISSUE-0865-02/AC-ISSUE-0865-03/AC-ISSUE-0865-04,PASS,PASS,PASS,PASS,MEDIUM
ISSUE-0866,Implementable story,planned,EPIC-110,SPRINT-001,BC-001,Governança de Engenharia e Entrega,Tech Lead,STORY-0756-ISSUE-0866-slice-3-5-materializar-a-fundacao-executavel-governanca-continua-do-backlog-e-decompos.md,ADR-003/ADR-006/ADR-007/ADR-008/ADR-022/ADR-043/ADR-053,AC-ISSUE-0866-01/AC-ISSUE-0866-02/AC-ISSUE-0866-03/AC-ISSUE-0866-04,PASS,PASS,PASS,PASS,HIGH
ISSUE-0867,Implementable story,planned,EPIC-110,SPRINT-001,BC-001,Governança de Engenharia e Entrega,Tech Lead,STORY-0757-ISSUE-0867-slice-4-5-materializar-a-fundacao-executavel-governanca-continua-do-backlog-e-decompos.md,ADR-003/ADR-006/ADR-007/ADR-008/ADR-016/ADR-050/ADR-053,AC-ISSUE-0867-01/AC-ISSUE-0867-02/AC-ISSUE-0867-03/AC-ISSUE-0867-04,PASS,PASS,PASS,PASS,HIGH
ISSUE-0868,Implementable story,planned,EPIC-110,SPRINT-001,BC-001,Governança de Engenharia e Entrega,Tech Lead,STORY-0758-ISSUE-0868-slice-5-5-materializar-a-fundacao-executavel-governanca-continua-do-backlog-e-decompos.md,ADR-003/ADR-006/ADR-007/ADR-008/ADR-012/ADR-035,AC-ISSUE-0868-01/AC-ISSUE-0868-02/AC-ISSUE-0868-03/AC-ISSUE-0868-04,PASS,PASS,PASS,PASS,CRITICAL
ISSUE-0869,Implementable story,planned,EPIC-001,SPRINT-001,BC-001,Governança de Engenharia e Entrega,QA,STORY-0759-ISSUE-0869-validar-automacao-fail-closed-e-idempotente-governanca-de-decisoes-arquiteturais.md,ADR-003/ADR-006/ADR-007/ADR-008/ADR-009/ADR-033/ADR-034,AC-ISSUE-0869-01/AC-ISSUE-0869-02/AC-ISSUE-0869-03/AC-ISSUE-0869-04,PASS,PASS,PASS,PASS,CRITICAL
