story_id,issue_id,task_id,epic_id,sprint,domain,bounded_context,bounded_context_name,type,status,role,title,dependencies,requirements,file,governing_adrs,requirement_basis,criterion_ids,rr_status,ddd_status,phase_f_status,phase_g_status,cto_risk_tier
STORY-0001,ISSUE-0111,TASK-0001,EPIC-001,SPRINT-001,FND,BC-001,Governança de Engenharia e Entrega,Story,done,Arquiteto,"Definir escopo, contratos e invariantes: governança de decisões arquiteturais e manutenção da baseline normativa",,REQ-ISM-004/REQ-ISS-002/REQ-SPRINT-001-004,STORY-0001-ISSUE-0111-definir-escopo-contratos-e-invariantes-governanca-de-decisoes-arquiteturai.md,ADR-003/ADR-006/ADR-007/ADR-008/ADR-010/ADR-011/ADR-012,MIXED,AC-ISSUE-0111-01/AC-ISSUE-0111-02/AC-ISSUE-0111-03/AC-ISSUE-0111-04,PASS,PASS,PASS,PASS,HIGH
STORY-0002,ISSUE-0112,TASK-0002,EPIC-001,SPRINT-001,FND,BC-001,Governança de Engenharia e Entrega,Story,planned,Tech Lead,Consolidar slices e liberar integração: governança de decisões arquiteturais e manutenção da baseline normativa,STORY-0688/STORY-0689,,STORY-0002-ISSUE-0112-materializar-a-fundacao-executavel-governanca-de-decisoes-arquiteturais-e.md,ADR-003/ADR-006/ADR-007/ADR-008,DERIVED_CONTROL,AC-ISSUE-0112-01/AC-ISSUE-0112-02/AC-ISSUE-0112-03/AC-ISSUE-0112-04,PASS,PASS,PASS,PASS,MEDIUM
STORY-0003,ISSUE-0113,TASK-0003,EPIC-001,SPRINT-001,FND,BC-001,Governança de Engenharia e Entrega,Story,done,DevOps,Automatizar validações e controles: governança de decisões arquiteturais e manutenção da baseline normativa,STORY-0001,,STORY-0003-ISSUE-0113-automatizar-validacoes-e-controles-governanca-de-decisoes-arquiteturais-e.md,ADR-003/ADR-006/ADR-007/ADR-008/ADR-009/ADR-033/ADR-034,DERIVED_CONTROL,AC-ISSUE-0113-01/AC-ISSUE-0113-02/AC-ISSUE-0113-03/AC-ISSUE-0113-04,PASS,PASS,PASS,PASS,CRITICAL
STORY-0004,ISSUE-0114,TASK-0004,EPIC-001,SPRINT-001,FND,BC-001,Governança de Engenharia e Entrega,Story,planned,Tech Lead,Integrar a capacidade ao fluxo do repositório: governança de decisões arquiteturais e manutenção da baseline normativa,STORY-0002/STORY-0759,,STORY-0004-ISSUE-0114-integrar-a-capacidade-ao-fluxo-do-repositorio-governanca-de-decisoes-arqui.md,ADR-003/ADR-006/ADR-007/ADR-008,DERIVED_CONTROL,AC-ISSUE-0114-01/AC-ISSUE-0114-02/AC-ISSUE-0114-03/AC-ISSUE-0114-04,PASS,PASS,PASS,PASS,MEDIUM
STORY-0005,ISSUE-0115,TASK-0005,EPIC-001,SPRINT-001,FND,BC-001,Governança de Engenharia e Entrega,Story,planned,Reviewer,Validar evidência e realizar auditoria final: governança de decisões arquiteturais e manutenção da baseline normativa,STORY-0004,,STORY-0005-ISSUE-0115-validar-evidencia-e-realizar-auditoria-final-governanca-de-decisoes-arquit.md,ADR-003/ADR-006/ADR-007/ADR-008,DERIVED_CONTROL,AC-ISSUE-0115-01/AC-ISSUE-0115-02/AC-ISSUE-0115-03/AC-ISSUE-0115-04,PASS,PASS,PASS,PASS,MEDIUM
STORY-0006,ISSUE-0116,TASK-0006,EPIC-002,SPRINT-001,FND,BC-001,Governança de Engenharia e Entrega,Story,planned,Arquiteto,"Consolidar slices e liberar integração: repositório privado, Project central/views/campos, labels, Issue Forms, templates, ruleset, checks e configuração reproduzível",STORY-0690/STORY-0691,,STORY-0006-ISSUE-0116-definir-escopo-contratos-e-invariantes-repositorio-privado-project-central.md,ADR-003/ADR-004/ADR-005/ADR-006/ADR-007/ADR-008,DERIVED_CONTROL,AC-ISSUE-0116-01/AC-ISSUE-0116-02/AC-ISSUE-0116-03/AC-ISSUE-0116-04,PASS,PASS,PASS,PASS,MEDIUM
STORY-0007,ISSUE-0117,TASK-0007,EPIC-002,SPRINT-001,FND,BC-001,Governança de Engenharia e Entrega,Story,planned,Tech Lead,"Consolidar slices e liberar integração: repositório privado, Project central/views/campos, labels, Issue Forms, templates, ruleset, checks e configuração reproduzível",STORY-0692/STORY-0693/STORY-0694/STORY-0695/STORY-0696/STORY-0697/STORY-0698/STORY-0699/STORY-0700,,STORY-0007-ISSUE-0117-materializar-a-fundacao-executavel-repositorio-privado-project-central-vie.md,ADR-003/ADR-004/ADR-005/ADR-006/ADR-007/ADR-008,DERIVED_CONTROL,AC-ISSUE-0117-01/AC-ISSUE-0117-02/AC-ISSUE-0117-03/AC-ISSUE-0117-04,PASS,PASS,PASS,PASS,MEDIUM
STORY-0008,ISSUE-0118,TASK-0008,EPIC-002,SPRINT-001,FND,BC-001,Governança de Engenharia e Entrega,Story,planned,DevOps,"Automatizar validações e controles: repositório privado, Project central/views/campos, labels, Issue Forms, templates, ruleset, checks e configuração reproduzível",STORY-0006,,STORY-0008-ISSUE-0118-automatizar-validacoes-e-controles-repositorio-privado-project-central-vie.md,ADR-003/ADR-004/ADR-005/ADR-006/ADR-007/ADR-008/ADR-009/ADR-033/ADR-034,DERIVED_CONTROL,AC-ISSUE-0118-01/AC-ISSUE-0118-02/AC-ISSUE-0118-03/AC-ISSUE-0118-04,PASS,PASS,PASS,PASS,CRITICAL
STORY-0009,ISSUE-0119,TASK-0009,EPIC-002,SPRINT-001,FND,BC-001,Governança de Engenharia e Entrega,Story,planned,Tech Lead,"Integrar a capacidade ao fluxo do repositório: repositório privado, Project central/views/campos, labels, Issue Forms, templates, ruleset, checks e configuração reproduzível",STORY-0007/STORY-0008,REQ-CLASSICPROFILE-006/REQ-CLASSICPROFILE-008/REQ-CLASSICPROFILE-010/REQ-NATIVE-001/REQ-NATIVE-004,STORY-0009-ISSUE-0119-integrar-a-capacidade-ao-fluxo-do-repositorio-repositorio-privado-project.md,ADR-003/ADR-004/ADR-005/ADR-006/ADR-007/ADR-008/ADR-042/ADR-044/ADR-045,MIXED,AC-ISSUE-0119-01/AC-ISSUE-0119-02/AC-ISSUE-0119-03/AC-ISSUE-0119-04,PASS,PASS,PASS,PASS,MEDIUM
STORY-0010,ISSUE-0120,TASK-0010,EPIC-002,SPRINT-001,FND,BC-001,Governança de Engenharia e Entrega,Story,planned,Reviewer,"Validar evidência e realizar auditoria final: repositório privado, Project central/views/campos, labels, Issue Forms, templates, ruleset, checks e configuração reproduzível",STORY-0009,,STORY-0010-ISSUE-0120-validar-evidencia-e-realizar-auditoria-final-repositorio-privado-project-c.md,ADR-003/ADR-004/ADR-005/ADR-006/ADR-007/ADR-008,DERIVED_CONTROL,AC-ISSUE-0120-01/AC-ISSUE-0120-02/AC-ISSUE-0120-03/AC-ISSUE-0120-04,PASS,PASS,PASS,PASS,MEDIUM
STORY-0011,ISSUE-0121,TASK-0011,EPIC-003,SPRINT-001,FND,BC-001,Governança de Engenharia e Entrega,Story,planned,Arquiteto,"Definir escopo, contratos e invariantes: monorepo greenfield com CLI/API/Web mínimos e checks reproduzíveis",STORY-0005,REQ-TOP-001,STORY-0011-ISSUE-0121-definir-escopo-contratos-e-invariantes-monorepo-greenfield-com-cli-api-web.md,ADR-003/ADR-006/ADR-007/ADR-008/ADR-010/ADR-011/ADR-014,MIXED,AC-ISSUE-0121-01/AC-ISSUE-0121-02/AC-ISSUE-0121-03/AC-ISSUE-0121-04,PASS,PASS,PASS,PASS,HIGH
STORY-0012,ISSUE-0122,TASK-0012,EPIC-003,SPRINT-001,FND,BC-001,Governança de Engenharia e Entrega,Story,planned,Tech Lead,Materializar a fundação executável: monorepo greenfield com CLI/API/Web mínimos e checks reproduzíveis,STORY-0011,REQ-DEL-001/REQ-DEV-001,STORY-0012-ISSUE-0122-materializar-a-fundacao-executavel-monorepo-greenfield-com-cli-api-web-min.md,ADR-001/ADR-003/ADR-006/ADR-007/ADR-008/ADR-010/ADR-011/ADR-014,MIXED,AC-ISSUE-0122-01/AC-ISSUE-0122-02/AC-ISSUE-0122-03/AC-ISSUE-0122-04,PASS,PASS,PASS,PASS,MEDIUM
STORY-0013,ISSUE-0123,TASK-0013,EPIC-003,SPRINT-001,FND,BC-001,Governança de Engenharia e Entrega,Story,planned,DevOps,Automatizar validações e controles: monorepo greenfield com CLI/API/Web mínimos e checks reproduzíveis,STORY-0011,,STORY-0013-ISSUE-0123-automatizar-validacoes-e-controles-monorepo-greenfield-com-cli-api-web-min.md,ADR-003/ADR-006/ADR-007/ADR-008/ADR-009/ADR-010/ADR-011/ADR-033/ADR-034,DERIVED_CONTROL,AC-ISSUE-0123-01/AC-ISSUE-0123-02/AC-ISSUE-0123-03/AC-ISSUE-0123-04,PASS,PASS,PASS,PASS,CRITICAL
STORY-0014,ISSUE-0124,TASK-0014,EPIC-003,SPRINT-001,FND,BC-001,Governança de Engenharia e Entrega,Story,planned,Tech Lead,Integrar a capacidade ao fluxo do repositório: monorepo greenfield com CLI/API/Web mínimos e checks reproduzíveis,STORY-0012/STORY-0013,,STORY-0014-ISSUE-0124-integrar-a-capacidade-ao-fluxo-do-repositorio-monorepo-greenfield-com-cli.md,ADR-003/ADR-006/ADR-007/ADR-008/ADR-010/ADR-011,DERIVED_CONTROL,AC-ISSUE-0124-01/AC-ISSUE-0124-02/AC-ISSUE-0124-03/AC-ISSUE-0124-04,PASS,PASS,PASS,PASS,MEDIUM
STORY-0015,ISSUE-0125,TASK-0015,EPIC-003,SPRINT-001,FND,BC-001,Governança de Engenharia e Entrega,Story,planned,Reviewer,Validar evidência e realizar auditoria final: monorepo greenfield com CLI/API/Web mínimos e checks reproduzíveis,STORY-0014,,STORY-0015-ISSUE-0125-validar-evidencia-e-realizar-auditoria-final-monorepo-greenfield-com-cli-a.md,ADR-003/ADR-006/ADR-007/ADR-008/ADR-010/ADR-011,DERIVED_CONTROL,AC-ISSUE-0125-01/AC-ISSUE-0125-02/AC-ISSUE-0125-03/AC-ISSUE-0125-04,PASS,PASS,PASS,PASS,MEDIUM
STORY-0016,ISSUE-0126,TASK-0016,EPIC-004,SPRINT-001,FND,BC-001,Governança de Engenharia e Entrega,Story,planned,Arquiteto,"Consolidar slices e liberar integração: OpenAPI, cliente TypeScript e contratos CLI/jobs/eventos/artefatos/ProcessingPlan/QualityReport/FailureDiagnostic versionados",STORY-0701/STORY-0702,,STORY-0016-ISSUE-0126-definir-escopo-contratos-e-invariantes-openapi-cliente-typescript-e-contra.md,ADR-003/ADR-005/ADR-006/ADR-007/ADR-008/ADR-010/ADR-011/ADR-013/ADR-014/ADR-015/ADR-021/ADR-023/ADR-055,DERIVED_CONTROL,AC-ISSUE-0126-01/AC-ISSUE-0126-02/AC-ISSUE-0126-03/AC-ISSUE-0126-04,PASS,PASS,PASS,PASS,CRITICAL
STORY-0017,ISSUE-0127,TASK-0017,EPIC-004,SPRINT-001,FND,BC-001,Governança de Engenharia e Entrega,Story,planned,Tech Lead,"Consolidar slices e liberar integração: OpenAPI, cliente TypeScript e contratos CLI/jobs/eventos/artefatos/ProcessingPlan/QualityReport/FailureDiagnostic versionados",STORY-0703/STORY-0704/STORY-0705,,STORY-0017-ISSUE-0127-materializar-a-fundacao-executavel-openapi-cliente-typescript-e-contratos.md,ADR-003/ADR-005/ADR-006/ADR-007/ADR-008/ADR-010/ADR-011/ADR-013/ADR-014/ADR-015/ADR-021/ADR-023/ADR-055,DERIVED_CONTROL,AC-ISSUE-0127-01/AC-ISSUE-0127-02/AC-ISSUE-0127-03/AC-ISSUE-0127-04,PASS,PASS,PASS,PASS,CRITICAL
STORY-0018,ISSUE-0128,TASK-0018,EPIC-004,SPRINT-001,FND,BC-001,Governança de Engenharia e Entrega,Story,planned,DevOps,"Automatizar validações e controles: OpenAPI, cliente TypeScript e contratos CLI/jobs/eventos/artefatos/ProcessingPlan/QualityReport/FailureDiagnostic versionados",STORY-0016,,STORY-0018-ISSUE-0128-automatizar-validacoes-e-controles-openapi-cliente-typescript-e-contratos.md,ADR-003/ADR-005/ADR-006/ADR-007/ADR-008/ADR-009/ADR-010/ADR-011/ADR-013/ADR-014/ADR-015/ADR-021/ADR-023/ADR-033/ADR-034/ADR-055,DERIVED_CONTROL,AC-ISSUE-0128-01/AC-ISSUE-0128-02/AC-ISSUE-0128-03/AC-ISSUE-0128-04,PASS,PASS,PASS,PASS,CRITICAL
STORY-0019,ISSUE-0129,TASK-0019,EPIC-004,SPRINT-001,FND,BC-001,Governança de Engenharia e Entrega,Story,planned,Tech Lead,"Integrar a capacidade ao fluxo do repositório: OpenAPI, cliente TypeScript e contratos CLI/jobs/eventos/artefatos/ProcessingPlan/QualityReport/FailureDiagnostic versionados",STORY-0017/STORY-0018,REQ-FS1-006,STORY-0019-ISSUE-0129-integrar-a-capacidade-ao-fluxo-do-repositorio-openapi-cliente-typescript-e.md,ADR-003/ADR-005/ADR-006/ADR-007/ADR-008/ADR-010/ADR-011/ADR-013/ADR-014/ADR-015/ADR-021/ADR-023/ADR-045/ADR-055,MIXED,AC-ISSUE-0129-01/AC-ISSUE-0129-02/AC-ISSUE-0129-03/AC-ISSUE-0129-04,PASS,PASS,PASS,PASS,CRITICAL
STORY-0020,ISSUE-0130,TASK-0020,EPIC-004,SPRINT-001,FND,BC-001,Governança de Engenharia e Entrega,Story,planned,Reviewer,"Validar evidência e realizar auditoria final: OpenAPI, cliente TypeScript e contratos CLI/jobs/eventos/artefatos/ProcessingPlan/QualityReport/FailureDiagnostic versionados",STORY-0019,,STORY-0020-ISSUE-0130-validar-evidencia-e-realizar-auditoria-final-openapi-cliente-typescript-e.md,ADR-003/ADR-005/ADR-006/ADR-007/ADR-008/ADR-010/ADR-011/ADR-013/ADR-014/ADR-015/ADR-021/ADR-023/ADR-055,DERIVED_CONTROL,AC-ISSUE-0130-01/AC-ISSUE-0130-02/AC-ISSUE-0130-03/AC-ISSUE-0130-04,PASS,PASS,PASS,PASS,CRITICAL
STORY-0021,ISSUE-0131,TASK-0021,EPIC-005,SPRINT-001,FND,BC-001,Governança de Engenharia e Entrega,Story,planned,Arquiteto,"Consolidar slices e liberar integração: migrations, CI, secret/dependency scan e telemetria mínima",STORY-0706/STORY-0707,,STORY-0021-ISSUE-0131-definir-escopo-contratos-e-invariantes-migrations-ci-secret-dependency-sca.md,ADR-003/ADR-006/ADR-007/ADR-008/ADR-018/ADR-023/ADR-024/ADR-026,DERIVED_CONTROL,AC-ISSUE-0131-01/AC-ISSUE-0131-02/AC-ISSUE-0131-03/AC-ISSUE-0131-04,PASS,PASS,PASS,PASS,HIGH
STORY-0022,ISSUE-0132,TASK-0022,EPIC-005,SPRINT-001,FND,BC-001,Governança de Engenharia e Entrega,Story,planned,Tech Lead,"Consolidar slices e liberar integração: migrations, CI, secret/dependency scan e telemetria mínima",STORY-0708/STORY-0709/STORY-0710/STORY-0711,,STORY-0022-ISSUE-0132-materializar-a-fundacao-executavel-migrations-ci-secret-dependency-scan-e.md,ADR-003/ADR-006/ADR-007/ADR-008/ADR-018/ADR-023/ADR-024/ADR-026,DERIVED_CONTROL,AC-ISSUE-0132-01/AC-ISSUE-0132-02/AC-ISSUE-0132-03/AC-ISSUE-0132-04,PASS,PASS,PASS,PASS,HIGH
STORY-0023,ISSUE-0133,TASK-0023,EPIC-005,SPRINT-001,FND,BC-001,Governança de Engenharia e Entrega,Story,planned,DevOps,"Automatizar validações e controles: migrations, CI, secret/dependency scan e telemetria mínima",STORY-0021,,STORY-0023-ISSUE-0133-automatizar-validacoes-e-controles-migrations-ci-secret-dependency-scan-e.md,ADR-003/ADR-006/ADR-007/ADR-008/ADR-009/ADR-018/ADR-023/ADR-024/ADR-026/ADR-033/ADR-034,DERIVED_CONTROL,AC-ISSUE-0133-01/AC-ISSUE-0133-02/AC-ISSUE-0133-03/AC-ISSUE-0133-04,PASS,PASS,PASS,PASS,CRITICAL
STORY-0024,ISSUE-0134,TASK-0024,EPIC-005,SPRINT-001,FND,BC-001,Governança de Engenharia e Entrega,Story,planned,Tech Lead,"Integrar a capacidade ao fluxo do repositório: migrations, CI, secret/dependency scan e telemetria mínima",STORY-0022/STORY-0023,REQ-BEX-001/REQ-BEX-006/REQ-FS1-006,STORY-0024-ISSUE-0134-integrar-a-capacidade-ao-fluxo-do-repositorio-migrations-ci-secret-depende.md,ADR-003/ADR-006/ADR-007/ADR-008/ADR-018/ADR-023/ADR-024/ADR-026/ADR-038/ADR-039/ADR-045,MIXED,AC-ISSUE-0134-01/AC-ISSUE-0134-02/AC-ISSUE-0134-03/AC-ISSUE-0134-04,PASS,PASS,PASS,PASS,HIGH
STORY-0025,ISSUE-0135,TASK-0025,EPIC-005,SPRINT-001,FND,BC-001,Governança de Engenharia e Entrega,Story,planned,Reviewer,"Validar evidência e realizar auditoria final: migrations, CI, secret/dependency scan e telemetria mínima",STORY-0024,,STORY-0025-ISSUE-0135-validar-evidencia-e-realizar-auditoria-final-migrations-ci-secret-dependen.md,ADR-003/ADR-006/ADR-007/ADR-008/ADR-018/ADR-023/ADR-024/ADR-026,DERIVED_CONTROL,AC-ISSUE-0135-01/AC-ISSUE-0135-02/AC-ISSUE-0135-03/AC-ISSUE-0135-04,PASS,PASS,PASS,PASS,HIGH
STORY-0026,ISSUE-0136,TASK-0026,EPIC-006,SPRINT-001,FND,BC-001,Governança de Engenharia e Entrega,Story,planned,Arquiteto,"Definir escopo, contratos e invariantes: catálogo de conhecimento técnico e decomposição das capacidades de processamento",STORY-0005,,STORY-0026-ISSUE-0136-definir-escopo-contratos-e-invariantes-catalogo-de-conhecimento-tecnico-e.md,ADR-003/ADR-006/ADR-007/ADR-008/ADR-010/ADR-011,DERIVED_CONTROL,AC-ISSUE-0136-01/AC-ISSUE-0136-02/AC-ISSUE-0136-03/AC-ISSUE-0136-04,PASS,PASS,PASS,PASS,HIGH
STORY-0027,ISSUE-0137,TASK-0027,EPIC-006,SPRINT-001,FND,BC-001,Governança de Engenharia e Entrega,Story,planned,Tech Lead,Materializar a fundação executável: catálogo de conhecimento técnico e decomposição das capacidades de processamento,STORY-0026,REQ-AI-007/REQ-TST-001,STORY-0027-ISSUE-0137-materializar-a-fundacao-executavel-catalogo-de-conhecimento-tecnico-e-deco.md,ADR-003/ADR-006/ADR-007/ADR-008/ADR-051/ADR-053,MIXED,AC-ISSUE-0137-01/AC-ISSUE-0137-02/AC-ISSUE-0137-03/AC-ISSUE-0137-04,PASS,PASS,PASS,PASS,CRITICAL
STORY-0028,ISSUE-0138,TASK-0028,EPIC-006,SPRINT-001,FND,BC-001,Governança de Engenharia e Entrega,Story,planned,DevOps,Automatizar validações e controles: catálogo de conhecimento técnico e decomposição das capacidades de processamento,STORY-0026,,STORY-0028-ISSUE-0138-automatizar-validacoes-e-controles-catalogo-de-conhecimento-tecnico-e-deco.md,ADR-003/ADR-006/ADR-007/ADR-008/ADR-009/ADR-033/ADR-034,DERIVED_CONTROL,AC-ISSUE-0138-01/AC-ISSUE-0138-02/AC-ISSUE-0138-03/AC-ISSUE-0138-04,PASS,PASS,PASS,PASS,CRITICAL
STORY-0029,ISSUE-0139,TASK-0029,EPIC-006,SPRINT-001,FND,BC-001,Governança de Engenharia e Entrega,Story,planned,Tech Lead,Integrar a capacidade ao fluxo do repositório: catálogo de conhecimento técnico e decomposição das capacidades de processamento,STORY-0027/STORY-0028,,STORY-0029-ISSUE-0139-integrar-a-capacidade-ao-fluxo-do-repositorio-catalogo-de-conhecimento-tec.md,ADR-003/ADR-006/ADR-007/ADR-008,DERIVED_CONTROL,AC-ISSUE-0139-01/AC-ISSUE-0139-02/AC-ISSUE-0139-03/AC-ISSUE-0139-04,PASS,PASS,PASS,PASS,MEDIUM
STORY-0030,ISSUE-0140,TASK-0030,EPIC-006,SPRINT-001,FND,BC-001,Governança de Engenharia e Entrega,Story,planned,Reviewer,Validar evidência e realizar auditoria final: catálogo de conhecimento técnico e decomposição das capacidades de processamento,STORY-0029,,STORY-0030-ISSUE-0140-validar-evidencia-e-realizar-auditoria-final-catalogo-de-conhecimento-tecn.md,ADR-003/ADR-006/ADR-007/ADR-008,DERIVED_CONTROL,AC-ISSUE-0140-01/AC-ISSUE-0140-02/AC-ISSUE-0140-03/AC-ISSUE-0140-04,PASS,PASS,PASS,PASS,MEDIUM
STORY-0031,ISSUE-0141,TASK-0031,EPIC-007,SPRINT-001,FND,BC-001,Governança de Engenharia e Entrega,Story,planned,Arquiteto,"Definir escopo, contratos e invariantes: LICENSE, CITATION.cff, contribuição, DCO/CLA e gate de publicação definidos",STORY-0005,,STORY-0031-ISSUE-0141-definir-escopo-contratos-e-invariantes-license-citation-cff-contribuicao-d.md,ADR-003/ADR-006/ADR-007/ADR-008/ADR-010/ADR-011,DERIVED_CONTROL,AC-ISSUE-0141-01/AC-ISSUE-0141-02/AC-ISSUE-0141-03/AC-ISSUE-0141-04,PASS,PASS,PASS,PASS,HIGH
STORY-0032,ISSUE-0142,TASK-0032,EPIC-007,SPRINT-001,FND,BC-001,Governança de Engenharia e Entrega,Story,planned,Tech Lead,"Materializar a fundação executável: LICENSE, CITATION.cff, contribuição, DCO/CLA e gate de publicação definidos",STORY-0031,REQ-CIT-001/REQ-EPIC-042/REQ-OSS-001/REQ-PUB-002,STORY-0032-ISSUE-0142-materializar-a-fundacao-executavel-license-citation-cff-contribuicao-dco-c.md,ADR-002/ADR-003/ADR-006/ADR-007/ADR-008/ADR-037/ADR-056/ADR-057,MIXED,AC-ISSUE-0142-01/AC-ISSUE-0142-02/AC-ISSUE-0142-03/AC-ISSUE-0142-04,PASS,PASS,PASS,PASS,CRITICAL
STORY-0033,ISSUE-0143,TASK-0033,EPIC-007,SPRINT-001,FND,BC-001,Governança de Engenharia e Entrega,Story,planned,DevOps,"Automatizar validações e controles: LICENSE, CITATION.cff, contribuição, DCO/CLA e gate de publicação definidos",STORY-0031,,STORY-0033-ISSUE-0143-automatizar-validacoes-e-controles-license-citation-cff-contribuicao-dco-c.md,ADR-003/ADR-006/ADR-007/ADR-008/ADR-009/ADR-033/ADR-034,DERIVED_CONTROL,AC-ISSUE-0143-01/AC-ISSUE-0143-02/AC-ISSUE-0143-03/AC-ISSUE-0143-04,PASS,PASS,PASS,PASS,CRITICAL
STORY-0034,ISSUE-0144,TASK-0034,EPIC-007,SPRINT-001,FND,BC-001,Governança de Engenharia e Entrega,Story,planned,Tech Lead,"Integrar a capacidade ao fluxo do repositório: LICENSE, CITATION.cff, contribuição, DCO/CLA e gate de publicação definidos",STORY-0032/STORY-0033,,STORY-0034-ISSUE-0144-integrar-a-capacidade-ao-fluxo-do-repositorio-license-citation-cff-contrib.md,ADR-003/ADR-006/ADR-007/ADR-008,DERIVED_CONTROL,AC-ISSUE-0144-01/AC-ISSUE-0144-02/AC-ISSUE-0144-03/AC-ISSUE-0144-04,PASS,PASS,PASS,PASS,MEDIUM
STORY-0035,ISSUE-0145,TASK-0035,EPIC-007,SPRINT-001,FND,BC-001,Governança de Engenharia e Entrega,Story,planned,Reviewer,"Validar evidência e realizar auditoria final: LICENSE, CITATION.cff, contribuição, DCO/CLA e gate de publicação definidos",STORY-0034,,STORY-0035-ISSUE-0145-validar-evidencia-e-realizar-auditoria-final-license-citation-cff-contribu.md,ADR-003/ADR-006/ADR-007/ADR-008,DERIVED_CONTROL,AC-ISSUE-0145-01/AC-ISSUE-0145-02/AC-ISSUE-0145-03/AC-ISSUE-0145-04,PASS,PASS,PASS,PASS,MEDIUM
STORY-0036,ISSUE-0146,TASK-0036,EPIC-008,SPRINT-002,PLT,BC-002,Identidade e Controle de Acesso,Story,planned,Arquiteto,"Definir política, estados e contratos: contas locais, bootstrap único, sessões, tokens e adapter OIDC",STORY-0020,REQ-AUTH-IMPL-007,STORY-0036-ISSUE-0146-definir-politica-estados-e-contratos-contas-locais-bootstrap-unico-sessoes.md,ADR-003/ADR-005/ADR-006/ADR-007/ADR-008/ADR-010/ADR-011/ADR-014/ADR-016/ADR-031,MIXED,AC-ISSUE-0146-01/AC-ISSUE-0146-02/AC-ISSUE-0146-03/AC-ISSUE-0146-04,PASS,PASS,PASS,PASS,CRITICAL
STORY-0037,ISSUE-0147,TASK-0037,EPIC-008,SPRINT-002,PLT,BC-002,Identidade e Controle de Acesso,Story,planned,Backend,"Consolidar slices e liberar integração: contas locais, bootstrap único, sessões, tokens e adapter OIDC",STORY-0712/STORY-0713,,STORY-0037-ISSUE-0147-implementar-dominio-e-persistencia-contas-locais-bootstrap-unico-sessoes-t.md,ADR-003/ADR-005/ADR-006/ADR-007/ADR-008/ADR-016/ADR-018/ADR-019,DERIVED_CONTROL,AC-ISSUE-0147-01/AC-ISSUE-0147-02/AC-ISSUE-0147-03/AC-ISSUE-0147-04,PASS,PASS,PASS,PASS,HIGH
STORY-0038,ISSUE-0148,TASK-0038,EPIC-008,SPRINT-002,PLT,BC-002,Identidade e Controle de Acesso,Story,planned,Frontend,"Expor administração e fluxos de uso: contas locais, bootstrap único, sessões, tokens e adapter OIDC",STORY-0036,,STORY-0038-ISSUE-0148-expor-administracao-e-fluxos-de-uso-contas-locais-bootstrap-unico-sessoes.md,ADR-003/ADR-005/ADR-006/ADR-007/ADR-008/ADR-010/ADR-011/ADR-014/ADR-016,DERIVED_CONTROL,AC-ISSUE-0148-01/AC-ISSUE-0148-02/AC-ISSUE-0148-03/AC-ISSUE-0148-04,PASS,PASS,PASS,PASS,HIGH
STORY-0039,ISSUE-0149,TASK-0039,EPIC-008,SPRINT-002,PLT,BC-002,Identidade e Controle de Acesso,Story,planned,Security,"Validar ameaças, autorização e falhas: contas locais, bootstrap único, sessões, tokens e adapter OIDC",STORY-0037/STORY-0038,REQ-EPIC-076/REQ-INS-002,STORY-0039-ISSUE-0149-validar-ameacas-autorizacao-e-falhas-contas-locais-bootstrap-unico-sessoes.md,ADR-003/ADR-005/ADR-006/ADR-007/ADR-008/ADR-030/ADR-031/ADR-032/ADR-034,MIXED,AC-ISSUE-0149-01/AC-ISSUE-0149-02/AC-ISSUE-0149-03/AC-ISSUE-0149-04,PASS,PASS,PASS,PASS,CRITICAL
STORY-0040,ISSUE-0150,TASK-0040,EPIC-008,SPRINT-002,PLT,BC-002,Identidade e Controle de Acesso,Story,planned,Reviewer,"Executar QA e auditoria final: contas locais, bootstrap único, sessões, tokens e adapter OIDC",STORY-0039,,STORY-0040-ISSUE-0150-executar-qa-e-auditoria-final-contas-locais-bootstrap-unico-sessoes-tokens.md,ADR-003/ADR-005/ADR-006/ADR-007/ADR-008,DERIVED_CONTROL,AC-ISSUE-0150-01/AC-ISSUE-0150-02/AC-ISSUE-0150-03/AC-ISSUE-0150-04,PASS,PASS,PASS,PASS,MEDIUM
STORY-0041,ISSUE-0151,TASK-0041,EPIC-009,SPRINT-002,PLT,BC-002,Identidade e Controle de Acesso,Story,planned,Arquiteto,"Definir política, estados e contratos: usuários e papéis da instância",STORY-0040/STORY-0025,REQ-AUTH-IMPL-007,STORY-0041-ISSUE-0151-definir-politica-estados-e-contratos-usuarios-e-papeis-da-instancia.md,ADR-003/ADR-005/ADR-006/ADR-007/ADR-008/ADR-010/ADR-011/ADR-014/ADR-016/ADR-031,MIXED,AC-ISSUE-0151-01/AC-ISSUE-0151-02/AC-ISSUE-0151-03/AC-ISSUE-0151-04,PASS,PASS,PASS,PASS,CRITICAL
STORY-0042,ISSUE-0152,TASK-0042,EPIC-009,SPRINT-002,PLT,BC-002,Identidade e Controle de Acesso,Story,planned,Backend,Consolidar slices e liberar integração: usuários e papéis da instância,STORY-0714/STORY-0715,,STORY-0042-ISSUE-0152-implementar-dominio-e-persistencia-usuarios-e-papeis-da-instancia.md,ADR-003/ADR-005/ADR-006/ADR-007/ADR-008/ADR-016/ADR-018/ADR-019,DERIVED_CONTROL,AC-ISSUE-0152-01/AC-ISSUE-0152-02/AC-ISSUE-0152-03/AC-ISSUE-0152-04,PASS,PASS,PASS,PASS,HIGH
STORY-0043,ISSUE-0153,TASK-0043,EPIC-009,SPRINT-002,PLT,BC-002,Identidade e Controle de Acesso,Story,planned,Frontend,Expor administração e fluxos de uso: usuários e papéis da instância,STORY-0041,,STORY-0043-ISSUE-0153-expor-administracao-e-fluxos-de-uso-usuarios-e-papeis-da-instancia.md,ADR-003/ADR-005/ADR-006/ADR-007/ADR-008/ADR-010/ADR-011/ADR-014/ADR-016,DERIVED_CONTROL,AC-ISSUE-0153-01/AC-ISSUE-0153-02/AC-ISSUE-0153-03/AC-ISSUE-0153-04,PASS,PASS,PASS,PASS,HIGH
STORY-0044,ISSUE-0154,TASK-0044,EPIC-009,SPRINT-002,PLT,BC-002,Identidade e Controle de Acesso,Story,planned,Security,"Validar ameaças, autorização e falhas: usuários e papéis da instância",STORY-0042/STORY-0043,,STORY-0044-ISSUE-0154-validar-ameacas-autorizacao-e-falhas-usuarios-e-papeis-da-instancia.md,ADR-003/ADR-005/ADR-006/ADR-007/ADR-008/ADR-030/ADR-031/ADR-032,DERIVED_CONTROL,AC-ISSUE-0154-01/AC-ISSUE-0154-02/AC-ISSUE-0154-03/AC-ISSUE-0154-04,PASS,PASS,PASS,PASS,CRITICAL
STORY-0045,ISSUE-0155,TASK-0045,EPIC-009,SPRINT-002,PLT,BC-002,Identidade e Controle de Acesso,Story,planned,Reviewer,Executar QA e auditoria final: usuários e papéis da instância,STORY-0044,,STORY-0045-ISSUE-0155-executar-qa-e-auditoria-final-usuarios-e-papeis-da-instancia.md,ADR-003/ADR-005/ADR-006/ADR-007/ADR-008,DERIVED_CONTROL,AC-ISSUE-0155-01/AC-ISSUE-0155-02/AC-ISSUE-0155-03/AC-ISSUE-0155-04,PASS,PASS,PASS,PASS,MEDIUM
STORY-0046,ISSUE-0156,TASK-0046,EPIC-010,SPRINT-002,PLT,BC-002,Identidade e Controle de Acesso,Story,planned,Arquiteto,"Definir política, estados e contratos: autorização por projeto, operação, artefato e caminho",STORY-0045,REQ-AUTH-IMPL-007,STORY-0046-ISSUE-0156-definir-politica-estados-e-contratos-autorizacao-por-projeto-operacao-arte.md,ADR-003/ADR-005/ADR-006/ADR-007/ADR-008/ADR-010/ADR-011/ADR-014/ADR-016/ADR-031/ADR-055,MIXED,AC-ISSUE-0156-01/AC-ISSUE-0156-02/AC-ISSUE-0156-03/AC-ISSUE-0156-04,PASS,PASS,PASS,PASS,CRITICAL
STORY-0047,ISSUE-0157,TASK-0047,EPIC-010,SPRINT-002,PLT,BC-002,Identidade e Controle de Acesso,Story,planned,Backend,"Consolidar slices e liberar integração: autorização por projeto, operação, artefato e caminho",STORY-0716/STORY-0717,,STORY-0047-ISSUE-0157-implementar-dominio-e-persistencia-autorizacao-por-projeto-operacao-artefa.md,ADR-003/ADR-005/ADR-006/ADR-007/ADR-008/ADR-016/ADR-018/ADR-019/ADR-055,DERIVED_CONTROL,AC-ISSUE-0157-01/AC-ISSUE-0157-02/AC-ISSUE-0157-03/AC-ISSUE-0157-04,PASS,PASS,PASS,PASS,CRITICAL
STORY-0048,ISSUE-0158,TASK-0048,EPIC-010,SPRINT-002,PLT,BC-002,Identidade e Controle de Acesso,Story,planned,Frontend,"Expor administração e fluxos de uso: autorização por projeto, operação, artefato e caminho",STORY-0046,,STORY-0048-ISSUE-0158-expor-administracao-e-fluxos-de-uso-autorizacao-por-projeto-operacao-artef.md,ADR-003/ADR-005/ADR-006/ADR-007/ADR-008/ADR-010/ADR-011/ADR-014/ADR-016/ADR-055,DERIVED_CONTROL,AC-ISSUE-0158-01/AC-ISSUE-0158-02/AC-ISSUE-0158-03/AC-ISSUE-0158-04,PASS,PASS,PASS,PASS,CRITICAL
STORY-0049,ISSUE-0159,TASK-0049,EPIC-010,SPRINT-002,PLT,BC-002,Identidade e Controle de Acesso,Story,planned,Security,"Validar ameaças, autorização e falhas: autorização por projeto, operação, artefato e caminho",STORY-0047/STORY-0048,,STORY-0049-ISSUE-0159-validar-ameacas-autorizacao-e-falhas-autorizacao-por-projeto-operacao-arte.md,ADR-003/ADR-005/ADR-006/ADR-007/ADR-008/ADR-030/ADR-031/ADR-032/ADR-055,DERIVED_CONTROL,AC-ISSUE-0159-01/AC-ISSUE-0159-02/AC-ISSUE-0159-03/AC-ISSUE-0159-04,PASS,PASS,PASS,PASS,CRITICAL
STORY-0050,ISSUE-0160,TASK-0050,EPIC-010,SPRINT-002,PLT,BC-002,Identidade e Controle de Acesso,Story,planned,Reviewer,"Executar QA e auditoria final: autorização por projeto, operação, artefato e caminho",STORY-0049,,STORY-0050-ISSUE-0160-executar-qa-e-auditoria-final-autorizacao-por-projeto-operacao-artefato-e.md,ADR-003/ADR-005/ADR-006/ADR-007/ADR-008/ADR-055,DERIVED_CONTROL,AC-ISSUE-0160-01/AC-ISSUE-0160-02/AC-ISSUE-0160-03/AC-ISSUE-0160-04,PASS,PASS,PASS,PASS,CRITICAL
STORY-0051,ISSUE-0161,TASK-0051,EPIC-011,SPRINT-002,PLT,BC-002,Identidade e Controle de Acesso,Story,planned,Arquiteto,"Definir política, estados e contratos: limites, idempotência, audit log e controles administrativos",STORY-0050,REQ-AUD-001/REQ-AUTH-IMPL-007/REQ-RUNTIME-010,STORY-0051-ISSUE-0161-definir-politica-estados-e-contratos-limites-idempotencia-audit-log-e-cont.md,ADR-003/ADR-005/ADR-006/ADR-007/ADR-008/ADR-010/ADR-011/ADR-014/ADR-016/ADR-017/ADR-031/ADR-055,MIXED,AC-ISSUE-0161-01/AC-ISSUE-0161-02/AC-ISSUE-0161-03/AC-ISSUE-0161-04,PASS,PASS,PASS,PASS,CRITICAL
STORY-0052,ISSUE-0162,TASK-0052,EPIC-011,SPRINT-002,PLT,BC-002,Identidade e Controle de Acesso,Story,planned,Backend,"Implementar domínio e persistência: limites, idempotência, audit log e controles administrativos",STORY-0051,REQ-AUTH-IMPL-001/REQ-AUTH-IMPL-002/REQ-AUTH-IMPL-003/REQ-AUTH-IMPL-004/REQ-AUTH-IMPL-005/REQ-AUTH-IMPL-006/REQ-AUTH-IMPL-008/REQ-AUTH-IMPL-009/REQ-AUTH-IMPL-010/REQ-RUNTIME-006,STORY-0052-ISSUE-0162-implementar-dominio-e-persistencia-limites-idempotencia-audit-log-e-contro.md,ADR-003/ADR-005/ADR-006/ADR-007/ADR-008/ADR-016/ADR-018/ADR-019/ADR-021/ADR-028/ADR-029/ADR-031/ADR-055,MIXED,AC-ISSUE-0162-01/AC-ISSUE-0162-02/AC-ISSUE-0162-03/AC-ISSUE-0162-04,PASS,PASS,PASS,PASS,CRITICAL
STORY-0053,ISSUE-0163,TASK-0053,EPIC-011,SPRINT-002,PLT,BC-002,Identidade e Controle de Acesso,Story,planned,Frontend,"Expor administração e fluxos de uso: limites, idempotência, audit log e controles administrativos",STORY-0051,REQ-RUNTIME-007,STORY-0053-ISSUE-0163-expor-administracao-e-fluxos-de-uso-limites-idempotencia-audit-log-e-contr.md,ADR-002/ADR-003/ADR-005/ADR-006/ADR-007/ADR-008/ADR-010/ADR-011/ADR-014/ADR-016,MIXED,AC-ISSUE-0163-01/AC-ISSUE-0163-02/AC-ISSUE-0163-03/AC-ISSUE-0163-04,PASS,PASS,PASS,PASS,HIGH
STORY-0054,ISSUE-0164,TASK-0054,EPIC-011,SPRINT-002,PLT,BC-002,Identidade e Controle de Acesso,Story,planned,Security,"Validar ameaças, autorização e falhas: limites, idempotência, audit log e controles administrativos",STORY-0052/STORY-0053,,STORY-0054-ISSUE-0164-validar-ameacas-autorizacao-e-falhas-limites-idempotencia-audit-log-e-cont.md,ADR-003/ADR-005/ADR-006/ADR-007/ADR-008/ADR-030/ADR-031/ADR-032,DERIVED_CONTROL,AC-ISSUE-0164-01/AC-ISSUE-0164-02/AC-ISSUE-0164-03/AC-ISSUE-0164-04,PASS,PASS,PASS,PASS,CRITICAL
STORY-0055,ISSUE-0165,TASK-0055,EPIC-011,SPRINT-002,PLT,BC-002,Identidade e Controle de Acesso,Story,planned,Reviewer,"Executar QA e auditoria final: limites, idempotência, audit log e controles administrativos",STORY-0054,,STORY-0055-ISSUE-0165-executar-qa-e-auditoria-final-limites-idempotencia-audit-log-e-controles-a.md,ADR-003/ADR-005/ADR-006/ADR-007/ADR-008,DERIVED_CONTROL,AC-ISSUE-0165-01/AC-ISSUE-0165-02/AC-ISSUE-0165-03/AC-ISSUE-0165-04,PASS,PASS,PASS,PASS,MEDIUM
STORY-0056,ISSUE-0166,TASK-0056,EPIC-012,SPRINT-002,DAT,BC-003,"Projetos, Workspace e Assets",Story,planned,Arquiteto,"Definir modelo, invariantes e contratos de dados: raízes de workspace, API de navegação segura, catálogo, hashes e lineage",STORY-0025/STORY-0050,REQ-DBSCHEMA-001/REQ-DBSCHEMA-005/REQ-DBSCHEMA-007/REQ-DBSCHEMA-008/REQ-RUN-001/REQ-RUN-006/REQ-RUN-008/REQ-RUN-010/REQ-RUNTIME-005,STORY-0056-ISSUE-0166-definir-modelo-invariantes-e-contratos-de-dados-raizes-de-workspace-api-de.md,ADR-003/ADR-004/ADR-005/ADR-006/ADR-007/ADR-008/ADR-010/ADR-011/ADR-012/ADR-013/ADR-014/ADR-015/ADR-016/ADR-017/ADR-019/ADR-023/ADR-025/ADR-026/ADR-040/ADR-041/ADR-055,MIXED,AC-ISSUE-0166-01/AC-ISSUE-0166-02/AC-ISSUE-0166-03/AC-ISSUE-0166-04,PASS,PASS,PASS,PASS,CRITICAL
STORY-0057,ISSUE-0167,TASK-0057,EPIC-012,SPRINT-002,DAT,BC-003,"Projetos, Workspace e Assets",Story,planned,Backend,"Consolidar slices e liberar integração: raízes de workspace, API de navegação segura, catálogo, hashes e lineage",STORY-0718/STORY-0719/STORY-0720,,STORY-0057-ISSUE-0167-implementar-persistencia-e-migrations-raizes-de-workspace-api-de-navegacao.md,ADR-003/ADR-004/ADR-005/ADR-006/ADR-007/ADR-008/ADR-010/ADR-011/ADR-012/ADR-013/ADR-014/ADR-015/ADR-016/ADR-018/ADR-019/ADR-020/ADR-023/ADR-025/ADR-026/ADR-055,DERIVED_CONTROL,AC-ISSUE-0167-01/AC-ISSUE-0167-02/AC-ISSUE-0167-03/AC-ISSUE-0167-04,PASS,PASS,PASS,PASS,CRITICAL
STORY-0058,ISSUE-0168,TASK-0058,EPIC-012,SPRINT-002,DAT,BC-003,"Projetos, Workspace e Assets",Story,planned,Backend,"Implementar armazenamento e lifecycle: raízes de workspace, API de navegação segura, catálogo, hashes e lineage",STORY-0056,,STORY-0058-ISSUE-0168-implementar-armazenamento-e-lifecycle-raizes-de-workspace-api-de-navegacao.md,ADR-003/ADR-004/ADR-005/ADR-006/ADR-007/ADR-008/ADR-010/ADR-011/ADR-012/ADR-013/ADR-014/ADR-015/ADR-016/ADR-018/ADR-019/ADR-020/ADR-023/ADR-025/ADR-026/ADR-055,DERIVED_CONTROL,AC-ISSUE-0168-01/AC-ISSUE-0168-02/AC-ISSUE-0168-03/AC-ISSUE-0168-04,PASS,PASS,PASS,PASS,CRITICAL
STORY-0059,ISSUE-0169,TASK-0059,EPIC-012,SPRINT-002,DAT,BC-003,"Projetos, Workspace e Assets",Story,planned,Backend,"Expor serviços e integrar consumers: raízes de workspace, API de navegação segura, catálogo, hashes e lineage",STORY-0056,,STORY-0059-ISSUE-0169-expor-servicos-e-integrar-consumers-raizes-de-workspace-api-de-navegacao-s.md,ADR-003/ADR-004/ADR-005/ADR-006/ADR-007/ADR-008/ADR-010/ADR-011/ADR-012/ADR-013/ADR-014/ADR-015/ADR-016/ADR-018/ADR-019/ADR-020/ADR-023/ADR-025/ADR-026/ADR-055,DERIVED_CONTROL,AC-ISSUE-0169-01/AC-ISSUE-0169-02/AC-ISSUE-0169-03/AC-ISSUE-0169-04,PASS,PASS,PASS,PASS,CRITICAL
STORY-0060,ISSUE-0170,TASK-0060,EPIC-012,SPRINT-002,DAT,BC-003,"Projetos, Workspace e Assets",Story,planned,Security,"Validar segurança, recuperação e concorrência: raízes de workspace, API de navegação segura, catálogo, hashes e lineage",STORY-0057/STORY-0058/STORY-0059,,STORY-0060-ISSUE-0170-validar-seguranca-recuperacao-e-concorrencia-raizes-de-workspace-api-de-na.md,ADR-003/ADR-004/ADR-005/ADR-006/ADR-007/ADR-008/ADR-010/ADR-011/ADR-012/ADR-013/ADR-014/ADR-015/ADR-016/ADR-023/ADR-025/ADR-026/ADR-030/ADR-031/ADR-032/ADR-055,DERIVED_CONTROL,AC-ISSUE-0170-01/AC-ISSUE-0170-02/AC-ISSUE-0170-03/AC-ISSUE-0170-04,PASS,PASS,PASS,PASS,CRITICAL
STORY-0061,ISSUE-0171,TASK-0061,EPIC-012,SPRINT-002,DAT,BC-003,"Projetos, Workspace e Assets",Story,planned,Reviewer,"Executar QA e auditoria final: raízes de workspace, API de navegação segura, catálogo, hashes e lineage",STORY-0060,,STORY-0061-ISSUE-0171-executar-qa-e-auditoria-final-raizes-de-workspace-api-de-navegacao-segura.md,ADR-003/ADR-004/ADR-005/ADR-006/ADR-007/ADR-008/ADR-010/ADR-011/ADR-012/ADR-013/ADR-014/ADR-015/ADR-016/ADR-023/ADR-025/ADR-026/ADR-055,DERIVED_CONTROL,AC-ISSUE-0171-01/AC-ISSUE-0171-02/AC-ISSUE-0171-03/AC-ISSUE-0171-04,PASS,PASS,PASS,PASS,CRITICAL
STORY-0062,ISSUE-0172,TASK-0062,EPIC-013,SPRINT-002,DAT,BC-013,"Artifacts, Proveniência e Lifecycle",Story,planned,Arquiteto,"Definir modelo, invariantes e contratos de dados: backup/restore consistente entre banco e arquivos",STORY-0061,REQ-DBSCHEMA-001/REQ-DBSCHEMA-010/REQ-RUNTIME-005,STORY-0062-ISSUE-0172-definir-modelo-invariantes-e-contratos-de-dados-backup-restore-consistente.md,ADR-003/ADR-004/ADR-005/ADR-006/ADR-007/ADR-008/ADR-010/ADR-011/ADR-016/ADR-018/ADR-019/ADR-026/ADR-027/ADR-055,MIXED,AC-ISSUE-0172-01/AC-ISSUE-0172-02/AC-ISSUE-0172-03/AC-ISSUE-0172-04,PASS,PASS,PASS,PASS,CRITICAL
STORY-0063,ISSUE-0173,TASK-0063,EPIC-013,SPRINT-002,DAT,BC-013,"Artifacts, Proveniência e Lifecycle",Story,planned,Backend,Implementar persistência e migrations: backup/restore consistente entre banco e arquivos,STORY-0062,REQ-EPIC-039/REQ-PRV-001/REQ-TOOL-004,STORY-0063-ISSUE-0173-implementar-persistencia-e-migrations-backup-restore-consistente-entre-ban.md,ADR-003/ADR-004/ADR-005/ADR-006/ADR-007/ADR-008/ADR-010/ADR-011/ADR-016/ADR-018/ADR-019/ADR-026/ADR-027/ADR-055,MIXED,AC-ISSUE-0173-01/AC-ISSUE-0173-02/AC-ISSUE-0173-03/AC-ISSUE-0173-04,PASS,PASS,PASS,PASS,CRITICAL
STORY-0064,ISSUE-0174,TASK-0064,EPIC-013,SPRINT-002,DAT,BC-013,"Artifacts, Proveniência e Lifecycle",Story,planned,Backend,Implementar armazenamento e lifecycle: backup/restore consistente entre banco e arquivos,STORY-0062,,STORY-0064-ISSUE-0174-implementar-armazenamento-e-lifecycle-backup-restore-consistente-entre-ban.md,ADR-003/ADR-004/ADR-005/ADR-006/ADR-007/ADR-008/ADR-010/ADR-011/ADR-016/ADR-018/ADR-019/ADR-026/ADR-027/ADR-055,DERIVED_CONTROL,AC-ISSUE-0174-01/AC-ISSUE-0174-02/AC-ISSUE-0174-03/AC-ISSUE-0174-04,PASS,PASS,PASS,PASS,CRITICAL
STORY-0065,ISSUE-0175,TASK-0065,EPIC-013,SPRINT-002,DAT,BC-013,"Artifacts, Proveniência e Lifecycle",Story,planned,Backend,Expor serviços e integrar consumers: backup/restore consistente entre banco e arquivos,STORY-0062,,STORY-0065-ISSUE-0175-expor-servicos-e-integrar-consumers-backup-restore-consistente-entre-banco.md,ADR-003/ADR-004/ADR-005/ADR-006/ADR-007/ADR-008/ADR-010/ADR-011/ADR-016/ADR-018/ADR-019/ADR-026/ADR-027/ADR-055,DERIVED_CONTROL,AC-ISSUE-0175-01/AC-ISSUE-0175-02/AC-ISSUE-0175-03/AC-ISSUE-0175-04,PASS,PASS,PASS,PASS,CRITICAL
STORY-0066,ISSUE-0176,TASK-0066,EPIC-013,SPRINT-002,DAT,BC-013,"Artifacts, Proveniência e Lifecycle",Story,planned,Security,"Validar segurança, recuperação e concorrência: backup/restore consistente entre banco e arquivos",STORY-0063/STORY-0064/STORY-0065,,STORY-0066-ISSUE-0176-validar-seguranca-recuperacao-e-concorrencia-backup-restore-consistente-en.md,ADR-003/ADR-004/ADR-005/ADR-006/ADR-007/ADR-008/ADR-010/ADR-011/ADR-016/ADR-018/ADR-019/ADR-026/ADR-027/ADR-030/ADR-031/ADR-032/ADR-055,DERIVED_CONTROL,AC-ISSUE-0176-01/AC-ISSUE-0176-02/AC-ISSUE-0176-03/AC-ISSUE-0176-04,PASS,PASS,PASS,PASS,CRITICAL
STORY-0067,ISSUE-0177,TASK-0067,EPIC-013,SPRINT-002,DAT,BC-013,"Artifacts, Proveniência e Lifecycle",Story,planned,Reviewer,Executar QA e auditoria final: backup/restore consistente entre banco e arquivos,STORY-0066,,STORY-0067-ISSUE-0177-executar-qa-e-auditoria-final-backup-restore-consistente-entre-banco-e-arq.md,ADR-003/ADR-004/ADR-005/ADR-006/ADR-007/ADR-008/ADR-010/ADR-011/ADR-016/ADR-018/ADR-019/ADR-026/ADR-027/ADR-055,DERIVED_CONTROL,AC-ISSUE-0177-01/AC-ISSUE-0177-02/AC-ISSUE-0177-03/AC-ISSUE-0177-04,PASS,PASS,PASS,PASS,CRITICAL
STORY-0068,ISSUE-0178,TASK-0068,EPIC-014,SPRINT-003,JOB,BC-010,Orquestração de Jobs e Recursos,Story,planned,Arquiteto,"Definir estados, envelopes e invariantes: modelo de job e máquina de estados no PostgreSQL",STORY-0020/STORY-0025,REQ-AIE-001/REQ-AIE-005/REQ-DBSCHEMA-008/REQ-FS1-001/REQ-FS1-004/REQ-WORKER-001/REQ-WORKER-010,STORY-0068-ISSUE-0178-definir-estados-envelopes-e-invariantes-modelo-de-job-e-maquina-de-estados.md,ADR-003/ADR-004/ADR-005/ADR-006/ADR-007/ADR-008/ADR-010/ADR-011/ADR-012/ADR-015/ADR-016/ADR-018/ADR-019/ADR-020/ADR-023/ADR-034/ADR-038/ADR-044/ADR-051/ADR-052/ADR-053,MIXED,AC-ISSUE-0178-01/AC-ISSUE-0178-02/AC-ISSUE-0178-03/AC-ISSUE-0178-04,PASS,PASS,PASS,PASS,CRITICAL
STORY-0069,ISSUE-0179,TASK-0069,EPIC-014,SPRINT-003,JOB,BC-010,Orquestração de Jobs e Recursos,Story,planned,Backend,Consolidar slices e liberar integração: modelo de job e máquina de estados no PostgreSQL,STORY-0721/STORY-0722,,STORY-0069-ISSUE-0179-implementar-modelo-e-application-services-modelo-de-job-e-maquina-de-estad.md,ADR-003/ADR-004/ADR-005/ADR-006/ADR-007/ADR-008/ADR-016/ADR-018/ADR-019/ADR-020/ADR-023,DERIVED_CONTROL,AC-ISSUE-0179-01/AC-ISSUE-0179-02/AC-ISSUE-0179-03/AC-ISSUE-0179-04,PASS,PASS,PASS,PASS,HIGH
STORY-0070,ISSUE-0180,TASK-0070,EPIC-014,SPRINT-003,JOB,BC-010,Orquestração de Jobs e Recursos,Story,planned,Backend,"Implementar runner, worker ou scheduler: modelo de job e máquina de estados no PostgreSQL",STORY-0068,REQ-EPIC-014/REQ-WORKER-002/REQ-WORKER-004/REQ-WORKER-005/REQ-WORKER-006/REQ-WORKER-007/REQ-WORKER-008/REQ-WORKER-009,STORY-0070-ISSUE-0180-implementar-runner-worker-ou-scheduler-modelo-de-job-e-maquina-de-estados.md,ADR-003/ADR-004/ADR-005/ADR-006/ADR-007/ADR-008/ADR-012/ADR-016/ADR-018/ADR-019/ADR-020/ADR-023/ADR-037,MIXED,AC-ISSUE-0180-01/AC-ISSUE-0180-02/AC-ISSUE-0180-03/AC-ISSUE-0180-04,PASS,PASS,PASS,PASS,HIGH
STORY-0071,ISSUE-0181,TASK-0071,EPIC-014,SPRINT-003,JOB,BC-010,Orquestração de Jobs e Recursos,Story,planned,Backend,"Expor comandos, progresso e reconciliação: modelo de job e máquina de estados no PostgreSQL",STORY-0068,,STORY-0071-ISSUE-0181-expor-comandos-progresso-e-reconciliacao-modelo-de-job-e-maquina-de-estado.md,ADR-003/ADR-004/ADR-005/ADR-006/ADR-007/ADR-008/ADR-010/ADR-011/ADR-012/ADR-015/ADR-016/ADR-018/ADR-019/ADR-020/ADR-023,DERIVED_CONTROL,AC-ISSUE-0181-01/AC-ISSUE-0181-02/AC-ISSUE-0181-03/AC-ISSUE-0181-04,PASS,PASS,PASS,PASS,HIGH
STORY-0072,ISSUE-0182,TASK-0072,EPIC-014,SPRINT-003,JOB,BC-010,Orquestração de Jobs e Recursos,Story,planned,DevOps,"Automatizar testes de resiliência, retry e recuperação: modelo de job e máquina de estados no PostgreSQL",STORY-0068,,STORY-0072-ISSUE-0182-implementar-falhas-retry-e-recuperacao-modelo-de-job-e-maquina-de-estados.md,ADR-003/ADR-004/ADR-005/ADR-006/ADR-007/ADR-008/ADR-009/ADR-018/ADR-019/ADR-020/ADR-023/ADR-033/ADR-034,DERIVED_CONTROL,AC-ISSUE-0182-01/AC-ISSUE-0182-02/AC-ISSUE-0182-03/AC-ISSUE-0182-04,PASS,PASS,PASS,PASS,CRITICAL
STORY-0073,ISSUE-0183,TASK-0073,EPIC-014,SPRINT-003,JOB,BC-010,Orquestração de Jobs e Recursos,Story,planned,QA,"Executar integração real, carga e fault injection: modelo de job e máquina de estados no PostgreSQL",STORY-0069/STORY-0070/STORY-0071/STORY-0072,REQ-AIE-003/REQ-AIE-007/REQ-FS1-005/REQ-FS1-007,STORY-0073-ISSUE-0183-executar-integracao-real-carga-e-fault-injection-modelo-de-job-e-maquina-d.md,ADR-003/ADR-004/ADR-005/ADR-006/ADR-007/ADR-008/ADR-009/ADR-018/ADR-019/ADR-020/ADR-023/ADR-046/ADR-055,MIXED,AC-ISSUE-0183-01/AC-ISSUE-0183-02/AC-ISSUE-0183-03/AC-ISSUE-0183-04,PASS,PASS,PASS,PASS,CRITICAL
STORY-0074,ISSUE-0184,TASK-0074,EPIC-014,SPRINT-003,JOB,BC-010,Orquestração de Jobs e Recursos,Story,planned,Reviewer,Auditar evidência e integração final: modelo de job e máquina de estados no PostgreSQL,STORY-0073,,STORY-0074-ISSUE-0184-auditar-evidencia-e-integracao-final-modelo-de-job-e-maquina-de-estados-no.md,ADR-003/ADR-004/ADR-005/ADR-006/ADR-007/ADR-008/ADR-018/ADR-019/ADR-020/ADR-023,DERIVED_CONTROL,AC-ISSUE-0184-01/AC-ISSUE-0184-02/AC-ISSUE-0184-03/AC-ISSUE-0184-04,PASS,PASS,PASS,PASS,HIGH
STORY-0075,ISSUE-0185,TASK-0075,EPIC-015,SPRINT-003,JOB,BC-010,Orquestração de Jobs e Recursos,Story,planned,Arquiteto,"Definir estados, envelopes e invariantes: runner direto e Celery/RabbitMQ sobre o mesmo núcleo",STORY-0074,REQ-EPIC-015/REQ-TOP-001,STORY-0075-ISSUE-0185-definir-estados-envelopes-e-invariantes-runner-direto-e-celery-rabbitmq-so.md,ADR-003/ADR-004/ADR-005/ADR-006/ADR-007/ADR-008/ADR-010/ADR-011/ADR-014/ADR-016/ADR-018,MIXED,AC-ISSUE-0185-01/AC-ISSUE-0185-02/AC-ISSUE-0185-03/AC-ISSUE-0185-04,PASS,PASS,PASS,PASS,HIGH
STORY-0076,ISSUE-0186,TASK-0076,EPIC-015,SPRINT-003,JOB,BC-010,Orquestração de Jobs e Recursos,Story,planned,Backend,Implementar modelo e application services: runner direto e Celery/RabbitMQ sobre o mesmo núcleo,STORY-0075,,STORY-0076-ISSUE-0186-implementar-modelo-e-application-services-runner-direto-e-celery-rabbitmq.md,ADR-003/ADR-004/ADR-005/ADR-006/ADR-007/ADR-008/ADR-016/ADR-018/ADR-019,DERIVED_CONTROL,AC-ISSUE-0186-01/AC-ISSUE-0186-02/AC-ISSUE-0186-03/AC-ISSUE-0186-04,PASS,PASS,PASS,PASS,HIGH
STORY-0077,ISSUE-0187,TASK-0077,EPIC-015,SPRINT-003,JOB,BC-010,Orquestração de Jobs e Recursos,Story,planned,Backend,"Implementar runner, worker ou scheduler: runner direto e Celery/RabbitMQ sobre o mesmo núcleo",STORY-0075,,STORY-0077-ISSUE-0187-implementar-runner-worker-ou-scheduler-runner-direto-e-celery-rabbitmq-sob.md,ADR-003/ADR-004/ADR-005/ADR-006/ADR-007/ADR-008/ADR-016/ADR-018/ADR-019,DERIVED_CONTROL,AC-ISSUE-0187-01/AC-ISSUE-0187-02/AC-ISSUE-0187-03/AC-ISSUE-0187-04,PASS,PASS,PASS,PASS,HIGH
STORY-0078,ISSUE-0188,TASK-0078,EPIC-015,SPRINT-003,JOB,BC-010,Orquestração de Jobs e Recursos,Story,planned,Backend,"Expor comandos, progresso e reconciliação: runner direto e Celery/RabbitMQ sobre o mesmo núcleo",STORY-0075,,STORY-0078-ISSUE-0188-expor-comandos-progresso-e-reconciliacao-runner-direto-e-celery-rabbitmq-s.md,ADR-003/ADR-004/ADR-005/ADR-006/ADR-007/ADR-008/ADR-010/ADR-011/ADR-014/ADR-016/ADR-018/ADR-019,DERIVED_CONTROL,AC-ISSUE-0188-01/AC-ISSUE-0188-02/AC-ISSUE-0188-03/AC-ISSUE-0188-04,PASS,PASS,PASS,PASS,HIGH
STORY-0079,ISSUE-0189,TASK-0079,EPIC-015,SPRINT-003,JOB,BC-010,Orquestração de Jobs e Recursos,Story,planned,DevOps,"Automatizar testes de resiliência, retry e recuperação: runner direto e Celery/RabbitMQ sobre o mesmo núcleo",STORY-0075,,STORY-0079-ISSUE-0189-implementar-falhas-retry-e-recuperacao-runner-direto-e-celery-rabbitmq-sob.md,ADR-003/ADR-004/ADR-005/ADR-006/ADR-007/ADR-008/ADR-009/ADR-033/ADR-034,DERIVED_CONTROL,AC-ISSUE-0189-01/AC-ISSUE-0189-02/AC-ISSUE-0189-03/AC-ISSUE-0189-04,PASS,PASS,PASS,PASS,CRITICAL
STORY-0080,ISSUE-0190,TASK-0080,EPIC-015,SPRINT-003,JOB,BC-010,Orquestração de Jobs e Recursos,Story,planned,QA,"Executar integração real, carga e fault injection: runner direto e Celery/RabbitMQ sobre o mesmo núcleo",STORY-0076/STORY-0077/STORY-0078/STORY-0079,,STORY-0080-ISSUE-0190-executar-integracao-real-carga-e-fault-injection-runner-direto-e-celery-ra.md,ADR-003/ADR-004/ADR-005/ADR-006/ADR-007/ADR-008,DERIVED_CONTROL,AC-ISSUE-0190-01/AC-ISSUE-0190-02/AC-ISSUE-0190-03/AC-ISSUE-0190-04,PASS,PASS,PASS,PASS,HIGH
STORY-0081,ISSUE-0191,TASK-0081,EPIC-015,SPRINT-003,JOB,BC-010,Orquestração de Jobs e Recursos,Story,planned,Reviewer,Auditar evidência e integração final: runner direto e Celery/RabbitMQ sobre o mesmo núcleo,STORY-0080,,STORY-0081-ISSUE-0191-auditar-evidencia-e-integracao-final-runner-direto-e-celery-rabbitmq-sobre.md,ADR-003/ADR-004/ADR-005/ADR-006/ADR-007/ADR-008,DERIVED_CONTROL,AC-ISSUE-0191-01/AC-ISSUE-0191-02/AC-ISSUE-0191-03/AC-ISSUE-0191-04,PASS,PASS,PASS,PASS,HIGH
STORY-0082,ISSUE-0192,TASK-0082,EPIC-016,SPRINT-003,JOB,BC-010,Orquestração de Jobs e Recursos,Story,planned,Arquiteto,"Definir estados, envelopes e invariantes: retries, redelivery, cancelamento, retomada e idempotência",STORY-0081,REQ-EPIC-015/REQ-EPIC-016,STORY-0082-ISSUE-0192-definir-estados-envelopes-e-invariantes-retries-redelivery-cancelamento-re.md,ADR-003/ADR-004/ADR-005/ADR-006/ADR-007/ADR-008/ADR-010/ADR-011/ADR-016/ADR-018/ADR-038,MIXED,AC-ISSUE-0192-01/AC-ISSUE-0192-02/AC-ISSUE-0192-03/AC-ISSUE-0192-04,PASS,PASS,PASS,PASS,HIGH
STORY-0083,ISSUE-0193,TASK-0083,EPIC-016,SPRINT-003,JOB,BC-010,Orquestração de Jobs e Recursos,Story,planned,Backend,"Implementar modelo e application services: retries, redelivery, cancelamento, retomada e idempotência",STORY-0082,,STORY-0083-ISSUE-0193-implementar-modelo-e-application-services-retries-redelivery-cancelamento.md,ADR-003/ADR-004/ADR-005/ADR-006/ADR-007/ADR-008/ADR-016/ADR-018/ADR-019,DERIVED_CONTROL,AC-ISSUE-0193-01/AC-ISSUE-0193-02/AC-ISSUE-0193-03/AC-ISSUE-0193-04,PASS,PASS,PASS,PASS,HIGH
STORY-0084,ISSUE-0194,TASK-0084,EPIC-016,SPRINT-003,JOB,BC-010,Orquestração de Jobs e Recursos,Story,planned,Backend,"Implementar runner, worker ou scheduler: retries, redelivery, cancelamento, retomada e idempotência",STORY-0082,REQ-EPIC-014/REQ-EPIC-018,STORY-0084-ISSUE-0194-implementar-runner-worker-ou-scheduler-retries-redelivery-cancelamento-ret.md,ADR-003/ADR-004/ADR-005/ADR-006/ADR-007/ADR-008/ADR-016/ADR-018/ADR-019/ADR-038,MIXED,AC-ISSUE-0194-01/AC-ISSUE-0194-02/AC-ISSUE-0194-03/AC-ISSUE-0194-04,PASS,PASS,PASS,PASS,HIGH
STORY-0085,ISSUE-0195,TASK-0085,EPIC-016,SPRINT-003,JOB,BC-010,Orquestração de Jobs e Recursos,Story,planned,Backend,"Expor comandos, progresso e reconciliação: retries, redelivery, cancelamento, retomada e idempotência",STORY-0082,,STORY-0085-ISSUE-0195-expor-comandos-progresso-e-reconciliacao-retries-redelivery-cancelamento-r.md,ADR-003/ADR-004/ADR-005/ADR-006/ADR-007/ADR-008/ADR-010/ADR-011/ADR-016/ADR-018/ADR-019,DERIVED_CONTROL,AC-ISSUE-0195-01/AC-ISSUE-0195-02/AC-ISSUE-0195-03/AC-ISSUE-0195-04,PASS,PASS,PASS,PASS,HIGH
STORY-0086,ISSUE-0196,TASK-0086,EPIC-016,SPRINT-003,JOB,BC-010,Orquestração de Jobs e Recursos,Story,planned,DevOps,"Automatizar testes de resiliência, retry e recuperação: retries, redelivery, cancelamento, retomada e idempotência",STORY-0082,,STORY-0086-ISSUE-0196-implementar-falhas-retry-e-recuperacao-retries-redelivery-cancelamento-ret.md,ADR-003/ADR-004/ADR-005/ADR-006/ADR-007/ADR-008/ADR-009/ADR-033/ADR-034,DERIVED_CONTROL,AC-ISSUE-0196-01/AC-ISSUE-0196-02/AC-ISSUE-0196-03/AC-ISSUE-0196-04,PASS,PASS,PASS,PASS,CRITICAL
STORY-0087,ISSUE-0197,TASK-0087,EPIC-016,SPRINT-003,JOB,BC-010,Orquestração de Jobs e Recursos,Story,planned,QA,"Executar integração real, carga e fault injection: retries, redelivery, cancelamento, retomada e idempotência",STORY-0083/STORY-0084/STORY-0085/STORY-0086,,STORY-0087-ISSUE-0197-executar-integracao-real-carga-e-fault-injection-retries-redelivery-cancel.md,ADR-003/ADR-004/ADR-005/ADR-006/ADR-007/ADR-008,DERIVED_CONTROL,AC-ISSUE-0197-01/AC-ISSUE-0197-02/AC-ISSUE-0197-03/AC-ISSUE-0197-04,PASS,PASS,PASS,PASS,HIGH
STORY-0088,ISSUE-0198,TASK-0088,EPIC-016,SPRINT-003,JOB,BC-010,Orquestração de Jobs e Recursos,Story,planned,Reviewer,"Auditar evidência e integração final: retries, redelivery, cancelamento, retomada e idempotência",STORY-0087,,STORY-0088-ISSUE-0198-auditar-evidencia-e-integracao-final-retries-redelivery-cancelamento-retom.md,ADR-003/ADR-004/ADR-005/ADR-006/ADR-007/ADR-008,DERIVED_CONTROL,AC-ISSUE-0198-01/AC-ISSUE-0198-02/AC-ISSUE-0198-03/AC-ISSUE-0198-04,PASS,PASS,PASS,PASS,HIGH
STORY-0089,ISSUE-0199,TASK-0089,EPIC-017,SPRINT-003,JOB,BC-010,Orquestração de Jobs e Recursos,Story,planned,Arquiteto,"Definir estados, envelopes e invariantes: REST, SSE e polling de reconciliação com contratos versionados",STORY-0074,,STORY-0089-ISSUE-0199-definir-estados-envelopes-e-invariantes-rest-sse-e-polling-de-reconciliaca.md,ADR-003/ADR-004/ADR-005/ADR-006/ADR-007/ADR-008/ADR-010/ADR-011/ADR-016,DERIVED_CONTROL,AC-ISSUE-0199-01/AC-ISSUE-0199-02/AC-ISSUE-0199-03/AC-ISSUE-0199-04,PASS,PASS,PASS,PASS,HIGH
STORY-0090,ISSUE-0200,TASK-0090,EPIC-017,SPRINT-003,JOB,BC-010,Orquestração de Jobs e Recursos,Story,planned,Backend,"Implementar modelo e application services: REST, SSE e polling de reconciliação com contratos versionados",STORY-0089,,STORY-0090-ISSUE-0200-implementar-modelo-e-application-services-rest-sse-e-polling-de-reconcilia.md,ADR-003/ADR-004/ADR-005/ADR-006/ADR-007/ADR-008/ADR-010/ADR-011/ADR-016/ADR-018/ADR-019,DERIVED_CONTROL,AC-ISSUE-0200-01/AC-ISSUE-0200-02/AC-ISSUE-0200-03/AC-ISSUE-0200-04,PASS,PASS,PASS,PASS,HIGH
STORY-0091,ISSUE-0201,TASK-0091,EPIC-017,SPRINT-003,JOB,BC-010,Orquestração de Jobs e Recursos,Story,planned,Backend,"Implementar runner, worker ou scheduler: REST, SSE e polling de reconciliação com contratos versionados",STORY-0089,,STORY-0091-ISSUE-0201-implementar-runner-worker-ou-scheduler-rest-sse-e-polling-de-reconciliacao.md,ADR-003/ADR-004/ADR-005/ADR-006/ADR-007/ADR-008/ADR-010/ADR-011/ADR-016/ADR-018/ADR-019,DERIVED_CONTROL,AC-ISSUE-0201-01/AC-ISSUE-0201-02/AC-ISSUE-0201-03/AC-ISSUE-0201-04,PASS,PASS,PASS,PASS,HIGH
STORY-0092,ISSUE-0202,TASK-0092,EPIC-017,SPRINT-003,JOB,BC-010,Orquestração de Jobs e Recursos,Story,planned,Backend,"Expor comandos, progresso e reconciliação: REST, SSE e polling de reconciliação com contratos versionados",STORY-0089,,STORY-0092-ISSUE-0202-expor-comandos-progresso-e-reconciliacao-rest-sse-e-polling-de-reconciliac.md,ADR-003/ADR-004/ADR-005/ADR-006/ADR-007/ADR-008/ADR-010/ADR-011/ADR-016/ADR-018/ADR-019,DERIVED_CONTROL,AC-ISSUE-0202-01/AC-ISSUE-0202-02/AC-ISSUE-0202-03/AC-ISSUE-0202-04,PASS,PASS,PASS,PASS,HIGH
STORY-0093,ISSUE-0203,TASK-0093,EPIC-017,SPRINT-003,JOB,BC-010,Orquestração de Jobs e Recursos,Story,planned,DevOps,"Automatizar testes de resiliência, retry e recuperação: REST, SSE e polling de reconciliação com contratos versionados",STORY-0089,,STORY-0093-ISSUE-0203-implementar-falhas-retry-e-recuperacao-rest-sse-e-polling-de-reconciliacao.md,ADR-003/ADR-004/ADR-005/ADR-006/ADR-007/ADR-008/ADR-009/ADR-010/ADR-011/ADR-016/ADR-033/ADR-034,DERIVED_CONTROL,AC-ISSUE-0203-01/AC-ISSUE-0203-02/AC-ISSUE-0203-03/AC-ISSUE-0203-04,PASS,PASS,PASS,PASS,CRITICAL
STORY-0094,ISSUE-0204,TASK-0094,EPIC-017,SPRINT-003,JOB,BC-010,Orquestração de Jobs e Recursos,Story,planned,QA,"Executar integração real, carga e fault injection: REST, SSE e polling de reconciliação com contratos versionados",STORY-0090/STORY-0091/STORY-0092/STORY-0093,,STORY-0094-ISSUE-0204-executar-integracao-real-carga-e-fault-injection-rest-sse-e-polling-de-rec.md,ADR-003/ADR-004/ADR-005/ADR-006/ADR-007/ADR-008/ADR-010/ADR-011/ADR-016,DERIVED_CONTROL,AC-ISSUE-0204-01/AC-ISSUE-0204-02/AC-ISSUE-0204-03/AC-ISSUE-0204-04,PASS,PASS,PASS,PASS,HIGH
STORY-0095,ISSUE-0205,TASK-0095,EPIC-017,SPRINT-003,JOB,BC-010,Orquestração de Jobs e Recursos,Story,planned,Reviewer,"Auditar evidência e integração final: REST, SSE e polling de reconciliação com contratos versionados",STORY-0094,,STORY-0095-ISSUE-0205-auditar-evidencia-e-integracao-final-rest-sse-e-polling-de-reconciliacao-c.md,ADR-003/ADR-004/ADR-005/ADR-006/ADR-007/ADR-008/ADR-010/ADR-011/ADR-016,DERIVED_CONTROL,AC-ISSUE-0205-01/AC-ISSUE-0205-02/AC-ISSUE-0205-03/AC-ISSUE-0205-04,PASS,PASS,PASS,PASS,HIGH
STORY-0096,ISSUE-0206,TASK-0096,EPIC-018,SPRINT-003,JOB,BC-010,Orquestração de Jobs e Recursos,Story,planned,Arquiteto,"Definir estados, envelopes e invariantes: batch hierárquico, chunking, backpressure, checkpoints e retomada para lotes usuais de 40–300 imagens",STORY-0081/STORY-0088/STORY-0061,REQ-BEX-003/REQ-BEX-005/REQ-EPIC-017,STORY-0096-ISSUE-0206-definir-estados-envelopes-e-invariantes-batch-hierarquico-chunking-backpre.md,ADR-003/ADR-004/ADR-005/ADR-006/ADR-007/ADR-008/ADR-010/ADR-011/ADR-012/ADR-016/ADR-038/ADR-046,MIXED,AC-ISSUE-0206-01/AC-ISSUE-0206-02/AC-ISSUE-0206-03/AC-ISSUE-0206-04,PASS,PASS,PASS,PASS,CRITICAL
STORY-0097,ISSUE-0207,TASK-0097,EPIC-018,SPRINT-003,JOB,BC-010,Orquestração de Jobs e Recursos,Story,planned,Backend,"Implementar modelo e application services: batch hierárquico, chunking, backpressure, checkpoints e retomada para lotes usuais de 40–300 imagens",STORY-0096,REQ-BEX-002/REQ-BEX-004/REQ-BEX-006/REQ-BEX-010/REQ-MOS-001,STORY-0097-ISSUE-0207-implementar-modelo-e-application-services-batch-hierarquico-chunking-backp.md,ADR-003/ADR-004/ADR-005/ADR-006/ADR-007/ADR-008/ADR-012/ADR-016/ADR-018/ADR-019/ADR-038/ADR-039/ADR-049,MIXED,AC-ISSUE-0207-01/AC-ISSUE-0207-02/AC-ISSUE-0207-03/AC-ISSUE-0207-04,PASS,PASS,PASS,PASS,HIGH
STORY-0098,ISSUE-0208,TASK-0098,EPIC-018,SPRINT-003,JOB,BC-010,Orquestração de Jobs e Recursos,Story,planned,Backend,"Implementar runner, worker ou scheduler: batch hierárquico, chunking, backpressure, checkpoints e retomada para lotes usuais de 40–300 imagens",STORY-0096,REQ-BEX-007/REQ-BEX-008/REQ-BEX-009/REQ-EPIC-018,STORY-0098-ISSUE-0208-implementar-runner-worker-ou-scheduler-batch-hierarquico-chunking-backpres.md,ADR-003/ADR-004/ADR-005/ADR-006/ADR-007/ADR-008/ADR-016/ADR-018/ADR-019/ADR-037/ADR-038/ADR-040,MIXED,AC-ISSUE-0208-01/AC-ISSUE-0208-02/AC-ISSUE-0208-03/AC-ISSUE-0208-04,PASS,PASS,PASS,PASS,HIGH
STORY-0099,ISSUE-0209,TASK-0099,EPIC-018,SPRINT-003,JOB,BC-010,Orquestração de Jobs e Recursos,Story,planned,Backend,"Expor comandos, progresso e reconciliação: batch hierárquico, chunking, backpressure, checkpoints e retomada para lotes usuais de 40–300 imagens",STORY-0096,REQ-BEX-001/REQ-EPIC-062/REQ-SCH-002/REQ-SCL-001,STORY-0099-ISSUE-0209-expor-comandos-progresso-e-reconciliacao-batch-hierarquico-chunking-backpr.md,ADR-002/ADR-003/ADR-004/ADR-005/ADR-006/ADR-007/ADR-008/ADR-010/ADR-011/ADR-012/ADR-016/ADR-018/ADR-019/ADR-039/ADR-053,MIXED,AC-ISSUE-0209-01/AC-ISSUE-0209-02/AC-ISSUE-0209-03/AC-ISSUE-0209-04,PASS,PASS,PASS,PASS,HIGH
STORY-0100,ISSUE-0210,TASK-0100,EPIC-018,SPRINT-003,JOB,BC-010,Orquestração de Jobs e Recursos,Story,planned,DevOps,"Automatizar testes de resiliência, retry e recuperação: batch hierárquico, chunking, backpressure, checkpoints e retomada para lotes usuais de 40–300 imagens",STORY-0096,,STORY-0100-ISSUE-0210-implementar-falhas-retry-e-recuperacao-batch-hierarquico-chunking-backpres.md,ADR-003/ADR-004/ADR-005/ADR-006/ADR-007/ADR-008/ADR-009/ADR-033/ADR-034,DERIVED_CONTROL,AC-ISSUE-0210-01/AC-ISSUE-0210-02/AC-ISSUE-0210-03/AC-ISSUE-0210-04,PASS,PASS,PASS,PASS,CRITICAL
STORY-0101,ISSUE-0211,TASK-0101,EPIC-018,SPRINT-003,JOB,BC-010,Orquestração de Jobs e Recursos,Story,planned,QA,"Executar integração real, carga e fault injection: batch hierárquico, chunking, backpressure, checkpoints e retomada para lotes usuais de 40–300 imagens",STORY-0097/STORY-0098/STORY-0099/STORY-0100,,STORY-0101-ISSUE-0211-executar-integracao-real-carga-e-fault-injection-batch-hierarquico-chunkin.md,ADR-003/ADR-004/ADR-005/ADR-006/ADR-007/ADR-008,DERIVED_CONTROL,AC-ISSUE-0211-01/AC-ISSUE-0211-02/AC-ISSUE-0211-03/AC-ISSUE-0211-04,PASS,PASS,PASS,PASS,HIGH
STORY-0102,ISSUE-0212,TASK-0102,EPIC-018,SPRINT-003,JOB,BC-010,Orquestração de Jobs e Recursos,Story,planned,Reviewer,"Auditar evidência e integração final: batch hierárquico, chunking, backpressure, checkpoints e retomada para lotes usuais de 40–300 imagens",STORY-0101,,STORY-0102-ISSUE-0212-auditar-evidencia-e-integracao-final-batch-hierarquico-chunking-backpressu.md,ADR-003/ADR-004/ADR-005/ADR-006/ADR-007/ADR-008,DERIVED_CONTROL,AC-ISSUE-0212-01/AC-ISSUE-0212-02/AC-ISSUE-0212-03/AC-ISSUE-0212-04,PASS,PASS,PASS,PASS,HIGH
STORY-0103,ISSUE-0213,TASK-0103,EPIC-019,SPRINT-003,JOB,BC-010,Orquestração de Jobs e Recursos,Story,planned,Arquiteto,"Definir estados, envelopes e invariantes: Resource Governor, admission control e orçamento adaptativo de RAM/CPU/GPU/disco",STORY-0102,REQ-BEX-003/REQ-BEX-005,STORY-0103-ISSUE-0213-definir-estados-envelopes-e-invariantes-resource-governor-admission-contro.md,ADR-003/ADR-004/ADR-005/ADR-006/ADR-007/ADR-008/ADR-010/ADR-011/ADR-012/ADR-016/ADR-038/ADR-046,MIXED,AC-ISSUE-0213-01/AC-ISSUE-0213-02/AC-ISSUE-0213-03/AC-ISSUE-0213-04,PASS,PASS,PASS,PASS,CRITICAL
STORY-0104,ISSUE-0214,TASK-0104,EPIC-019,SPRINT-003,JOB,BC-010,Orquestração de Jobs e Recursos,Story,planned,Backend,"Implementar modelo e application services: Resource Governor, admission control e orçamento adaptativo de RAM/CPU/GPU/disco",STORY-0103,REQ-BEX-002/REQ-BEX-004/REQ-BEX-006/REQ-BEX-010/REQ-MAT-001/REQ-MOS-004,STORY-0104-ISSUE-0214-implementar-modelo-e-application-services-resource-governor-admission-cont.md,ADR-003/ADR-004/ADR-005/ADR-006/ADR-007/ADR-008/ADR-012/ADR-016/ADR-018/ADR-019/ADR-038/ADR-039/ADR-044,MIXED,AC-ISSUE-0214-01/AC-ISSUE-0214-02/AC-ISSUE-0214-03/AC-ISSUE-0214-04,PASS,PASS,PASS,PASS,HIGH
STORY-0105,ISSUE-0215,TASK-0105,EPIC-019,SPRINT-003,JOB,BC-010,Orquestração de Jobs e Recursos,Story,planned,Backend,"Implementar runner, worker ou scheduler: Resource Governor, admission control e orçamento adaptativo de RAM/CPU/GPU/disco",STORY-0103,REQ-BEX-007/REQ-BEX-008/REQ-BEX-009/REQ-DIS-002/REQ-RES-001/REQ-SCH-001,STORY-0105-ISSUE-0215-implementar-runner-worker-ou-scheduler-resource-governor-admission-control.md,ADR-003/ADR-004/ADR-005/ADR-006/ADR-007/ADR-008/ADR-012/ADR-016/ADR-018/ADR-019/ADR-037/ADR-038/ADR-039/ADR-040/ADR-047,MIXED,AC-ISSUE-0215-01/AC-ISSUE-0215-02/AC-ISSUE-0215-03/AC-ISSUE-0215-04,PASS,PASS,PASS,PASS,HIGH
STORY-0106,ISSUE-0216,TASK-0106,EPIC-019,SPRINT-003,JOB,BC-010,Orquestração de Jobs e Recursos,Story,planned,Backend,"Expor comandos, progresso e reconciliação: Resource Governor, admission control e orçamento adaptativo de RAM/CPU/GPU/disco",STORY-0103,REQ-BEX-001/REQ-SCL-001,STORY-0106-ISSUE-0216-expor-comandos-progresso-e-reconciliacao-resource-governor-admission-contr.md,ADR-003/ADR-004/ADR-005/ADR-006/ADR-007/ADR-008/ADR-010/ADR-011/ADR-012/ADR-016/ADR-018/ADR-019/ADR-039/ADR-053,MIXED,AC-ISSUE-0216-01/AC-ISSUE-0216-02/AC-ISSUE-0216-03/AC-ISSUE-0216-04,PASS,PASS,PASS,PASS,HIGH
STORY-0107,ISSUE-0217,TASK-0107,EPIC-019,SPRINT-003,JOB,BC-010,Orquestração de Jobs e Recursos,Story,planned,DevOps,"Automatizar testes de resiliência, retry e recuperação: Resource Governor, admission control e orçamento adaptativo de RAM/CPU/GPU/disco",STORY-0103,,STORY-0107-ISSUE-0217-implementar-falhas-retry-e-recuperacao-resource-governor-admission-control.md,ADR-003/ADR-004/ADR-005/ADR-006/ADR-007/ADR-008/ADR-009/ADR-033/ADR-034,DERIVED_CONTROL,AC-ISSUE-0217-01/AC-ISSUE-0217-02/AC-ISSUE-0217-03/AC-ISSUE-0217-04,PASS,PASS,PASS,PASS,CRITICAL
STORY-0108,ISSUE-0218,TASK-0108,EPIC-019,SPRINT-003,JOB,BC-010,Orquestração de Jobs e Recursos,Story,planned,QA,"Executar integração real, carga e fault injection: Resource Governor, admission control e orçamento adaptativo de RAM/CPU/GPU/disco",STORY-0104/STORY-0105/STORY-0106/STORY-0107,,STORY-0108-ISSUE-0218-executar-integracao-real-carga-e-fault-injection-resource-governor-admissi.md,ADR-003/ADR-004/ADR-005/ADR-006/ADR-007/ADR-008,DERIVED_CONTROL,AC-ISSUE-0218-01/AC-ISSUE-0218-02/AC-ISSUE-0218-03/AC-ISSUE-0218-04,PASS,PASS,PASS,PASS,HIGH
STORY-0109,ISSUE-0219,TASK-0109,EPIC-019,SPRINT-003,JOB,BC-010,Orquestração de Jobs e Recursos,Story,planned,Reviewer,"Auditar evidência e integração final: Resource Governor, admission control e orçamento adaptativo de RAM/CPU/GPU/disco",STORY-0108,,STORY-0109-ISSUE-0219-auditar-evidencia-e-integracao-final-resource-governor-admission-control-e.md,ADR-003/ADR-004/ADR-005/ADR-006/ADR-007/ADR-008,DERIVED_CONTROL,AC-ISSUE-0219-01/AC-ISSUE-0219-02/AC-ISSUE-0219-03/AC-ISSUE-0219-04,PASS,PASS,PASS,PASS,HIGH
STORY-0110,ISSUE-0220,TASK-0110,EPIC-020,SPRINT-003,CLI,BC-016,Experiência e Orientação do Operador,Story,planned,Arquiteto,"Definir comandos, opções e códigos de saída: CLI estável para projetos, ingestão, jobs e resultados",STORY-0081/STORY-0061,REQ-FS1-001/REQ-FS1-004,STORY-0110-ISSUE-0220-definir-comandos-opcoes-e-codigos-de-saida-cli-estavel-para-projetos-inges.md,ADR-003/ADR-004/ADR-005/ADR-006/ADR-007/ADR-008/ADR-010/ADR-011/ADR-015/ADR-016/ADR-044,MIXED,AC-ISSUE-0220-01/AC-ISSUE-0220-02/AC-ISSUE-0220-03/AC-ISSUE-0220-04,PASS,PASS,PASS,PASS,HIGH
STORY-0111,ISSUE-0221,TASK-0111,EPIC-020,SPRINT-003,CLI,BC-016,Experiência e Orientação do Operador,Story,planned,Backend,"Implementar adapter CLI sobre o núcleo: CLI estável para projetos, ingestão, jobs e resultados",STORY-0110,REQ-FS1-002/REQ-FS1-003/REQ-FS1-006/REQ-FS1-008/REQ-FS1-009/REQ-FS1-010,STORY-0111-ISSUE-0221-implementar-adapter-cli-sobre-o-nucleo-cli-estavel-para-projetos-ingestao.md,ADR-003/ADR-004/ADR-005/ADR-006/ADR-007/ADR-008/ADR-010/ADR-011/ADR-015/ADR-016/ADR-023/ADR-040/ADR-044/ADR-045/ADR-055,MIXED,AC-ISSUE-0221-01/AC-ISSUE-0221-02/AC-ISSUE-0221-03/AC-ISSUE-0221-04,PASS,PASS,PASS,PASS,CRITICAL
STORY-0112,ISSUE-0222,TASK-0112,EPIC-020,SPRINT-003,CLI,BC-016,Experiência e Orientação do Operador,Story,planned,Backend,"Implementar feedback, erros e ajuda: CLI estável para projetos, ingestão, jobs e resultados",STORY-0110,,STORY-0112-ISSUE-0222-implementar-feedback-erros-e-ajuda-cli-estavel-para-projetos-ingestao-jobs.md,ADR-003/ADR-004/ADR-005/ADR-006/ADR-007/ADR-008/ADR-010/ADR-011/ADR-016/ADR-023,DERIVED_CONTROL,AC-ISSUE-0222-01/AC-ISSUE-0222-02/AC-ISSUE-0222-03/AC-ISSUE-0222-04,PASS,PASS,PASS,PASS,HIGH
STORY-0113,ISSUE-0223,TASK-0113,EPIC-020,SPRINT-003,CLI,BC-016,Experiência e Orientação do Operador,Story,planned,QA,"Executar testes de contrato e integração: CLI estável para projetos, ingestão, jobs e resultados",STORY-0111/STORY-0112,REQ-FS1-005/REQ-FS1-007,STORY-0113-ISSUE-0223-executar-testes-de-contrato-e-integracao-cli-estavel-para-projetos-ingesta.md,ADR-003/ADR-004/ADR-005/ADR-006/ADR-007/ADR-008/ADR-010/ADR-011/ADR-046/ADR-055,MIXED,AC-ISSUE-0223-01/AC-ISSUE-0223-02/AC-ISSUE-0223-03/AC-ISSUE-0223-04,PASS,PASS,PASS,PASS,CRITICAL
STORY-0114,ISSUE-0224,TASK-0114,EPIC-020,SPRINT-003,CLI,BC-016,Experiência e Orientação do Operador,Story,planned,Reviewer,"Auditar compatibilidade e evidência final: CLI estável para projetos, ingestão, jobs e resultados",STORY-0113,,STORY-0114-ISSUE-0224-auditar-compatibilidade-e-evidencia-final-cli-estavel-para-projetos-ingest.md,ADR-003/ADR-004/ADR-005/ADR-006/ADR-007/ADR-008/ADR-010/ADR-011,DERIVED_CONTROL,AC-ISSUE-0224-01/AC-ISSUE-0224-02/AC-ISSUE-0224-03/AC-ISSUE-0224-04,PASS,PASS,PASS,PASS,MEDIUM
STORY-0115,ISSUE-0225,TASK-0115,EPIC-021,SPRINT-005,GEO,BC-007,Verificação Geométrica e Qualidade,Story,planned,Arquiteto,Definir contrato científico e invariantes: corpus versionado com décadas e condições distintas,STORY-0030,REQ-DBSCHEMA-005/REQ-FS1-001/REQ-FS1-004/REQ-NATIVE-002,STORY-0115-ISSUE-0225-definir-contrato-cientifico-e-invariantes-corpus-versionado-com-decadas-e.md,ADR-003/ADR-004/ADR-005/ADR-006/ADR-007/ADR-008/ADR-010/ADR-011/ADR-015/ADR-041/ADR-042/ADR-043/ADR-044/ADR-045/ADR-046,MIXED,AC-ISSUE-0225-01/AC-ISSUE-0225-02/AC-ISSUE-0225-03/AC-ISSUE-0225-04,PASS,PASS,PASS,PASS,CRITICAL
STORY-0116,ISSUE-0226,TASK-0116,EPIC-021,SPRINT-005,GEO,BC-007,Verificação Geométrica e Qualidade,Story,planned,Geoprocessamento,Consolidar slices e liberar integração: corpus versionado com décadas e condições distintas,STORY-0723/STORY-0724,,STORY-0116-ISSUE-0226-preparar-corpus-fixtures-e-representacao-tipada-corpus-versionado-com-deca.md,ADR-003/ADR-004/ADR-005/ADR-006/ADR-007/ADR-008/ADR-023/ADR-041/ADR-042/ADR-043/ADR-044/ADR-045/ADR-046/ADR-055,DERIVED_CONTROL,AC-ISSUE-0226-01/AC-ISSUE-0226-02/AC-ISSUE-0226-03/AC-ISSUE-0226-04,PASS,PASS,PASS,PASS,CRITICAL
STORY-0117,ISSUE-0227,TASK-0117,EPIC-021,SPRINT-005,GEO,BC-007,Verificação Geométrica e Qualidade,Story,planned,Geoprocessamento,Implementar o núcleo algorítmico: corpus versionado com décadas e condições distintas,STORY-0115,REQ-FS1-006/REQ-NATIVE-001/REQ-NATIVE-004,STORY-0117-ISSUE-0227-implementar-o-nucleo-algoritmico-corpus-versionado-com-decadas-e-condicoes.md,ADR-003/ADR-004/ADR-005/ADR-006/ADR-007/ADR-008/ADR-023/ADR-041/ADR-042/ADR-043/ADR-044/ADR-045/ADR-046/ADR-055,MIXED,AC-ISSUE-0227-01/AC-ISSUE-0227-02/AC-ISSUE-0227-03/AC-ISSUE-0227-04,PASS,PASS,PASS,PASS,CRITICAL
STORY-0118,ISSUE-0228,TASK-0118,EPIC-021,SPRINT-005,GEO,BC-007,Verificação Geométrica e Qualidade,Story,planned,Geoprocessamento,Integrar ao ProcessingPlan e pipeline: corpus versionado com décadas e condições distintas,STORY-0115,,STORY-0118-ISSUE-0228-integrar-ao-processingplan-e-pipeline-corpus-versionado-com-decadas-e-cond.md,ADR-003/ADR-004/ADR-005/ADR-006/ADR-007/ADR-008/ADR-023/ADR-041/ADR-042/ADR-043/ADR-044/ADR-045/ADR-046/ADR-055,DERIVED_CONTROL,AC-ISSUE-0228-01/AC-ISSUE-0228-02/AC-ISSUE-0228-03/AC-ISSUE-0228-04,PASS,PASS,PASS,PASS,CRITICAL
STORY-0119,ISSUE-0229,TASK-0119,EPIC-021,SPRINT-005,GEO,BC-007,Verificação Geométrica e Qualidade,Story,planned,Geoprocessamento,"Produzir métricas, diagnóstico e lineage: corpus versionado com décadas e condições distintas",STORY-0115,,STORY-0119-ISSUE-0229-produzir-metricas-diagnostico-e-lineage-corpus-versionado-com-decadas-e-co.md,ADR-003/ADR-004/ADR-005/ADR-006/ADR-007/ADR-008/ADR-023/ADR-041/ADR-042/ADR-043/ADR-044/ADR-045/ADR-046/ADR-055,DERIVED_CONTROL,AC-ISSUE-0229-01/AC-ISSUE-0229-02/AC-ISSUE-0229-03/AC-ISSUE-0229-04,PASS,PASS,PASS,PASS,CRITICAL
STORY-0120,ISSUE-0230,TASK-0120,EPIC-021,SPRINT-005,GEO,BC-007,Verificação Geométrica e Qualidade,Story,planned,QA,"Executar benchmark, negativos e regressão científica: corpus versionado com décadas e condições distintas",STORY-0116/STORY-0117/STORY-0118/STORY-0119,REQ-FS1-005/REQ-FS1-007,STORY-0120-ISSUE-0230-executar-benchmark-negativos-e-regressao-cientifica-corpus-versionado-com.md,ADR-003/ADR-004/ADR-005/ADR-006/ADR-007/ADR-008/ADR-041/ADR-042/ADR-043/ADR-044/ADR-045/ADR-046/ADR-055,MIXED,AC-ISSUE-0230-01/AC-ISSUE-0230-02/AC-ISSUE-0230-03/AC-ISSUE-0230-04,PASS,PASS,PASS,PASS,CRITICAL
STORY-0121,ISSUE-0231,TASK-0121,EPIC-021,SPRINT-005,GEO,BC-007,Verificação Geométrica e Qualidade,Story,planned,Reviewer,Auditar evidência científica e final: corpus versionado com décadas e condições distintas,STORY-0120,,STORY-0121-ISSUE-0231-auditar-evidencia-cientifica-e-final-corpus-versionado-com-decadas-e-condi.md,ADR-003/ADR-004/ADR-005/ADR-006/ADR-007/ADR-008/ADR-041/ADR-042/ADR-043/ADR-044/ADR-045/ADR-046,DERIVED_CONTROL,AC-ISSUE-0231-01/AC-ISSUE-0231-02/AC-ISSUE-0231-03/AC-ISSUE-0231-04,PASS,PASS,PASS,PASS,CRITICAL
STORY-0122,ISSUE-0232,TASK-0122,EPIC-022,SPRINT-005,GEO,BC-005,Descoberta e Aquisição de Referências,Story,planned,Arquiteto,Definir contrato científico e invariantes: busca provável greenfield validada,STORY-0121,REQ-AIE-001/REQ-AIE-005/REQ-CLASSICPROFILE-004/REQ-FS1-001/REQ-FS1-004/REQ-NATIVE-002/REQ-SGVCAL-007,STORY-0122-ISSUE-0232-definir-contrato-cientifico-e-invariantes-busca-provavel-greenfield-valida.md,ADR-002/ADR-003/ADR-004/ADR-005/ADR-006/ADR-007/ADR-008/ADR-010/ADR-011/ADR-015/ADR-038/ADR-041/ADR-042/ADR-043/ADR-044/ADR-045/ADR-046/ADR-051/ADR-052/ADR-053,MIXED,AC-ISSUE-0232-01/AC-ISSUE-0232-02/AC-ISSUE-0232-03/AC-ISSUE-0232-04,PASS,PASS,PASS,PASS,CRITICAL
STORY-0123,ISSUE-0233,TASK-0123,EPIC-022,SPRINT-005,GEO,BC-005,Descoberta e Aquisição de Referências,Story,planned,Geoprocessamento,Consolidar slices e liberar integração: busca provável greenfield validada,STORY-0725/STORY-0726/STORY-0727/STORY-0728,,STORY-0123-ISSUE-0233-preparar-corpus-fixtures-e-representacao-tipada-busca-provavel-greenfield.md,ADR-003/ADR-004/ADR-005/ADR-006/ADR-007/ADR-008/ADR-023/ADR-025/ADR-041/ADR-042/ADR-043/ADR-044/ADR-045/ADR-046/ADR-055,DERIVED_CONTROL,AC-ISSUE-0233-01/AC-ISSUE-0233-02/AC-ISSUE-0233-03/AC-ISSUE-0233-04,PASS,PASS,PASS,PASS,CRITICAL
STORY-0124,ISSUE-0234,TASK-0124,EPIC-022,SPRINT-005,GEO,BC-005,Descoberta e Aquisição de Referências,Story,planned,Geoprocessamento,Implementar o núcleo algorítmico: busca provável greenfield validada,STORY-0122,REQ-AI-010/REQ-CLASSICPROFILE-006/REQ-CLASSICPROFILE-010/REQ-FS1-006/REQ-NATIVE-001/REQ-NATIVE-004,STORY-0124-ISSUE-0234-implementar-o-nucleo-algoritmico-busca-provavel-greenfield-validada.md,ADR-003/ADR-004/ADR-005/ADR-006/ADR-007/ADR-008/ADR-009/ADR-023/ADR-025/ADR-041/ADR-042/ADR-043/ADR-044/ADR-045/ADR-046/ADR-055,MIXED,AC-ISSUE-0234-01/AC-ISSUE-0234-02/AC-ISSUE-0234-03/AC-ISSUE-0234-04,PASS,PASS,PASS,PASS,CRITICAL
STORY-0125,ISSUE-0235,TASK-0125,EPIC-022,SPRINT-005,GEO,BC-005,Descoberta e Aquisição de Referências,Story,planned,Geoprocessamento,Integrar ao ProcessingPlan e pipeline: busca provável greenfield validada,STORY-0122,,STORY-0125-ISSUE-0235-integrar-ao-processingplan-e-pipeline-busca-provavel-greenfield-validada.md,ADR-003/ADR-004/ADR-005/ADR-006/ADR-007/ADR-008/ADR-023/ADR-025/ADR-041/ADR-042/ADR-043/ADR-044/ADR-045/ADR-046/ADR-055,DERIVED_CONTROL,AC-ISSUE-0235-01/AC-ISSUE-0235-02/AC-ISSUE-0235-03/AC-ISSUE-0235-04,PASS,PASS,PASS,PASS,CRITICAL
STORY-0126,ISSUE-0236,TASK-0126,EPIC-022,SPRINT-005,GEO,BC-005,Descoberta e Aquisição de Referências,Story,planned,Geoprocessamento,"Produzir métricas, diagnóstico e lineage: busca provável greenfield validada",STORY-0122,,STORY-0126-ISSUE-0236-produzir-metricas-diagnostico-e-lineage-busca-provavel-greenfield-validada.md,ADR-003/ADR-004/ADR-005/ADR-006/ADR-007/ADR-008/ADR-023/ADR-025/ADR-041/ADR-042/ADR-043/ADR-044/ADR-045/ADR-046/ADR-055,DERIVED_CONTROL,AC-ISSUE-0236-01/AC-ISSUE-0236-02/AC-ISSUE-0236-03/AC-ISSUE-0236-04,PASS,PASS,PASS,PASS,CRITICAL
STORY-0127,ISSUE-0237,TASK-0127,EPIC-022,SPRINT-005,GEO,BC-005,Descoberta e Aquisição de Referências,Story,planned,QA,"Executar benchmark, negativos e regressão científica: busca provável greenfield validada",STORY-0123/STORY-0124/STORY-0125/STORY-0126,REQ-AIE-003/REQ-AIE-007/REQ-CLASSICPROFILE-008/REQ-FS1-005/REQ-FS1-007/REQ-SGVCAL-001/REQ-SGVCAL-008,STORY-0127-ISSUE-0237-executar-benchmark-negativos-e-regressao-cientifica-busca-provavel-greenfi.md,ADR-003/ADR-004/ADR-005/ADR-006/ADR-007/ADR-008/ADR-009/ADR-041/ADR-042/ADR-043/ADR-044/ADR-045/ADR-046/ADR-055,MIXED,AC-ISSUE-0237-01/AC-ISSUE-0237-02/AC-ISSUE-0237-03/AC-ISSUE-0237-04,PASS,PASS,PASS,PASS,CRITICAL
STORY-0128,ISSUE-0238,TASK-0128,EPIC-022,SPRINT-005,GEO,BC-005,Descoberta e Aquisição de Referências,Story,planned,Reviewer,Auditar evidência científica e final: busca provável greenfield validada,STORY-0127,,STORY-0128-ISSUE-0238-auditar-evidencia-cientifica-e-final-busca-provavel-greenfield-validada.md,ADR-003/ADR-004/ADR-005/ADR-006/ADR-007/ADR-008/ADR-041/ADR-042/ADR-043/ADR-044/ADR-045/ADR-046,DERIVED_CONTROL,AC-ISSUE-0238-01/AC-ISSUE-0238-02/AC-ISSUE-0238-03/AC-ISSUE-0238-04,PASS,PASS,PASS,PASS,CRITICAL
STORY-0129,ISSUE-0239,TASK-0129,EPIC-023,SPRINT-005,GEO,BC-006,Georreferenciamento,Story,planned,Arquiteto,Definir contrato científico e invariantes: correspondências e estimação robusta da homografia projetiva validadas,STORY-0121,REQ-FS1-001/REQ-FS1-004,STORY-0129-ISSUE-0239-definir-contrato-cientifico-e-invariantes-correspondencias-e-estimacao-rob.md,ADR-003/ADR-004/ADR-005/ADR-006/ADR-007/ADR-008/ADR-010/ADR-011/ADR-015/ADR-041/ADR-042/ADR-043/ADR-044/ADR-045/ADR-046,MIXED,AC-ISSUE-0239-01/AC-ISSUE-0239-02/AC-ISSUE-0239-03/AC-ISSUE-0239-04,PASS,PASS,PASS,PASS,CRITICAL
STORY-0130,ISSUE-0240,TASK-0130,EPIC-023,SPRINT-005,GEO,BC-006,Georreferenciamento,Story,planned,Geoprocessamento,"Preparar corpus, fixtures e representação tipada: correspondências e estimação robusta da homografia projetiva validadas",STORY-0129,REQ-FS1-002/REQ-FS1-003/REQ-FS1-008/REQ-FS1-009/REQ-FS1-010/REQ-SDR-001,STORY-0130-ISSUE-0240-preparar-corpus-fixtures-e-representacao-tipada-correspondencias-e-estimac.md,ADR-003/ADR-004/ADR-005/ADR-006/ADR-007/ADR-008/ADR-015/ADR-023/ADR-040/ADR-041/ADR-042/ADR-043/ADR-044/ADR-045/ADR-046/ADR-053/ADR-055,MIXED,AC-ISSUE-0240-01/AC-ISSUE-0240-02/AC-ISSUE-0240-03/AC-ISSUE-0240-04,PASS,PASS,PASS,PASS,CRITICAL
STORY-0131,ISSUE-0241,TASK-0131,EPIC-023,SPRINT-005,GEO,BC-006,Georreferenciamento,Story,planned,Geoprocessamento,Implementar o núcleo algorítmico: correspondências e estimação robusta da homografia projetiva validadas,STORY-0129,REQ-FS1-006,STORY-0131-ISSUE-0241-implementar-o-nucleo-algoritmico-correspondencias-e-estimacao-robusta-da-h.md,ADR-003/ADR-004/ADR-005/ADR-006/ADR-007/ADR-008/ADR-023/ADR-041/ADR-042/ADR-043/ADR-044/ADR-045/ADR-046/ADR-055,MIXED,AC-ISSUE-0241-01/AC-ISSUE-0241-02/AC-ISSUE-0241-03/AC-ISSUE-0241-04,PASS,PASS,PASS,PASS,CRITICAL
STORY-0132,ISSUE-0242,TASK-0132,EPIC-023,SPRINT-005,GEO,BC-006,Georreferenciamento,Story,planned,Geoprocessamento,Integrar ao ProcessingPlan e pipeline: correspondências e estimação robusta da homografia projetiva validadas,STORY-0129,,STORY-0132-ISSUE-0242-integrar-ao-processingplan-e-pipeline-correspondencias-e-estimacao-robusta.md,ADR-003/ADR-004/ADR-005/ADR-006/ADR-007/ADR-008/ADR-023/ADR-041/ADR-042/ADR-043/ADR-044/ADR-045/ADR-046/ADR-055,DERIVED_CONTROL,AC-ISSUE-0242-01/AC-ISSUE-0242-02/AC-ISSUE-0242-03/AC-ISSUE-0242-04,PASS,PASS,PASS,PASS,CRITICAL
STORY-0133,ISSUE-0243,TASK-0133,EPIC-023,SPRINT-005,GEO,BC-006,Georreferenciamento,Story,planned,Geoprocessamento,"Produzir métricas, diagnóstico e lineage: correspondências e estimação robusta da homografia projetiva validadas",STORY-0129,,STORY-0133-ISSUE-0243-produzir-metricas-diagnostico-e-lineage-correspondencias-e-estimacao-robus.md,ADR-003/ADR-004/ADR-005/ADR-006/ADR-007/ADR-008/ADR-023/ADR-041/ADR-042/ADR-043/ADR-044/ADR-045/ADR-046/ADR-055,DERIVED_CONTROL,AC-ISSUE-0243-01/AC-ISSUE-0243-02/AC-ISSUE-0243-03/AC-ISSUE-0243-04,PASS,PASS,PASS,PASS,CRITICAL
STORY-0134,ISSUE-0244,TASK-0134,EPIC-023,SPRINT-005,GEO,BC-006,Georreferenciamento,Story,planned,QA,"Executar benchmark, negativos e regressão científica: correspondências e estimação robusta da homografia projetiva validadas",STORY-0130/STORY-0131/STORY-0132/STORY-0133,REQ-FS1-005/REQ-FS1-007/REQ-HOM-001/REQ-MCH-001,STORY-0134-ISSUE-0244-executar-benchmark-negativos-e-regressao-cientifica-correspondencias-e-est.md,ADR-003/ADR-004/ADR-005/ADR-006/ADR-007/ADR-008/ADR-023/ADR-041/ADR-042/ADR-043/ADR-044/ADR-045/ADR-046/ADR-055,MIXED,AC-ISSUE-0244-01/AC-ISSUE-0244-02/AC-ISSUE-0244-03/AC-ISSUE-0244-04,PASS,PASS,PASS,PASS,CRITICAL
STORY-0135,ISSUE-0245,TASK-0135,EPIC-023,SPRINT-005,GEO,BC-006,Georreferenciamento,Story,planned,Reviewer,Auditar evidência científica e final: correspondências e estimação robusta da homografia projetiva validadas,STORY-0134,,STORY-0135-ISSUE-0245-auditar-evidencia-cientifica-e-final-correspondencias-e-estimacao-robusta.md,ADR-003/ADR-004/ADR-005/ADR-006/ADR-007/ADR-008/ADR-041/ADR-042/ADR-043/ADR-044/ADR-045/ADR-046,DERIVED_CONTROL,AC-ISSUE-0245-01/AC-ISSUE-0245-02/AC-ISSUE-0245-03/AC-ISSUE-0245-04,PASS,PASS,PASS,PASS,CRITICAL
STORY-0136,ISSUE-0246,TASK-0136,EPIC-024,SPRINT-005,GEO,BC-007,Verificação Geométrica e Qualidade,Story,planned,Arquiteto,"Definir contrato científico e invariantes: Strong Geometric Verifier fail-closed para homografia projetiva, QualityProfiles e Image Deformation Profile",STORY-0128/STORY-0135,REQ-AIE-001/REQ-AIE-005/REQ-FS1-001/REQ-FS1-004/REQ-QUAL-004/REQ-RMV-001/REQ-SDR-002,STORY-0136-ISSUE-0246-definir-contrato-cientifico-e-invariantes-strong-geometric-verifier-fail-c.md,ADR-003/ADR-004/ADR-005/ADR-006/ADR-007/ADR-008/ADR-010/ADR-011/ADR-015/ADR-038/ADR-041/ADR-042/ADR-043/ADR-044/ADR-045/ADR-046/ADR-048/ADR-049/ADR-050/ADR-051/ADR-052/ADR-053,MIXED,AC-ISSUE-0246-01/AC-ISSUE-0246-02/AC-ISSUE-0246-03/AC-ISSUE-0246-04,PASS,PASS,PASS,PASS,CRITICAL
STORY-0137,ISSUE-0247,TASK-0137,EPIC-024,SPRINT-005,GEO,BC-007,Verificação Geométrica e Qualidade,Story,planned,Geoprocessamento,"Consolidar slices e liberar integração: Strong Geometric Verifier fail-closed para homografia projetiva, QualityProfiles e Image Deformation Profile",STORY-0729/STORY-0730/STORY-0731,,STORY-0137-ISSUE-0247-preparar-corpus-fixtures-e-representacao-tipada-strong-geometric-verifier.md,ADR-003/ADR-004/ADR-005/ADR-006/ADR-007/ADR-008/ADR-023/ADR-041/ADR-042/ADR-043/ADR-044/ADR-045/ADR-046/ADR-048/ADR-049/ADR-050/ADR-055,DERIVED_CONTROL,AC-ISSUE-0247-01/AC-ISSUE-0247-02/AC-ISSUE-0247-03/AC-ISSUE-0247-04,PASS,PASS,PASS,PASS,CRITICAL
STORY-0138,ISSUE-0248,TASK-0138,EPIC-024,SPRINT-005,GEO,BC-007,Verificação Geométrica e Qualidade,Story,planned,Geoprocessamento,"Implementar o núcleo algorítmico: Strong Geometric Verifier fail-closed para homografia projetiva, QualityProfiles e Image Deformation Profile",STORY-0136,REQ-ANC-002/REQ-FS1-006/REQ-MOS-003/REQ-QUAL-001/REQ-QUAL-002/REQ-REV-003,STORY-0138-ISSUE-0248-implementar-o-nucleo-algoritmico-strong-geometric-verifier-fail-closed-par.md,ADR-003/ADR-004/ADR-005/ADR-006/ADR-007/ADR-008/ADR-023/ADR-041/ADR-042/ADR-043/ADR-044/ADR-045/ADR-046/ADR-048/ADR-049/ADR-050/ADR-055,MIXED,AC-ISSUE-0248-01/AC-ISSUE-0248-02/AC-ISSUE-0248-03/AC-ISSUE-0248-04,PASS,PASS,PASS,PASS,CRITICAL
STORY-0139,ISSUE-0249,TASK-0139,EPIC-024,SPRINT-005,GEO,BC-007,Verificação Geométrica e Qualidade,Story,planned,Geoprocessamento,"Integrar ao ProcessingPlan e pipeline: Strong Geometric Verifier fail-closed para homografia projetiva, QualityProfiles e Image Deformation Profile",STORY-0136,,STORY-0139-ISSUE-0249-integrar-ao-processingplan-e-pipeline-strong-geometric-verifier-fail-close.md,ADR-003/ADR-004/ADR-005/ADR-006/ADR-007/ADR-008/ADR-023/ADR-041/ADR-042/ADR-043/ADR-044/ADR-045/ADR-046/ADR-048/ADR-049/ADR-050/ADR-055,DERIVED_CONTROL,AC-ISSUE-0249-01/AC-ISSUE-0249-02/AC-ISSUE-0249-03/AC-ISSUE-0249-04,PASS,PASS,PASS,PASS,CRITICAL
STORY-0140,ISSUE-0250,TASK-0140,EPIC-024,SPRINT-005,GEO,BC-007,Verificação Geométrica e Qualidade,Story,planned,Geoprocessamento,"Produzir métricas, diagnóstico e lineage: Strong Geometric Verifier fail-closed para homografia projetiva, QualityProfiles e Image Deformation Profile",STORY-0136,,STORY-0140-ISSUE-0250-produzir-metricas-diagnostico-e-lineage-strong-geometric-verifier-fail-clo.md,ADR-003/ADR-004/ADR-005/ADR-006/ADR-007/ADR-008/ADR-023/ADR-041/ADR-042/ADR-043/ADR-044/ADR-045/ADR-046/ADR-048/ADR-049/ADR-050/ADR-055,DERIVED_CONTROL,AC-ISSUE-0250-01/AC-ISSUE-0250-02/AC-ISSUE-0250-03/AC-ISSUE-0250-04,PASS,PASS,PASS,PASS,CRITICAL
STORY-0141,ISSUE-0251,TASK-0141,EPIC-024,SPRINT-005,GEO,BC-007,Verificação Geométrica e Qualidade,Story,planned,QA,"Executar benchmark, negativos e regressão científica: Strong Geometric Verifier fail-closed para homografia projetiva, QualityProfiles e Image Deformation Profile",STORY-0137/STORY-0138/STORY-0139/STORY-0140,REQ-AIE-003/REQ-AIE-007/REQ-ANC-003/REQ-FS1-005/REQ-FS1-007/REQ-GCP-001/REQ-HOM-001/REQ-MOS-005/REQ-REF-002,STORY-0141-ISSUE-0251-executar-benchmark-negativos-e-regressao-cientifica-strong-geometric-verif.md,ADR-003/ADR-004/ADR-005/ADR-006/ADR-007/ADR-008/ADR-009/ADR-023/ADR-040/ADR-041/ADR-042/ADR-043/ADR-044/ADR-045/ADR-046/ADR-048/ADR-049/ADR-050/ADR-055,MIXED,AC-ISSUE-0251-01/AC-ISSUE-0251-02/AC-ISSUE-0251-03/AC-ISSUE-0251-04,PASS,PASS,PASS,PASS,CRITICAL
STORY-0142,ISSUE-0252,TASK-0142,EPIC-024,SPRINT-005,GEO,BC-007,Verificação Geométrica e Qualidade,Story,planned,Reviewer,"Auditar evidência científica e final: Strong Geometric Verifier fail-closed para homografia projetiva, QualityProfiles e Image Deformation Profile",STORY-0141,,STORY-0142-ISSUE-0252-auditar-evidencia-cientifica-e-final-strong-geometric-verifier-fail-closed.md,ADR-003/ADR-004/ADR-005/ADR-006/ADR-007/ADR-008/ADR-041/ADR-042/ADR-043/ADR-044/ADR-045/ADR-046/ADR-048/ADR-049/ADR-050,DERIVED_CONTROL,AC-ISSUE-0252-01/AC-ISSUE-0252-02/AC-ISSUE-0252-03/AC-ISSUE-0252-04,PASS,PASS,PASS,PASS,CRITICAL
STORY-0143,ISSUE-0253,TASK-0143,EPIC-025,SPRINT-005,GEO,BC-007,Verificação Geométrica e Qualidade,Story,planned,Arquiteto,"Definir contrato científico e invariantes: registry, calibração, benchmark e lifecycle de QualityProfiles oficiais/customizados",STORY-0121/STORY-0142,REQ-QUAL-004,STORY-0143-ISSUE-0253-definir-contrato-cientifico-e-invariantes-registry-calibracao-benchmark-e.md,ADR-003/ADR-004/ADR-005/ADR-006/ADR-007/ADR-008/ADR-010/ADR-011/ADR-041/ADR-042/ADR-043/ADR-046,MIXED,AC-ISSUE-0253-01/AC-ISSUE-0253-02/AC-ISSUE-0253-03/AC-ISSUE-0253-04,PASS,PASS,PASS,PASS,CRITICAL
STORY-0144,ISSUE-0254,TASK-0144,EPIC-025,SPRINT-005,GEO,BC-007,Verificação Geométrica e Qualidade,Story,planned,Geoprocessamento,"Preparar corpus, fixtures e representação tipada: registry, calibração, benchmark e lifecycle de QualityProfiles oficiais/customizados",STORY-0143,,STORY-0144-ISSUE-0254-preparar-corpus-fixtures-e-representacao-tipada-registry-calibracao-benchm.md,ADR-003/ADR-004/ADR-005/ADR-006/ADR-007/ADR-008/ADR-041/ADR-042/ADR-043/ADR-046,DERIVED_CONTROL,AC-ISSUE-0254-01/AC-ISSUE-0254-02/AC-ISSUE-0254-03/AC-ISSUE-0254-04,PASS,PASS,PASS,PASS,CRITICAL
STORY-0145,ISSUE-0255,TASK-0145,EPIC-025,SPRINT-005,GEO,BC-007,Verificação Geométrica e Qualidade,Story,planned,Geoprocessamento,"Implementar o núcleo algorítmico: registry, calibração, benchmark e lifecycle de QualityProfiles oficiais/customizados",STORY-0143,,STORY-0145-ISSUE-0255-implementar-o-nucleo-algoritmico-registry-calibracao-benchmark-e-lifecycle.md,ADR-003/ADR-004/ADR-005/ADR-006/ADR-007/ADR-008/ADR-041/ADR-042/ADR-043/ADR-046,DERIVED_CONTROL,AC-ISSUE-0255-01/AC-ISSUE-0255-02/AC-ISSUE-0255-03/AC-ISSUE-0255-04,PASS,PASS,PASS,PASS,CRITICAL
STORY-0146,ISSUE-0256,TASK-0146,EPIC-025,SPRINT-005,GEO,BC-007,Verificação Geométrica e Qualidade,Story,planned,Geoprocessamento,"Integrar ao ProcessingPlan e pipeline: registry, calibração, benchmark e lifecycle de QualityProfiles oficiais/customizados",STORY-0143,,STORY-0146-ISSUE-0256-integrar-ao-processingplan-e-pipeline-registry-calibracao-benchmark-e-life.md,ADR-003/ADR-004/ADR-005/ADR-006/ADR-007/ADR-008/ADR-041/ADR-042/ADR-043/ADR-046,DERIVED_CONTROL,AC-ISSUE-0256-01/AC-ISSUE-0256-02/AC-ISSUE-0256-03/AC-ISSUE-0256-04,PASS,PASS,PASS,PASS,CRITICAL
STORY-0147,ISSUE-0257,TASK-0147,EPIC-025,SPRINT-005,GEO,BC-007,Verificação Geométrica e Qualidade,Story,planned,Geoprocessamento,"Produzir métricas, diagnóstico e lineage: registry, calibração, benchmark e lifecycle de QualityProfiles oficiais/customizados",STORY-0143,,STORY-0147-ISSUE-0257-produzir-metricas-diagnostico-e-lineage-registry-calibracao-benchmark-e-li.md,ADR-003/ADR-004/ADR-005/ADR-006/ADR-007/ADR-008/ADR-041/ADR-042/ADR-043/ADR-046,DERIVED_CONTROL,AC-ISSUE-0257-01/AC-ISSUE-0257-02/AC-ISSUE-0257-03/AC-ISSUE-0257-04,PASS,PASS,PASS,PASS,CRITICAL
STORY-0148,ISSUE-0258,TASK-0148,EPIC-025,SPRINT-005,GEO,BC-007,Verificação Geométrica e Qualidade,Story,planned,QA,"Executar benchmark, negativos e regressão científica: registry, calibração, benchmark e lifecycle de QualityProfiles oficiais/customizados",STORY-0144/STORY-0145/STORY-0146/STORY-0147,,STORY-0148-ISSUE-0258-executar-benchmark-negativos-e-regressao-cientifica-registry-calibracao-be.md,ADR-003/ADR-004/ADR-005/ADR-006/ADR-007/ADR-008/ADR-041/ADR-042/ADR-043/ADR-046,DERIVED_CONTROL,AC-ISSUE-0258-01/AC-ISSUE-0258-02/AC-ISSUE-0258-03/AC-ISSUE-0258-04,PASS,PASS,PASS,PASS,CRITICAL
STORY-0149,ISSUE-0259,TASK-0149,EPIC-025,SPRINT-005,GEO,BC-007,Verificação Geométrica e Qualidade,Story,planned,Reviewer,"Auditar evidência científica e final: registry, calibração, benchmark e lifecycle de QualityProfiles oficiais/customizados",STORY-0148,,STORY-0149-ISSUE-0259-auditar-evidencia-cientifica-e-final-registry-calibracao-benchmark-e-lifec.md,ADR-003/ADR-004/ADR-005/ADR-006/ADR-007/ADR-008/ADR-041/ADR-042/ADR-043/ADR-046,DERIVED_CONTROL,AC-ISSUE-0259-01/AC-ISSUE-0259-02/AC-ISSUE-0259-03/AC-ISSUE-0259-04,PASS,PASS,PASS,PASS,CRITICAL
STORY-0150,ISSUE-0260,TASK-0150,EPIC-026,SPRINT-005,GEO,BC-013,"Artifacts, Proveniência e Lifecycle",Story,planned,Arquiteto,Definir contrato científico e invariantes: artefatos e lineage,STORY-0142/STORY-0061,REQ-AI-005/REQ-FS1-001/REQ-FS1-004/REQ-NATIVE-002,STORY-0150-ISSUE-0260-definir-contrato-cientifico-e-invariantes-artefatos-e-lineage.md,ADR-003/ADR-004/ADR-005/ADR-006/ADR-007/ADR-008/ADR-010/ADR-011/ADR-012/ADR-015/ADR-023/ADR-024/ADR-025/ADR-041/ADR-044/ADR-052/ADR-055,MIXED,AC-ISSUE-0260-01/AC-ISSUE-0260-02/AC-ISSUE-0260-03/AC-ISSUE-0260-04,PASS,PASS,PASS,PASS,CRITICAL
STORY-0151,ISSUE-0261,TASK-0151,EPIC-026,SPRINT-005,GEO,BC-013,"Artifacts, Proveniência e Lifecycle",Story,planned,Geoprocessamento,Consolidar slices e liberar integração: artefatos e lineage,STORY-0732/STORY-0733/STORY-0734,,STORY-0151-ISSUE-0261-preparar-corpus-fixtures-e-representacao-tipada-artefatos-e-lineage.md,ADR-003/ADR-004/ADR-005/ADR-006/ADR-007/ADR-008/ADR-023/ADR-024/ADR-025/ADR-041/ADR-042/ADR-043/ADR-044/ADR-045/ADR-046/ADR-055,DERIVED_CONTROL,AC-ISSUE-0261-01/AC-ISSUE-0261-02/AC-ISSUE-0261-03/AC-ISSUE-0261-04,PASS,PASS,PASS,PASS,CRITICAL
STORY-0152,ISSUE-0262,TASK-0152,EPIC-026,SPRINT-005,GEO,BC-013,"Artifacts, Proveniência e Lifecycle",Story,planned,Geoprocessamento,Implementar o núcleo algorítmico: artefatos e lineage,STORY-0150,REQ-FS1-006/REQ-NATIVE-001/REQ-NATIVE-004,STORY-0152-ISSUE-0262-implementar-o-nucleo-algoritmico-artefatos-e-lineage.md,ADR-003/ADR-004/ADR-005/ADR-006/ADR-007/ADR-008/ADR-023/ADR-024/ADR-025/ADR-041/ADR-042/ADR-043/ADR-044/ADR-045/ADR-046/ADR-055,MIXED,AC-ISSUE-0262-01/AC-ISSUE-0262-02/AC-ISSUE-0262-03/AC-ISSUE-0262-04,PASS,PASS,PASS,PASS,CRITICAL
STORY-0153,ISSUE-0263,TASK-0153,EPIC-026,SPRINT-005,GEO,BC-013,"Artifacts, Proveniência e Lifecycle",Story,planned,Geoprocessamento,Integrar ao ProcessingPlan e pipeline: artefatos e lineage,STORY-0150,,STORY-0153-ISSUE-0263-integrar-ao-processingplan-e-pipeline-artefatos-e-lineage.md,ADR-003/ADR-004/ADR-005/ADR-006/ADR-007/ADR-008/ADR-023/ADR-024/ADR-025/ADR-041/ADR-042/ADR-043/ADR-044/ADR-045/ADR-046/ADR-055,DERIVED_CONTROL,AC-ISSUE-0263-01/AC-ISSUE-0263-02/AC-ISSUE-0263-03/AC-ISSUE-0263-04,PASS,PASS,PASS,PASS,CRITICAL
STORY-0154,ISSUE-0264,TASK-0154,EPIC-026,SPRINT-005,GEO,BC-013,"Artifacts, Proveniência e Lifecycle",Story,planned,Geoprocessamento,"Produzir métricas, diagnóstico e lineage: artefatos e lineage",STORY-0150,,STORY-0154-ISSUE-0264-produzir-metricas-diagnostico-e-lineage-artefatos-e-lineage.md,ADR-003/ADR-004/ADR-005/ADR-006/ADR-007/ADR-008/ADR-023/ADR-024/ADR-025/ADR-041/ADR-042/ADR-043/ADR-044/ADR-045/ADR-046/ADR-055,DERIVED_CONTROL,AC-ISSUE-0264-01/AC-ISSUE-0264-02/AC-ISSUE-0264-03/AC-ISSUE-0264-04,PASS,PASS,PASS,PASS,CRITICAL
STORY-0155,ISSUE-0265,TASK-0155,EPIC-026,SPRINT-005,GEO,BC-013,"Artifacts, Proveniência e Lifecycle",Story,planned,QA,"Executar benchmark, negativos e regressão científica: artefatos e lineage",STORY-0151/STORY-0152/STORY-0153/STORY-0154,REQ-FS1-005/REQ-FS1-007,STORY-0155-ISSUE-0265-executar-benchmark-negativos-e-regressao-cientifica-artefatos-e-lineage.md,ADR-003/ADR-004/ADR-005/ADR-006/ADR-007/ADR-008/ADR-023/ADR-024/ADR-025/ADR-041/ADR-042/ADR-043/ADR-044/ADR-045/ADR-046/ADR-055,MIXED,AC-ISSUE-0265-01/AC-ISSUE-0265-02/AC-ISSUE-0265-03/AC-ISSUE-0265-04,PASS,PASS,PASS,PASS,CRITICAL
STORY-0156,ISSUE-0266,TASK-0156,EPIC-026,SPRINT-005,GEO,BC-013,"Artifacts, Proveniência e Lifecycle",Story,planned,Reviewer,Auditar evidência científica e final: artefatos e lineage,STORY-0155,,STORY-0156-ISSUE-0266-auditar-evidencia-cientifica-e-final-artefatos-e-lineage.md,ADR-003/ADR-004/ADR-005/ADR-006/ADR-007/ADR-008/ADR-023/ADR-024/ADR-025/ADR-055,DERIVED_CONTROL,AC-ISSUE-0266-01/AC-ISSUE-0266-02/AC-ISSUE-0266-03/AC-ISSUE-0266-04,PASS,PASS,PASS,PASS,CRITICAL
STORY-0157,ISSUE-0267,TASK-0157,EPIC-027,SPRINT-005,GEO,BC-005,Descoberta e Aquisição de Referências,Story,planned,Arquiteto,"Definir contrato científico e invariantes: gateway de fontes, proteção SSRF, estados de disponibilidade e bloqueio de compra",STORY-0025/STORY-0249,,STORY-0157-ISSUE-0267-definir-contrato-cientifico-e-invariantes-gateway-de-fontes-protecao-ssrf.md,ADR-003/ADR-004/ADR-005/ADR-006/ADR-007/ADR-008/ADR-010/ADR-011/ADR-041/ADR-042/ADR-043/ADR-047,DERIVED_CONTROL,AC-ISSUE-0267-01/AC-ISSUE-0267-02/AC-ISSUE-0267-03/AC-ISSUE-0267-04,PASS,PASS,PASS,PASS,HIGH
STORY-0158,ISSUE-0268,TASK-0158,EPIC-027,SPRINT-005,GEO,BC-005,Descoberta e Aquisição de Referências,Story,planned,Geoprocessamento,"Preparar corpus, fixtures e representação tipada: gateway de fontes, proteção SSRF, estados de disponibilidade e bloqueio de compra",STORY-0157,REQ-SRC-001/REQ-SRC-002,STORY-0158-ISSUE-0268-preparar-corpus-fixtures-e-representacao-tipada-gateway-de-fontes-protecao.md,ADR-003/ADR-004/ADR-005/ADR-006/ADR-007/ADR-008/ADR-041/ADR-042/ADR-043/ADR-047,MIXED,AC-ISSUE-0268-01/AC-ISSUE-0268-02/AC-ISSUE-0268-03/AC-ISSUE-0268-04,PASS,PASS,PASS,PASS,HIGH
STORY-0159,ISSUE-0269,TASK-0159,EPIC-027,SPRINT-005,GEO,BC-005,Descoberta e Aquisição de Referências,Story,planned,Geoprocessamento,"Implementar o núcleo algorítmico: gateway de fontes, proteção SSRF, estados de disponibilidade e bloqueio de compra",STORY-0157,,STORY-0159-ISSUE-0269-implementar-o-nucleo-algoritmico-gateway-de-fontes-protecao-ssrf-estados-d.md,ADR-003/ADR-004/ADR-005/ADR-006/ADR-007/ADR-008/ADR-041/ADR-042/ADR-043/ADR-047,DERIVED_CONTROL,AC-ISSUE-0269-01/AC-ISSUE-0269-02/AC-ISSUE-0269-03/AC-ISSUE-0269-04,PASS,PASS,PASS,PASS,HIGH
STORY-0160,ISSUE-0270,TASK-0160,EPIC-027,SPRINT-005,GEO,BC-005,Descoberta e Aquisição de Referências,Story,planned,Geoprocessamento,"Integrar ao ProcessingPlan e pipeline: gateway de fontes, proteção SSRF, estados de disponibilidade e bloqueio de compra",STORY-0157,,STORY-0160-ISSUE-0270-integrar-ao-processingplan-e-pipeline-gateway-de-fontes-protecao-ssrf-esta.md,ADR-003/ADR-004/ADR-005/ADR-006/ADR-007/ADR-008/ADR-041/ADR-042/ADR-043/ADR-047,DERIVED_CONTROL,AC-ISSUE-0270-01/AC-ISSUE-0270-02/AC-ISSUE-0270-03/AC-ISSUE-0270-04,PASS,PASS,PASS,PASS,HIGH
STORY-0161,ISSUE-0271,TASK-0161,EPIC-027,SPRINT-005,GEO,BC-005,Descoberta e Aquisição de Referências,Story,planned,Geoprocessamento,"Produzir métricas, diagnóstico e lineage: gateway de fontes, proteção SSRF, estados de disponibilidade e bloqueio de compra",STORY-0157,,STORY-0161-ISSUE-0271-produzir-metricas-diagnostico-e-lineage-gateway-de-fontes-protecao-ssrf-es.md,ADR-003/ADR-004/ADR-005/ADR-006/ADR-007/ADR-008/ADR-041/ADR-042/ADR-043/ADR-047,DERIVED_CONTROL,AC-ISSUE-0271-01/AC-ISSUE-0271-02/AC-ISSUE-0271-03/AC-ISSUE-0271-04,PASS,PASS,PASS,PASS,HIGH
STORY-0162,ISSUE-0272,TASK-0162,EPIC-027,SPRINT-005,GEO,BC-005,Descoberta e Aquisição de Referências,Story,planned,QA,"Executar benchmark, negativos e regressão científica: gateway de fontes, proteção SSRF, estados de disponibilidade e bloqueio de compra",STORY-0158/STORY-0159/STORY-0160/STORY-0161,,STORY-0162-ISSUE-0272-executar-benchmark-negativos-e-regressao-cientifica-gateway-de-fontes-prot.md,ADR-003/ADR-004/ADR-005/ADR-006/ADR-007/ADR-008/ADR-041/ADR-042/ADR-043/ADR-047,DERIVED_CONTROL,AC-ISSUE-0272-01/AC-ISSUE-0272-02/AC-ISSUE-0272-03/AC-ISSUE-0272-04,PASS,PASS,PASS,PASS,HIGH
STORY-0163,ISSUE-0273,TASK-0163,EPIC-027,SPRINT-005,GEO,BC-005,Descoberta e Aquisição de Referências,Story,planned,Reviewer,"Auditar evidência científica e final: gateway de fontes, proteção SSRF, estados de disponibilidade e bloqueio de compra",STORY-0162,,STORY-0163-ISSUE-0273-auditar-evidencia-cientifica-e-final-gateway-de-fontes-protecao-ssrf-estad.md,ADR-003/ADR-004/ADR-005/ADR-006/ADR-007/ADR-008/ADR-041/ADR-042/ADR-043/ADR-047,DERIVED_CONTROL,AC-ISSUE-0273-01/AC-ISSUE-0273-02/AC-ISSUE-0273-03/AC-ISSUE-0273-04,PASS,PASS,PASS,PASS,HIGH
STORY-0164,ISSUE-0274,TASK-0164,EPIC-028,SPRINT-005,GEO,BC-007,Verificação Geométrica e Qualidade,Story,planned,Arquiteto,"Definir contrato científico e invariantes: benchmarks por período, sensor e perfil de qualidade",STORY-0142,REQ-AIE-001/REQ-AIE-005/REQ-CLASSICPROFILE-004/REQ-SDR-002/REQ-SGVCAL-007/REQ-SRG-001,STORY-0164-ISSUE-0274-definir-contrato-cientifico-e-invariantes-benchmarks-por-periodo-sensor-e.md,ADR-002/ADR-003/ADR-004/ADR-005/ADR-006/ADR-007/ADR-008/ADR-010/ADR-011/ADR-038/ADR-041/ADR-042/ADR-043/ADR-044/ADR-045/ADR-046/ADR-051/ADR-052/ADR-053,MIXED,AC-ISSUE-0274-01/AC-ISSUE-0274-02/AC-ISSUE-0274-03/AC-ISSUE-0274-04,PASS,PASS,PASS,PASS,CRITICAL
STORY-0165,ISSUE-0275,TASK-0165,EPIC-028,SPRINT-005,GEO,BC-007,Verificação Geométrica e Qualidade,Story,planned,Geoprocessamento,"Consolidar slices e liberar integração: benchmarks por período, sensor e perfil de qualidade",STORY-0735/STORY-0736/STORY-0737,,STORY-0165-ISSUE-0275-preparar-corpus-fixtures-e-representacao-tipada-benchmarks-por-periodo-sen.md,ADR-003/ADR-004/ADR-005/ADR-006/ADR-007/ADR-008/ADR-025/ADR-041/ADR-042/ADR-043/ADR-044/ADR-045/ADR-046,DERIVED_CONTROL,AC-ISSUE-0275-01/AC-ISSUE-0275-02/AC-ISSUE-0275-03/AC-ISSUE-0275-04,PASS,PASS,PASS,PASS,CRITICAL
STORY-0166,ISSUE-0276,TASK-0166,EPIC-028,SPRINT-005,GEO,BC-007,Verificação Geométrica e Qualidade,Story,planned,Geoprocessamento,"Implementar o núcleo algorítmico: benchmarks por período, sensor e perfil de qualidade",STORY-0164,REQ-CLASSICPROFILE-006/REQ-CLASSICPROFILE-010,STORY-0166-ISSUE-0276-implementar-o-nucleo-algoritmico-benchmarks-por-periodo-sensor-e-perfil-de.md,ADR-003/ADR-004/ADR-005/ADR-006/ADR-007/ADR-008/ADR-025/ADR-041/ADR-042/ADR-043/ADR-044/ADR-045/ADR-046,MIXED,AC-ISSUE-0276-01/AC-ISSUE-0276-02/AC-ISSUE-0276-03/AC-ISSUE-0276-04,PASS,PASS,PASS,PASS,CRITICAL
STORY-0167,ISSUE-0277,TASK-0167,EPIC-028,SPRINT-005,GEO,BC-007,Verificação Geométrica e Qualidade,Story,planned,Geoprocessamento,"Integrar ao ProcessingPlan e pipeline: benchmarks por período, sensor e perfil de qualidade",STORY-0164,,STORY-0167-ISSUE-0277-integrar-ao-processingplan-e-pipeline-benchmarks-por-periodo-sensor-e-perf.md,ADR-003/ADR-004/ADR-005/ADR-006/ADR-007/ADR-008/ADR-025/ADR-041/ADR-042/ADR-043/ADR-044/ADR-045/ADR-046,DERIVED_CONTROL,AC-ISSUE-0277-01/AC-ISSUE-0277-02/AC-ISSUE-0277-03/AC-ISSUE-0277-04,PASS,PASS,PASS,PASS,CRITICAL
STORY-0168,ISSUE-0278,TASK-0168,EPIC-028,SPRINT-005,GEO,BC-007,Verificação Geométrica e Qualidade,Story,planned,Geoprocessamento,"Produzir métricas, diagnóstico e lineage: benchmarks por período, sensor e perfil de qualidade",STORY-0164,,STORY-0168-ISSUE-0278-produzir-metricas-diagnostico-e-lineage-benchmarks-por-periodo-sensor-e-pe.md,ADR-003/ADR-004/ADR-005/ADR-006/ADR-007/ADR-008/ADR-025/ADR-041/ADR-042/ADR-043/ADR-044/ADR-045/ADR-046,DERIVED_CONTROL,AC-ISSUE-0278-01/AC-ISSUE-0278-02/AC-ISSUE-0278-03/AC-ISSUE-0278-04,PASS,PASS,PASS,PASS,CRITICAL
STORY-0169,ISSUE-0279,TASK-0169,EPIC-028,SPRINT-005,GEO,BC-007,Verificação Geométrica e Qualidade,Story,planned,QA,"Executar benchmark, negativos e regressão científica: benchmarks por período, sensor e perfil de qualidade",STORY-0165/STORY-0166/STORY-0167/STORY-0168,REQ-AIE-003/REQ-AIE-007/REQ-CLASSICPROFILE-008/REQ-SDR-003/REQ-SGVCAL-001/REQ-SGVCAL-008,STORY-0169-ISSUE-0279-executar-benchmark-negativos-e-regressao-cientifica-benchmarks-por-periodo.md,ADR-003/ADR-004/ADR-005/ADR-006/ADR-007/ADR-008/ADR-009/ADR-041/ADR-042/ADR-043/ADR-044/ADR-045/ADR-046/ADR-051/ADR-052/ADR-053,MIXED,AC-ISSUE-0279-01/AC-ISSUE-0279-02/AC-ISSUE-0279-03/AC-ISSUE-0279-04,PASS,PASS,PASS,PASS,CRITICAL
STORY-0170,ISSUE-0280,TASK-0170,EPIC-028,SPRINT-005,GEO,BC-007,Verificação Geométrica e Qualidade,Story,planned,Reviewer,"Auditar evidência científica e final: benchmarks por período, sensor e perfil de qualidade",STORY-0169,,STORY-0170-ISSUE-0280-auditar-evidencia-cientifica-e-final-benchmarks-por-periodo-sensor-e-perfi.md,ADR-003/ADR-004/ADR-005/ADR-006/ADR-007/ADR-008/ADR-041/ADR-042/ADR-043/ADR-044/ADR-045/ADR-046,DERIVED_CONTROL,AC-ISSUE-0280-01/AC-ISSUE-0280-02/AC-ISSUE-0280-03/AC-ISSUE-0280-04,PASS,PASS,PASS,PASS,CRITICAL
STORY-0171,ISSUE-0281,TASK-0171,EPIC-029,SPRINT-005,GEO,BC-004,Plano de Processamento e Workflow,Story,planned,Arquiteto,Definir contrato científico e invariantes: etapas/capacidades canônicas e ProcessingPlan reproduzível,STORY-0020/STORY-0030/STORY-0121,REQ-SRC-005/REQ-UX-002,STORY-0171-ISSUE-0281-definir-contrato-cientifico-e-invariantes-etapas-capacidades-canonicas-e-p.md,ADR-003/ADR-004/ADR-005/ADR-006/ADR-007/ADR-008/ADR-010/ADR-011/ADR-014/ADR-047,MIXED,AC-ISSUE-0281-01/AC-ISSUE-0281-02/AC-ISSUE-0281-03/AC-ISSUE-0281-04,PASS,PASS,PASS,PASS,HIGH
STORY-0172,ISSUE-0282,TASK-0172,EPIC-029,SPRINT-005,GEO,BC-004,Plano de Processamento e Workflow,Story,planned,Geoprocessamento,"Preparar corpus, fixtures e representação tipada: etapas/capacidades canônicas e ProcessingPlan reproduzível",STORY-0171,REQ-AI-008/REQ-AI-011/REQ-AI-014,STORY-0172-ISSUE-0282-preparar-corpus-fixtures-e-representacao-tipada-etapas-capacidades-canonic.md,ADR-003/ADR-004/ADR-005/ADR-006/ADR-007/ADR-008/ADR-009/ADR-041/ADR-042/ADR-043/ADR-047/ADR-051,MIXED,AC-ISSUE-0282-01/AC-ISSUE-0282-02/AC-ISSUE-0282-03/AC-ISSUE-0282-04,PASS,PASS,PASS,PASS,CRITICAL
STORY-0173,ISSUE-0283,TASK-0173,EPIC-029,SPRINT-005,GEO,BC-004,Plano de Processamento e Workflow,Story,planned,Geoprocessamento,Implementar o núcleo algorítmico: etapas/capacidades canônicas e ProcessingPlan reproduzível,STORY-0171,REQ-AI-010,STORY-0173-ISSUE-0283-implementar-o-nucleo-algoritmico-etapas-capacidades-canonicas-e-processing.md,ADR-003/ADR-004/ADR-005/ADR-006/ADR-007/ADR-008/ADR-009/ADR-041/ADR-042/ADR-043/ADR-047,MIXED,AC-ISSUE-0283-01/AC-ISSUE-0283-02/AC-ISSUE-0283-03/AC-ISSUE-0283-04,PASS,PASS,PASS,PASS,HIGH
STORY-0174,ISSUE-0284,TASK-0174,EPIC-029,SPRINT-005,GEO,BC-004,Plano de Processamento e Workflow,Story,planned,Geoprocessamento,Integrar ao ProcessingPlan e pipeline: etapas/capacidades canônicas e ProcessingPlan reproduzível,STORY-0171,,STORY-0174-ISSUE-0284-integrar-ao-processingplan-e-pipeline-etapas-capacidades-canonicas-e-proce.md,ADR-003/ADR-004/ADR-005/ADR-006/ADR-007/ADR-008/ADR-041/ADR-042/ADR-043/ADR-047,DERIVED_CONTROL,AC-ISSUE-0284-01/AC-ISSUE-0284-02/AC-ISSUE-0284-03/AC-ISSUE-0284-04,PASS,PASS,PASS,PASS,HIGH
STORY-0175,ISSUE-0285,TASK-0175,EPIC-029,SPRINT-005,GEO,BC-004,Plano de Processamento e Workflow,Story,planned,Geoprocessamento,"Produzir métricas, diagnóstico e lineage: etapas/capacidades canônicas e ProcessingPlan reproduzível",STORY-0171,,STORY-0175-ISSUE-0285-produzir-metricas-diagnostico-e-lineage-etapas-capacidades-canonicas-e-pro.md,ADR-003/ADR-004/ADR-005/ADR-006/ADR-007/ADR-008/ADR-041/ADR-042/ADR-043/ADR-047,DERIVED_CONTROL,AC-ISSUE-0285-01/AC-ISSUE-0285-02/AC-ISSUE-0285-03/AC-ISSUE-0285-04,PASS,PASS,PASS,PASS,HIGH
STORY-0176,ISSUE-0286,TASK-0176,EPIC-029,SPRINT-005,GEO,BC-004,Plano de Processamento e Workflow,Story,planned,QA,"Executar benchmark, negativos e regressão científica: etapas/capacidades canônicas e ProcessingPlan reproduzível",STORY-0172/STORY-0173/STORY-0174/STORY-0175,,STORY-0176-ISSUE-0286-executar-benchmark-negativos-e-regressao-cientifica-etapas-capacidades-can.md,ADR-003/ADR-004/ADR-005/ADR-006/ADR-007/ADR-008/ADR-041/ADR-042/ADR-043/ADR-047,DERIVED_CONTROL,AC-ISSUE-0286-01/AC-ISSUE-0286-02/AC-ISSUE-0286-03/AC-ISSUE-0286-04,PASS,PASS,PASS,PASS,HIGH
STORY-0177,ISSUE-0287,TASK-0177,EPIC-029,SPRINT-005,GEO,BC-004,Plano de Processamento e Workflow,Story,planned,Reviewer,Auditar evidência científica e final: etapas/capacidades canônicas e ProcessingPlan reproduzível,STORY-0176,,STORY-0177-ISSUE-0287-auditar-evidencia-cientifica-e-final-etapas-capacidades-canonicas-e-proces.md,ADR-003/ADR-004/ADR-005/ADR-006/ADR-007/ADR-008,DERIVED_CONTROL,AC-ISSUE-0287-01/AC-ISSUE-0287-02/AC-ISSUE-0287-03/AC-ISSUE-0287-04,PASS,PASS,PASS,PASS,MEDIUM
STORY-0178,ISSUE-0288,TASK-0178,EPIC-030,SPRINT-005,GEO,BC-012,"Resultados, Diagnósticos e Exportação",Story,planned,Arquiteto,"Definir contrato científico e invariantes: taxonomia versionada de falhas, evidências, remediações seguras e contratos de resultado por imagem",STORY-0142/STORY-0020,REQ-EPIC-016/REQ-EPIC-038,STORY-0178-ISSUE-0288-definir-contrato-cientifico-e-invariantes-taxonomia-versionada-de-falhas-e.md,ADR-002/ADR-003/ADR-004/ADR-005/ADR-006/ADR-007/ADR-008/ADR-010/ADR-011/ADR-038,MIXED,AC-ISSUE-0288-01/AC-ISSUE-0288-02/AC-ISSUE-0288-03/AC-ISSUE-0288-04,PASS,PASS,PASS,PASS,HIGH
STORY-0179,ISSUE-0289,TASK-0179,EPIC-030,SPRINT-005,GEO,BC-012,"Resultados, Diagnósticos e Exportação",Story,planned,Geoprocessamento,"Preparar corpus, fixtures e representação tipada: taxonomia versionada de falhas, evidências, remediações seguras e contratos de resultado por imagem",STORY-0178,,STORY-0179-ISSUE-0289-preparar-corpus-fixtures-e-representacao-tipada-taxonomia-versionada-de-fa.md,ADR-003/ADR-004/ADR-005/ADR-006/ADR-007/ADR-008/ADR-041/ADR-042/ADR-043,DERIVED_CONTROL,AC-ISSUE-0289-01/AC-ISSUE-0289-02/AC-ISSUE-0289-03/AC-ISSUE-0289-04,PASS,PASS,PASS,PASS,HIGH
STORY-0180,ISSUE-0290,TASK-0180,EPIC-030,SPRINT-005,GEO,BC-012,"Resultados, Diagnósticos e Exportação",Story,planned,Geoprocessamento,"Implementar o núcleo algorítmico: taxonomia versionada de falhas, evidências, remediações seguras e contratos de resultado por imagem",STORY-0178,REQ-EPIC-037,STORY-0180-ISSUE-0290-implementar-o-nucleo-algoritmico-taxonomia-versionada-de-falhas-evidencias.md,ADR-002/ADR-003/ADR-004/ADR-005/ADR-006/ADR-007/ADR-008/ADR-041/ADR-042/ADR-043,MIXED,AC-ISSUE-0290-01/AC-ISSUE-0290-02/AC-ISSUE-0290-03/AC-ISSUE-0290-04,PASS,PASS,PASS,PASS,HIGH
STORY-0181,ISSUE-0291,TASK-0181,EPIC-030,SPRINT-005,GEO,BC-012,"Resultados, Diagnósticos e Exportação",Story,planned,Geoprocessamento,"Integrar ao ProcessingPlan e pipeline: taxonomia versionada de falhas, evidências, remediações seguras e contratos de resultado por imagem",STORY-0178,,STORY-0181-ISSUE-0291-integrar-ao-processingplan-e-pipeline-taxonomia-versionada-de-falhas-evide.md,ADR-003/ADR-004/ADR-005/ADR-006/ADR-007/ADR-008/ADR-041/ADR-042/ADR-043,DERIVED_CONTROL,AC-ISSUE-0291-01/AC-ISSUE-0291-02/AC-ISSUE-0291-03/AC-ISSUE-0291-04,PASS,PASS,PASS,PASS,HIGH
STORY-0182,ISSUE-0292,TASK-0182,EPIC-030,SPRINT-005,GEO,BC-012,"Resultados, Diagnósticos e Exportação",Story,planned,Geoprocessamento,"Produzir métricas, diagnóstico e lineage: taxonomia versionada de falhas, evidências, remediações seguras e contratos de resultado por imagem",STORY-0178,,STORY-0182-ISSUE-0292-produzir-metricas-diagnostico-e-lineage-taxonomia-versionada-de-falhas-evi.md,ADR-003/ADR-004/ADR-005/ADR-006/ADR-007/ADR-008/ADR-041/ADR-042/ADR-043,DERIVED_CONTROL,AC-ISSUE-0292-01/AC-ISSUE-0292-02/AC-ISSUE-0292-03/AC-ISSUE-0292-04,PASS,PASS,PASS,PASS,HIGH
STORY-0183,ISSUE-0293,TASK-0183,EPIC-030,SPRINT-005,GEO,BC-012,"Resultados, Diagnósticos e Exportação",Story,planned,QA,"Executar benchmark, negativos e regressão científica: taxonomia versionada de falhas, evidências, remediações seguras e contratos de resultado por imagem",STORY-0179/STORY-0180/STORY-0181/STORY-0182,,STORY-0183-ISSUE-0293-executar-benchmark-negativos-e-regressao-cientifica-taxonomia-versionada-d.md,ADR-003/ADR-004/ADR-005/ADR-006/ADR-007/ADR-008/ADR-041/ADR-042/ADR-043,DERIVED_CONTROL,AC-ISSUE-0293-01/AC-ISSUE-0293-02/AC-ISSUE-0293-03/AC-ISSUE-0293-04,PASS,PASS,PASS,PASS,HIGH
STORY-0184,ISSUE-0294,TASK-0184,EPIC-030,SPRINT-005,GEO,BC-012,"Resultados, Diagnósticos e Exportação",Story,planned,Reviewer,"Auditar evidência científica e final: taxonomia versionada de falhas, evidências, remediações seguras e contratos de resultado por imagem",STORY-0183,,STORY-0184-ISSUE-0294-auditar-evidencia-cientifica-e-final-taxonomia-versionada-de-falhas-eviden.md,ADR-003/ADR-004/ADR-005/ADR-006/ADR-007/ADR-008,DERIVED_CONTROL,AC-ISSUE-0294-01/AC-ISSUE-0294-02/AC-ISSUE-0294-03/AC-ISSUE-0294-04,PASS,PASS,PASS,PASS,HIGH
STORY-0185,ISSUE-0295,TASK-0185,EPIC-031,SPRINT-009,WEB,BC-016,Experiência e Orientação do Operador,Story,planned,Product Owner,"Definir jornada, estados e acessibilidade: React/TypeScript/Vite, design system, cliente OpenAPI, seletor visual, acessibilidade e E2E",STORY-0020/STORY-0055/STORY-0095,REQ-FS-001/REQ-TOOL-008/REQ-TOOL-009,STORY-0185-ISSUE-0295-definir-jornada-estados-e-acessibilidade-react-typescript-vite-design-syst.md,ADR-003/ADR-004/ADR-005/ADR-006/ADR-007/ADR-008/ADR-010/ADR-011/ADR-013/ADR-014/ADR-015,MIXED,AC-ISSUE-0295-01/AC-ISSUE-0295-02/AC-ISSUE-0295-03/AC-ISSUE-0295-04,PASS,PASS,PASS,PASS,HIGH
STORY-0186,ISSUE-0296,TASK-0186,EPIC-031,SPRINT-009,WEB,BC-016,Experiência e Orientação do Operador,Story,planned,Frontend,"Consolidar slices e liberar integração: React/TypeScript/Vite, design system, cliente OpenAPI, seletor visual, acessibilidade e E2E",STORY-0738/STORY-0739/STORY-0740,,STORY-0186-ISSUE-0296-integrar-contratos-e-cliente-tipado-react-typescript-vite-design-system-cl.md,ADR-003/ADR-004/ADR-005/ADR-006/ADR-007/ADR-008/ADR-010/ADR-011/ADR-013/ADR-014/ADR-015,DERIVED_CONTROL,AC-ISSUE-0296-01/AC-ISSUE-0296-02/AC-ISSUE-0296-03/AC-ISSUE-0296-04,PASS,PASS,PASS,PASS,HIGH
STORY-0187,ISSUE-0297,TASK-0187,EPIC-031,SPRINT-009,WEB,BC-016,Experiência e Orientação do Operador,Story,planned,Frontend,"Implementar componentes e interação: React/TypeScript/Vite, design system, cliente OpenAPI, seletor visual, acessibilidade e E2E",STORY-0185,,STORY-0187-ISSUE-0297-implementar-componentes-e-interacao-react-typescript-vite-design-system-cl.md,ADR-003/ADR-004/ADR-005/ADR-006/ADR-007/ADR-008/ADR-010/ADR-011/ADR-013/ADR-014/ADR-015,DERIVED_CONTROL,AC-ISSUE-0297-01/AC-ISSUE-0297-02/AC-ISSUE-0297-03/AC-ISSUE-0297-04,PASS,PASS,PASS,PASS,HIGH
STORY-0188,ISSUE-0298,TASK-0188,EPIC-031,SPRINT-009,WEB,BC-016,Experiência e Orientação do Operador,Story,planned,Frontend,"Integrar mapa, fluxo e estados de erro: React/TypeScript/Vite, design system, cliente OpenAPI, seletor visual, acessibilidade e E2E",STORY-0185,,STORY-0188-ISSUE-0298-integrar-mapa-fluxo-e-estados-de-erro-react-typescript-vite-design-system.md,ADR-003/ADR-004/ADR-005/ADR-006/ADR-007/ADR-008/ADR-010/ADR-011/ADR-013/ADR-014/ADR-015,DERIVED_CONTROL,AC-ISSUE-0298-01/AC-ISSUE-0298-02/AC-ISSUE-0298-03/AC-ISSUE-0298-04,PASS,PASS,PASS,PASS,HIGH
STORY-0189,ISSUE-0299,TASK-0189,EPIC-031,SPRINT-009,WEB,BC-016,Experiência e Orientação do Operador,Story,planned,QA,"Executar testes de componente, acessibilidade e E2E: React/TypeScript/Vite, design system, cliente OpenAPI, seletor visual, acessibilidade e E2E",STORY-0186/STORY-0187/STORY-0188,REQ-FS1-005/REQ-FS1-007,STORY-0189-ISSUE-0299-executar-testes-de-componente-acessibilidade-e-e2e-react-typescript-vite-d.md,ADR-003/ADR-004/ADR-005/ADR-006/ADR-007/ADR-008/ADR-010/ADR-011/ADR-013/ADR-014/ADR-015/ADR-046/ADR-055,MIXED,AC-ISSUE-0299-01/AC-ISSUE-0299-02/AC-ISSUE-0299-03/AC-ISSUE-0299-04,PASS,PASS,PASS,PASS,CRITICAL
STORY-0190,ISSUE-0300,TASK-0190,EPIC-031,SPRINT-009,WEB,BC-016,Experiência e Orientação do Operador,Story,planned,Reviewer,"Auditar UX, contrato e evidência final: React/TypeScript/Vite, design system, cliente OpenAPI, seletor visual, acessibilidade e E2E",STORY-0189,,STORY-0190-ISSUE-0300-auditar-ux-contrato-e-evidencia-final-react-typescript-vite-design-system.md,ADR-003/ADR-004/ADR-005/ADR-006/ADR-007/ADR-008/ADR-010/ADR-011/ADR-013/ADR-014/ADR-015,DERIVED_CONTROL,AC-ISSUE-0300-01/AC-ISSUE-0300-02/AC-ISSUE-0300-03/AC-ISSUE-0300-04,PASS,PASS,PASS,PASS,HIGH
STORY-0191,ISSUE-0301,TASK-0191,EPIC-032,SPRINT-009,WEB,BC-016,Experiência e Orientação do Operador,Story,planned,Product Owner,"Definir jornada, estados e acessibilidade: workspace OpenLayers, configuração, acompanhamento e revisão",STORY-0190/STORY-0142,REQ-ANC-005/REQ-RMR-002,STORY-0191-ISSUE-0301-definir-jornada-estados-e-acessibilidade-workspace-openlayers-configuracao.md,ADR-003/ADR-004/ADR-005/ADR-006/ADR-007/ADR-008/ADR-010/ADR-011/ADR-014/ADR-042/ADR-049,MIXED,AC-ISSUE-0301-01/AC-ISSUE-0301-02/AC-ISSUE-0301-03/AC-ISSUE-0301-04,PASS,PASS,PASS,PASS,MEDIUM
STORY-0192,ISSUE-0302,TASK-0192,EPIC-032,SPRINT-009,WEB,BC-016,Experiência e Orientação do Operador,Story,planned,Frontend,"Integrar contratos e cliente tipado: workspace OpenLayers, configuração, acompanhamento e revisão",STORY-0191,REQ-MSK-003/REQ-MTD-001/REQ-UX-001,STORY-0192-ISSUE-0302-integrar-contratos-e-cliente-tipado-workspace-openlayers-configuracao-acom.md,ADR-003/ADR-004/ADR-005/ADR-006/ADR-007/ADR-008/ADR-010/ADR-011/ADR-014/ADR-040/ADR-055,MIXED,AC-ISSUE-0302-01/AC-ISSUE-0302-02/AC-ISSUE-0302-03/AC-ISSUE-0302-04,PASS,PASS,PASS,PASS,CRITICAL
STORY-0193,ISSUE-0303,TASK-0193,EPIC-032,SPRINT-009,WEB,BC-016,Experiência e Orientação do Operador,Story,planned,Frontend,"Implementar componentes e interação: workspace OpenLayers, configuração, acompanhamento e revisão",STORY-0191,,STORY-0193-ISSUE-0303-implementar-componentes-e-interacao-workspace-openlayers-configuracao-acom.md,ADR-003/ADR-004/ADR-005/ADR-006/ADR-007/ADR-008/ADR-010/ADR-011/ADR-014,DERIVED_CONTROL,AC-ISSUE-0303-01/AC-ISSUE-0303-02/AC-ISSUE-0303-03/AC-ISSUE-0303-04,PASS,PASS,PASS,PASS,HIGH
STORY-0194,ISSUE-0304,TASK-0194,EPIC-032,SPRINT-009,WEB,BC-016,Experiência e Orientação do Operador,Story,planned,Frontend,"Integrar mapa, fluxo e estados de erro: workspace OpenLayers, configuração, acompanhamento e revisão",STORY-0191,,STORY-0194-ISSUE-0304-integrar-mapa-fluxo-e-estados-de-erro-workspace-openlayers-configuracao-ac.md,ADR-003/ADR-004/ADR-005/ADR-006/ADR-007/ADR-008/ADR-010/ADR-011/ADR-014,DERIVED_CONTROL,AC-ISSUE-0304-01/AC-ISSUE-0304-02/AC-ISSUE-0304-03/AC-ISSUE-0304-04,PASS,PASS,PASS,PASS,HIGH
STORY-0195,ISSUE-0305,TASK-0195,EPIC-032,SPRINT-009,WEB,BC-016,Experiência e Orientação do Operador,Story,planned,QA,"Executar testes de componente, acessibilidade e E2E: workspace OpenLayers, configuração, acompanhamento e revisão",STORY-0192/STORY-0193/STORY-0194,,STORY-0195-ISSUE-0305-executar-testes-de-componente-acessibilidade-e-e2e-workspace-openlayers-co.md,ADR-003/ADR-004/ADR-005/ADR-006/ADR-007/ADR-008/ADR-010/ADR-011/ADR-014,DERIVED_CONTROL,AC-ISSUE-0305-01/AC-ISSUE-0305-02/AC-ISSUE-0305-03/AC-ISSUE-0305-04,PASS,PASS,PASS,PASS,MEDIUM
STORY-0196,ISSUE-0306,TASK-0196,EPIC-032,SPRINT-009,WEB,BC-016,Experiência e Orientação do Operador,Story,planned,Reviewer,"Auditar UX, contrato e evidência final: workspace OpenLayers, configuração, acompanhamento e revisão",STORY-0195,,STORY-0196-ISSUE-0306-auditar-ux-contrato-e-evidencia-final-workspace-openlayers-configuracao-ac.md,ADR-003/ADR-004/ADR-005/ADR-006/ADR-007/ADR-008/ADR-010/ADR-011/ADR-014,DERIVED_CONTROL,AC-ISSUE-0306-01/AC-ISSUE-0306-02/AC-ISSUE-0306-03/AC-ISSUE-0306-04,PASS,PASS,PASS,PASS,MEDIUM
STORY-0197,ISSUE-0307,TASK-0197,EPIC-033,SPRINT-009,WEB,BC-016,Experiência e Orientação do Operador,Story,planned,Product Owner,"Definir jornada, estados e acessibilidade: assistente guiado, recomendação explicável, consentimentos e modo avançado",STORY-0177/STORY-0190/STORY-0371,REQ-AI-011,STORY-0197-ISSUE-0307-definir-jornada-estados-e-acessibilidade-assistente-guiado-recomendacao-ex.md,ADR-003/ADR-004/ADR-005/ADR-006/ADR-007/ADR-008/ADR-010/ADR-011/ADR-014/ADR-051,MIXED,AC-ISSUE-0307-01/AC-ISSUE-0307-02/AC-ISSUE-0307-03/AC-ISSUE-0307-04,PASS,PASS,PASS,PASS,CRITICAL
STORY-0198,ISSUE-0308,TASK-0198,EPIC-033,SPRINT-009,WEB,BC-016,Experiência e Orientação do Operador,Story,planned,Frontend,"Integrar contratos e cliente tipado: assistente guiado, recomendação explicável, consentimentos e modo avançado",STORY-0197,REQ-SRC-004/REQ-UX-002,STORY-0198-ISSUE-0308-integrar-contratos-e-cliente-tipado-assistente-guiado-recomendacao-explica.md,ADR-003/ADR-004/ADR-005/ADR-006/ADR-007/ADR-008/ADR-010/ADR-011/ADR-014/ADR-047,MIXED,AC-ISSUE-0308-01/AC-ISSUE-0308-02/AC-ISSUE-0308-03/AC-ISSUE-0308-04,PASS,PASS,PASS,PASS,HIGH
STORY-0199,ISSUE-0309,TASK-0199,EPIC-033,SPRINT-009,WEB,BC-016,Experiência e Orientação do Operador,Story,planned,Frontend,"Implementar componentes e interação: assistente guiado, recomendação explicável, consentimentos e modo avançado",STORY-0197,,STORY-0199-ISSUE-0309-implementar-componentes-e-interacao-assistente-guiado-recomendacao-explica.md,ADR-003/ADR-004/ADR-005/ADR-006/ADR-007/ADR-008/ADR-010/ADR-011/ADR-014,DERIVED_CONTROL,AC-ISSUE-0309-01/AC-ISSUE-0309-02/AC-ISSUE-0309-03/AC-ISSUE-0309-04,PASS,PASS,PASS,PASS,HIGH
STORY-0200,ISSUE-0310,TASK-0200,EPIC-033,SPRINT-009,WEB,BC-016,Experiência e Orientação do Operador,Story,planned,Frontend,"Integrar mapa, fluxo e estados de erro: assistente guiado, recomendação explicável, consentimentos e modo avançado",STORY-0197,,STORY-0200-ISSUE-0310-integrar-mapa-fluxo-e-estados-de-erro-assistente-guiado-recomendacao-expli.md,ADR-003/ADR-004/ADR-005/ADR-006/ADR-007/ADR-008/ADR-010/ADR-011/ADR-014,DERIVED_CONTROL,AC-ISSUE-0310-01/AC-ISSUE-0310-02/AC-ISSUE-0310-03/AC-ISSUE-0310-04,PASS,PASS,PASS,PASS,HIGH
STORY-0201,ISSUE-0311,TASK-0201,EPIC-033,SPRINT-009,WEB,BC-016,Experiência e Orientação do Operador,Story,planned,QA,"Executar testes de componente, acessibilidade e E2E: assistente guiado, recomendação explicável, consentimentos e modo avançado",STORY-0198/STORY-0199/STORY-0200,,STORY-0201-ISSUE-0311-executar-testes-de-componente-acessibilidade-e-e2e-assistente-guiado-recom.md,ADR-003/ADR-004/ADR-005/ADR-006/ADR-007/ADR-008/ADR-010/ADR-011/ADR-014,DERIVED_CONTROL,AC-ISSUE-0311-01/AC-ISSUE-0311-02/AC-ISSUE-0311-03/AC-ISSUE-0311-04,PASS,PASS,PASS,PASS,MEDIUM
STORY-0202,ISSUE-0312,TASK-0202,EPIC-033,SPRINT-009,WEB,BC-016,Experiência e Orientação do Operador,Story,planned,Reviewer,"Auditar UX, contrato e evidência final: assistente guiado, recomendação explicável, consentimentos e modo avançado",STORY-0201,,STORY-0202-ISSUE-0312-auditar-ux-contrato-e-evidencia-final-assistente-guiado-recomendacao-expli.md,ADR-003/ADR-004/ADR-005/ADR-006/ADR-007/ADR-008/ADR-010/ADR-011/ADR-014,DERIVED_CONTROL,AC-ISSUE-0312-01/AC-ISSUE-0312-02/AC-ISSUE-0312-03/AC-ISSUE-0312-04,PASS,PASS,PASS,PASS,MEDIUM
STORY-0203,ISSUE-0313,TASK-0203,EPIC-034,SPRINT-009,WEB,BC-016,Experiência e Orientação do Operador,Story,planned,Product Owner,"Definir jornada, estados e acessibilidade: painel de qualidade do lote, busca server-side, filtros salvos, triagem, deformação e retry/revisão de subconjuntos",STORY-0102/STORY-0184/STORY-0196/STORY-0357/STORY-0438,REQ-BEX-001/REQ-CAT-001/REQ-EPIC-037/REQ-EPIC-062/REQ-QUAL-003,STORY-0203-ISSUE-0313-definir-jornada-estados-e-acessibilidade-painel-de-qualidade-do-lote-busca.md,ADR-002/ADR-003/ADR-004/ADR-005/ADR-006/ADR-007/ADR-008/ADR-010/ADR-011/ADR-012/ADR-014/ADR-025/ADR-039/ADR-046,MIXED,AC-ISSUE-0313-01/AC-ISSUE-0313-02/AC-ISSUE-0313-03/AC-ISSUE-0313-04,PASS,PASS,PASS,PASS,CRITICAL
STORY-0204,ISSUE-0314,TASK-0204,EPIC-034,SPRINT-009,WEB,BC-016,Experiência e Orientação do Operador,Story,planned,Frontend,"Consolidar slices e liberar integração: painel de qualidade do lote, busca server-side, filtros salvos, triagem, deformação e retry/revisão de subconjuntos",STORY-0741/STORY-0742,,STORY-0204-ISSUE-0314-integrar-contratos-e-cliente-tipado-painel-de-qualidade-do-lote-busca-serv.md,ADR-003/ADR-004/ADR-005/ADR-006/ADR-007/ADR-008/ADR-010/ADR-011/ADR-012/ADR-014,DERIVED_CONTROL,AC-ISSUE-0314-01/AC-ISSUE-0314-02/AC-ISSUE-0314-03/AC-ISSUE-0314-04,PASS,PASS,PASS,PASS,MEDIUM
STORY-0205,ISSUE-0315,TASK-0205,EPIC-034,SPRINT-009,WEB,BC-016,Experiência e Orientação do Operador,Story,planned,Frontend,"Implementar componentes e interação: painel de qualidade do lote, busca server-side, filtros salvos, triagem, deformação e retry/revisão de subconjuntos",STORY-0203,,STORY-0205-ISSUE-0315-implementar-componentes-e-interacao-painel-de-qualidade-do-lote-busca-serv.md,ADR-003/ADR-004/ADR-005/ADR-006/ADR-007/ADR-008/ADR-010/ADR-011/ADR-012/ADR-014,DERIVED_CONTROL,AC-ISSUE-0315-01/AC-ISSUE-0315-02/AC-ISSUE-0315-03/AC-ISSUE-0315-04,PASS,PASS,PASS,PASS,HIGH
STORY-0206,ISSUE-0316,TASK-0206,EPIC-034,SPRINT-009,WEB,BC-016,Experiência e Orientação do Operador,Story,planned,Frontend,"Integrar mapa, fluxo e estados de erro: painel de qualidade do lote, busca server-side, filtros salvos, triagem, deformação e retry/revisão de subconjuntos",STORY-0203,,STORY-0206-ISSUE-0316-integrar-mapa-fluxo-e-estados-de-erro-painel-de-qualidade-do-lote-busca-se.md,ADR-003/ADR-004/ADR-005/ADR-006/ADR-007/ADR-008/ADR-010/ADR-011/ADR-012/ADR-014,DERIVED_CONTROL,AC-ISSUE-0316-01/AC-ISSUE-0316-02/AC-ISSUE-0316-03/AC-ISSUE-0316-04,PASS,PASS,PASS,PASS,HIGH
STORY-0207,ISSUE-0317,TASK-0207,EPIC-034,SPRINT-009,WEB,BC-016,Experiência e Orientação do Operador,Story,planned,QA,"Executar testes de componente, acessibilidade e E2E: painel de qualidade do lote, busca server-side, filtros salvos, triagem, deformação e retry/revisão de subconjuntos",STORY-0204/STORY-0205/STORY-0206,,STORY-0207-ISSUE-0317-executar-testes-de-componente-acessibilidade-e-e2e-painel-de-qualidade-do.md,ADR-003/ADR-004/ADR-005/ADR-006/ADR-007/ADR-008/ADR-010/ADR-011/ADR-012/ADR-014,DERIVED_CONTROL,AC-ISSUE-0317-01/AC-ISSUE-0317-02/AC-ISSUE-0317-03/AC-ISSUE-0317-04,PASS,PASS,PASS,PASS,MEDIUM
STORY-0208,ISSUE-0318,TASK-0208,EPIC-034,SPRINT-009,WEB,BC-016,Experiência e Orientação do Operador,Story,planned,Reviewer,"Auditar UX, contrato e evidência final: painel de qualidade do lote, busca server-side, filtros salvos, triagem, deformação e retry/revisão de subconjuntos",STORY-0207,,STORY-0208-ISSUE-0318-auditar-ux-contrato-e-evidencia-final-painel-de-qualidade-do-lote-busca-se.md,ADR-003/ADR-004/ADR-005/ADR-006/ADR-007/ADR-008/ADR-010/ADR-011/ADR-012/ADR-014,DERIVED_CONTROL,AC-ISSUE-0318-01/AC-ISSUE-0318-02/AC-ISSUE-0318-03/AC-ISSUE-0318-04,PASS,PASS,PASS,PASS,MEDIUM
STORY-0209,ISSUE-0319,TASK-0209,EPIC-035,SPRINT-009,REV,BC-011,Revisão e Correção,Story,planned,Product Owner,"Definir fluxo de revisão e decisões permitidas: workflow de revisão com gates revisáveis, hard gates imutáveis, checklist e auditoria",STORY-0208/STORY-0149/STORY-0050,,STORY-0209-ISSUE-0319-definir-fluxo-de-revisao-e-decisoes-permitidas-workflow-de-revisao-com-gat.md,ADR-003/ADR-004/ADR-005/ADR-006/ADR-007/ADR-008,DERIVED_CONTROL,AC-ISSUE-0319-01/AC-ISSUE-0319-02/AC-ISSUE-0319-03/AC-ISSUE-0319-04,PASS,PASS,PASS,PASS,MEDIUM
STORY-0210,ISSUE-0320,TASK-0210,EPIC-035,SPRINT-009,REV,BC-011,Revisão e Correção,Story,planned,Arquiteto,"Definir contratos de correção e nova tentativa: workflow de revisão com gates revisáveis, hard gates imutáveis, checklist e auditoria",STORY-0209,REQ-EPIC-035,STORY-0210-ISSUE-0320-definir-contratos-de-correcao-e-nova-tentativa-workflow-de-revisao-com-gat.md,ADR-003/ADR-004/ADR-005/ADR-006/ADR-007/ADR-008/ADR-010/ADR-011/ADR-014/ADR-016/ADR-046,MIXED,AC-ISSUE-0320-01/AC-ISSUE-0320-02/AC-ISSUE-0320-03/AC-ISSUE-0320-04,PASS,PASS,PASS,PASS,CRITICAL
STORY-0211,ISSUE-0321,TASK-0211,EPIC-035,SPRINT-009,REV,BC-011,Revisão e Correção,Story,planned,Frontend,"Implementar workspace e comparação: workflow de revisão com gates revisáveis, hard gates imutáveis, checklist e auditoria",STORY-0209,,STORY-0211-ISSUE-0321-implementar-workspace-e-comparacao-workflow-de-revisao-com-gates-revisavei.md,ADR-003/ADR-004/ADR-005/ADR-006/ADR-007/ADR-008/ADR-010/ADR-011/ADR-014,DERIVED_CONTROL,AC-ISSUE-0321-01/AC-ISSUE-0321-02/AC-ISSUE-0321-03/AC-ISSUE-0321-04,PASS,PASS,PASS,PASS,MEDIUM
STORY-0212,ISSUE-0322,TASK-0212,EPIC-035,SPRINT-009,REV,BC-011,Revisão e Correção,Story,planned,Backend,"Implementar lifecycle e auditoria: workflow de revisão com gates revisáveis, hard gates imutáveis, checklist e auditoria",STORY-0209,,STORY-0212-ISSUE-0322-implementar-lifecycle-e-auditoria-workflow-de-revisao-com-gates-revisaveis.md,ADR-003/ADR-004/ADR-005/ADR-006/ADR-007/ADR-008/ADR-016/ADR-018/ADR-019,DERIVED_CONTROL,AC-ISSUE-0322-01/AC-ISSUE-0322-02/AC-ISSUE-0322-03/AC-ISSUE-0322-04,PASS,PASS,PASS,PASS,HIGH
STORY-0213,ISSUE-0323,TASK-0213,EPIC-035,SPRINT-009,REV,BC-011,Revisão e Correção,Story,planned,QA,"Executar testes de revisão, hard gates e concorrência: workflow de revisão com gates revisáveis, hard gates imutáveis, checklist e auditoria",STORY-0210/STORY-0211/STORY-0212,,STORY-0213-ISSUE-0323-executar-testes-de-revisao-hard-gates-e-concorrencia-workflow-de-revisao-c.md,ADR-003/ADR-004/ADR-005/ADR-006/ADR-007/ADR-008,DERIVED_CONTROL,AC-ISSUE-0323-01/AC-ISSUE-0323-02/AC-ISSUE-0323-03/AC-ISSUE-0323-04,PASS,PASS,PASS,PASS,MEDIUM
STORY-0214,ISSUE-0324,TASK-0214,EPIC-035,SPRINT-009,REV,BC-011,Revisão e Correção,Story,planned,Reviewer,"Auditar rastreabilidade e evidência final: workflow de revisão com gates revisáveis, hard gates imutáveis, checklist e auditoria",STORY-0213,,STORY-0214-ISSUE-0324-auditar-rastreabilidade-e-evidencia-final-workflow-de-revisao-com-gates-re.md,ADR-003/ADR-004/ADR-005/ADR-006/ADR-007/ADR-008,DERIVED_CONTROL,AC-ISSUE-0324-01/AC-ISSUE-0324-02/AC-ISSUE-0324-03/AC-ISSUE-0324-04,PASS,PASS,PASS,PASS,MEDIUM
STORY-0215,ISSUE-0325,TASK-0215,EPIC-036,SPRINT-009,EDU,BC-016,Experiência e Orientação do Operador,Story,planned,Product Owner,"Definir conteúdo, exemplos e objetivos de aprendizagem: central Aprender, exemplos visuais, projeto demonstrativo e ajuda contextual, incluindo Strong Geometric Verifier e interpretação de falhas",STORY-0190/STORY-0202/STORY-0184,,STORY-0215-ISSUE-0325-definir-conteudo-exemplos-e-objetivos-de-aprendizagem-central-aprender-exe.md,ADR-003/ADR-004/ADR-005/ADR-006/ADR-007/ADR-008/ADR-014,DERIVED_CONTROL,AC-ISSUE-0325-01/AC-ISSUE-0325-02/AC-ISSUE-0325-03/AC-ISSUE-0325-04,PASS,PASS,PASS,PASS,MEDIUM
STORY-0216,ISSUE-0326,TASK-0216,EPIC-036,SPRINT-009,EDU,BC-016,Experiência e Orientação do Operador,Story,planned,Frontend,"Implementar estrutura e navegação de aprendizagem: central Aprender, exemplos visuais, projeto demonstrativo e ajuda contextual, incluindo Strong Geometric Verifier e interpretação de falhas",STORY-0215,REQ-AI-016/REQ-EPIC-038/REQ-UX-003,STORY-0216-ISSUE-0326-implementar-estrutura-e-navegacao-de-aprendizagem-central-aprender-exemplo.md,ADR-002/ADR-003/ADR-004/ADR-005/ADR-006/ADR-007/ADR-008/ADR-009/ADR-014,MIXED,AC-ISSUE-0326-01/AC-ISSUE-0326-02/AC-ISSUE-0326-03/AC-ISSUE-0326-04,PASS,PASS,PASS,PASS,MEDIUM
STORY-0217,ISSUE-0327,TASK-0217,EPIC-036,SPRINT-009,EDU,BC-016,Experiência e Orientação do Operador,Story,planned,Frontend,"Criar exemplos visuais e projeto demonstrativo: central Aprender, exemplos visuais, projeto demonstrativo e ajuda contextual, incluindo Strong Geometric Verifier e interpretação de falhas",STORY-0215,,STORY-0217-ISSUE-0327-criar-exemplos-visuais-e-projeto-demonstrativo-central-aprender-exemplos-v.md,ADR-003/ADR-004/ADR-005/ADR-006/ADR-007/ADR-008/ADR-014,DERIVED_CONTROL,AC-ISSUE-0327-01/AC-ISSUE-0327-02/AC-ISSUE-0327-03/AC-ISSUE-0327-04,PASS,PASS,PASS,PASS,MEDIUM
STORY-0218,ISSUE-0328,TASK-0218,EPIC-036,SPRINT-009,EDU,BC-016,Experiência e Orientação do Operador,Story,planned,QA,"Validar acessibilidade, clareza e consistência técnica: central Aprender, exemplos visuais, projeto demonstrativo e ajuda contextual, incluindo Strong Geometric Verifier e interpretação de falhas",STORY-0216/STORY-0217,,STORY-0218-ISSUE-0328-validar-acessibilidade-clareza-e-consistencia-tecnica-central-aprender-exe.md,ADR-003/ADR-004/ADR-005/ADR-006/ADR-007/ADR-008/ADR-014,DERIVED_CONTROL,AC-ISSUE-0328-01/AC-ISSUE-0328-02/AC-ISSUE-0328-03/AC-ISSUE-0328-04,PASS,PASS,PASS,PASS,MEDIUM
STORY-0219,ISSUE-0329,TASK-0219,EPIC-036,SPRINT-009,EDU,BC-016,Experiência e Orientação do Operador,Story,planned,Reviewer,"Auditar conteúdo e evidência final: central Aprender, exemplos visuais, projeto demonstrativo e ajuda contextual, incluindo Strong Geometric Verifier e interpretação de falhas",STORY-0218,,STORY-0219-ISSUE-0329-auditar-conteudo-e-evidencia-final-central-aprender-exemplos-visuais-proje.md,ADR-003/ADR-004/ADR-005/ADR-006/ADR-007/ADR-008/ADR-014,DERIVED_CONTROL,AC-ISSUE-0329-01/AC-ISSUE-0329-02/AC-ISSUE-0329-03/AC-ISSUE-0329-04,PASS,PASS,PASS,PASS,MEDIUM
STORY-0220,ISSUE-0330,TASK-0220,EPIC-037,SPRINT-010,REP,BC-012,"Resultados, Diagnósticos e Exportação",Story,planned,Arquiteto,"Definir schemas, formatos e invariantes de resultado: persistência e exportação escalável de resultados por imagem/lote, geometrias, manifestos e checksums",STORY-0061/STORY-0156/STORY-0184/STORY-0397,REQ-BEX-003/REQ-BEX-005/REQ-GCP-002/REQ-PROV-001,STORY-0220-ISSUE-0330-definir-schemas-formatos-e-invariantes-de-resultado-persistencia-e-exporta.md,ADR-003/ADR-004/ADR-005/ADR-006/ADR-007/ADR-008/ADR-010/ADR-011/ADR-012/ADR-014/ADR-016/ADR-025/ADR-038/ADR-046/ADR-048,MIXED,AC-ISSUE-0330-01/AC-ISSUE-0330-02/AC-ISSUE-0330-03/AC-ISSUE-0330-04,PASS,PASS,PASS,PASS,CRITICAL
STORY-0221,ISSUE-0331,TASK-0221,EPIC-037,SPRINT-010,REP,BC-012,"Resultados, Diagnósticos e Exportação",Story,planned,Backend,"Consolidar slices e liberar integração: persistência e exportação escalável de resultados por imagem/lote, geometrias, manifestos e checksums",STORY-0743/STORY-0744,,STORY-0221-ISSUE-0331-implementar-persistencia-e-snapshots-persistencia-e-exportacao-escalavel-d.md,ADR-003/ADR-004/ADR-005/ADR-006/ADR-007/ADR-008/ADR-016/ADR-018/ADR-019/ADR-025,DERIVED_CONTROL,AC-ISSUE-0331-01/AC-ISSUE-0331-02/AC-ISSUE-0331-03/AC-ISSUE-0331-04,PASS,PASS,PASS,PASS,HIGH
STORY-0222,ISSUE-0332,TASK-0222,EPIC-037,SPRINT-010,REP,BC-012,"Resultados, Diagnósticos e Exportação",Story,planned,Backend,"Implementar geração e exportação: persistência e exportação escalável de resultados por imagem/lote, geometrias, manifestos e checksums",STORY-0220,,STORY-0222-ISSUE-0332-implementar-geracao-e-exportacao-persistencia-e-exportacao-escalavel-de-re.md,ADR-003/ADR-004/ADR-005/ADR-006/ADR-007/ADR-008/ADR-016/ADR-018/ADR-019/ADR-025,DERIVED_CONTROL,AC-ISSUE-0332-01/AC-ISSUE-0332-02/AC-ISSUE-0332-03/AC-ISSUE-0332-04,PASS,PASS,PASS,PASS,HIGH
STORY-0223,ISSUE-0333,TASK-0223,EPIC-037,SPRINT-010,REP,BC-012,"Resultados, Diagnósticos e Exportação",Story,planned,Frontend,"Expor consulta, download e visualização: persistência e exportação escalável de resultados por imagem/lote, geometrias, manifestos e checksums",STORY-0220,REQ-BEX-001/REQ-EPIC-037/REQ-QUAL-002/REQ-QUAL-003/REQ-RMR-003,STORY-0223-ISSUE-0333-expor-consulta-download-e-visualizacao-persistencia-e-exportacao-escalavel.md,ADR-002/ADR-003/ADR-004/ADR-005/ADR-006/ADR-007/ADR-008/ADR-010/ADR-011/ADR-012/ADR-014/ADR-016/ADR-025/ADR-039/ADR-046/ADR-050,MIXED,AC-ISSUE-0333-01/AC-ISSUE-0333-02/AC-ISSUE-0333-03/AC-ISSUE-0333-04,PASS,PASS,PASS,PASS,CRITICAL
STORY-0224,ISSUE-0334,TASK-0224,EPIC-037,SPRINT-010,REP,BC-012,"Resultados, Diagnósticos e Exportação",Story,planned,QA,"Validar escala, reprodutibilidade e integridade: persistência e exportação escalável de resultados por imagem/lote, geometrias, manifestos e checksums",STORY-0221/STORY-0222/STORY-0223,,STORY-0224-ISSUE-0334-validar-escala-reprodutibilidade-e-integridade-persistencia-e-exportacao-e.md,ADR-003/ADR-004/ADR-005/ADR-006/ADR-007/ADR-008/ADR-025,DERIVED_CONTROL,AC-ISSUE-0334-01/AC-ISSUE-0334-02/AC-ISSUE-0334-03/AC-ISSUE-0334-04,PASS,PASS,PASS,PASS,HIGH
STORY-0225,ISSUE-0335,TASK-0225,EPIC-037,SPRINT-010,REP,BC-012,"Resultados, Diagnósticos e Exportação",Story,planned,Reviewer,"Auditar lineage e evidência final: persistência e exportação escalável de resultados por imagem/lote, geometrias, manifestos e checksums",STORY-0224,,STORY-0225-ISSUE-0335-auditar-lineage-e-evidencia-final-persistencia-e-exportacao-escalavel-de-r.md,ADR-003/ADR-004/ADR-005/ADR-006/ADR-007/ADR-008/ADR-025,DERIVED_CONTROL,AC-ISSUE-0335-01/AC-ISSUE-0335-02/AC-ISSUE-0335-03/AC-ISSUE-0335-04,PASS,PASS,PASS,PASS,HIGH
STORY-0226,ISSUE-0336,TASK-0226,EPIC-038,SPRINT-010,REP,BC-007,Verificação Geométrica e Qualidade,Story,planned,Arquiteto,"Definir schemas, formatos e invariantes de resultado: métricas, heatmap amostrado e diagnóstico denso do Image Deformation Profile",STORY-0142/STORY-0225,,STORY-0226-ISSUE-0336-definir-schemas-formatos-e-invariantes-de-resultado-metricas-heatmap-amost.md,ADR-003/ADR-004/ADR-005/ADR-006/ADR-007/ADR-008/ADR-010/ADR-011/ADR-014/ADR-016/ADR-046,DERIVED_CONTROL,AC-ISSUE-0336-01/AC-ISSUE-0336-02/AC-ISSUE-0336-03/AC-ISSUE-0336-04,PASS,PASS,PASS,PASS,CRITICAL
STORY-0227,ISSUE-0337,TASK-0227,EPIC-038,SPRINT-010,REP,BC-007,Verificação Geométrica e Qualidade,Story,planned,Backend,"Implementar persistência e snapshots: métricas, heatmap amostrado e diagnóstico denso do Image Deformation Profile",STORY-0226,REQ-QUAL-005,STORY-0227-ISSUE-0337-implementar-persistencia-e-snapshots-metricas-heatmap-amostrado-e-diagnost.md,ADR-003/ADR-004/ADR-005/ADR-006/ADR-007/ADR-008/ADR-016/ADR-046,MIXED,AC-ISSUE-0337-01/AC-ISSUE-0337-02/AC-ISSUE-0337-03/AC-ISSUE-0337-04,PASS,PASS,PASS,PASS,CRITICAL
STORY-0228,ISSUE-0338,TASK-0228,EPIC-038,SPRINT-010,REP,BC-007,Verificação Geométrica e Qualidade,Story,planned,Backend,"Implementar geração e exportação: métricas, heatmap amostrado e diagnóstico denso do Image Deformation Profile",STORY-0226,,STORY-0228-ISSUE-0338-implementar-geracao-e-exportacao-metricas-heatmap-amostrado-e-diagnostico.md,ADR-003/ADR-004/ADR-005/ADR-006/ADR-007/ADR-008/ADR-016/ADR-046,DERIVED_CONTROL,AC-ISSUE-0338-01/AC-ISSUE-0338-02/AC-ISSUE-0338-03/AC-ISSUE-0338-04,PASS,PASS,PASS,PASS,CRITICAL
STORY-0229,ISSUE-0339,TASK-0229,EPIC-038,SPRINT-010,REP,BC-007,Verificação Geométrica e Qualidade,Story,planned,Frontend,"Expor consulta, download e visualização: métricas, heatmap amostrado e diagnóstico denso do Image Deformation Profile",STORY-0226,,STORY-0229-ISSUE-0339-expor-consulta-download-e-visualizacao-metricas-heatmap-amostrado-e-diagno.md,ADR-003/ADR-004/ADR-005/ADR-006/ADR-007/ADR-008/ADR-010/ADR-011/ADR-014/ADR-016/ADR-046,DERIVED_CONTROL,AC-ISSUE-0339-01/AC-ISSUE-0339-02/AC-ISSUE-0339-03/AC-ISSUE-0339-04,PASS,PASS,PASS,PASS,CRITICAL
STORY-0230,ISSUE-0340,TASK-0230,EPIC-038,SPRINT-010,REP,BC-007,Verificação Geométrica e Qualidade,Story,planned,QA,"Validar escala, reprodutibilidade e integridade: métricas, heatmap amostrado e diagnóstico denso do Image Deformation Profile",STORY-0227/STORY-0228/STORY-0229,,STORY-0230-ISSUE-0340-validar-escala-reprodutibilidade-e-integridade-metricas-heatmap-amostrado.md,ADR-003/ADR-004/ADR-005/ADR-006/ADR-007/ADR-008/ADR-046,DERIVED_CONTROL,AC-ISSUE-0340-01/AC-ISSUE-0340-02/AC-ISSUE-0340-03/AC-ISSUE-0340-04,PASS,PASS,PASS,PASS,CRITICAL
STORY-0231,ISSUE-0341,TASK-0231,EPIC-038,SPRINT-010,REP,BC-007,Verificação Geométrica e Qualidade,Story,planned,Reviewer,"Auditar lineage e evidência final: métricas, heatmap amostrado e diagnóstico denso do Image Deformation Profile",STORY-0230,,STORY-0231-ISSUE-0341-auditar-lineage-e-evidencia-final-metricas-heatmap-amostrado-e-diagnostico.md,ADR-003/ADR-004/ADR-005/ADR-006/ADR-007/ADR-008/ADR-046,DERIVED_CONTROL,AC-ISSUE-0341-01/AC-ISSUE-0341-02/AC-ISSUE-0341-03/AC-ISSUE-0341-04,PASS,PASS,PASS,PASS,CRITICAL
STORY-0232,ISSUE-0342,TASK-0232,EPIC-039,SPRINT-011,OPS,BC-014,"Operações, Auditoria e Suporte",Story,planned,DevOps,"Definir SLO, runbook e controles operacionais: instrumentação OpenTelemetry, correlation IDs, métricas, dashboards e alertas para API, RabbitMQ e workers",STORY-0025/STORY-0081/STORY-0109/STORY-0424/STORY-0515,REQ-AIE-001/REQ-AIE-005/REQ-OBS-002/REQ-RUNTIME-010/REQ-WORKER-001/REQ-WORKER-010,STORY-0232-ISSUE-0342-definir-slo-runbook-e-controles-operacionais-instrumentacao-opentelemetry.md,ADR-003/ADR-004/ADR-005/ADR-006/ADR-007/ADR-008/ADR-009/ADR-010/ADR-011/ADR-012/ADR-017/ADR-033/ADR-034/ADR-038/ADR-051/ADR-052/ADR-053/ADR-054,MIXED,AC-ISSUE-0342-01/AC-ISSUE-0342-02/AC-ISSUE-0342-03/AC-ISSUE-0342-04,PASS,PASS,PASS,PASS,CRITICAL
STORY-0233,ISSUE-0343,TASK-0233,EPIC-039,SPRINT-011,OPS,BC-014,"Operações, Auditoria e Suporte",Story,planned,DevOps,"Consolidar slices e liberar integração: instrumentação OpenTelemetry, correlation IDs, métricas, dashboards e alertas para API, RabbitMQ e workers",STORY-0745/STORY-0746,,STORY-0233-ISSUE-0343-implementar-automacao-operacional-instrumentacao-opentelemetry-correlation.md,ADR-003/ADR-004/ADR-005/ADR-006/ADR-007/ADR-008/ADR-009/ADR-010/ADR-011/ADR-012/ADR-033/ADR-034,DERIVED_CONTROL,AC-ISSUE-0343-01/AC-ISSUE-0343-02/AC-ISSUE-0343-03/AC-ISSUE-0343-04,PASS,PASS,PASS,PASS,CRITICAL
STORY-0234,ISSUE-0344,TASK-0234,EPIC-039,SPRINT-011,OPS,BC-014,"Operações, Auditoria e Suporte",Story,planned,DevOps,"Instrumentar sinais, dashboards e alertas: instrumentação OpenTelemetry, correlation IDs, métricas, dashboards e alertas para API, RabbitMQ e workers",STORY-0232,REQ-EPIC-018/REQ-OBS-001/REQ-WORKER-002/REQ-WORKER-004/REQ-WORKER-005/REQ-WORKER-006/REQ-WORKER-007/REQ-WORKER-008/REQ-WORKER-009,STORY-0234-ISSUE-0344-instrumentar-sinais-dashboards-e-alertas-instrumentacao-opentelemetry-corr.md,ADR-003/ADR-004/ADR-005/ADR-006/ADR-007/ADR-008/ADR-009/ADR-010/ADR-011/ADR-012/ADR-018/ADR-020/ADR-033/ADR-034/ADR-037/ADR-038/ADR-054,MIXED,AC-ISSUE-0344-01/AC-ISSUE-0344-02/AC-ISSUE-0344-03/AC-ISSUE-0344-04,PASS,PASS,PASS,PASS,CRITICAL
STORY-0235,ISSUE-0345,TASK-0235,EPIC-039,SPRINT-011,OPS,BC-014,"Operações, Auditoria e Suporte",Story,planned,QA,"Executar drills, fault injection e recuperação: instrumentação OpenTelemetry, correlation IDs, métricas, dashboards e alertas para API, RabbitMQ e workers",STORY-0232,,STORY-0235-ISSUE-0345-executar-drills-fault-injection-e-recuperacao-instrumentacao-opentelemetry.md,ADR-003/ADR-004/ADR-005/ADR-006/ADR-007/ADR-008/ADR-010/ADR-011/ADR-012,DERIVED_CONTROL,AC-ISSUE-0345-01/AC-ISSUE-0345-02/AC-ISSUE-0345-03/AC-ISSUE-0345-04,PASS,PASS,PASS,PASS,CRITICAL
STORY-0236,ISSUE-0346,TASK-0236,EPIC-039,SPRINT-011,OPS,BC-014,"Operações, Auditoria e Suporte",Story,planned,Security,"Validar acesso, redaction e exposição: instrumentação OpenTelemetry, correlation IDs, métricas, dashboards e alertas para API, RabbitMQ e workers",STORY-0233/STORY-0234/STORY-0235,REQ-LOG-001/REQ-RUNTIME-009,STORY-0236-ISSUE-0346-validar-acesso-redaction-e-exposicao-instrumentacao-opentelemetry-correlat.md,ADR-003/ADR-004/ADR-005/ADR-006/ADR-007/ADR-008/ADR-010/ADR-011/ADR-012/ADR-030/ADR-031/ADR-032/ADR-055,MIXED,AC-ISSUE-0346-01/AC-ISSUE-0346-02/AC-ISSUE-0346-03/AC-ISSUE-0346-04,PASS,PASS,PASS,PASS,CRITICAL
STORY-0237,ISSUE-0347,TASK-0237,EPIC-039,SPRINT-011,OPS,BC-014,"Operações, Auditoria e Suporte",Story,planned,Reviewer,"Auditar evidência operacional final: instrumentação OpenTelemetry, correlation IDs, métricas, dashboards e alertas para API, RabbitMQ e workers",STORY-0236,,STORY-0237-ISSUE-0347-auditar-evidencia-operacional-final-instrumentacao-opentelemetry-correlati.md,ADR-003/ADR-004/ADR-005/ADR-006/ADR-007/ADR-008/ADR-010/ADR-011/ADR-012,DERIVED_CONTROL,AC-ISSUE-0347-01/AC-ISSUE-0347-02/AC-ISSUE-0347-03/AC-ISSUE-0347-04,PASS,PASS,PASS,PASS,CRITICAL
STORY-0238,ISSUE-0348,TASK-0238,EPIC-040,SPRINT-011,OPS,BC-014,"Operações, Auditoria e Suporte",Story,planned,DevOps,"Definir SLO, runbook e controles operacionais: benchmark, limites e orçamento de recursos",STORY-0142/STORY-0237/STORY-0431/STORY-0438,REQ-OUT-001/REQ-SCH-004,STORY-0238-ISSUE-0348-definir-slo-runbook-e-controles-operacionais-benchmark-limites-e-orcamento.md,ADR-003/ADR-004/ADR-005/ADR-006/ADR-007/ADR-008/ADR-009/ADR-010/ADR-011/ADR-012/ADR-033/ADR-034/ADR-039/ADR-042,MIXED,AC-ISSUE-0348-01/AC-ISSUE-0348-02/AC-ISSUE-0348-03/AC-ISSUE-0348-04,PASS,PASS,PASS,PASS,CRITICAL
STORY-0239,ISSUE-0349,TASK-0239,EPIC-040,SPRINT-011,OPS,BC-014,"Operações, Auditoria e Suporte",Story,planned,DevOps,"Implementar automação operacional: benchmark, limites e orçamento de recursos",STORY-0238,REQ-NFR-001/REQ-RMQ-001/REQ-SCL-001,STORY-0239-ISSUE-0349-implementar-automacao-operacional-benchmark-limites-e-orcamento-de-recurso.md,ADR-003/ADR-004/ADR-005/ADR-006/ADR-007/ADR-008/ADR-009/ADR-033/ADR-034/ADR-036/ADR-040/ADR-053,MIXED,AC-ISSUE-0349-01/AC-ISSUE-0349-02/AC-ISSUE-0349-03/AC-ISSUE-0349-04,PASS,PASS,PASS,PASS,CRITICAL
STORY-0240,ISSUE-0350,TASK-0240,EPIC-040,SPRINT-011,OPS,BC-014,"Operações, Auditoria e Suporte",Story,planned,DevOps,"Instrumentar sinais, dashboards e alertas: benchmark, limites e orçamento de recursos",STORY-0238,REQ-RES-001/REQ-SMO-001/REQ-SMO-003,STORY-0240-ISSUE-0350-instrumentar-sinais-dashboards-e-alertas-benchmark-limites-e-orcamento-de.md,ADR-003/ADR-004/ADR-005/ADR-006/ADR-007/ADR-008/ADR-009/ADR-012/ADR-033/ADR-034/ADR-039,MIXED,AC-ISSUE-0350-01/AC-ISSUE-0350-02/AC-ISSUE-0350-03/AC-ISSUE-0350-04,PASS,PASS,PASS,PASS,CRITICAL
STORY-0241,ISSUE-0351,TASK-0241,EPIC-040,SPRINT-011,OPS,BC-014,"Operações, Auditoria e Suporte",Story,planned,QA,"Executar drills, fault injection e recuperação: benchmark, limites e orçamento de recursos",STORY-0238,,STORY-0241-ISSUE-0351-executar-drills-fault-injection-e-recuperacao-benchmark-limites-e-orcament.md,ADR-003/ADR-004/ADR-005/ADR-006/ADR-007/ADR-008,DERIVED_CONTROL,AC-ISSUE-0351-01/AC-ISSUE-0351-02/AC-ISSUE-0351-03/AC-ISSUE-0351-04,PASS,PASS,PASS,PASS,CRITICAL
STORY-0242,ISSUE-0352,TASK-0242,EPIC-040,SPRINT-011,OPS,BC-014,"Operações, Auditoria e Suporte",Story,planned,Security,"Validar acesso, redaction e exposição: benchmark, limites e orçamento de recursos",STORY-0239/STORY-0240/STORY-0241,REQ-SRP-001,STORY-0242-ISSUE-0352-validar-acesso-redaction-e-exposicao-benchmark-limites-e-orcamento-de-recu.md,ADR-003/ADR-004/ADR-005/ADR-006/ADR-007/ADR-008/ADR-030/ADR-031/ADR-032/ADR-053,MIXED,AC-ISSUE-0352-01/AC-ISSUE-0352-02/AC-ISSUE-0352-03/AC-ISSUE-0352-04,PASS,PASS,PASS,PASS,CRITICAL
STORY-0243,ISSUE-0353,TASK-0243,EPIC-040,SPRINT-011,OPS,BC-014,"Operações, Auditoria e Suporte",Story,planned,Reviewer,"Auditar evidência operacional final: benchmark, limites e orçamento de recursos",STORY-0242,,STORY-0243-ISSUE-0353-auditar-evidencia-operacional-final-benchmark-limites-e-orcamento-de-recur.md,ADR-003/ADR-004/ADR-005/ADR-006/ADR-007/ADR-008,DERIVED_CONTROL,AC-ISSUE-0353-01/AC-ISSUE-0353-02/AC-ISSUE-0353-03/AC-ISSUE-0353-04,PASS,PASS,PASS,PASS,CRITICAL
STORY-0244,ISSUE-0354,TASK-0244,EPIC-041,SPRINT-002,SEC,BC-014,"Operações, Auditoria e Suporte",Story,planned,Security,"Modelar ameaças e requisitos de controle: threat model validado, scanning e testes ofensivos",STORY-0061,REQ-NET-001,STORY-0244-ISSUE-0354-modelar-ameacas-e-requisitos-de-controle-threat-model-validado-scanning-e.md,ADR-003/ADR-004/ADR-005/ADR-006/ADR-007/ADR-008/ADR-030/ADR-031/ADR-032,MIXED,AC-ISSUE-0354-01/AC-ISSUE-0354-02/AC-ISSUE-0354-03/AC-ISSUE-0354-04,PASS,PASS,PASS,PASS,CRITICAL
STORY-0245,ISSUE-0355,TASK-0245,EPIC-041,SPRINT-002,SEC,BC-014,"Operações, Auditoria e Suporte",Story,planned,Arquiteto,"Consolidar slices e liberar integração: threat model validado, scanning e testes ofensivos",STORY-0747/STORY-0748/STORY-0749,,STORY-0245-ISSUE-0355-definir-politicas-e-contratos-fail-closed-threat-model-validado-scanning-e.md,ADR-003/ADR-004/ADR-005/ADR-006/ADR-007/ADR-008,DERIVED_CONTROL,AC-ISSUE-0355-01/AC-ISSUE-0355-02/AC-ISSUE-0355-03/AC-ISSUE-0355-04,PASS,PASS,PASS,PASS,CRITICAL
STORY-0246,ISSUE-0356,TASK-0246,EPIC-041,SPRINT-002,SEC,BC-014,"Operações, Auditoria e Suporte",Story,planned,Backend,"Implementar controles e enforcement: threat model validado, scanning e testes ofensivos",STORY-0244,,STORY-0246-ISSUE-0356-implementar-controles-e-enforcement-threat-model-validado-scanning-e-teste.md,ADR-003/ADR-004/ADR-005/ADR-006/ADR-007/ADR-008/ADR-016/ADR-018/ADR-019/ADR-023,DERIVED_CONTROL,AC-ISSUE-0356-01/AC-ISSUE-0356-02/AC-ISSUE-0356-03/AC-ISSUE-0356-04,PASS,PASS,PASS,PASS,CRITICAL
STORY-0247,ISSUE-0357,TASK-0247,EPIC-041,SPRINT-002,SEC,BC-014,"Operações, Auditoria e Suporte",Story,planned,Security,"Executar testes negativos e ofensivos: threat model validado, scanning e testes ofensivos",STORY-0244,,STORY-0247-ISSUE-0357-executar-testes-negativos-e-ofensivos-threat-model-validado-scanning-e-tes.md,ADR-003/ADR-004/ADR-005/ADR-006/ADR-007/ADR-008/ADR-030/ADR-031/ADR-032,DERIVED_CONTROL,AC-ISSUE-0357-01/AC-ISSUE-0357-02/AC-ISSUE-0357-03/AC-ISSUE-0357-04,PASS,PASS,PASS,PASS,CRITICAL
STORY-0248,ISSUE-0358,TASK-0248,EPIC-041,SPRINT-002,SEC,BC-014,"Operações, Auditoria e Suporte",Story,planned,DevOps,"Instrumentar detecção, resposta e runbook: threat model validado, scanning e testes ofensivos",STORY-0245/STORY-0246/STORY-0247,,STORY-0248-ISSUE-0358-instrumentar-deteccao-resposta-e-runbook-threat-model-validado-scanning-e.md,ADR-003/ADR-004/ADR-005/ADR-006/ADR-007/ADR-008/ADR-009/ADR-033/ADR-034,DERIVED_CONTROL,AC-ISSUE-0358-01/AC-ISSUE-0358-02/AC-ISSUE-0358-03/AC-ISSUE-0358-04,PASS,PASS,PASS,PASS,CRITICAL
STORY-0249,ISSUE-0359,TASK-0249,EPIC-041,SPRINT-002,SEC,BC-014,"Operações, Auditoria e Suporte",Story,planned,Reviewer,"Auditar evidência de segurança final: threat model validado, scanning e testes ofensivos",STORY-0248,,STORY-0249-ISSUE-0359-auditar-evidencia-de-seguranca-final-threat-model-validado-scanning-e-test.md,ADR-003/ADR-004/ADR-005/ADR-006/ADR-007/ADR-008,DERIVED_CONTROL,AC-ISSUE-0359-01/AC-ISSUE-0359-02/AC-ISSUE-0359-03/AC-ISSUE-0359-04,PASS,PASS,PASS,PASS,CRITICAL
STORY-0250,ISSUE-0360,TASK-0250,EPIC-042,SPRINT-012,PUB,BC-015,"Release, Instalação e Supply Chain",Story,planned,Product Owner,"Definir critérios jurídicos e de publicação: licença, citação, sanitização e revisão externa concluídas",,,STORY-0250-ISSUE-0360-definir-criterios-juridicos-e-de-publicacao-licenca-citacao-sanitizacao-e.md,ADR-003/ADR-004/ADR-005/ADR-006/ADR-007/ADR-008/ADR-010/ADR-011/ADR-016,DERIVED_CONTROL,AC-ISSUE-0360-01/AC-ISSUE-0360-02/AC-ISSUE-0360-03/AC-ISSUE-0360-04,PASS,PASS,PASS,PASS,HIGH
STORY-0251,ISSUE-0361,TASK-0251,EPIC-042,SPRINT-012,PUB,BC-015,"Release, Instalação e Supply Chain",Story,planned,Tech Lead,"Materializar notices, citação e manifests: licença, citação, sanitização e revisão externa concluídas",STORY-0250,REQ-CIT-001/REQ-EPIC-042/REQ-EPIC-043/REQ-OSS-001/REQ-PUB-004,STORY-0251-ISSUE-0361-materializar-notices-citacao-e-manifests-licenca-citacao-sanitizacao-e-rev.md,ADR-002/ADR-003/ADR-004/ADR-005/ADR-006/ADR-007/ADR-008/ADR-016/ADR-037/ADR-056,MIXED,AC-ISSUE-0361-01/AC-ISSUE-0361-02/AC-ISSUE-0361-03/AC-ISSUE-0361-04,PASS,PASS,PASS,PASS,HIGH
STORY-0252,ISSUE-0362,TASK-0252,EPIC-042,SPRINT-012,PUB,BC-015,"Release, Instalação e Supply Chain",Story,planned,DevOps,"Automatizar verificações de publicação: licença, citação, sanitização e revisão externa concluídas",STORY-0250,,STORY-0252-ISSUE-0362-automatizar-verificacoes-de-publicacao-licenca-citacao-sanitizacao-e-revis.md,ADR-003/ADR-004/ADR-005/ADR-006/ADR-007/ADR-008/ADR-009/ADR-033/ADR-034,DERIVED_CONTROL,AC-ISSUE-0362-01/AC-ISSUE-0362-02/AC-ISSUE-0362-03/AC-ISSUE-0362-04,PASS,PASS,PASS,PASS,CRITICAL
STORY-0253,ISSUE-0363,TASK-0253,EPIC-042,SPRINT-012,PUB,BC-015,"Release, Instalação e Supply Chain",Story,planned,Security,"Executar sanitização e revisão de segurança: licença, citação, sanitização e revisão externa concluídas",STORY-0251/STORY-0252,,STORY-0253-ISSUE-0363-executar-sanitizacao-e-revisao-de-seguranca-licenca-citacao-sanitizacao-e.md,ADR-003/ADR-004/ADR-005/ADR-006/ADR-007/ADR-008/ADR-030/ADR-031/ADR-032,DERIVED_CONTROL,AC-ISSUE-0363-01/AC-ISSUE-0363-02/AC-ISSUE-0363-03/AC-ISSUE-0363-04,PASS,PASS,PASS,PASS,CRITICAL
STORY-0254,ISSUE-0364,TASK-0254,EPIC-042,SPRINT-012,PUB,BC-015,"Release, Instalação e Supply Chain",Story,planned,Reviewer,"Registrar aprovação e evidência final: licença, citação, sanitização e revisão externa concluídas",STORY-0253,,STORY-0254-ISSUE-0364-registrar-aprovacao-e-evidencia-final-licenca-citacao-sanitizacao-e-revisa.md,ADR-003/ADR-004/ADR-005/ADR-006/ADR-007/ADR-008,DERIVED_CONTROL,AC-ISSUE-0364-01/AC-ISSUE-0364-02/AC-ISSUE-0364-03/AC-ISSUE-0364-04,PASS,PASS,PASS,PASS,HIGH
STORY-0255,ISSUE-0365,TASK-0255,EPIC-043,SPRINT-012,REL,BC-015,"Release, Instalação e Supply Chain",Story,planned,Tech Lead,"Definir gate, versão e critérios de release: release documentada com rollback e suporte",,,STORY-0255-ISSUE-0365-definir-gate-versao-e-criterios-de-release-release-documentada-com-rollbac.md,ADR-003/ADR-004/ADR-005/ADR-006/ADR-007/ADR-008/ADR-010/ADR-011/ADR-014/ADR-016,DERIVED_CONTROL,AC-ISSUE-0365-01/AC-ISSUE-0365-02/AC-ISSUE-0365-03/AC-ISSUE-0365-04,PASS,PASS,PASS,PASS,HIGH
STORY-0256,ISSUE-0366,TASK-0256,EPIC-043,SPRINT-012,REL,BC-015,"Release, Instalação e Supply Chain",Story,planned,DevOps,Implementar pipeline e artifacts de release: release documentada com rollback e suporte,STORY-0255,REQ-SRG-003/REQ-TOOL-008/REQ-TOOL-010,STORY-0256-ISSUE-0366-implementar-pipeline-e-artifacts-de-release-release-documentada-com-rollba.md,ADR-001/ADR-003/ADR-004/ADR-005/ADR-006/ADR-007/ADR-008/ADR-009/ADR-014/ADR-033/ADR-034/ADR-053,MIXED,AC-ISSUE-0366-01/AC-ISSUE-0366-02/AC-ISSUE-0366-03/AC-ISSUE-0366-04,PASS,PASS,PASS,PASS,CRITICAL
STORY-0257,ISSUE-0367,TASK-0257,EPIC-043,SPRINT-012,REL,BC-015,"Release, Instalação e Supply Chain",Story,planned,DevOps,"Implementar upgrade, rollback e compatibilidade: release documentada com rollback e suporte",STORY-0255,REQ-SRG-004,STORY-0257-ISSUE-0367-implementar-upgrade-rollback-e-compatibilidade-release-documentada-com-rol.md,ADR-003/ADR-004/ADR-005/ADR-006/ADR-007/ADR-008/ADR-009/ADR-033/ADR-034/ADR-053,MIXED,AC-ISSUE-0367-01/AC-ISSUE-0367-02/AC-ISSUE-0367-03/AC-ISSUE-0367-04,PASS,PASS,PASS,PASS,CRITICAL
STORY-0258,ISSUE-0368,TASK-0258,EPIC-043,SPRINT-012,REL,BC-015,"Release, Instalação e Supply Chain",Story,planned,Security,"Gerar evidências, SBOM e attestations: release documentada com rollback e suporte",STORY-0255,,STORY-0258-ISSUE-0368-gerar-evidencias-sbom-e-attestations-release-documentada-com-rollback-e-su.md,ADR-003/ADR-004/ADR-005/ADR-006/ADR-007/ADR-008/ADR-030/ADR-031/ADR-032,DERIVED_CONTROL,AC-ISSUE-0368-01/AC-ISSUE-0368-02/AC-ISSUE-0368-03/AC-ISSUE-0368-04,PASS,PASS,PASS,PASS,CRITICAL
STORY-0259,ISSUE-0369,TASK-0259,EPIC-043,SPRINT-012,REL,BC-015,"Release, Instalação e Supply Chain",Story,planned,QA,Executar instalação limpa e rehearsal: release documentada com rollback e suporte,STORY-0256/STORY-0257/STORY-0258,,STORY-0259-ISSUE-0369-executar-instalacao-limpa-e-rehearsal-release-documentada-com-rollback-e-s.md,ADR-003/ADR-004/ADR-005/ADR-006/ADR-007/ADR-008,DERIVED_CONTROL,AC-ISSUE-0369-01/AC-ISSUE-0369-02/AC-ISSUE-0369-03/AC-ISSUE-0369-04,PASS,PASS,PASS,PASS,HIGH
STORY-0260,ISSUE-0370,TASK-0260,EPIC-043,SPRINT-012,REL,BC-015,"Release, Instalação e Supply Chain",Story,planned,Reviewer,Auditar release candidata final: release documentada com rollback e suporte,STORY-0259,,STORY-0260-ISSUE-0370-auditar-release-candidata-final-release-documentada-com-rollback-e-suporte.md,ADR-003/ADR-004/ADR-005/ADR-006/ADR-007/ADR-008,DERIVED_CONTROL,AC-ISSUE-0370-01/AC-ISSUE-0370-02/AC-ISSUE-0370-03/AC-ISSUE-0370-04,PASS,PASS,PASS,PASS,HIGH
STORY-0261,ISSUE-0371,TASK-0261,EPIC-044,SPRINT-005,GEO,BC-006,Georreferenciamento,Story,planned,Arquiteto,"Definir contrato científico e invariantes: OutputProfile, COG canônico, preservação de resolução e validação da grade",STORY-0142/STORY-0061,REQ-ART-002/REQ-CRS-006/REQ-OUT-001,STORY-0261-ISSUE-0371-definir-contrato-cientifico-e-invariantes-outputprofile-cog-canonico-prese.md,ADR-003/ADR-004/ADR-005/ADR-006/ADR-007/ADR-008/ADR-010/ADR-011/ADR-025/ADR-041/ADR-042/ADR-043/ADR-049,MIXED,AC-ISSUE-0371-01/AC-ISSUE-0371-02/AC-ISSUE-0371-03/AC-ISSUE-0371-04,PASS,PASS,PASS,PASS,HIGH
STORY-0262,ISSUE-0372,TASK-0262,EPIC-044,SPRINT-005,GEO,BC-006,Georreferenciamento,Story,planned,Geoprocessamento,"Preparar corpus, fixtures e representação tipada: OutputProfile, COG canônico, preservação de resolução e validação da grade",STORY-0261,REQ-RAS-001/REQ-RAS-002,STORY-0262-ISSUE-0372-preparar-corpus-fixtures-e-representacao-tipada-outputprofile-cog-canonico.md,ADR-003/ADR-004/ADR-005/ADR-006/ADR-007/ADR-008/ADR-025/ADR-041/ADR-042/ADR-043/ADR-049,MIXED,AC-ISSUE-0372-01/AC-ISSUE-0372-02/AC-ISSUE-0372-03/AC-ISSUE-0372-04,PASS,PASS,PASS,PASS,HIGH
STORY-0263,ISSUE-0373,TASK-0263,EPIC-044,SPRINT-005,GEO,BC-006,Georreferenciamento,Story,planned,Geoprocessamento,"Implementar o núcleo algorítmico: OutputProfile, COG canônico, preservação de resolução e validação da grade",STORY-0261,,STORY-0263-ISSUE-0373-implementar-o-nucleo-algoritmico-outputprofile-cog-canonico-preservacao-de.md,ADR-003/ADR-004/ADR-005/ADR-006/ADR-007/ADR-008/ADR-025/ADR-041/ADR-042/ADR-043/ADR-049,DERIVED_CONTROL,AC-ISSUE-0373-01/AC-ISSUE-0373-02/AC-ISSUE-0373-03/AC-ISSUE-0373-04,PASS,PASS,PASS,PASS,HIGH
STORY-0264,ISSUE-0374,TASK-0264,EPIC-044,SPRINT-005,GEO,BC-006,Georreferenciamento,Story,planned,Geoprocessamento,"Integrar ao ProcessingPlan e pipeline: OutputProfile, COG canônico, preservação de resolução e validação da grade",STORY-0261,,STORY-0264-ISSUE-0374-integrar-ao-processingplan-e-pipeline-outputprofile-cog-canonico-preservac.md,ADR-003/ADR-004/ADR-005/ADR-006/ADR-007/ADR-008/ADR-025/ADR-041/ADR-042/ADR-043/ADR-049,DERIVED_CONTROL,AC-ISSUE-0374-01/AC-ISSUE-0374-02/AC-ISSUE-0374-03/AC-ISSUE-0374-04,PASS,PASS,PASS,PASS,HIGH
STORY-0265,ISSUE-0375,TASK-0265,EPIC-044,SPRINT-005,GEO,BC-006,Georreferenciamento,Story,planned,Geoprocessamento,"Produzir métricas, diagnóstico e lineage: OutputProfile, COG canônico, preservação de resolução e validação da grade",STORY-0261,,STORY-0265-ISSUE-0375-produzir-metricas-diagnostico-e-lineage-outputprofile-cog-canonico-preserv.md,ADR-003/ADR-004/ADR-005/ADR-006/ADR-007/ADR-008/ADR-025/ADR-041/ADR-042/ADR-043/ADR-049,DERIVED_CONTROL,AC-ISSUE-0375-01/AC-ISSUE-0375-02/AC-ISSUE-0375-03/AC-ISSUE-0375-04,PASS,PASS,PASS,PASS,HIGH
STORY-0266,ISSUE-0376,TASK-0266,EPIC-044,SPRINT-005,GEO,BC-006,Georreferenciamento,Story,planned,QA,"Executar benchmark, negativos e regressão científica: OutputProfile, COG canônico, preservação de resolução e validação da grade",STORY-0262/STORY-0263/STORY-0264/STORY-0265,,STORY-0266-ISSUE-0376-executar-benchmark-negativos-e-regressao-cientifica-outputprofile-cog-cano.md,ADR-003/ADR-004/ADR-005/ADR-006/ADR-007/ADR-008/ADR-025/ADR-041/ADR-042/ADR-043/ADR-049,DERIVED_CONTROL,AC-ISSUE-0376-01/AC-ISSUE-0376-02/AC-ISSUE-0376-03/AC-ISSUE-0376-04,PASS,PASS,PASS,PASS,HIGH
STORY-0267,ISSUE-0377,TASK-0267,EPIC-044,SPRINT-005,GEO,BC-006,Georreferenciamento,Story,planned,Reviewer,"Auditar evidência científica e final: OutputProfile, COG canônico, preservação de resolução e validação da grade",STORY-0266,,STORY-0267-ISSUE-0377-auditar-evidencia-cientifica-e-final-outputprofile-cog-canonico-preservaca.md,ADR-003/ADR-004/ADR-005/ADR-006/ADR-007/ADR-008/ADR-025/ADR-041/ADR-042/ADR-043/ADR-049,DERIVED_CONTROL,AC-ISSUE-0377-01/AC-ISSUE-0377-02/AC-ISSUE-0377-03/AC-ISSUE-0377-04,PASS,PASS,PASS,PASS,HIGH
STORY-0268,ISSUE-0378,TASK-0268,EPIC-045,SPRINT-005,GEO,BC-006,Georreferenciamento,Story,planned,Arquiteto,"Definir contrato científico e invariantes: máscara analítica adaptativa, preview/correção, área útil separada da saída e preservação de metadados marginais",STORY-0121/STORY-0135/STORY-0267,REQ-MSK-003,STORY-0268-ISSUE-0378-definir-contrato-cientifico-e-invariantes-mascara-analitica-adaptativa-pre.md,ADR-003/ADR-004/ADR-005/ADR-006/ADR-007/ADR-008/ADR-010/ADR-011/ADR-041/ADR-042/ADR-043/ADR-055,MIXED,AC-ISSUE-0378-01/AC-ISSUE-0378-02/AC-ISSUE-0378-03/AC-ISSUE-0378-04,PASS,PASS,PASS,PASS,CRITICAL
STORY-0269,ISSUE-0379,TASK-0269,EPIC-045,SPRINT-005,GEO,BC-006,Georreferenciamento,Story,planned,Geoprocessamento,"Preparar corpus, fixtures e representação tipada: máscara analítica adaptativa, preview/correção, área útil separada da saída e preservação de metadados marginais",STORY-0268,REQ-MSK-001/REQ-MSK-002/REQ-RAS-001,STORY-0269-ISSUE-0379-preparar-corpus-fixtures-e-representacao-tipada-mascara-analitica-adaptati.md,ADR-003/ADR-004/ADR-005/ADR-006/ADR-007/ADR-008/ADR-040/ADR-041/ADR-042/ADR-043/ADR-055,MIXED,AC-ISSUE-0379-01/AC-ISSUE-0379-02/AC-ISSUE-0379-03/AC-ISSUE-0379-04,PASS,PASS,PASS,PASS,CRITICAL
STORY-0270,ISSUE-0380,TASK-0270,EPIC-045,SPRINT-005,GEO,BC-006,Georreferenciamento,Story,planned,Geoprocessamento,"Implementar o núcleo algorítmico: máscara analítica adaptativa, preview/correção, área útil separada da saída e preservação de metadados marginais",STORY-0268,,STORY-0270-ISSUE-0380-implementar-o-nucleo-algoritmico-mascara-analitica-adaptativa-preview-corr.md,ADR-003/ADR-004/ADR-005/ADR-006/ADR-007/ADR-008/ADR-041/ADR-042/ADR-043/ADR-055,DERIVED_CONTROL,AC-ISSUE-0380-01/AC-ISSUE-0380-02/AC-ISSUE-0380-03/AC-ISSUE-0380-04,PASS,PASS,PASS,PASS,CRITICAL
STORY-0271,ISSUE-0381,TASK-0271,EPIC-045,SPRINT-005,GEO,BC-006,Georreferenciamento,Story,planned,Geoprocessamento,"Integrar ao ProcessingPlan e pipeline: máscara analítica adaptativa, preview/correção, área útil separada da saída e preservação de metadados marginais",STORY-0268,,STORY-0271-ISSUE-0381-integrar-ao-processingplan-e-pipeline-mascara-analitica-adaptativa-preview.md,ADR-003/ADR-004/ADR-005/ADR-006/ADR-007/ADR-008/ADR-041/ADR-042/ADR-043/ADR-055,DERIVED_CONTROL,AC-ISSUE-0381-01/AC-ISSUE-0381-02/AC-ISSUE-0381-03/AC-ISSUE-0381-04,PASS,PASS,PASS,PASS,CRITICAL
STORY-0272,ISSUE-0382,TASK-0272,EPIC-045,SPRINT-005,GEO,BC-006,Georreferenciamento,Story,planned,Geoprocessamento,"Produzir métricas, diagnóstico e lineage: máscara analítica adaptativa, preview/correção, área útil separada da saída e preservação de metadados marginais",STORY-0268,,STORY-0272-ISSUE-0382-produzir-metricas-diagnostico-e-lineage-mascara-analitica-adaptativa-previ.md,ADR-003/ADR-004/ADR-005/ADR-006/ADR-007/ADR-008/ADR-041/ADR-042/ADR-043/ADR-055,DERIVED_CONTROL,AC-ISSUE-0382-01/AC-ISSUE-0382-02/AC-ISSUE-0382-03/AC-ISSUE-0382-04,PASS,PASS,PASS,PASS,CRITICAL
STORY-0273,ISSUE-0383,TASK-0273,EPIC-045,SPRINT-005,GEO,BC-006,Georreferenciamento,Story,planned,QA,"Executar benchmark, negativos e regressão científica: máscara analítica adaptativa, preview/correção, área útil separada da saída e preservação de metadados marginais",STORY-0269/STORY-0270/STORY-0271/STORY-0272,,STORY-0273-ISSUE-0383-executar-benchmark-negativos-e-regressao-cientifica-mascara-analitica-adap.md,ADR-003/ADR-004/ADR-005/ADR-006/ADR-007/ADR-008/ADR-041/ADR-042/ADR-043/ADR-055,DERIVED_CONTROL,AC-ISSUE-0383-01/AC-ISSUE-0383-02/AC-ISSUE-0383-03/AC-ISSUE-0383-04,PASS,PASS,PASS,PASS,CRITICAL
STORY-0274,ISSUE-0384,TASK-0274,EPIC-045,SPRINT-005,GEO,BC-006,Georreferenciamento,Story,planned,Reviewer,"Auditar evidência científica e final: máscara analítica adaptativa, preview/correção, área útil separada da saída e preservação de metadados marginais",STORY-0273,,STORY-0274-ISSUE-0384-auditar-evidencia-cientifica-e-final-mascara-analitica-adaptativa-preview.md,ADR-003/ADR-004/ADR-005/ADR-006/ADR-007/ADR-008/ADR-041/ADR-042/ADR-043/ADR-055,DERIVED_CONTROL,AC-ISSUE-0384-01/AC-ISSUE-0384-02/AC-ISSUE-0384-03/AC-ISSUE-0384-04,PASS,PASS,PASS,PASS,CRITICAL
STORY-0275,ISSUE-0385,TASK-0275,EPIC-046,SPRINT-005,GEO,BC-013,"Artifacts, Proveniência e Lifecycle",Story,planned,Arquiteto,"Definir contrato científico e invariantes: ArtifactSet imutável, staging e publicação atômica",STORY-0156/STORY-0267/STORY-0061,REQ-ART-002,STORY-0275-ISSUE-0385-definir-contrato-cientifico-e-invariantes-artifactset-imutavel-staging-e-p.md,ADR-003/ADR-004/ADR-005/ADR-006/ADR-007/ADR-008/ADR-010/ADR-011/ADR-023/ADR-042,MIXED,AC-ISSUE-0385-01/AC-ISSUE-0385-02/AC-ISSUE-0385-03/AC-ISSUE-0385-04,PASS,PASS,PASS,PASS,HIGH
STORY-0276,ISSUE-0386,TASK-0276,EPIC-046,SPRINT-005,GEO,BC-013,"Artifacts, Proveniência e Lifecycle",Story,planned,Geoprocessamento,"Preparar corpus, fixtures e representação tipada: ArtifactSet imutável, staging e publicação atômica",STORY-0275,REQ-AI-017/REQ-ANC-004/REQ-RAS-005,STORY-0276-ISSUE-0386-preparar-corpus-fixtures-e-representacao-tipada-artifactset-imutavel-stagi.md,ADR-003/ADR-004/ADR-005/ADR-006/ADR-007/ADR-008/ADR-009/ADR-023/ADR-040/ADR-041/ADR-042/ADR-043/ADR-049,MIXED,AC-ISSUE-0386-01/AC-ISSUE-0386-02/AC-ISSUE-0386-03/AC-ISSUE-0386-04,PASS,PASS,PASS,PASS,HIGH
STORY-0277,ISSUE-0387,TASK-0277,EPIC-046,SPRINT-005,GEO,BC-013,"Artifacts, Proveniência e Lifecycle",Story,planned,Geoprocessamento,"Implementar o núcleo algorítmico: ArtifactSet imutável, staging e publicação atômica",STORY-0275,,STORY-0277-ISSUE-0387-implementar-o-nucleo-algoritmico-artifactset-imutavel-staging-e-publicacao.md,ADR-003/ADR-004/ADR-005/ADR-006/ADR-007/ADR-008/ADR-023/ADR-041/ADR-042/ADR-043/ADR-049,DERIVED_CONTROL,AC-ISSUE-0387-01/AC-ISSUE-0387-02/AC-ISSUE-0387-03/AC-ISSUE-0387-04,PASS,PASS,PASS,PASS,HIGH
STORY-0278,ISSUE-0388,TASK-0278,EPIC-046,SPRINT-005,GEO,BC-013,"Artifacts, Proveniência e Lifecycle",Story,planned,Geoprocessamento,"Integrar ao ProcessingPlan e pipeline: ArtifactSet imutável, staging e publicação atômica",STORY-0275,,STORY-0278-ISSUE-0388-integrar-ao-processingplan-e-pipeline-artifactset-imutavel-staging-e-publi.md,ADR-003/ADR-004/ADR-005/ADR-006/ADR-007/ADR-008/ADR-023/ADR-041/ADR-042/ADR-043/ADR-049,DERIVED_CONTROL,AC-ISSUE-0388-01/AC-ISSUE-0388-02/AC-ISSUE-0388-03/AC-ISSUE-0388-04,PASS,PASS,PASS,PASS,HIGH
STORY-0279,ISSUE-0389,TASK-0279,EPIC-046,SPRINT-005,GEO,BC-013,"Artifacts, Proveniência e Lifecycle",Story,planned,Geoprocessamento,"Produzir métricas, diagnóstico e lineage: ArtifactSet imutável, staging e publicação atômica",STORY-0275,,STORY-0279-ISSUE-0389-produzir-metricas-diagnostico-e-lineage-artifactset-imutavel-staging-e-pub.md,ADR-003/ADR-004/ADR-005/ADR-006/ADR-007/ADR-008/ADR-023/ADR-041/ADR-042/ADR-043/ADR-049,DERIVED_CONTROL,AC-ISSUE-0389-01/AC-ISSUE-0389-02/AC-ISSUE-0389-03/AC-ISSUE-0389-04,PASS,PASS,PASS,PASS,HIGH
STORY-0280,ISSUE-0390,TASK-0280,EPIC-046,SPRINT-005,GEO,BC-013,"Artifacts, Proveniência e Lifecycle",Story,planned,QA,"Executar benchmark, negativos e regressão científica: ArtifactSet imutável, staging e publicação atômica",STORY-0276/STORY-0277/STORY-0278/STORY-0279,REQ-ART-003,STORY-0280-ISSUE-0390-executar-benchmark-negativos-e-regressao-cientifica-artifactset-imutavel-s.md,ADR-003/ADR-004/ADR-005/ADR-006/ADR-007/ADR-008/ADR-023/ADR-041/ADR-042/ADR-043/ADR-049,MIXED,AC-ISSUE-0390-01/AC-ISSUE-0390-02/AC-ISSUE-0390-03/AC-ISSUE-0390-04,PASS,PASS,PASS,PASS,HIGH
STORY-0281,ISSUE-0391,TASK-0281,EPIC-046,SPRINT-005,GEO,BC-013,"Artifacts, Proveniência e Lifecycle",Story,planned,Reviewer,"Auditar evidência científica e final: ArtifactSet imutável, staging e publicação atômica",STORY-0280,,STORY-0281-ISSUE-0391-auditar-evidencia-cientifica-e-final-artifactset-imutavel-staging-e-public.md,ADR-003/ADR-004/ADR-005/ADR-006/ADR-007/ADR-008/ADR-023,DERIVED_CONTROL,AC-ISSUE-0391-01/AC-ISSUE-0391-02/AC-ISSUE-0391-03/AC-ISSUE-0391-04,PASS,PASS,PASS,PASS,HIGH
STORY-0282,ISSUE-0392,TASK-0282,EPIC-047,SPRINT-005,GEO,BC-006,Georreferenciamento,Story,planned,Arquiteto,"Definir contrato científico e invariantes: matching coarse-to-fine, tiles, reconciliação de coordenadas e refinamento em resolução adequada",STORY-0121/STORY-0135/STORY-0109,,STORY-0282-ISSUE-0392-definir-contrato-cientifico-e-invariantes-matching-coarse-to-fine-tiles-re.md,ADR-003/ADR-004/ADR-005/ADR-006/ADR-007/ADR-008/ADR-010/ADR-011/ADR-041/ADR-042/ADR-043/ADR-044,DERIVED_CONTROL,AC-ISSUE-0392-01/AC-ISSUE-0392-02/AC-ISSUE-0392-03/AC-ISSUE-0392-04,PASS,PASS,PASS,PASS,HIGH
STORY-0283,ISSUE-0393,TASK-0283,EPIC-047,SPRINT-005,GEO,BC-006,Georreferenciamento,Story,planned,Geoprocessamento,"Preparar corpus, fixtures e representação tipada: matching coarse-to-fine, tiles, reconciliação de coordenadas e refinamento em resolução adequada",STORY-0282,,STORY-0283-ISSUE-0393-preparar-corpus-fixtures-e-representacao-tipada-matching-coarse-to-fine-ti.md,ADR-003/ADR-004/ADR-005/ADR-006/ADR-007/ADR-008/ADR-041/ADR-042/ADR-043/ADR-044,DERIVED_CONTROL,AC-ISSUE-0393-01/AC-ISSUE-0393-02/AC-ISSUE-0393-03/AC-ISSUE-0393-04,PASS,PASS,PASS,PASS,HIGH
STORY-0284,ISSUE-0394,TASK-0284,EPIC-047,SPRINT-005,GEO,BC-006,Georreferenciamento,Story,planned,Geoprocessamento,"Implementar o núcleo algorítmico: matching coarse-to-fine, tiles, reconciliação de coordenadas e refinamento em resolução adequada",STORY-0282,REQ-MAT-001,STORY-0284-ISSUE-0394-implementar-o-nucleo-algoritmico-matching-coarse-to-fine-tiles-reconciliac.md,ADR-003/ADR-004/ADR-005/ADR-006/ADR-007/ADR-008/ADR-041/ADR-042/ADR-043/ADR-044,MIXED,AC-ISSUE-0394-01/AC-ISSUE-0394-02/AC-ISSUE-0394-03/AC-ISSUE-0394-04,PASS,PASS,PASS,PASS,HIGH
STORY-0285,ISSUE-0395,TASK-0285,EPIC-047,SPRINT-005,GEO,BC-006,Georreferenciamento,Story,planned,Geoprocessamento,"Integrar ao ProcessingPlan e pipeline: matching coarse-to-fine, tiles, reconciliação de coordenadas e refinamento em resolução adequada",STORY-0282,,STORY-0285-ISSUE-0395-integrar-ao-processingplan-e-pipeline-matching-coarse-to-fine-tiles-reconc.md,ADR-003/ADR-004/ADR-005/ADR-006/ADR-007/ADR-008/ADR-041/ADR-042/ADR-043/ADR-044,DERIVED_CONTROL,AC-ISSUE-0395-01/AC-ISSUE-0395-02/AC-ISSUE-0395-03/AC-ISSUE-0395-04,PASS,PASS,PASS,PASS,HIGH
STORY-0286,ISSUE-0396,TASK-0286,EPIC-047,SPRINT-005,GEO,BC-006,Georreferenciamento,Story,planned,Geoprocessamento,"Produzir métricas, diagnóstico e lineage: matching coarse-to-fine, tiles, reconciliação de coordenadas e refinamento em resolução adequada",STORY-0282,,STORY-0286-ISSUE-0396-produzir-metricas-diagnostico-e-lineage-matching-coarse-to-fine-tiles-reco.md,ADR-003/ADR-004/ADR-005/ADR-006/ADR-007/ADR-008/ADR-041/ADR-042/ADR-043/ADR-044,DERIVED_CONTROL,AC-ISSUE-0396-01/AC-ISSUE-0396-02/AC-ISSUE-0396-03/AC-ISSUE-0396-04,PASS,PASS,PASS,PASS,HIGH
STORY-0287,ISSUE-0397,TASK-0287,EPIC-047,SPRINT-005,GEO,BC-006,Georreferenciamento,Story,planned,QA,"Executar benchmark, negativos e regressão científica: matching coarse-to-fine, tiles, reconciliação de coordenadas e refinamento em resolução adequada",STORY-0283/STORY-0284/STORY-0285/STORY-0286,,STORY-0287-ISSUE-0397-executar-benchmark-negativos-e-regressao-cientifica-matching-coarse-to-fin.md,ADR-003/ADR-004/ADR-005/ADR-006/ADR-007/ADR-008/ADR-041/ADR-042/ADR-043/ADR-044,DERIVED_CONTROL,AC-ISSUE-0397-01/AC-ISSUE-0397-02/AC-ISSUE-0397-03/AC-ISSUE-0397-04,PASS,PASS,PASS,PASS,HIGH
STORY-0288,ISSUE-0398,TASK-0288,EPIC-047,SPRINT-005,GEO,BC-006,Georreferenciamento,Story,planned,Reviewer,"Auditar evidência científica e final: matching coarse-to-fine, tiles, reconciliação de coordenadas e refinamento em resolução adequada",STORY-0287,,STORY-0288-ISSUE-0398-auditar-evidencia-cientifica-e-final-matching-coarse-to-fine-tiles-reconci.md,ADR-003/ADR-004/ADR-005/ADR-006/ADR-007/ADR-008/ADR-041/ADR-042/ADR-043/ADR-044,DERIVED_CONTROL,AC-ISSUE-0398-01/AC-ISSUE-0398-02/AC-ISSUE-0398-03/AC-ISSUE-0398-04,PASS,PASS,PASS,PASS,HIGH
STORY-0289,ISSUE-0399,TASK-0289,EPIC-048,SPRINT-005,GEO,BC-006,Georreferenciamento,Story,planned,Arquiteto,"Definir contrato científico e invariantes: extração opcional de metadados marginais com confiança, revisão e lineage",STORY-0274/STORY-0061,,STORY-0289-ISSUE-0399-definir-contrato-cientifico-e-invariantes-extracao-opcional-de-metadados-m.md,ADR-003/ADR-004/ADR-005/ADR-006/ADR-007/ADR-008/ADR-010/ADR-011/ADR-041/ADR-042/ADR-043,DERIVED_CONTROL,AC-ISSUE-0399-01/AC-ISSUE-0399-02/AC-ISSUE-0399-03/AC-ISSUE-0399-04,PASS,PASS,PASS,PASS,HIGH
STORY-0290,ISSUE-0400,TASK-0290,EPIC-048,SPRINT-005,GEO,BC-006,Georreferenciamento,Story,planned,Geoprocessamento,"Preparar corpus, fixtures e representação tipada: extração opcional de metadados marginais com confiança, revisão e lineage",STORY-0289,REQ-MTD-001,STORY-0290-ISSUE-0400-preparar-corpus-fixtures-e-representacao-tipada-extracao-opcional-de-metad.md,ADR-003/ADR-004/ADR-005/ADR-006/ADR-007/ADR-008/ADR-040/ADR-041/ADR-042/ADR-043,MIXED,AC-ISSUE-0400-01/AC-ISSUE-0400-02/AC-ISSUE-0400-03/AC-ISSUE-0400-04,PASS,PASS,PASS,PASS,HIGH
STORY-0291,ISSUE-0401,TASK-0291,EPIC-048,SPRINT-005,GEO,BC-006,Georreferenciamento,Story,planned,Geoprocessamento,"Implementar o núcleo algorítmico: extração opcional de metadados marginais com confiança, revisão e lineage",STORY-0289,,STORY-0291-ISSUE-0401-implementar-o-nucleo-algoritmico-extracao-opcional-de-metadados-marginais.md,ADR-003/ADR-004/ADR-005/ADR-006/ADR-007/ADR-008/ADR-041/ADR-042/ADR-043,DERIVED_CONTROL,AC-ISSUE-0401-01/AC-ISSUE-0401-02/AC-ISSUE-0401-03/AC-ISSUE-0401-04,PASS,PASS,PASS,PASS,HIGH
STORY-0292,ISSUE-0402,TASK-0292,EPIC-048,SPRINT-005,GEO,BC-006,Georreferenciamento,Story,planned,Geoprocessamento,"Integrar ao ProcessingPlan e pipeline: extração opcional de metadados marginais com confiança, revisão e lineage",STORY-0289,,STORY-0292-ISSUE-0402-integrar-ao-processingplan-e-pipeline-extracao-opcional-de-metadados-margi.md,ADR-003/ADR-004/ADR-005/ADR-006/ADR-007/ADR-008/ADR-041/ADR-042/ADR-043,DERIVED_CONTROL,AC-ISSUE-0402-01/AC-ISSUE-0402-02/AC-ISSUE-0402-03/AC-ISSUE-0402-04,PASS,PASS,PASS,PASS,HIGH
STORY-0293,ISSUE-0403,TASK-0293,EPIC-048,SPRINT-005,GEO,BC-006,Georreferenciamento,Story,planned,Geoprocessamento,"Produzir métricas, diagnóstico e lineage: extração opcional de metadados marginais com confiança, revisão e lineage",STORY-0289,,STORY-0293-ISSUE-0403-produzir-metricas-diagnostico-e-lineage-extracao-opcional-de-metadados-mar.md,ADR-003/ADR-004/ADR-005/ADR-006/ADR-007/ADR-008/ADR-041/ADR-042/ADR-043,DERIVED_CONTROL,AC-ISSUE-0403-01/AC-ISSUE-0403-02/AC-ISSUE-0403-03/AC-ISSUE-0403-04,PASS,PASS,PASS,PASS,HIGH
STORY-0294,ISSUE-0404,TASK-0294,EPIC-048,SPRINT-005,GEO,BC-006,Georreferenciamento,Story,planned,QA,"Executar benchmark, negativos e regressão científica: extração opcional de metadados marginais com confiança, revisão e lineage",STORY-0290/STORY-0291/STORY-0292/STORY-0293,,STORY-0294-ISSUE-0404-executar-benchmark-negativos-e-regressao-cientifica-extracao-opcional-de-m.md,ADR-003/ADR-004/ADR-005/ADR-006/ADR-007/ADR-008/ADR-041/ADR-042/ADR-043,DERIVED_CONTROL,AC-ISSUE-0404-01/AC-ISSUE-0404-02/AC-ISSUE-0404-03/AC-ISSUE-0404-04,PASS,PASS,PASS,PASS,HIGH
STORY-0295,ISSUE-0405,TASK-0295,EPIC-048,SPRINT-005,GEO,BC-006,Georreferenciamento,Story,planned,Reviewer,"Auditar evidência científica e final: extração opcional de metadados marginais com confiança, revisão e lineage",STORY-0294,,STORY-0295-ISSUE-0405-auditar-evidencia-cientifica-e-final-extracao-opcional-de-metadados-margin.md,ADR-003/ADR-004/ADR-005/ADR-006/ADR-007/ADR-008/ADR-041/ADR-042/ADR-043,DERIVED_CONTROL,AC-ISSUE-0405-01/AC-ISSUE-0405-02/AC-ISSUE-0405-03/AC-ISSUE-0405-04,PASS,PASS,PASS,PASS,HIGH
STORY-0296,ISSUE-0406,TASK-0296,EPIC-049,SPRINT-010,DAT,BC-013,"Artifacts, Proveniência e Lifecycle",Story,planned,Arquiteto,"Definir modelo, invariantes e contratos de dados: lineage normalizado, manifestos e bundle de reprodução sob demanda",STORY-0020/STORY-0061/STORY-0281/STORY-0390/STORY-0397/STORY-0417,REQ-EPIC-017/REQ-PROV-001/REQ-RET-001,STORY-0296-ISSUE-0406-definir-modelo-invariantes-e-contratos-de-dados-lineage-normalizado-manife.md,ADR-003/ADR-004/ADR-005/ADR-006/ADR-007/ADR-008/ADR-010/ADR-011/ADR-012/ADR-016/ADR-025/ADR-038,MIXED,AC-ISSUE-0406-01/AC-ISSUE-0406-02/AC-ISSUE-0406-03/AC-ISSUE-0406-04,PASS,PASS,PASS,PASS,HIGH
STORY-0297,ISSUE-0407,TASK-0297,EPIC-049,SPRINT-010,DAT,BC-013,"Artifacts, Proveniência e Lifecycle",Story,planned,Backend,"Implementar persistência e migrations: lineage normalizado, manifestos e bundle de reprodução sob demanda",STORY-0296,REQ-BKP-001/REQ-CAC-001/REQ-RMQ-002/REQ-SDR-004/REQ-SRG-004,STORY-0297-ISSUE-0407-implementar-persistencia-e-migrations-lineage-normalizado-manifestos-e-bun.md,ADR-003/ADR-004/ADR-005/ADR-006/ADR-007/ADR-008/ADR-009/ADR-016/ADR-018/ADR-019/ADR-025/ADR-047/ADR-052/ADR-053,MIXED,AC-ISSUE-0407-01/AC-ISSUE-0407-02/AC-ISSUE-0407-03/AC-ISSUE-0407-04,PASS,PASS,PASS,PASS,CRITICAL
STORY-0298,ISSUE-0408,TASK-0298,EPIC-049,SPRINT-010,DAT,BC-013,"Artifacts, Proveniência e Lifecycle",Story,planned,Backend,"Implementar armazenamento e lifecycle: lineage normalizado, manifestos e bundle de reprodução sob demanda",STORY-0296,,STORY-0298-ISSUE-0408-implementar-armazenamento-e-lifecycle-lineage-normalizado-manifestos-e-bun.md,ADR-003/ADR-004/ADR-005/ADR-006/ADR-007/ADR-008/ADR-016/ADR-018/ADR-019/ADR-025,DERIVED_CONTROL,AC-ISSUE-0408-01/AC-ISSUE-0408-02/AC-ISSUE-0408-03/AC-ISSUE-0408-04,PASS,PASS,PASS,PASS,HIGH
STORY-0299,ISSUE-0409,TASK-0299,EPIC-049,SPRINT-010,DAT,BC-013,"Artifacts, Proveniência e Lifecycle",Story,planned,Backend,"Expor serviços e integrar consumers: lineage normalizado, manifestos e bundle de reprodução sob demanda",STORY-0296,REQ-EPIC-070/REQ-REV-003,STORY-0299-ISSUE-0409-expor-servicos-e-integrar-consumers-lineage-normalizado-manifestos-e-bundl.md,ADR-002/ADR-003/ADR-004/ADR-005/ADR-006/ADR-007/ADR-008/ADR-010/ADR-011/ADR-012/ADR-016/ADR-018/ADR-019/ADR-025/ADR-048,MIXED,AC-ISSUE-0409-01/AC-ISSUE-0409-02/AC-ISSUE-0409-03/AC-ISSUE-0409-04,PASS,PASS,PASS,PASS,HIGH
STORY-0300,ISSUE-0410,TASK-0300,EPIC-049,SPRINT-010,DAT,BC-013,"Artifacts, Proveniência e Lifecycle",Story,planned,Security,"Validar segurança, recuperação e concorrência: lineage normalizado, manifestos e bundle de reprodução sob demanda",STORY-0297/STORY-0298/STORY-0299,REQ-AI-009,STORY-0300-ISSUE-0410-validar-seguranca-recuperacao-e-concorrencia-lineage-normalizado-manifesto.md,ADR-003/ADR-004/ADR-005/ADR-006/ADR-007/ADR-008/ADR-025/ADR-030/ADR-031/ADR-032/ADR-052/ADR-053,MIXED,AC-ISSUE-0410-01/AC-ISSUE-0410-02/AC-ISSUE-0410-03/AC-ISSUE-0410-04,PASS,PASS,PASS,PASS,CRITICAL
STORY-0301,ISSUE-0411,TASK-0301,EPIC-049,SPRINT-010,DAT,BC-013,"Artifacts, Proveniência e Lifecycle",Story,planned,Reviewer,"Executar QA e auditoria final: lineage normalizado, manifestos e bundle de reprodução sob demanda",STORY-0300,,STORY-0301-ISSUE-0411-executar-qa-e-auditoria-final-lineage-normalizado-manifestos-e-bundle-de-r.md,ADR-003/ADR-004/ADR-005/ADR-006/ADR-007/ADR-008/ADR-025,DERIVED_CONTROL,AC-ISSUE-0411-01/AC-ISSUE-0411-02/AC-ISSUE-0411-03/AC-ISSUE-0411-04,PASS,PASS,PASS,PASS,HIGH
STORY-0302,ISSUE-0412,TASK-0302,EPIC-050,SPRINT-006,GEO,BC-009,Recuperação Assistida por IA e Governança de Modelos,Story,planned,Arquiteto,"Definir contrato científico e invariantes: registry de matchers clássicos/IA, escalonamento explicável, licenças, manifests e benchmark",STORY-0121/STORY-0288/STORY-0020,REQ-AI-005/REQ-AIE-001/REQ-AIE-005/REQ-SDR-002,STORY-0302-ISSUE-0412-definir-contrato-cientifico-e-invariantes-registry-de-matchers-classicos-i.md,ADR-003/ADR-004/ADR-005/ADR-006/ADR-007/ADR-008/ADR-010/ADR-011/ADR-017/ADR-038/ADR-051/ADR-052/ADR-053/ADR-055,MIXED,AC-ISSUE-0412-01/AC-ISSUE-0412-02/AC-ISSUE-0412-03/AC-ISSUE-0412-04,PASS,PASS,PASS,PASS,CRITICAL
STORY-0303,ISSUE-0413,TASK-0303,EPIC-050,SPRINT-006,GEO,BC-009,Recuperação Assistida por IA e Governança de Modelos,Story,planned,Geoprocessamento,"Consolidar slices e liberar integração: registry de matchers clássicos/IA, escalonamento explicável, licenças, manifests e benchmark",STORY-0750/STORY-0751,,STORY-0303-ISSUE-0413-preparar-corpus-fixtures-e-representacao-tipada-registry-de-matchers-class.md,ADR-003/ADR-004/ADR-005/ADR-006/ADR-007/ADR-008/ADR-017/ADR-041/ADR-042/ADR-043/ADR-046/ADR-051/ADR-052/ADR-053/ADR-055,DERIVED_CONTROL,AC-ISSUE-0413-01/AC-ISSUE-0413-02/AC-ISSUE-0413-03/AC-ISSUE-0413-04,PASS,PASS,PASS,PASS,CRITICAL
STORY-0304,ISSUE-0414,TASK-0304,EPIC-050,SPRINT-006,GEO,BC-009,Recuperação Assistida por IA e Governança de Modelos,Story,planned,Geoprocessamento,"Implementar o núcleo algorítmico: registry de matchers clássicos/IA, escalonamento explicável, licenças, manifests e benchmark",STORY-0302,,STORY-0304-ISSUE-0414-implementar-o-nucleo-algoritmico-registry-de-matchers-classicos-ia-escalon.md,ADR-003/ADR-004/ADR-005/ADR-006/ADR-007/ADR-008/ADR-017/ADR-041/ADR-042/ADR-043/ADR-046/ADR-051/ADR-052/ADR-053/ADR-055,DERIVED_CONTROL,AC-ISSUE-0414-01/AC-ISSUE-0414-02/AC-ISSUE-0414-03/AC-ISSUE-0414-04,PASS,PASS,PASS,PASS,CRITICAL
STORY-0305,ISSUE-0415,TASK-0305,EPIC-050,SPRINT-006,GEO,BC-009,Recuperação Assistida por IA e Governança de Modelos,Story,planned,Geoprocessamento,"Integrar ao ProcessingPlan e pipeline: registry de matchers clássicos/IA, escalonamento explicável, licenças, manifests e benchmark",STORY-0302,,STORY-0305-ISSUE-0415-integrar-ao-processingplan-e-pipeline-registry-de-matchers-classicos-ia-es.md,ADR-003/ADR-004/ADR-005/ADR-006/ADR-007/ADR-008/ADR-017/ADR-041/ADR-042/ADR-043/ADR-046/ADR-051/ADR-052/ADR-053/ADR-055,DERIVED_CONTROL,AC-ISSUE-0415-01/AC-ISSUE-0415-02/AC-ISSUE-0415-03/AC-ISSUE-0415-04,PASS,PASS,PASS,PASS,CRITICAL
STORY-0306,ISSUE-0416,TASK-0306,EPIC-050,SPRINT-006,GEO,BC-009,Recuperação Assistida por IA e Governança de Modelos,Story,planned,Geoprocessamento,"Produzir métricas, diagnóstico e lineage: registry de matchers clássicos/IA, escalonamento explicável, licenças, manifests e benchmark",STORY-0302,,STORY-0306-ISSUE-0416-produzir-metricas-diagnostico-e-lineage-registry-de-matchers-classicos-ia.md,ADR-003/ADR-004/ADR-005/ADR-006/ADR-007/ADR-008/ADR-017/ADR-041/ADR-042/ADR-043/ADR-046/ADR-051/ADR-052/ADR-053/ADR-055,DERIVED_CONTROL,AC-ISSUE-0416-01/AC-ISSUE-0416-02/AC-ISSUE-0416-03/AC-ISSUE-0416-04,PASS,PASS,PASS,PASS,CRITICAL
STORY-0307,ISSUE-0417,TASK-0307,EPIC-050,SPRINT-006,GEO,BC-009,Recuperação Assistida por IA e Governança de Modelos,Story,planned,QA,"Executar benchmark, negativos e regressão científica: registry de matchers clássicos/IA, escalonamento explicável, licenças, manifests e benchmark",STORY-0303/STORY-0304/STORY-0305/STORY-0306,REQ-AI-001/REQ-AIE-003/REQ-AIE-007/REQ-MCH-001/REQ-SDR-003,STORY-0307-ISSUE-0417-executar-benchmark-negativos-e-regressao-cientifica-registry-de-matchers-c.md,ADR-003/ADR-004/ADR-005/ADR-006/ADR-007/ADR-008/ADR-009/ADR-017/ADR-041/ADR-042/ADR-043/ADR-046/ADR-051/ADR-052/ADR-053/ADR-055,MIXED,AC-ISSUE-0417-01/AC-ISSUE-0417-02/AC-ISSUE-0417-03/AC-ISSUE-0417-04,PASS,PASS,PASS,PASS,CRITICAL
STORY-0308,ISSUE-0418,TASK-0308,EPIC-050,SPRINT-006,GEO,BC-009,Recuperação Assistida por IA e Governança de Modelos,Story,planned,Reviewer,"Auditar evidência científica e final: registry de matchers clássicos/IA, escalonamento explicável, licenças, manifests e benchmark",STORY-0307,,STORY-0308-ISSUE-0418-auditar-evidencia-cientifica-e-final-registry-de-matchers-classicos-ia-esc.md,ADR-003/ADR-004/ADR-005/ADR-006/ADR-007/ADR-008/ADR-017/ADR-051/ADR-052/ADR-053/ADR-055,DERIVED_CONTROL,AC-ISSUE-0418-01/AC-ISSUE-0418-02/AC-ISSUE-0418-03/AC-ISSUE-0418-04,PASS,PASS,PASS,PASS,CRITICAL
STORY-0309,ISSUE-0419,TASK-0309,EPIC-051,SPRINT-006,GEO,BC-006,Georreferenciamento,Story,planned,Arquiteto,"Definir contrato científico e invariantes: estimadores USAC_MAGSAC/RANSAC explícitos, calibração, proveniência e testes de compatibilidade",STORY-0121/STORY-0135/STORY-0149,,STORY-0309-ISSUE-0419-definir-contrato-cientifico-e-invariantes-estimadores-usac-magsac-ransac-e.md,ADR-003/ADR-004/ADR-005/ADR-006/ADR-007/ADR-008/ADR-010/ADR-011/ADR-041/ADR-042/ADR-043/ADR-045,DERIVED_CONTROL,AC-ISSUE-0419-01/AC-ISSUE-0419-02/AC-ISSUE-0419-03/AC-ISSUE-0419-04,PASS,PASS,PASS,PASS,HIGH
STORY-0310,ISSUE-0420,TASK-0310,EPIC-051,SPRINT-006,GEO,BC-006,Georreferenciamento,Story,planned,Geoprocessamento,"Preparar corpus, fixtures e representação tipada: estimadores USAC_MAGSAC/RANSAC explícitos, calibração, proveniência e testes de compatibilidade",STORY-0309,REQ-EST-001,STORY-0310-ISSUE-0420-preparar-corpus-fixtures-e-representacao-tipada-estimadores-usac-magsac-ra.md,ADR-003/ADR-004/ADR-005/ADR-006/ADR-007/ADR-008/ADR-041/ADR-042/ADR-043/ADR-045,MIXED,AC-ISSUE-0420-01/AC-ISSUE-0420-02/AC-ISSUE-0420-03/AC-ISSUE-0420-04,PASS,PASS,PASS,PASS,HIGH
STORY-0311,ISSUE-0421,TASK-0311,EPIC-051,SPRINT-006,GEO,BC-006,Georreferenciamento,Story,planned,Geoprocessamento,"Implementar o núcleo algorítmico: estimadores USAC_MAGSAC/RANSAC explícitos, calibração, proveniência e testes de compatibilidade",STORY-0309,,STORY-0311-ISSUE-0421-implementar-o-nucleo-algoritmico-estimadores-usac-magsac-ransac-explicitos.md,ADR-003/ADR-004/ADR-005/ADR-006/ADR-007/ADR-008/ADR-041/ADR-042/ADR-043/ADR-045,DERIVED_CONTROL,AC-ISSUE-0421-01/AC-ISSUE-0421-02/AC-ISSUE-0421-03/AC-ISSUE-0421-04,PASS,PASS,PASS,PASS,HIGH
STORY-0312,ISSUE-0422,TASK-0312,EPIC-051,SPRINT-006,GEO,BC-006,Georreferenciamento,Story,planned,Geoprocessamento,"Integrar ao ProcessingPlan e pipeline: estimadores USAC_MAGSAC/RANSAC explícitos, calibração, proveniência e testes de compatibilidade",STORY-0309,,STORY-0312-ISSUE-0422-integrar-ao-processingplan-e-pipeline-estimadores-usac-magsac-ransac-expli.md,ADR-003/ADR-004/ADR-005/ADR-006/ADR-007/ADR-008/ADR-041/ADR-042/ADR-043/ADR-045,DERIVED_CONTROL,AC-ISSUE-0422-01/AC-ISSUE-0422-02/AC-ISSUE-0422-03/AC-ISSUE-0422-04,PASS,PASS,PASS,PASS,HIGH
STORY-0313,ISSUE-0423,TASK-0313,EPIC-051,SPRINT-006,GEO,BC-006,Georreferenciamento,Story,planned,Geoprocessamento,"Produzir métricas, diagnóstico e lineage: estimadores USAC_MAGSAC/RANSAC explícitos, calibração, proveniência e testes de compatibilidade",STORY-0309,,STORY-0313-ISSUE-0423-produzir-metricas-diagnostico-e-lineage-estimadores-usac-magsac-ransac-exp.md,ADR-003/ADR-004/ADR-005/ADR-006/ADR-007/ADR-008/ADR-041/ADR-042/ADR-043/ADR-045,DERIVED_CONTROL,AC-ISSUE-0423-01/AC-ISSUE-0423-02/AC-ISSUE-0423-03/AC-ISSUE-0423-04,PASS,PASS,PASS,PASS,HIGH
STORY-0314,ISSUE-0424,TASK-0314,EPIC-051,SPRINT-006,GEO,BC-006,Georreferenciamento,Story,planned,QA,"Executar benchmark, negativos e regressão científica: estimadores USAC_MAGSAC/RANSAC explícitos, calibração, proveniência e testes de compatibilidade",STORY-0310/STORY-0311/STORY-0312/STORY-0313,,STORY-0314-ISSUE-0424-executar-benchmark-negativos-e-regressao-cientifica-estimadores-usac-magsa.md,ADR-003/ADR-004/ADR-005/ADR-006/ADR-007/ADR-008/ADR-041/ADR-042/ADR-043/ADR-045,DERIVED_CONTROL,AC-ISSUE-0424-01/AC-ISSUE-0424-02/AC-ISSUE-0424-03/AC-ISSUE-0424-04,PASS,PASS,PASS,PASS,HIGH
STORY-0315,ISSUE-0425,TASK-0315,EPIC-051,SPRINT-006,GEO,BC-006,Georreferenciamento,Story,planned,Reviewer,"Auditar evidência científica e final: estimadores USAC_MAGSAC/RANSAC explícitos, calibração, proveniência e testes de compatibilidade",STORY-0314,,STORY-0315-ISSUE-0425-auditar-evidencia-cientifica-e-final-estimadores-usac-magsac-ransac-explic.md,ADR-003/ADR-004/ADR-005/ADR-006/ADR-007/ADR-008/ADR-041/ADR-042/ADR-043/ADR-045,DERIVED_CONTROL,AC-ISSUE-0425-01/AC-ISSUE-0425-02/AC-ISSUE-0425-03/AC-ISSUE-0425-04,PASS,PASS,PASS,PASS,HIGH
STORY-0316,ISSUE-0426,TASK-0316,EPIC-052,SPRINT-006,GEO,BC-006,Georreferenciamento,Story,planned,Arquiteto,"Definir contrato científico e invariantes: seleção de GCPs por cobertura/qualidade/diversidade, exportando pontos usados e descartados",STORY-0135/STORY-0274/STORY-0315,,STORY-0316-ISSUE-0426-definir-contrato-cientifico-e-invariantes-selecao-de-gcps-por-cobertura-qu.md,ADR-003/ADR-004/ADR-005/ADR-006/ADR-007/ADR-008/ADR-010/ADR-011/ADR-041/ADR-042/ADR-043/ADR-048,DERIVED_CONTROL,AC-ISSUE-0426-01/AC-ISSUE-0426-02/AC-ISSUE-0426-03/AC-ISSUE-0426-04,PASS,PASS,PASS,PASS,HIGH
STORY-0317,ISSUE-0427,TASK-0317,EPIC-052,SPRINT-006,GEO,BC-006,Georreferenciamento,Story,planned,Geoprocessamento,"Preparar corpus, fixtures e representação tipada: seleção de GCPs por cobertura/qualidade/diversidade, exportando pontos usados e descartados",STORY-0316,,STORY-0317-ISSUE-0427-preparar-corpus-fixtures-e-representacao-tipada-selecao-de-gcps-por-cobert.md,ADR-003/ADR-004/ADR-005/ADR-006/ADR-007/ADR-008/ADR-041/ADR-042/ADR-043/ADR-048,DERIVED_CONTROL,AC-ISSUE-0427-01/AC-ISSUE-0427-02/AC-ISSUE-0427-03/AC-ISSUE-0427-04,PASS,PASS,PASS,PASS,HIGH
STORY-0318,ISSUE-0428,TASK-0318,EPIC-052,SPRINT-006,GEO,BC-006,Georreferenciamento,Story,planned,Geoprocessamento,"Implementar o núcleo algorítmico: seleção de GCPs por cobertura/qualidade/diversidade, exportando pontos usados e descartados",STORY-0316,,STORY-0318-ISSUE-0428-implementar-o-nucleo-algoritmico-selecao-de-gcps-por-cobertura-qualidade-d.md,ADR-003/ADR-004/ADR-005/ADR-006/ADR-007/ADR-008/ADR-041/ADR-042/ADR-043/ADR-048,DERIVED_CONTROL,AC-ISSUE-0428-01/AC-ISSUE-0428-02/AC-ISSUE-0428-03/AC-ISSUE-0428-04,PASS,PASS,PASS,PASS,HIGH
STORY-0319,ISSUE-0429,TASK-0319,EPIC-052,SPRINT-006,GEO,BC-006,Georreferenciamento,Story,planned,Geoprocessamento,"Integrar ao ProcessingPlan e pipeline: seleção de GCPs por cobertura/qualidade/diversidade, exportando pontos usados e descartados",STORY-0316,,STORY-0319-ISSUE-0429-integrar-ao-processingplan-e-pipeline-selecao-de-gcps-por-cobertura-qualid.md,ADR-003/ADR-004/ADR-005/ADR-006/ADR-007/ADR-008/ADR-041/ADR-042/ADR-043/ADR-048,DERIVED_CONTROL,AC-ISSUE-0429-01/AC-ISSUE-0429-02/AC-ISSUE-0429-03/AC-ISSUE-0429-04,PASS,PASS,PASS,PASS,HIGH
STORY-0320,ISSUE-0430,TASK-0320,EPIC-052,SPRINT-006,GEO,BC-006,Georreferenciamento,Story,planned,Geoprocessamento,"Produzir métricas, diagnóstico e lineage: seleção de GCPs por cobertura/qualidade/diversidade, exportando pontos usados e descartados",STORY-0316,,STORY-0320-ISSUE-0430-produzir-metricas-diagnostico-e-lineage-selecao-de-gcps-por-cobertura-qual.md,ADR-003/ADR-004/ADR-005/ADR-006/ADR-007/ADR-008/ADR-041/ADR-042/ADR-043/ADR-048,DERIVED_CONTROL,AC-ISSUE-0430-01/AC-ISSUE-0430-02/AC-ISSUE-0430-03/AC-ISSUE-0430-04,PASS,PASS,PASS,PASS,HIGH
STORY-0321,ISSUE-0431,TASK-0321,EPIC-052,SPRINT-006,GEO,BC-006,Georreferenciamento,Story,planned,QA,"Executar benchmark, negativos e regressão científica: seleção de GCPs por cobertura/qualidade/diversidade, exportando pontos usados e descartados",STORY-0317/STORY-0318/STORY-0319/STORY-0320,REQ-GCP-001,STORY-0321-ISSUE-0431-executar-benchmark-negativos-e-regressao-cientifica-selecao-de-gcps-por-co.md,ADR-003/ADR-004/ADR-005/ADR-006/ADR-007/ADR-008/ADR-041/ADR-042/ADR-043/ADR-048,MIXED,AC-ISSUE-0431-01/AC-ISSUE-0431-02/AC-ISSUE-0431-03/AC-ISSUE-0431-04,PASS,PASS,PASS,PASS,HIGH
STORY-0322,ISSUE-0432,TASK-0322,EPIC-052,SPRINT-006,GEO,BC-006,Georreferenciamento,Story,planned,Reviewer,"Auditar evidência científica e final: seleção de GCPs por cobertura/qualidade/diversidade, exportando pontos usados e descartados",STORY-0321,,STORY-0322-ISSUE-0432-auditar-evidencia-cientifica-e-final-selecao-de-gcps-por-cobertura-qualida.md,ADR-003/ADR-004/ADR-005/ADR-006/ADR-007/ADR-008/ADR-041/ADR-042/ADR-043/ADR-048,DERIVED_CONTROL,AC-ISSUE-0432-01/AC-ISSUE-0432-02/AC-ISSUE-0432-03/AC-ISSUE-0432-04,PASS,PASS,PASS,PASS,HIGH
STORY-0323,ISSUE-0433,TASK-0323,EPIC-053,SPRINT-006,GEO,BC-005,Descoberta e Aquisição de Referências,Story,planned,Arquiteto,"Definir contrato científico e invariantes: grafo de referências verificadas, componentes desconectados, invalidação e retry por componente",STORY-0128/STORY-0135/STORY-0142/STORY-0322,,STORY-0323-ISSUE-0433-definir-contrato-cientifico-e-invariantes-grafo-de-referencias-verificadas.md,ADR-003/ADR-004/ADR-005/ADR-006/ADR-007/ADR-008/ADR-010/ADR-011/ADR-041/ADR-042/ADR-043,DERIVED_CONTROL,AC-ISSUE-0433-01/AC-ISSUE-0433-02/AC-ISSUE-0433-03/AC-ISSUE-0433-04,PASS,PASS,PASS,PASS,HIGH
STORY-0324,ISSUE-0434,TASK-0324,EPIC-053,SPRINT-006,GEO,BC-005,Descoberta e Aquisição de Referências,Story,planned,Geoprocessamento,"Preparar corpus, fixtures e representação tipada: grafo de referências verificadas, componentes desconectados, invalidação e retry por componente",STORY-0323,REQ-REF-001,STORY-0324-ISSUE-0434-preparar-corpus-fixtures-e-representacao-tipada-grafo-de-referencias-verif.md,ADR-003/ADR-004/ADR-005/ADR-006/ADR-007/ADR-008/ADR-040/ADR-041/ADR-042/ADR-043,MIXED,AC-ISSUE-0434-01/AC-ISSUE-0434-02/AC-ISSUE-0434-03/AC-ISSUE-0434-04,PASS,PASS,PASS,PASS,HIGH
STORY-0325,ISSUE-0435,TASK-0325,EPIC-053,SPRINT-006,GEO,BC-005,Descoberta e Aquisição de Referências,Story,planned,Geoprocessamento,"Implementar o núcleo algorítmico: grafo de referências verificadas, componentes desconectados, invalidação e retry por componente",STORY-0323,,STORY-0325-ISSUE-0435-implementar-o-nucleo-algoritmico-grafo-de-referencias-verificadas-componen.md,ADR-003/ADR-004/ADR-005/ADR-006/ADR-007/ADR-008/ADR-041/ADR-042/ADR-043,DERIVED_CONTROL,AC-ISSUE-0435-01/AC-ISSUE-0435-02/AC-ISSUE-0435-03/AC-ISSUE-0435-04,PASS,PASS,PASS,PASS,HIGH
STORY-0326,ISSUE-0436,TASK-0326,EPIC-053,SPRINT-006,GEO,BC-005,Descoberta e Aquisição de Referências,Story,planned,Geoprocessamento,"Integrar ao ProcessingPlan e pipeline: grafo de referências verificadas, componentes desconectados, invalidação e retry por componente",STORY-0323,,STORY-0326-ISSUE-0436-integrar-ao-processingplan-e-pipeline-grafo-de-referencias-verificadas-com.md,ADR-003/ADR-004/ADR-005/ADR-006/ADR-007/ADR-008/ADR-041/ADR-042/ADR-043,DERIVED_CONTROL,AC-ISSUE-0436-01/AC-ISSUE-0436-02/AC-ISSUE-0436-03/AC-ISSUE-0436-04,PASS,PASS,PASS,PASS,HIGH
STORY-0327,ISSUE-0437,TASK-0327,EPIC-053,SPRINT-006,GEO,BC-005,Descoberta e Aquisição de Referências,Story,planned,Geoprocessamento,"Produzir métricas, diagnóstico e lineage: grafo de referências verificadas, componentes desconectados, invalidação e retry por componente",STORY-0323,,STORY-0327-ISSUE-0437-produzir-metricas-diagnostico-e-lineage-grafo-de-referencias-verificadas-c.md,ADR-003/ADR-004/ADR-005/ADR-006/ADR-007/ADR-008/ADR-041/ADR-042/ADR-043,DERIVED_CONTROL,AC-ISSUE-0437-01/AC-ISSUE-0437-02/AC-ISSUE-0437-03/AC-ISSUE-0437-04,PASS,PASS,PASS,PASS,HIGH
STORY-0328,ISSUE-0438,TASK-0328,EPIC-053,SPRINT-006,GEO,BC-005,Descoberta e Aquisição de Referências,Story,planned,QA,"Executar benchmark, negativos e regressão científica: grafo de referências verificadas, componentes desconectados, invalidação e retry por componente",STORY-0324/STORY-0325/STORY-0326/STORY-0327,,STORY-0328-ISSUE-0438-executar-benchmark-negativos-e-regressao-cientifica-grafo-de-referencias-v.md,ADR-003/ADR-004/ADR-005/ADR-006/ADR-007/ADR-008/ADR-041/ADR-042/ADR-043,DERIVED_CONTROL,AC-ISSUE-0438-01/AC-ISSUE-0438-02/AC-ISSUE-0438-03/AC-ISSUE-0438-04,PASS,PASS,PASS,PASS,HIGH
STORY-0329,ISSUE-0439,TASK-0329,EPIC-053,SPRINT-006,GEO,BC-005,Descoberta e Aquisição de Referências,Story,planned,Reviewer,"Auditar evidência científica e final: grafo de referências verificadas, componentes desconectados, invalidação e retry por componente",STORY-0328,,STORY-0329-ISSUE-0439-auditar-evidencia-cientifica-e-final-grafo-de-referencias-verificadas-comp.md,ADR-003/ADR-004/ADR-005/ADR-006/ADR-007/ADR-008/ADR-041/ADR-042/ADR-043,DERIVED_CONTROL,AC-ISSUE-0439-01/AC-ISSUE-0439-02/AC-ISSUE-0439-03/AC-ISSUE-0439-04,PASS,PASS,PASS,PASS,HIGH
STORY-0330,ISSUE-0440,TASK-0330,EPIC-054,SPRINT-006,GEO,BC-005,Descoberta e Aquisição de Referências,Story,planned,Arquiteto,"Definir contrato científico e invariantes: componentes provisórios multimodais, scores versionados, preview e correção sem equivalência com prova geométrica",STORY-0121/STORY-0061/STORY-0329,REQ-DIS-001,STORY-0330-ISSUE-0440-definir-contrato-cientifico-e-invariantes-componentes-provisorios-multimod.md,ADR-003/ADR-004/ADR-005/ADR-006/ADR-007/ADR-008/ADR-010/ADR-011/ADR-041/ADR-042/ADR-043/ADR-047,MIXED,AC-ISSUE-0440-01/AC-ISSUE-0440-02/AC-ISSUE-0440-03/AC-ISSUE-0440-04,PASS,PASS,PASS,PASS,HIGH
STORY-0331,ISSUE-0441,TASK-0331,EPIC-054,SPRINT-006,GEO,BC-005,Descoberta e Aquisição de Referências,Story,planned,Geoprocessamento,"Preparar corpus, fixtures e representação tipada: componentes provisórios multimodais, scores versionados, preview e correção sem equivalência com prova geométrica",STORY-0330,,STORY-0331-ISSUE-0441-preparar-corpus-fixtures-e-representacao-tipada-componentes-provisorios-mu.md,ADR-003/ADR-004/ADR-005/ADR-006/ADR-007/ADR-008/ADR-041/ADR-042/ADR-043/ADR-047,DERIVED_CONTROL,AC-ISSUE-0441-01/AC-ISSUE-0441-02/AC-ISSUE-0441-03/AC-ISSUE-0441-04,PASS,PASS,PASS,PASS,HIGH
STORY-0332,ISSUE-0442,TASK-0332,EPIC-054,SPRINT-006,GEO,BC-005,Descoberta e Aquisição de Referências,Story,planned,Geoprocessamento,"Implementar o núcleo algorítmico: componentes provisórios multimodais, scores versionados, preview e correção sem equivalência com prova geométrica",STORY-0330,,STORY-0332-ISSUE-0442-implementar-o-nucleo-algoritmico-componentes-provisorios-multimodais-score.md,ADR-003/ADR-004/ADR-005/ADR-006/ADR-007/ADR-008/ADR-041/ADR-042/ADR-043/ADR-047,DERIVED_CONTROL,AC-ISSUE-0442-01/AC-ISSUE-0442-02/AC-ISSUE-0442-03/AC-ISSUE-0442-04,PASS,PASS,PASS,PASS,HIGH
STORY-0333,ISSUE-0443,TASK-0333,EPIC-054,SPRINT-006,GEO,BC-005,Descoberta e Aquisição de Referências,Story,planned,Geoprocessamento,"Integrar ao ProcessingPlan e pipeline: componentes provisórios multimodais, scores versionados, preview e correção sem equivalência com prova geométrica",STORY-0330,,STORY-0333-ISSUE-0443-integrar-ao-processingplan-e-pipeline-componentes-provisorios-multimodais.md,ADR-003/ADR-004/ADR-005/ADR-006/ADR-007/ADR-008/ADR-041/ADR-042/ADR-043/ADR-047,DERIVED_CONTROL,AC-ISSUE-0443-01/AC-ISSUE-0443-02/AC-ISSUE-0443-03/AC-ISSUE-0443-04,PASS,PASS,PASS,PASS,HIGH
STORY-0334,ISSUE-0444,TASK-0334,EPIC-054,SPRINT-006,GEO,BC-005,Descoberta e Aquisição de Referências,Story,planned,Geoprocessamento,"Produzir métricas, diagnóstico e lineage: componentes provisórios multimodais, scores versionados, preview e correção sem equivalência com prova geométrica",STORY-0330,,STORY-0334-ISSUE-0444-produzir-metricas-diagnostico-e-lineage-componentes-provisorios-multimodai.md,ADR-003/ADR-004/ADR-005/ADR-006/ADR-007/ADR-008/ADR-041/ADR-042/ADR-043/ADR-047,DERIVED_CONTROL,AC-ISSUE-0444-01/AC-ISSUE-0444-02/AC-ISSUE-0444-03/AC-ISSUE-0444-04,PASS,PASS,PASS,PASS,HIGH
STORY-0335,ISSUE-0445,TASK-0335,EPIC-054,SPRINT-006,GEO,BC-005,Descoberta e Aquisição de Referências,Story,planned,QA,"Executar benchmark, negativos e regressão científica: componentes provisórios multimodais, scores versionados, preview e correção sem equivalência com prova geométrica",STORY-0331/STORY-0332/STORY-0333/STORY-0334,,STORY-0335-ISSUE-0445-executar-benchmark-negativos-e-regressao-cientifica-componentes-provisorio.md,ADR-003/ADR-004/ADR-005/ADR-006/ADR-007/ADR-008/ADR-041/ADR-042/ADR-043/ADR-047,DERIVED_CONTROL,AC-ISSUE-0445-01/AC-ISSUE-0445-02/AC-ISSUE-0445-03/AC-ISSUE-0445-04,PASS,PASS,PASS,PASS,HIGH
STORY-0336,ISSUE-0446,TASK-0336,EPIC-054,SPRINT-006,GEO,BC-005,Descoberta e Aquisição de Referências,Story,planned,Reviewer,"Auditar evidência científica e final: componentes provisórios multimodais, scores versionados, preview e correção sem equivalência com prova geométrica",STORY-0335,,STORY-0336-ISSUE-0446-auditar-evidencia-cientifica-e-final-componentes-provisorios-multimodais-s.md,ADR-003/ADR-004/ADR-005/ADR-006/ADR-007/ADR-008/ADR-041/ADR-042/ADR-043/ADR-047,DERIVED_CONTROL,AC-ISSUE-0446-01/AC-ISSUE-0446-02/AC-ISSUE-0446-03/AC-ISSUE-0446-04,PASS,PASS,PASS,PASS,HIGH
STORY-0337,ISSUE-0447,TASK-0337,EPIC-055,SPRINT-006,GEO,BC-005,Descoberta e Aquisição de Referências,Story,planned,Arquiteto,"Definir contrato científico e invariantes: recuperação progressiva de vizinhos com candidate budget, telemetria de recall e retry ampliado explícito",STORY-0288/STORY-0308/STORY-0336/STORY-0109,,STORY-0337-ISSUE-0447-definir-contrato-cientifico-e-invariantes-recuperacao-progressiva-de-vizin.md,ADR-003/ADR-004/ADR-005/ADR-006/ADR-007/ADR-008/ADR-010/ADR-011/ADR-041/ADR-042/ADR-043/ADR-047,DERIVED_CONTROL,AC-ISSUE-0447-01/AC-ISSUE-0447-02/AC-ISSUE-0447-03/AC-ISSUE-0447-04,PASS,PASS,PASS,PASS,HIGH
STORY-0338,ISSUE-0448,TASK-0338,EPIC-055,SPRINT-006,GEO,BC-005,Descoberta e Aquisição de Referências,Story,planned,Geoprocessamento,"Preparar corpus, fixtures e representação tipada: recuperação progressiva de vizinhos com candidate budget, telemetria de recall e retry ampliado explícito",STORY-0337,REQ-DIS-002/REQ-MOS-002,STORY-0338-ISSUE-0448-preparar-corpus-fixtures-e-representacao-tipada-recuperacao-progressiva-de.md,ADR-003/ADR-004/ADR-005/ADR-006/ADR-007/ADR-008/ADR-040/ADR-041/ADR-042/ADR-043/ADR-047,MIXED,AC-ISSUE-0448-01/AC-ISSUE-0448-02/AC-ISSUE-0448-03/AC-ISSUE-0448-04,PASS,PASS,PASS,PASS,HIGH
STORY-0339,ISSUE-0449,TASK-0339,EPIC-055,SPRINT-006,GEO,BC-005,Descoberta e Aquisição de Referências,Story,planned,Geoprocessamento,"Implementar o núcleo algorítmico: recuperação progressiva de vizinhos com candidate budget, telemetria de recall e retry ampliado explícito",STORY-0337,,STORY-0339-ISSUE-0449-implementar-o-nucleo-algoritmico-recuperacao-progressiva-de-vizinhos-com-c.md,ADR-003/ADR-004/ADR-005/ADR-006/ADR-007/ADR-008/ADR-041/ADR-042/ADR-043/ADR-047,DERIVED_CONTROL,AC-ISSUE-0449-01/AC-ISSUE-0449-02/AC-ISSUE-0449-03/AC-ISSUE-0449-04,PASS,PASS,PASS,PASS,HIGH
STORY-0340,ISSUE-0450,TASK-0340,EPIC-055,SPRINT-006,GEO,BC-005,Descoberta e Aquisição de Referências,Story,planned,Geoprocessamento,"Integrar ao ProcessingPlan e pipeline: recuperação progressiva de vizinhos com candidate budget, telemetria de recall e retry ampliado explícito",STORY-0337,,STORY-0340-ISSUE-0450-integrar-ao-processingplan-e-pipeline-recuperacao-progressiva-de-vizinhos.md,ADR-003/ADR-004/ADR-005/ADR-006/ADR-007/ADR-008/ADR-041/ADR-042/ADR-043/ADR-047,DERIVED_CONTROL,AC-ISSUE-0450-01/AC-ISSUE-0450-02/AC-ISSUE-0450-03/AC-ISSUE-0450-04,PASS,PASS,PASS,PASS,HIGH
STORY-0341,ISSUE-0451,TASK-0341,EPIC-055,SPRINT-006,GEO,BC-005,Descoberta e Aquisição de Referências,Story,planned,Geoprocessamento,"Produzir métricas, diagnóstico e lineage: recuperação progressiva de vizinhos com candidate budget, telemetria de recall e retry ampliado explícito",STORY-0337,,STORY-0341-ISSUE-0451-produzir-metricas-diagnostico-e-lineage-recuperacao-progressiva-de-vizinho.md,ADR-003/ADR-004/ADR-005/ADR-006/ADR-007/ADR-008/ADR-041/ADR-042/ADR-043/ADR-047,DERIVED_CONTROL,AC-ISSUE-0451-01/AC-ISSUE-0451-02/AC-ISSUE-0451-03/AC-ISSUE-0451-04,PASS,PASS,PASS,PASS,HIGH
STORY-0342,ISSUE-0452,TASK-0342,EPIC-055,SPRINT-006,GEO,BC-005,Descoberta e Aquisição de Referências,Story,planned,QA,"Executar benchmark, negativos e regressão científica: recuperação progressiva de vizinhos com candidate budget, telemetria de recall e retry ampliado explícito",STORY-0338/STORY-0339/STORY-0340/STORY-0341,,STORY-0342-ISSUE-0452-executar-benchmark-negativos-e-regressao-cientifica-recuperacao-progressiv.md,ADR-003/ADR-004/ADR-005/ADR-006/ADR-007/ADR-008/ADR-041/ADR-042/ADR-043/ADR-047,DERIVED_CONTROL,AC-ISSUE-0452-01/AC-ISSUE-0452-02/AC-ISSUE-0452-03/AC-ISSUE-0452-04,PASS,PASS,PASS,PASS,HIGH
STORY-0343,ISSUE-0453,TASK-0343,EPIC-055,SPRINT-006,GEO,BC-005,Descoberta e Aquisição de Referências,Story,planned,Reviewer,"Auditar evidência científica e final: recuperação progressiva de vizinhos com candidate budget, telemetria de recall e retry ampliado explícito",STORY-0342,,STORY-0343-ISSUE-0453-auditar-evidencia-cientifica-e-final-recuperacao-progressiva-de-vizinhos-c.md,ADR-003/ADR-004/ADR-005/ADR-006/ADR-007/ADR-008/ADR-041/ADR-042/ADR-043/ADR-047,DERIVED_CONTROL,AC-ISSUE-0453-01/AC-ISSUE-0453-02/AC-ISSUE-0453-03/AC-ISSUE-0453-04,PASS,PASS,PASS,PASS,HIGH
STORY-0344,ISSUE-0454,TASK-0344,EPIC-056,SPRINT-006,GEO,BC-005,Descoberta e Aquisição de Referências,Story,planned,Arquiteto,"Definir contrato científico e invariantes: máquina de estados de arestas, evidência direta, lineage e SGV independente da imagem dependente",STORY-0135/STORY-0142/STORY-0322/STORY-0329,,STORY-0344-ISSUE-0454-definir-contrato-cientifico-e-invariantes-maquina-de-estados-de-arestas-ev.md,ADR-003/ADR-004/ADR-005/ADR-006/ADR-007/ADR-008/ADR-010/ADR-011/ADR-041/ADR-042/ADR-043/ADR-050,DERIVED_CONTROL,AC-ISSUE-0454-01/AC-ISSUE-0454-02/AC-ISSUE-0454-03/AC-ISSUE-0454-04,PASS,PASS,PASS,PASS,HIGH
STORY-0345,ISSUE-0455,TASK-0345,EPIC-056,SPRINT-006,GEO,BC-005,Descoberta e Aquisição de Referências,Story,planned,Geoprocessamento,"Preparar corpus, fixtures e representação tipada: máquina de estados de arestas, evidência direta, lineage e SGV independente da imagem dependente",STORY-0344,REQ-RMV-003,STORY-0345-ISSUE-0455-preparar-corpus-fixtures-e-representacao-tipada-maquina-de-estados-de-ares.md,ADR-003/ADR-004/ADR-005/ADR-006/ADR-007/ADR-008/ADR-010/ADR-011/ADR-041/ADR-042/ADR-043/ADR-050,MIXED,AC-ISSUE-0455-01/AC-ISSUE-0455-02/AC-ISSUE-0455-03/AC-ISSUE-0455-04,PASS,PASS,PASS,PASS,HIGH
STORY-0346,ISSUE-0456,TASK-0346,EPIC-056,SPRINT-006,GEO,BC-005,Descoberta e Aquisição de Referências,Story,planned,Geoprocessamento,"Implementar o núcleo algorítmico: máquina de estados de arestas, evidência direta, lineage e SGV independente da imagem dependente",STORY-0344,,STORY-0346-ISSUE-0456-implementar-o-nucleo-algoritmico-maquina-de-estados-de-arestas-evidencia-d.md,ADR-003/ADR-004/ADR-005/ADR-006/ADR-007/ADR-008/ADR-010/ADR-011/ADR-041/ADR-042/ADR-043/ADR-050,DERIVED_CONTROL,AC-ISSUE-0456-01/AC-ISSUE-0456-02/AC-ISSUE-0456-03/AC-ISSUE-0456-04,PASS,PASS,PASS,PASS,HIGH
STORY-0347,ISSUE-0457,TASK-0347,EPIC-056,SPRINT-006,GEO,BC-005,Descoberta e Aquisição de Referências,Story,planned,Geoprocessamento,"Integrar ao ProcessingPlan e pipeline: máquina de estados de arestas, evidência direta, lineage e SGV independente da imagem dependente",STORY-0344,,STORY-0347-ISSUE-0457-integrar-ao-processingplan-e-pipeline-maquina-de-estados-de-arestas-eviden.md,ADR-003/ADR-004/ADR-005/ADR-006/ADR-007/ADR-008/ADR-010/ADR-011/ADR-041/ADR-042/ADR-043/ADR-050,DERIVED_CONTROL,AC-ISSUE-0457-01/AC-ISSUE-0457-02/AC-ISSUE-0457-03/AC-ISSUE-0457-04,PASS,PASS,PASS,PASS,HIGH
STORY-0348,ISSUE-0458,TASK-0348,EPIC-056,SPRINT-006,GEO,BC-005,Descoberta e Aquisição de Referências,Story,planned,Geoprocessamento,"Produzir métricas, diagnóstico e lineage: máquina de estados de arestas, evidência direta, lineage e SGV independente da imagem dependente",STORY-0344,,STORY-0348-ISSUE-0458-produzir-metricas-diagnostico-e-lineage-maquina-de-estados-de-arestas-evid.md,ADR-003/ADR-004/ADR-005/ADR-006/ADR-007/ADR-008/ADR-010/ADR-011/ADR-041/ADR-042/ADR-043/ADR-050,DERIVED_CONTROL,AC-ISSUE-0458-01/AC-ISSUE-0458-02/AC-ISSUE-0458-03/AC-ISSUE-0458-04,PASS,PASS,PASS,PASS,HIGH
STORY-0349,ISSUE-0459,TASK-0349,EPIC-056,SPRINT-006,GEO,BC-005,Descoberta e Aquisição de Referências,Story,planned,QA,"Executar benchmark, negativos e regressão científica: máquina de estados de arestas, evidência direta, lineage e SGV independente da imagem dependente",STORY-0345/STORY-0346/STORY-0347/STORY-0348,REQ-REF-002,STORY-0349-ISSUE-0459-executar-benchmark-negativos-e-regressao-cientifica-maquina-de-estados-de.md,ADR-003/ADR-004/ADR-005/ADR-006/ADR-007/ADR-008/ADR-010/ADR-011/ADR-040/ADR-041/ADR-042/ADR-043/ADR-050,MIXED,AC-ISSUE-0459-01/AC-ISSUE-0459-02/AC-ISSUE-0459-03/AC-ISSUE-0459-04,PASS,PASS,PASS,PASS,HIGH
STORY-0350,ISSUE-0460,TASK-0350,EPIC-056,SPRINT-006,GEO,BC-005,Descoberta e Aquisição de Referências,Story,planned,Reviewer,"Auditar evidência científica e final: máquina de estados de arestas, evidência direta, lineage e SGV independente da imagem dependente",STORY-0349,,STORY-0350-ISSUE-0460-auditar-evidencia-cientifica-e-final-maquina-de-estados-de-arestas-evidenc.md,ADR-003/ADR-004/ADR-005/ADR-006/ADR-007/ADR-008/ADR-010/ADR-011/ADR-041/ADR-042/ADR-043/ADR-050,DERIVED_CONTROL,AC-ISSUE-0460-01/AC-ISSUE-0460-02/AC-ISSUE-0460-03/AC-ISSUE-0460-04,PASS,PASS,PASS,PASS,HIGH
STORY-0351,ISSUE-0461,TASK-0351,EPIC-057,SPRINT-006,GEO,BC-012,"Resultados, Diagnósticos e Exportação",Story,planned,Arquiteto,"Definir contrato científico e invariantes: resultados por componente, sucesso parcial explícito, retry por subconjunto e UX de componentes não resolvidos",STORY-0329/STORY-0350/STORY-0184,,STORY-0351-ISSUE-0461-definir-contrato-cientifico-e-invariantes-resultados-por-componente-sucess.md,ADR-003/ADR-004/ADR-005/ADR-006/ADR-007/ADR-008/ADR-010/ADR-011,DERIVED_CONTROL,AC-ISSUE-0461-01/AC-ISSUE-0461-02/AC-ISSUE-0461-03/AC-ISSUE-0461-04,PASS,PASS,PASS,PASS,HIGH
STORY-0352,ISSUE-0462,TASK-0352,EPIC-057,SPRINT-006,GEO,BC-012,"Resultados, Diagnósticos e Exportação",Story,planned,Geoprocessamento,"Preparar corpus, fixtures e representação tipada: resultados por componente, sucesso parcial explícito, retry por subconjunto e UX de componentes não resolvidos",STORY-0351,REQ-BAT-001,STORY-0352-ISSUE-0462-preparar-corpus-fixtures-e-representacao-tipada-resultados-por-componente.md,ADR-003/ADR-004/ADR-005/ADR-006/ADR-007/ADR-008/ADR-010/ADR-011/ADR-039/ADR-041/ADR-042/ADR-043,MIXED,AC-ISSUE-0462-01/AC-ISSUE-0462-02/AC-ISSUE-0462-03/AC-ISSUE-0462-04,PASS,PASS,PASS,PASS,HIGH
STORY-0353,ISSUE-0463,TASK-0353,EPIC-057,SPRINT-006,GEO,BC-012,"Resultados, Diagnósticos e Exportação",Story,planned,Geoprocessamento,"Implementar o núcleo algorítmico: resultados por componente, sucesso parcial explícito, retry por subconjunto e UX de componentes não resolvidos",STORY-0351,,STORY-0353-ISSUE-0463-implementar-o-nucleo-algoritmico-resultados-por-componente-sucesso-parcial.md,ADR-003/ADR-004/ADR-005/ADR-006/ADR-007/ADR-008/ADR-010/ADR-011/ADR-041/ADR-042/ADR-043,DERIVED_CONTROL,AC-ISSUE-0463-01/AC-ISSUE-0463-02/AC-ISSUE-0463-03/AC-ISSUE-0463-04,PASS,PASS,PASS,PASS,HIGH
STORY-0354,ISSUE-0464,TASK-0354,EPIC-057,SPRINT-006,GEO,BC-012,"Resultados, Diagnósticos e Exportação",Story,planned,Geoprocessamento,"Integrar ao ProcessingPlan e pipeline: resultados por componente, sucesso parcial explícito, retry por subconjunto e UX de componentes não resolvidos",STORY-0351,,STORY-0354-ISSUE-0464-integrar-ao-processingplan-e-pipeline-resultados-por-componente-sucesso-pa.md,ADR-003/ADR-004/ADR-005/ADR-006/ADR-007/ADR-008/ADR-010/ADR-011/ADR-041/ADR-042/ADR-043,DERIVED_CONTROL,AC-ISSUE-0464-01/AC-ISSUE-0464-02/AC-ISSUE-0464-03/AC-ISSUE-0464-04,PASS,PASS,PASS,PASS,HIGH
STORY-0355,ISSUE-0465,TASK-0355,EPIC-057,SPRINT-006,GEO,BC-012,"Resultados, Diagnósticos e Exportação",Story,planned,Geoprocessamento,"Produzir métricas, diagnóstico e lineage: resultados por componente, sucesso parcial explícito, retry por subconjunto e UX de componentes não resolvidos",STORY-0351,,STORY-0355-ISSUE-0465-produzir-metricas-diagnostico-e-lineage-resultados-por-componente-sucesso.md,ADR-003/ADR-004/ADR-005/ADR-006/ADR-007/ADR-008/ADR-010/ADR-011/ADR-041/ADR-042/ADR-043,DERIVED_CONTROL,AC-ISSUE-0465-01/AC-ISSUE-0465-02/AC-ISSUE-0465-03/AC-ISSUE-0465-04,PASS,PASS,PASS,PASS,HIGH
STORY-0356,ISSUE-0466,TASK-0356,EPIC-057,SPRINT-006,GEO,BC-012,"Resultados, Diagnósticos e Exportação",Story,planned,QA,"Executar benchmark, negativos e regressão científica: resultados por componente, sucesso parcial explícito, retry por subconjunto e UX de componentes não resolvidos",STORY-0352/STORY-0353/STORY-0354/STORY-0355,,STORY-0356-ISSUE-0466-executar-benchmark-negativos-e-regressao-cientifica-resultados-por-compone.md,ADR-003/ADR-004/ADR-005/ADR-006/ADR-007/ADR-008/ADR-010/ADR-011/ADR-041/ADR-042/ADR-043,DERIVED_CONTROL,AC-ISSUE-0466-01/AC-ISSUE-0466-02/AC-ISSUE-0466-03/AC-ISSUE-0466-04,PASS,PASS,PASS,PASS,HIGH
STORY-0357,ISSUE-0467,TASK-0357,EPIC-057,SPRINT-006,GEO,BC-012,"Resultados, Diagnósticos e Exportação",Story,planned,Reviewer,"Auditar evidência científica e final: resultados por componente, sucesso parcial explícito, retry por subconjunto e UX de componentes não resolvidos",STORY-0356,,STORY-0357-ISSUE-0467-auditar-evidencia-cientifica-e-final-resultados-por-componente-sucesso-par.md,ADR-003/ADR-004/ADR-005/ADR-006/ADR-007/ADR-008/ADR-010/ADR-011,DERIVED_CONTROL,AC-ISSUE-0467-01/AC-ISSUE-0467-02/AC-ISSUE-0467-03/AC-ISSUE-0467-04,PASS,PASS,PASS,PASS,HIGH
STORY-0358,ISSUE-0468,TASK-0358,EPIC-058,SPRINT-006,GEO,BC-005,Descoberta e Aquisição de Referências,Story,planned,Arquiteto,"Definir contrato científico e invariantes: gateway por capacidades, adapters STAC/API oficial, testes de contrato, allowlist, SSRF/egress e estados de licença/disponibilidade",STORY-0163/STORY-0020/STORY-0249,REQ-CRS-005/REQ-CRS-007/REQ-PUB-003/REQ-SRC-003,STORY-0358-ISSUE-0468-definir-contrato-cientifico-e-invariantes-gateway-por-capacidades-adapters.md,ADR-003/ADR-004/ADR-005/ADR-006/ADR-007/ADR-008/ADR-010/ADR-011/ADR-012/ADR-034/ADR-041/ADR-042/ADR-043/ADR-047/ADR-049,MIXED,AC-ISSUE-0468-01/AC-ISSUE-0468-02/AC-ISSUE-0468-03/AC-ISSUE-0468-04,PASS,PASS,PASS,PASS,HIGH
STORY-0359,ISSUE-0469,TASK-0359,EPIC-058,SPRINT-006,GEO,BC-005,Descoberta e Aquisição de Referências,Story,planned,Geoprocessamento,"Preparar corpus, fixtures e representação tipada: gateway por capacidades, adapters STAC/API oficial, testes de contrato, allowlist, SSRF/egress e estados de licença/disponibilidade",STORY-0358,REQ-OFF-001,STORY-0359-ISSUE-0469-preparar-corpus-fixtures-e-representacao-tipada-gateway-por-capacidades-ad.md,ADR-003/ADR-004/ADR-005/ADR-006/ADR-007/ADR-008/ADR-010/ADR-011/ADR-012/ADR-041/ADR-042/ADR-043/ADR-047/ADR-049/ADR-052,MIXED,AC-ISSUE-0469-01/AC-ISSUE-0469-02/AC-ISSUE-0469-03/AC-ISSUE-0469-04,PASS,PASS,PASS,PASS,CRITICAL
STORY-0360,ISSUE-0470,TASK-0360,EPIC-058,SPRINT-006,GEO,BC-005,Descoberta e Aquisição de Referências,Story,planned,Geoprocessamento,"Implementar o núcleo algorítmico: gateway por capacidades, adapters STAC/API oficial, testes de contrato, allowlist, SSRF/egress e estados de licença/disponibilidade",STORY-0358,REQ-ANC-001,STORY-0360-ISSUE-0470-implementar-o-nucleo-algoritmico-gateway-por-capacidades-adapters-stac-api.md,ADR-003/ADR-004/ADR-005/ADR-006/ADR-007/ADR-008/ADR-010/ADR-011/ADR-012/ADR-041/ADR-042/ADR-043/ADR-047/ADR-049,MIXED,AC-ISSUE-0470-01/AC-ISSUE-0470-02/AC-ISSUE-0470-03/AC-ISSUE-0470-04,PASS,PASS,PASS,PASS,HIGH
STORY-0361,ISSUE-0471,TASK-0361,EPIC-058,SPRINT-006,GEO,BC-005,Descoberta e Aquisição de Referências,Story,planned,Geoprocessamento,"Integrar ao ProcessingPlan e pipeline: gateway por capacidades, adapters STAC/API oficial, testes de contrato, allowlist, SSRF/egress e estados de licença/disponibilidade",STORY-0358,,STORY-0361-ISSUE-0471-integrar-ao-processingplan-e-pipeline-gateway-por-capacidades-adapters-sta.md,ADR-003/ADR-004/ADR-005/ADR-006/ADR-007/ADR-008/ADR-010/ADR-011/ADR-012/ADR-041/ADR-042/ADR-043/ADR-047/ADR-049,DERIVED_CONTROL,AC-ISSUE-0471-01/AC-ISSUE-0471-02/AC-ISSUE-0471-03/AC-ISSUE-0471-04,PASS,PASS,PASS,PASS,HIGH
STORY-0362,ISSUE-0472,TASK-0362,EPIC-058,SPRINT-006,GEO,BC-005,Descoberta e Aquisição de Referências,Story,planned,Geoprocessamento,"Produzir métricas, diagnóstico e lineage: gateway por capacidades, adapters STAC/API oficial, testes de contrato, allowlist, SSRF/egress e estados de licença/disponibilidade",STORY-0358,,STORY-0362-ISSUE-0472-produzir-metricas-diagnostico-e-lineage-gateway-por-capacidades-adapters-s.md,ADR-003/ADR-004/ADR-005/ADR-006/ADR-007/ADR-008/ADR-010/ADR-011/ADR-012/ADR-041/ADR-042/ADR-043/ADR-047/ADR-049,DERIVED_CONTROL,AC-ISSUE-0472-01/AC-ISSUE-0472-02/AC-ISSUE-0472-03/AC-ISSUE-0472-04,PASS,PASS,PASS,PASS,HIGH
STORY-0363,ISSUE-0473,TASK-0363,EPIC-058,SPRINT-006,GEO,BC-005,Descoberta e Aquisição de Referências,Story,planned,QA,"Executar benchmark, negativos e regressão científica: gateway por capacidades, adapters STAC/API oficial, testes de contrato, allowlist, SSRF/egress e estados de licença/disponibilidade",STORY-0359/STORY-0360/STORY-0361/STORY-0362,,STORY-0363-ISSUE-0473-executar-benchmark-negativos-e-regressao-cientifica-gateway-por-capacidade.md,ADR-003/ADR-004/ADR-005/ADR-006/ADR-007/ADR-008/ADR-010/ADR-011/ADR-012/ADR-041/ADR-042/ADR-043/ADR-047/ADR-049,DERIVED_CONTROL,AC-ISSUE-0473-01/AC-ISSUE-0473-02/AC-ISSUE-0473-03/AC-ISSUE-0473-04,PASS,PASS,PASS,PASS,HIGH
STORY-0364,ISSUE-0474,TASK-0364,EPIC-058,SPRINT-006,GEO,BC-005,Descoberta e Aquisição de Referências,Story,planned,Reviewer,"Auditar evidência científica e final: gateway por capacidades, adapters STAC/API oficial, testes de contrato, allowlist, SSRF/egress e estados de licença/disponibilidade",STORY-0363,,STORY-0364-ISSUE-0474-auditar-evidencia-cientifica-e-final-gateway-por-capacidades-adapters-stac.md,ADR-003/ADR-004/ADR-005/ADR-006/ADR-007/ADR-008/ADR-010/ADR-011/ADR-012/ADR-041/ADR-042/ADR-043/ADR-047/ADR-049,DERIVED_CONTROL,AC-ISSUE-0474-01/AC-ISSUE-0474-02/AC-ISSUE-0474-03/AC-ISSUE-0474-04,PASS,PASS,PASS,PASS,HIGH
STORY-0365,ISSUE-0475,TASK-0365,EPIC-059,SPRINT-006,GEO,BC-005,Descoberta e Aquisição de Referências,Story,planned,Arquiteto,"Definir contrato científico e invariantes: busca espaciotemporal guiada, ranking explicável, incerteza e expansão limitada por orçamento",STORY-0364/STORY-0128,,STORY-0365-ISSUE-0475-definir-contrato-cientifico-e-invariantes-busca-espaciotemporal-guiada-ran.md,ADR-003/ADR-004/ADR-005/ADR-006/ADR-007/ADR-008/ADR-010/ADR-011/ADR-041/ADR-042/ADR-043/ADR-047,DERIVED_CONTROL,AC-ISSUE-0475-01/AC-ISSUE-0475-02/AC-ISSUE-0475-03/AC-ISSUE-0475-04,PASS,PASS,PASS,PASS,HIGH
STORY-0366,ISSUE-0476,TASK-0366,EPIC-059,SPRINT-006,GEO,BC-005,Descoberta e Aquisição de Referências,Story,planned,Geoprocessamento,"Preparar corpus, fixtures e representação tipada: busca espaciotemporal guiada, ranking explicável, incerteza e expansão limitada por orçamento",STORY-0365,REQ-SRC-004,STORY-0366-ISSUE-0476-preparar-corpus-fixtures-e-representacao-tipada-busca-espaciotemporal-guia.md,ADR-003/ADR-004/ADR-005/ADR-006/ADR-007/ADR-008/ADR-041/ADR-042/ADR-043/ADR-047,MIXED,AC-ISSUE-0476-01/AC-ISSUE-0476-02/AC-ISSUE-0476-03/AC-ISSUE-0476-04,PASS,PASS,PASS,PASS,HIGH
STORY-0367,ISSUE-0477,TASK-0367,EPIC-059,SPRINT-006,GEO,BC-005,Descoberta e Aquisição de Referências,Story,planned,Geoprocessamento,"Implementar o núcleo algorítmico: busca espaciotemporal guiada, ranking explicável, incerteza e expansão limitada por orçamento",STORY-0365,,STORY-0367-ISSUE-0477-implementar-o-nucleo-algoritmico-busca-espaciotemporal-guiada-ranking-expl.md,ADR-003/ADR-004/ADR-005/ADR-006/ADR-007/ADR-008/ADR-041/ADR-042/ADR-043/ADR-047,DERIVED_CONTROL,AC-ISSUE-0477-01/AC-ISSUE-0477-02/AC-ISSUE-0477-03/AC-ISSUE-0477-04,PASS,PASS,PASS,PASS,HIGH
STORY-0368,ISSUE-0478,TASK-0368,EPIC-059,SPRINT-006,GEO,BC-005,Descoberta e Aquisição de Referências,Story,planned,Geoprocessamento,"Integrar ao ProcessingPlan e pipeline: busca espaciotemporal guiada, ranking explicável, incerteza e expansão limitada por orçamento",STORY-0365,,STORY-0368-ISSUE-0478-integrar-ao-processingplan-e-pipeline-busca-espaciotemporal-guiada-ranking.md,ADR-003/ADR-004/ADR-005/ADR-006/ADR-007/ADR-008/ADR-041/ADR-042/ADR-043/ADR-047,DERIVED_CONTROL,AC-ISSUE-0478-01/AC-ISSUE-0478-02/AC-ISSUE-0478-03/AC-ISSUE-0478-04,PASS,PASS,PASS,PASS,HIGH
STORY-0369,ISSUE-0479,TASK-0369,EPIC-059,SPRINT-006,GEO,BC-005,Descoberta e Aquisição de Referências,Story,planned,Geoprocessamento,"Produzir métricas, diagnóstico e lineage: busca espaciotemporal guiada, ranking explicável, incerteza e expansão limitada por orçamento",STORY-0365,,STORY-0369-ISSUE-0479-produzir-metricas-diagnostico-e-lineage-busca-espaciotemporal-guiada-ranki.md,ADR-003/ADR-004/ADR-005/ADR-006/ADR-007/ADR-008/ADR-041/ADR-042/ADR-043/ADR-047,DERIVED_CONTROL,AC-ISSUE-0479-01/AC-ISSUE-0479-02/AC-ISSUE-0479-03/AC-ISSUE-0479-04,PASS,PASS,PASS,PASS,HIGH
STORY-0370,ISSUE-0480,TASK-0370,EPIC-059,SPRINT-006,GEO,BC-005,Descoberta e Aquisição de Referências,Story,planned,QA,"Executar benchmark, negativos e regressão científica: busca espaciotemporal guiada, ranking explicável, incerteza e expansão limitada por orçamento",STORY-0366/STORY-0367/STORY-0368/STORY-0369,,STORY-0370-ISSUE-0480-executar-benchmark-negativos-e-regressao-cientifica-busca-espaciotemporal.md,ADR-003/ADR-004/ADR-005/ADR-006/ADR-007/ADR-008/ADR-041/ADR-042/ADR-043/ADR-047,DERIVED_CONTROL,AC-ISSUE-0480-01/AC-ISSUE-0480-02/AC-ISSUE-0480-03/AC-ISSUE-0480-04,PASS,PASS,PASS,PASS,HIGH
STORY-0371,ISSUE-0481,TASK-0371,EPIC-059,SPRINT-006,GEO,BC-005,Descoberta e Aquisição de Referências,Story,planned,Reviewer,"Auditar evidência científica e final: busca espaciotemporal guiada, ranking explicável, incerteza e expansão limitada por orçamento",STORY-0370,,STORY-0371-ISSUE-0481-auditar-evidencia-cientifica-e-final-busca-espaciotemporal-guiada-ranking.md,ADR-003/ADR-004/ADR-005/ADR-006/ADR-007/ADR-008/ADR-041/ADR-042/ADR-043/ADR-047,DERIVED_CONTROL,AC-ISSUE-0481-01/AC-ISSUE-0481-02/AC-ISSUE-0481-03/AC-ISSUE-0481-04,PASS,PASS,PASS,PASS,HIGH
STORY-0372,ISSUE-0482,TASK-0372,EPIC-060,SPRINT-006,GEO,BC-005,Descoberta e Aquisição de Referências,Story,planned,Arquiteto,"Definir contrato científico e invariantes: policy de aquisição no ProcessingPlan, preview, consentimento e bloqueio fail-closed de ativos pagos/ambíguos",STORY-0364/STORY-0371/STORY-0177,REQ-PUB-003/REQ-SRC-005,STORY-0372-ISSUE-0482-definir-contrato-cientifico-e-invariantes-policy-de-aquisicao-no-processin.md,ADR-003/ADR-004/ADR-005/ADR-006/ADR-007/ADR-008/ADR-010/ADR-011/ADR-012/ADR-041/ADR-042/ADR-043/ADR-047,MIXED,AC-ISSUE-0482-01/AC-ISSUE-0482-02/AC-ISSUE-0482-03/AC-ISSUE-0482-04,PASS,PASS,PASS,PASS,HIGH
STORY-0373,ISSUE-0483,TASK-0373,EPIC-060,SPRINT-006,GEO,BC-005,Descoberta e Aquisição de Referências,Story,planned,Geoprocessamento,"Preparar corpus, fixtures e representação tipada: policy de aquisição no ProcessingPlan, preview, consentimento e bloqueio fail-closed de ativos pagos/ambíguos",STORY-0372,,STORY-0373-ISSUE-0483-preparar-corpus-fixtures-e-representacao-tipada-policy-de-aquisicao-no-pro.md,ADR-003/ADR-004/ADR-005/ADR-006/ADR-007/ADR-008/ADR-041/ADR-042/ADR-043/ADR-047,DERIVED_CONTROL,AC-ISSUE-0483-01/AC-ISSUE-0483-02/AC-ISSUE-0483-03/AC-ISSUE-0483-04,PASS,PASS,PASS,PASS,HIGH
STORY-0374,ISSUE-0484,TASK-0374,EPIC-060,SPRINT-006,GEO,BC-005,Descoberta e Aquisição de Referências,Story,planned,Geoprocessamento,"Implementar o núcleo algorítmico: policy de aquisição no ProcessingPlan, preview, consentimento e bloqueio fail-closed de ativos pagos/ambíguos",STORY-0372,,STORY-0374-ISSUE-0484-implementar-o-nucleo-algoritmico-policy-de-aquisicao-no-processingplan-pre.md,ADR-003/ADR-004/ADR-005/ADR-006/ADR-007/ADR-008/ADR-041/ADR-042/ADR-043/ADR-047,DERIVED_CONTROL,AC-ISSUE-0484-01/AC-ISSUE-0484-02/AC-ISSUE-0484-03/AC-ISSUE-0484-04,PASS,PASS,PASS,PASS,HIGH
STORY-0375,ISSUE-0485,TASK-0375,EPIC-060,SPRINT-006,GEO,BC-005,Descoberta e Aquisição de Referências,Story,planned,Geoprocessamento,"Integrar ao ProcessingPlan e pipeline: policy de aquisição no ProcessingPlan, preview, consentimento e bloqueio fail-closed de ativos pagos/ambíguos",STORY-0372,,STORY-0375-ISSUE-0485-integrar-ao-processingplan-e-pipeline-policy-de-aquisicao-no-processingpla.md,ADR-003/ADR-004/ADR-005/ADR-006/ADR-007/ADR-008/ADR-041/ADR-042/ADR-043/ADR-047,DERIVED_CONTROL,AC-ISSUE-0485-01/AC-ISSUE-0485-02/AC-ISSUE-0485-03/AC-ISSUE-0485-04,PASS,PASS,PASS,PASS,HIGH
STORY-0376,ISSUE-0486,TASK-0376,EPIC-060,SPRINT-006,GEO,BC-005,Descoberta e Aquisição de Referências,Story,planned,Geoprocessamento,"Produzir métricas, diagnóstico e lineage: policy de aquisição no ProcessingPlan, preview, consentimento e bloqueio fail-closed de ativos pagos/ambíguos",STORY-0372,,STORY-0376-ISSUE-0486-produzir-metricas-diagnostico-e-lineage-policy-de-aquisicao-no-processingp.md,ADR-003/ADR-004/ADR-005/ADR-006/ADR-007/ADR-008/ADR-041/ADR-042/ADR-043/ADR-047,DERIVED_CONTROL,AC-ISSUE-0486-01/AC-ISSUE-0486-02/AC-ISSUE-0486-03/AC-ISSUE-0486-04,PASS,PASS,PASS,PASS,HIGH
STORY-0377,ISSUE-0487,TASK-0377,EPIC-060,SPRINT-006,GEO,BC-005,Descoberta e Aquisição de Referências,Story,planned,QA,"Executar benchmark, negativos e regressão científica: policy de aquisição no ProcessingPlan, preview, consentimento e bloqueio fail-closed de ativos pagos/ambíguos",STORY-0373/STORY-0374/STORY-0375/STORY-0376,,STORY-0377-ISSUE-0487-executar-benchmark-negativos-e-regressao-cientifica-policy-de-aquisicao-no.md,ADR-003/ADR-004/ADR-005/ADR-006/ADR-007/ADR-008/ADR-041/ADR-042/ADR-043/ADR-047,DERIVED_CONTROL,AC-ISSUE-0487-01/AC-ISSUE-0487-02/AC-ISSUE-0487-03/AC-ISSUE-0487-04,PASS,PASS,PASS,PASS,HIGH
STORY-0378,ISSUE-0488,TASK-0378,EPIC-060,SPRINT-006,GEO,BC-005,Descoberta e Aquisição de Referências,Story,planned,Reviewer,"Auditar evidência científica e final: policy de aquisição no ProcessingPlan, preview, consentimento e bloqueio fail-closed de ativos pagos/ambíguos",STORY-0377,,STORY-0378-ISSUE-0488-auditar-evidencia-cientifica-e-final-policy-de-aquisicao-no-processingplan.md,ADR-003/ADR-004/ADR-005/ADR-006/ADR-007/ADR-008/ADR-041/ADR-042/ADR-043/ADR-047,DERIVED_CONTROL,AC-ISSUE-0488-01/AC-ISSUE-0488-02/AC-ISSUE-0488-03/AC-ISSUE-0488-04,PASS,PASS,PASS,PASS,HIGH
STORY-0379,ISSUE-0489,TASK-0379,EPIC-061,SPRINT-010,DAT,BC-013,"Artifacts, Proveniência e Lifecycle",Story,planned,Arquiteto,"Definir modelo, invariantes e contratos de dados: cache endereçado por conteúdo, deduplicação, quotas, retention, licença, GC e proteção de lineage",STORY-0061/STORY-0301/STORY-0364,REQ-PUB-003,STORY-0379-ISSUE-0489-definir-modelo-invariantes-e-contratos-de-dados-cache-enderecado-por-conte.md,ADR-003/ADR-004/ADR-005/ADR-006/ADR-007/ADR-008/ADR-010/ADR-011/ADR-012/ADR-016,MIXED,AC-ISSUE-0489-01/AC-ISSUE-0489-02/AC-ISSUE-0489-03/AC-ISSUE-0489-04,PASS,PASS,PASS,PASS,HIGH
STORY-0380,ISSUE-0490,TASK-0380,EPIC-061,SPRINT-010,DAT,BC-013,"Artifacts, Proveniência e Lifecycle",Story,planned,Backend,"Implementar persistência e migrations: cache endereçado por conteúdo, deduplicação, quotas, retention, licença, GC e proteção de lineage",STORY-0379,REQ-CAC-001,STORY-0380-ISSUE-0490-implementar-persistencia-e-migrations-cache-enderecado-por-conteudo-dedupl.md,ADR-003/ADR-004/ADR-005/ADR-006/ADR-007/ADR-008/ADR-016/ADR-018/ADR-019/ADR-047,MIXED,AC-ISSUE-0490-01/AC-ISSUE-0490-02/AC-ISSUE-0490-03/AC-ISSUE-0490-04,PASS,PASS,PASS,PASS,HIGH
STORY-0381,ISSUE-0491,TASK-0381,EPIC-061,SPRINT-010,DAT,BC-013,"Artifacts, Proveniência e Lifecycle",Story,planned,Backend,"Implementar armazenamento e lifecycle: cache endereçado por conteúdo, deduplicação, quotas, retention, licença, GC e proteção de lineage",STORY-0379,,STORY-0381-ISSUE-0491-implementar-armazenamento-e-lifecycle-cache-enderecado-por-conteudo-dedupl.md,ADR-003/ADR-004/ADR-005/ADR-006/ADR-007/ADR-008/ADR-016/ADR-018/ADR-019,DERIVED_CONTROL,AC-ISSUE-0491-01/AC-ISSUE-0491-02/AC-ISSUE-0491-03/AC-ISSUE-0491-04,PASS,PASS,PASS,PASS,HIGH
STORY-0382,ISSUE-0492,TASK-0382,EPIC-061,SPRINT-010,DAT,BC-013,"Artifacts, Proveniência e Lifecycle",Story,planned,Backend,"Expor serviços e integrar consumers: cache endereçado por conteúdo, deduplicação, quotas, retention, licença, GC e proteção de lineage",STORY-0379,,STORY-0382-ISSUE-0492-expor-servicos-e-integrar-consumers-cache-enderecado-por-conteudo-deduplic.md,ADR-003/ADR-004/ADR-005/ADR-006/ADR-007/ADR-008/ADR-010/ADR-011/ADR-012/ADR-016/ADR-018/ADR-019,DERIVED_CONTROL,AC-ISSUE-0492-01/AC-ISSUE-0492-02/AC-ISSUE-0492-03/AC-ISSUE-0492-04,PASS,PASS,PASS,PASS,HIGH
STORY-0383,ISSUE-0493,TASK-0383,EPIC-061,SPRINT-010,DAT,BC-013,"Artifacts, Proveniência e Lifecycle",Story,planned,Security,"Validar segurança, recuperação e concorrência: cache endereçado por conteúdo, deduplicação, quotas, retention, licença, GC e proteção de lineage",STORY-0380/STORY-0381/STORY-0382,,STORY-0383-ISSUE-0493-validar-seguranca-recuperacao-e-concorrencia-cache-enderecado-por-conteudo.md,ADR-003/ADR-004/ADR-005/ADR-006/ADR-007/ADR-008/ADR-030/ADR-031/ADR-032,DERIVED_CONTROL,AC-ISSUE-0493-01/AC-ISSUE-0493-02/AC-ISSUE-0493-03/AC-ISSUE-0493-04,PASS,PASS,PASS,PASS,CRITICAL
STORY-0384,ISSUE-0494,TASK-0384,EPIC-061,SPRINT-010,DAT,BC-013,"Artifacts, Proveniência e Lifecycle",Story,planned,Reviewer,"Executar QA e auditoria final: cache endereçado por conteúdo, deduplicação, quotas, retention, licença, GC e proteção de lineage",STORY-0383,,STORY-0384-ISSUE-0494-executar-qa-e-auditoria-final-cache-enderecado-por-conteudo-deduplicacao-q.md,ADR-003/ADR-004/ADR-005/ADR-006/ADR-007/ADR-008,DERIVED_CONTROL,AC-ISSUE-0494-01/AC-ISSUE-0494-02/AC-ISSUE-0494-03/AC-ISSUE-0494-04,PASS,PASS,PASS,PASS,HIGH
STORY-0385,ISSUE-0495,TASK-0385,EPIC-062,SPRINT-009,REV,BC-011,Revisão e Correção,Story,planned,Product Owner,"Definir fluxo de revisão e decisões permitidas: workspace visual assistido, CorrectionSets, nova tentativa, comparação e auditoria sem bloquear o ciclo automático",STORY-0196/STORY-0208/STORY-0142/STORY-0214,REQ-EPIC-062,STORY-0385-ISSUE-0495-definir-fluxo-de-revisao-e-decisoes-permitidas-workspace-visual-assistido.md,ADR-002/ADR-003/ADR-004/ADR-005/ADR-006/ADR-007/ADR-008,MIXED,AC-ISSUE-0495-01/AC-ISSUE-0495-02/AC-ISSUE-0495-03/AC-ISSUE-0495-04,PASS,PASS,PASS,PASS,MEDIUM
STORY-0386,ISSUE-0496,TASK-0386,EPIC-062,SPRINT-009,REV,BC-011,Revisão e Correção,Story,planned,Arquiteto,"Definir contratos de correção e nova tentativa: workspace visual assistido, CorrectionSets, nova tentativa, comparação e auditoria sem bloquear o ciclo automático",STORY-0385,REQ-REV-003,STORY-0386-ISSUE-0496-definir-contratos-de-correcao-e-nova-tentativa-workspace-visual-assistido.md,ADR-003/ADR-004/ADR-005/ADR-006/ADR-007/ADR-008/ADR-010/ADR-011/ADR-014/ADR-016/ADR-048,MIXED,AC-ISSUE-0496-01/AC-ISSUE-0496-02/AC-ISSUE-0496-03/AC-ISSUE-0496-04,PASS,PASS,PASS,PASS,HIGH
STORY-0387,ISSUE-0497,TASK-0387,EPIC-062,SPRINT-009,REV,BC-011,Revisão e Correção,Story,planned,Frontend,"Implementar workspace e comparação: workspace visual assistido, CorrectionSets, nova tentativa, comparação e auditoria sem bloquear o ciclo automático",STORY-0385,,STORY-0387-ISSUE-0497-implementar-workspace-e-comparacao-workspace-visual-assistido-correctionse.md,ADR-003/ADR-004/ADR-005/ADR-006/ADR-007/ADR-008/ADR-010/ADR-011/ADR-014,DERIVED_CONTROL,AC-ISSUE-0497-01/AC-ISSUE-0497-02/AC-ISSUE-0497-03/AC-ISSUE-0497-04,PASS,PASS,PASS,PASS,MEDIUM
STORY-0388,ISSUE-0498,TASK-0388,EPIC-062,SPRINT-009,REV,BC-011,Revisão e Correção,Story,planned,Backend,"Implementar lifecycle e auditoria: workspace visual assistido, CorrectionSets, nova tentativa, comparação e auditoria sem bloquear o ciclo automático",STORY-0385,REQ-REV-004,STORY-0388-ISSUE-0498-implementar-lifecycle-e-auditoria-workspace-visual-assistido-correctionset.md,ADR-003/ADR-004/ADR-005/ADR-006/ADR-007/ADR-008/ADR-016/ADR-018/ADR-019/ADR-048,MIXED,AC-ISSUE-0498-01/AC-ISSUE-0498-02/AC-ISSUE-0498-03/AC-ISSUE-0498-04,PASS,PASS,PASS,PASS,HIGH
STORY-0389,ISSUE-0499,TASK-0389,EPIC-062,SPRINT-009,REV,BC-011,Revisão e Correção,Story,planned,QA,"Executar testes de revisão, hard gates e concorrência: workspace visual assistido, CorrectionSets, nova tentativa, comparação e auditoria sem bloquear o ciclo automático",STORY-0386/STORY-0387/STORY-0388,,STORY-0389-ISSUE-0499-executar-testes-de-revisao-hard-gates-e-concorrencia-workspace-visual-assi.md,ADR-003/ADR-004/ADR-005/ADR-006/ADR-007/ADR-008,DERIVED_CONTROL,AC-ISSUE-0499-01/AC-ISSUE-0499-02/AC-ISSUE-0499-03/AC-ISSUE-0499-04,PASS,PASS,PASS,PASS,MEDIUM
STORY-0390,ISSUE-0500,TASK-0390,EPIC-062,SPRINT-009,REV,BC-011,Revisão e Correção,Story,planned,Reviewer,"Auditar rastreabilidade e evidência final: workspace visual assistido, CorrectionSets, nova tentativa, comparação e auditoria sem bloquear o ciclo automático",STORY-0389,,STORY-0390-ISSUE-0500-auditar-rastreabilidade-e-evidencia-final-workspace-visual-assistido-corre.md,ADR-003/ADR-004/ADR-005/ADR-006/ADR-007/ADR-008,DERIVED_CONTROL,AC-ISSUE-0500-01/AC-ISSUE-0500-02/AC-ISSUE-0500-03/AC-ISSUE-0500-04,PASS,PASS,PASS,PASS,MEDIUM
STORY-0391,ISSUE-0501,TASK-0391,EPIC-063,SPRINT-006,GEO,BC-011,Revisão e Correção,Story,planned,Arquiteto,"Definir contrato científico e invariantes: modelo tipado/versionado de GCPs, lifecycle, proveniência e round-trip dos exports",STORY-0322/STORY-0061,REQ-CRS-001/REQ-GCP-002,STORY-0391-ISSUE-0501-definir-contrato-cientifico-e-invariantes-modelo-tipado-versionado-de-gcps.md,ADR-003/ADR-004/ADR-005/ADR-006/ADR-007/ADR-008/ADR-010/ADR-011/ADR-041/ADR-048,MIXED,AC-ISSUE-0501-01/AC-ISSUE-0501-02/AC-ISSUE-0501-03/AC-ISSUE-0501-04,PASS,PASS,PASS,PASS,HIGH
STORY-0392,ISSUE-0502,TASK-0392,EPIC-063,SPRINT-006,GEO,BC-011,Revisão e Correção,Story,planned,Geoprocessamento,"Preparar corpus, fixtures e representação tipada: modelo tipado/versionado de GCPs, lifecycle, proveniência e round-trip dos exports",STORY-0391,,STORY-0392-ISSUE-0502-preparar-corpus-fixtures-e-representacao-tipada-modelo-tipado-versionado-d.md,ADR-003/ADR-004/ADR-005/ADR-006/ADR-007/ADR-008/ADR-041/ADR-042/ADR-043/ADR-048,DERIVED_CONTROL,AC-ISSUE-0502-01/AC-ISSUE-0502-02/AC-ISSUE-0502-03/AC-ISSUE-0502-04,PASS,PASS,PASS,PASS,HIGH
STORY-0393,ISSUE-0503,TASK-0393,EPIC-063,SPRINT-006,GEO,BC-011,Revisão e Correção,Story,planned,Geoprocessamento,"Implementar o núcleo algorítmico: modelo tipado/versionado de GCPs, lifecycle, proveniência e round-trip dos exports",STORY-0391,,STORY-0393-ISSUE-0503-implementar-o-nucleo-algoritmico-modelo-tipado-versionado-de-gcps-lifecycl.md,ADR-003/ADR-004/ADR-005/ADR-006/ADR-007/ADR-008/ADR-041/ADR-042/ADR-043/ADR-048,DERIVED_CONTROL,AC-ISSUE-0503-01/AC-ISSUE-0503-02/AC-ISSUE-0503-03/AC-ISSUE-0503-04,PASS,PASS,PASS,PASS,HIGH
STORY-0394,ISSUE-0504,TASK-0394,EPIC-063,SPRINT-006,GEO,BC-011,Revisão e Correção,Story,planned,Geoprocessamento,"Integrar ao ProcessingPlan e pipeline: modelo tipado/versionado de GCPs, lifecycle, proveniência e round-trip dos exports",STORY-0391,,STORY-0394-ISSUE-0504-integrar-ao-processingplan-e-pipeline-modelo-tipado-versionado-de-gcps-lif.md,ADR-003/ADR-004/ADR-005/ADR-006/ADR-007/ADR-008/ADR-041/ADR-042/ADR-043/ADR-048,DERIVED_CONTROL,AC-ISSUE-0504-01/AC-ISSUE-0504-02/AC-ISSUE-0504-03/AC-ISSUE-0504-04,PASS,PASS,PASS,PASS,HIGH
STORY-0395,ISSUE-0505,TASK-0395,EPIC-063,SPRINT-006,GEO,BC-011,Revisão e Correção,Story,planned,Geoprocessamento,"Produzir métricas, diagnóstico e lineage: modelo tipado/versionado de GCPs, lifecycle, proveniência e round-trip dos exports",STORY-0391,,STORY-0395-ISSUE-0505-produzir-metricas-diagnostico-e-lineage-modelo-tipado-versionado-de-gcps-l.md,ADR-003/ADR-004/ADR-005/ADR-006/ADR-007/ADR-008/ADR-041/ADR-042/ADR-043/ADR-048,DERIVED_CONTROL,AC-ISSUE-0505-01/AC-ISSUE-0505-02/AC-ISSUE-0505-03/AC-ISSUE-0505-04,PASS,PASS,PASS,PASS,HIGH
STORY-0396,ISSUE-0506,TASK-0396,EPIC-063,SPRINT-006,GEO,BC-011,Revisão e Correção,Story,planned,QA,"Executar benchmark, negativos e regressão científica: modelo tipado/versionado de GCPs, lifecycle, proveniência e round-trip dos exports",STORY-0392/STORY-0393/STORY-0394/STORY-0395,,STORY-0396-ISSUE-0506-executar-benchmark-negativos-e-regressao-cientifica-modelo-tipado-versiona.md,ADR-003/ADR-004/ADR-005/ADR-006/ADR-007/ADR-008/ADR-041/ADR-042/ADR-043/ADR-048,DERIVED_CONTROL,AC-ISSUE-0506-01/AC-ISSUE-0506-02/AC-ISSUE-0506-03/AC-ISSUE-0506-04,PASS,PASS,PASS,PASS,HIGH
STORY-0397,ISSUE-0507,TASK-0397,EPIC-063,SPRINT-006,GEO,BC-011,Revisão e Correção,Story,planned,Reviewer,"Auditar evidência científica e final: modelo tipado/versionado de GCPs, lifecycle, proveniência e round-trip dos exports",STORY-0396,,STORY-0397-ISSUE-0507-auditar-evidencia-cientifica-e-final-modelo-tipado-versionado-de-gcps-life.md,ADR-003/ADR-004/ADR-005/ADR-006/ADR-007/ADR-008,DERIVED_CONTROL,AC-ISSUE-0507-01/AC-ISSUE-0507-02/AC-ISSUE-0507-03/AC-ISSUE-0507-04,PASS,PASS,PASS,PASS,HIGH
STORY-0398,ISSUE-0508,TASK-0398,EPIC-064,SPRINT-009,WEB,BC-011,Revisão e Correção,Story,planned,Product Owner,"Definir jornada, estados e acessibilidade: fila de revisão explicável, filtros, priorização, impacto em descendentes e operações em lote permitidas",STORY-0208/STORY-0390/STORY-0184/STORY-0329,,STORY-0398-ISSUE-0508-definir-jornada-estados-e-acessibilidade-fila-de-revisao-explicavel-filtro.md,ADR-003/ADR-004/ADR-005/ADR-006/ADR-007/ADR-008/ADR-010/ADR-011/ADR-014,DERIVED_CONTROL,AC-ISSUE-0508-01/AC-ISSUE-0508-02/AC-ISSUE-0508-03/AC-ISSUE-0508-04,PASS,PASS,PASS,PASS,MEDIUM
STORY-0399,ISSUE-0509,TASK-0399,EPIC-064,SPRINT-009,WEB,BC-011,Revisão e Correção,Story,planned,Frontend,"Integrar contratos e cliente tipado: fila de revisão explicável, filtros, priorização, impacto em descendentes e operações em lote permitidas",STORY-0398,REQ-REV-004,STORY-0399-ISSUE-0509-integrar-contratos-e-cliente-tipado-fila-de-revisao-explicavel-filtros-pri.md,ADR-003/ADR-004/ADR-005/ADR-006/ADR-007/ADR-008/ADR-010/ADR-011/ADR-014/ADR-048,MIXED,AC-ISSUE-0509-01/AC-ISSUE-0509-02/AC-ISSUE-0509-03/AC-ISSUE-0509-04,PASS,PASS,PASS,PASS,HIGH
STORY-0400,ISSUE-0510,TASK-0400,EPIC-064,SPRINT-009,WEB,BC-011,Revisão e Correção,Story,planned,Frontend,"Implementar componentes e interação: fila de revisão explicável, filtros, priorização, impacto em descendentes e operações em lote permitidas",STORY-0398,,STORY-0400-ISSUE-0510-implementar-componentes-e-interacao-fila-de-revisao-explicavel-filtros-pri.md,ADR-003/ADR-004/ADR-005/ADR-006/ADR-007/ADR-008/ADR-010/ADR-011/ADR-014,DERIVED_CONTROL,AC-ISSUE-0510-01/AC-ISSUE-0510-02/AC-ISSUE-0510-03/AC-ISSUE-0510-04,PASS,PASS,PASS,PASS,HIGH
STORY-0401,ISSUE-0511,TASK-0401,EPIC-064,SPRINT-009,WEB,BC-011,Revisão e Correção,Story,planned,Frontend,"Integrar mapa, fluxo e estados de erro: fila de revisão explicável, filtros, priorização, impacto em descendentes e operações em lote permitidas",STORY-0398,,STORY-0401-ISSUE-0511-integrar-mapa-fluxo-e-estados-de-erro-fila-de-revisao-explicavel-filtros-p.md,ADR-003/ADR-004/ADR-005/ADR-006/ADR-007/ADR-008/ADR-010/ADR-011/ADR-014,DERIVED_CONTROL,AC-ISSUE-0511-01/AC-ISSUE-0511-02/AC-ISSUE-0511-03/AC-ISSUE-0511-04,PASS,PASS,PASS,PASS,HIGH
STORY-0402,ISSUE-0512,TASK-0402,EPIC-064,SPRINT-009,WEB,BC-011,Revisão e Correção,Story,planned,QA,"Executar testes de componente, acessibilidade e E2E: fila de revisão explicável, filtros, priorização, impacto em descendentes e operações em lote permitidas",STORY-0399/STORY-0400/STORY-0401,,STORY-0402-ISSUE-0512-executar-testes-de-componente-acessibilidade-e-e2e-fila-de-revisao-explica.md,ADR-003/ADR-004/ADR-005/ADR-006/ADR-007/ADR-008/ADR-010/ADR-011/ADR-014,DERIVED_CONTROL,AC-ISSUE-0512-01/AC-ISSUE-0512-02/AC-ISSUE-0512-03/AC-ISSUE-0512-04,PASS,PASS,PASS,PASS,MEDIUM
STORY-0403,ISSUE-0513,TASK-0403,EPIC-064,SPRINT-009,WEB,BC-011,Revisão e Correção,Story,planned,Reviewer,"Auditar UX, contrato e evidência final: fila de revisão explicável, filtros, priorização, impacto em descendentes e operações em lote permitidas",STORY-0402,,STORY-0403-ISSUE-0513-auditar-ux-contrato-e-evidencia-final-fila-de-revisao-explicavel-filtros-p.md,ADR-003/ADR-004/ADR-005/ADR-006/ADR-007/ADR-008/ADR-010/ADR-011/ADR-014,DERIVED_CONTROL,AC-ISSUE-0513-01/AC-ISSUE-0513-02/AC-ISSUE-0513-03/AC-ISSUE-0513-04,PASS,PASS,PASS,PASS,MEDIUM
STORY-0404,ISSUE-0514,TASK-0404,EPIC-065,SPRINT-004,JOB,BC-010,Orquestração de Jobs e Recursos,Story,planned,Arquiteto,"Definir estados, envelopes e invariantes: taxonomia de retry técnico, orçamento, backoff, idempotência e PlanVariants algorítmicos",STORY-0074/STORY-0081,REQ-BEX-003/REQ-BEX-005,STORY-0404-ISSUE-0514-definir-estados-envelopes-e-invariantes-taxonomia-de-retry-tecnico-orcamen.md,ADR-003/ADR-004/ADR-005/ADR-006/ADR-007/ADR-008/ADR-010/ADR-011/ADR-012/ADR-016/ADR-038/ADR-046,MIXED,AC-ISSUE-0514-01/AC-ISSUE-0514-02/AC-ISSUE-0514-03/AC-ISSUE-0514-04,PASS,PASS,PASS,PASS,CRITICAL
STORY-0405,ISSUE-0515,TASK-0405,EPIC-065,SPRINT-004,JOB,BC-010,Orquestração de Jobs e Recursos,Story,planned,Backend,"Implementar modelo e application services: taxonomia de retry técnico, orçamento, backoff, idempotência e PlanVariants algorítmicos",STORY-0404,REQ-BEX-002/REQ-BEX-004/REQ-BEX-006/REQ-BEX-010,STORY-0405-ISSUE-0515-implementar-modelo-e-application-services-taxonomia-de-retry-tecnico-orcam.md,ADR-003/ADR-004/ADR-005/ADR-006/ADR-007/ADR-008/ADR-012/ADR-016/ADR-018/ADR-019/ADR-038/ADR-039,MIXED,AC-ISSUE-0515-01/AC-ISSUE-0515-02/AC-ISSUE-0515-03/AC-ISSUE-0515-04,PASS,PASS,PASS,PASS,HIGH
STORY-0406,ISSUE-0516,TASK-0406,EPIC-065,SPRINT-004,JOB,BC-010,Orquestração de Jobs e Recursos,Story,planned,Backend,"Implementar runner, worker ou scheduler: taxonomia de retry técnico, orçamento, backoff, idempotência e PlanVariants algorítmicos",STORY-0404,REQ-BEX-007/REQ-BEX-008/REQ-BEX-009,STORY-0406-ISSUE-0516-implementar-runner-worker-ou-scheduler-taxonomia-de-retry-tecnico-orcament.md,ADR-003/ADR-004/ADR-005/ADR-006/ADR-007/ADR-008/ADR-016/ADR-018/ADR-019/ADR-037/ADR-038/ADR-040,MIXED,AC-ISSUE-0516-01/AC-ISSUE-0516-02/AC-ISSUE-0516-03/AC-ISSUE-0516-04,PASS,PASS,PASS,PASS,HIGH
STORY-0407,ISSUE-0517,TASK-0407,EPIC-065,SPRINT-004,JOB,BC-010,Orquestração de Jobs e Recursos,Story,planned,Backend,"Expor comandos, progresso e reconciliação: taxonomia de retry técnico, orçamento, backoff, idempotência e PlanVariants algorítmicos",STORY-0404,REQ-BEX-001,STORY-0407-ISSUE-0517-expor-comandos-progresso-e-reconciliacao-taxonomia-de-retry-tecnico-orcame.md,ADR-003/ADR-004/ADR-005/ADR-006/ADR-007/ADR-008/ADR-010/ADR-011/ADR-012/ADR-016/ADR-018/ADR-019/ADR-039,MIXED,AC-ISSUE-0517-01/AC-ISSUE-0517-02/AC-ISSUE-0517-03/AC-ISSUE-0517-04,PASS,PASS,PASS,PASS,HIGH
STORY-0408,ISSUE-0518,TASK-0408,EPIC-065,SPRINT-004,JOB,BC-010,Orquestração de Jobs e Recursos,Story,planned,DevOps,"Automatizar testes de resiliência, retry e recuperação: taxonomia de retry técnico, orçamento, backoff, idempotência e PlanVariants algorítmicos",STORY-0404,,STORY-0408-ISSUE-0518-implementar-falhas-retry-e-recuperacao-taxonomia-de-retry-tecnico-orcament.md,ADR-003/ADR-004/ADR-005/ADR-006/ADR-007/ADR-008/ADR-009/ADR-033/ADR-034,DERIVED_CONTROL,AC-ISSUE-0518-01/AC-ISSUE-0518-02/AC-ISSUE-0518-03/AC-ISSUE-0518-04,PASS,PASS,PASS,PASS,CRITICAL
STORY-0409,ISSUE-0519,TASK-0409,EPIC-065,SPRINT-004,JOB,BC-010,Orquestração de Jobs e Recursos,Story,planned,QA,"Executar integração real, carga e fault injection: taxonomia de retry técnico, orçamento, backoff, idempotência e PlanVariants algorítmicos",STORY-0405/STORY-0406/STORY-0407/STORY-0408,,STORY-0409-ISSUE-0519-executar-integracao-real-carga-e-fault-injection-taxonomia-de-retry-tecnic.md,ADR-003/ADR-004/ADR-005/ADR-006/ADR-007/ADR-008,DERIVED_CONTROL,AC-ISSUE-0519-01/AC-ISSUE-0519-02/AC-ISSUE-0519-03/AC-ISSUE-0519-04,PASS,PASS,PASS,PASS,HIGH
STORY-0410,ISSUE-0520,TASK-0410,EPIC-065,SPRINT-004,JOB,BC-010,Orquestração de Jobs e Recursos,Story,planned,Reviewer,"Auditar evidência e integração final: taxonomia de retry técnico, orçamento, backoff, idempotência e PlanVariants algorítmicos",STORY-0409,,STORY-0410-ISSUE-0520-auditar-evidencia-e-integracao-final-taxonomia-de-retry-tecnico-orcamento.md,ADR-003/ADR-004/ADR-005/ADR-006/ADR-007/ADR-008,DERIVED_CONTROL,AC-ISSUE-0520-01/AC-ISSUE-0520-02/AC-ISSUE-0520-03/AC-ISSUE-0520-04,PASS,PASS,PASS,PASS,HIGH
STORY-0411,ISSUE-0521,TASK-0411,EPIC-066,SPRINT-004,JOB,BC-010,Orquestração de Jobs e Recursos,Story,planned,Arquiteto,"Definir estados, envelopes e invariantes: checkpoints canônicos, manifests de compatibilidade, retomada e lifecycle de intermediários",STORY-0102,REQ-ANC-008/REQ-BEX-003/REQ-BEX-005,STORY-0411-ISSUE-0521-definir-estados-envelopes-e-invariantes-checkpoints-canonicos-manifests-de.md,ADR-003/ADR-004/ADR-005/ADR-006/ADR-007/ADR-008/ADR-010/ADR-011/ADR-012/ADR-016/ADR-038/ADR-046/ADR-048,MIXED,AC-ISSUE-0521-01/AC-ISSUE-0521-02/AC-ISSUE-0521-03/AC-ISSUE-0521-04,PASS,PASS,PASS,PASS,CRITICAL
STORY-0412,ISSUE-0522,TASK-0412,EPIC-066,SPRINT-004,JOB,BC-010,Orquestração de Jobs e Recursos,Story,planned,Backend,"Implementar modelo e application services: checkpoints canônicos, manifests de compatibilidade, retomada e lifecycle de intermediários",STORY-0411,REQ-BEX-002/REQ-BEX-004/REQ-BEX-006/REQ-BEX-010,STORY-0412-ISSUE-0522-implementar-modelo-e-application-services-checkpoints-canonicos-manifests.md,ADR-003/ADR-004/ADR-005/ADR-006/ADR-007/ADR-008/ADR-012/ADR-016/ADR-018/ADR-019/ADR-038/ADR-039,MIXED,AC-ISSUE-0522-01/AC-ISSUE-0522-02/AC-ISSUE-0522-03/AC-ISSUE-0522-04,PASS,PASS,PASS,PASS,HIGH
STORY-0413,ISSUE-0523,TASK-0413,EPIC-066,SPRINT-004,JOB,BC-010,Orquestração de Jobs e Recursos,Story,planned,Backend,"Implementar runner, worker ou scheduler: checkpoints canônicos, manifests de compatibilidade, retomada e lifecycle de intermediários",STORY-0411,REQ-BEX-007/REQ-BEX-008/REQ-BEX-009,STORY-0413-ISSUE-0523-implementar-runner-worker-ou-scheduler-checkpoints-canonicos-manifests-de.md,ADR-003/ADR-004/ADR-005/ADR-006/ADR-007/ADR-008/ADR-016/ADR-018/ADR-019/ADR-037/ADR-038/ADR-040,MIXED,AC-ISSUE-0523-01/AC-ISSUE-0523-02/AC-ISSUE-0523-03/AC-ISSUE-0523-04,PASS,PASS,PASS,PASS,HIGH
STORY-0414,ISSUE-0524,TASK-0414,EPIC-066,SPRINT-004,JOB,BC-010,Orquestração de Jobs e Recursos,Story,planned,Backend,"Expor comandos, progresso e reconciliação: checkpoints canônicos, manifests de compatibilidade, retomada e lifecycle de intermediários",STORY-0411,REQ-BEX-001,STORY-0414-ISSUE-0524-expor-comandos-progresso-e-reconciliacao-checkpoints-canonicos-manifests-d.md,ADR-003/ADR-004/ADR-005/ADR-006/ADR-007/ADR-008/ADR-010/ADR-011/ADR-012/ADR-016/ADR-018/ADR-019/ADR-039,MIXED,AC-ISSUE-0524-01/AC-ISSUE-0524-02/AC-ISSUE-0524-03/AC-ISSUE-0524-04,PASS,PASS,PASS,PASS,HIGH
STORY-0415,ISSUE-0525,TASK-0415,EPIC-066,SPRINT-004,JOB,BC-010,Orquestração de Jobs e Recursos,Story,planned,DevOps,"Automatizar testes de resiliência, retry e recuperação: checkpoints canônicos, manifests de compatibilidade, retomada e lifecycle de intermediários",STORY-0411,,STORY-0415-ISSUE-0525-implementar-falhas-retry-e-recuperacao-checkpoints-canonicos-manifests-de.md,ADR-003/ADR-004/ADR-005/ADR-006/ADR-007/ADR-008/ADR-009/ADR-033/ADR-034,DERIVED_CONTROL,AC-ISSUE-0525-01/AC-ISSUE-0525-02/AC-ISSUE-0525-03/AC-ISSUE-0525-04,PASS,PASS,PASS,PASS,CRITICAL
STORY-0416,ISSUE-0526,TASK-0416,EPIC-066,SPRINT-004,JOB,BC-010,Orquestração de Jobs e Recursos,Story,planned,QA,"Executar integração real, carga e fault injection: checkpoints canônicos, manifests de compatibilidade, retomada e lifecycle de intermediários",STORY-0412/STORY-0413/STORY-0414/STORY-0415,,STORY-0416-ISSUE-0526-executar-integracao-real-carga-e-fault-injection-checkpoints-canonicos-man.md,ADR-003/ADR-004/ADR-005/ADR-006/ADR-007/ADR-008,DERIVED_CONTROL,AC-ISSUE-0526-01/AC-ISSUE-0526-02/AC-ISSUE-0526-03/AC-ISSUE-0526-04,PASS,PASS,PASS,PASS,HIGH
STORY-0417,ISSUE-0527,TASK-0417,EPIC-066,SPRINT-004,JOB,BC-010,Orquestração de Jobs e Recursos,Story,planned,Reviewer,"Auditar evidência e integração final: checkpoints canônicos, manifests de compatibilidade, retomada e lifecycle de intermediários",STORY-0416,,STORY-0417-ISSUE-0527-auditar-evidencia-e-integracao-final-checkpoints-canonicos-manifests-de-co.md,ADR-003/ADR-004/ADR-005/ADR-006/ADR-007/ADR-008,DERIVED_CONTROL,AC-ISSUE-0527-01/AC-ISSUE-0527-02/AC-ISSUE-0527-03/AC-ISSUE-0527-04,PASS,PASS,PASS,PASS,HIGH
STORY-0418,ISSUE-0528,TASK-0418,EPIC-067,SPRINT-004,JOB,BC-010,Orquestração de Jobs e Recursos,Story,planned,Arquiteto,"Definir estados, envelopes e invariantes: cancelamento cooperativo, supervisão de subprocessos, contenção e reconciliação",STORY-0088/STORY-0109,REQ-BEX-003/REQ-BEX-005,STORY-0418-ISSUE-0528-definir-estados-envelopes-e-invariantes-cancelamento-cooperativo-supervisa.md,ADR-003/ADR-004/ADR-005/ADR-006/ADR-007/ADR-008/ADR-010/ADR-011/ADR-012/ADR-016/ADR-038/ADR-046,MIXED,AC-ISSUE-0528-01/AC-ISSUE-0528-02/AC-ISSUE-0528-03/AC-ISSUE-0528-04,PASS,PASS,PASS,PASS,CRITICAL
STORY-0419,ISSUE-0529,TASK-0419,EPIC-067,SPRINT-004,JOB,BC-010,Orquestração de Jobs e Recursos,Story,planned,Backend,"Implementar modelo e application services: cancelamento cooperativo, supervisão de subprocessos, contenção e reconciliação",STORY-0418,REQ-BEX-002/REQ-BEX-004/REQ-BEX-006/REQ-BEX-010,STORY-0419-ISSUE-0529-implementar-modelo-e-application-services-cancelamento-cooperativo-supervi.md,ADR-003/ADR-004/ADR-005/ADR-006/ADR-007/ADR-008/ADR-012/ADR-016/ADR-018/ADR-019/ADR-038/ADR-039,MIXED,AC-ISSUE-0529-01/AC-ISSUE-0529-02/AC-ISSUE-0529-03/AC-ISSUE-0529-04,PASS,PASS,PASS,PASS,HIGH
STORY-0420,ISSUE-0530,TASK-0420,EPIC-067,SPRINT-004,JOB,BC-010,Orquestração de Jobs e Recursos,Story,planned,Backend,"Implementar runner, worker ou scheduler: cancelamento cooperativo, supervisão de subprocessos, contenção e reconciliação",STORY-0418,REQ-BEX-007/REQ-BEX-008/REQ-BEX-009,STORY-0420-ISSUE-0530-implementar-runner-worker-ou-scheduler-cancelamento-cooperativo-supervisao.md,ADR-003/ADR-004/ADR-005/ADR-006/ADR-007/ADR-008/ADR-016/ADR-018/ADR-019/ADR-037/ADR-038/ADR-040,MIXED,AC-ISSUE-0530-01/AC-ISSUE-0530-02/AC-ISSUE-0530-03/AC-ISSUE-0530-04,PASS,PASS,PASS,PASS,HIGH
STORY-0421,ISSUE-0531,TASK-0421,EPIC-067,SPRINT-004,JOB,BC-010,Orquestração de Jobs e Recursos,Story,planned,Backend,"Expor comandos, progresso e reconciliação: cancelamento cooperativo, supervisão de subprocessos, contenção e reconciliação",STORY-0418,REQ-BEX-001,STORY-0421-ISSUE-0531-expor-comandos-progresso-e-reconciliacao-cancelamento-cooperativo-supervis.md,ADR-003/ADR-004/ADR-005/ADR-006/ADR-007/ADR-008/ADR-010/ADR-011/ADR-012/ADR-016/ADR-018/ADR-019/ADR-039,MIXED,AC-ISSUE-0531-01/AC-ISSUE-0531-02/AC-ISSUE-0531-03/AC-ISSUE-0531-04,PASS,PASS,PASS,PASS,HIGH
STORY-0422,ISSUE-0532,TASK-0422,EPIC-067,SPRINT-004,JOB,BC-010,Orquestração de Jobs e Recursos,Story,planned,DevOps,"Automatizar testes de resiliência, retry e recuperação: cancelamento cooperativo, supervisão de subprocessos, contenção e reconciliação",STORY-0418,,STORY-0422-ISSUE-0532-implementar-falhas-retry-e-recuperacao-cancelamento-cooperativo-supervisao.md,ADR-003/ADR-004/ADR-005/ADR-006/ADR-007/ADR-008/ADR-009/ADR-033/ADR-034,DERIVED_CONTROL,AC-ISSUE-0532-01/AC-ISSUE-0532-02/AC-ISSUE-0532-03/AC-ISSUE-0532-04,PASS,PASS,PASS,PASS,CRITICAL
STORY-0423,ISSUE-0533,TASK-0423,EPIC-067,SPRINT-004,JOB,BC-010,Orquestração de Jobs e Recursos,Story,planned,QA,"Executar integração real, carga e fault injection: cancelamento cooperativo, supervisão de subprocessos, contenção e reconciliação",STORY-0419/STORY-0420/STORY-0421/STORY-0422,,STORY-0423-ISSUE-0533-executar-integracao-real-carga-e-fault-injection-cancelamento-cooperativo.md,ADR-003/ADR-004/ADR-005/ADR-006/ADR-007/ADR-008,DERIVED_CONTROL,AC-ISSUE-0533-01/AC-ISSUE-0533-02/AC-ISSUE-0533-03/AC-ISSUE-0533-04,PASS,PASS,PASS,PASS,HIGH
STORY-0424,ISSUE-0534,TASK-0424,EPIC-067,SPRINT-004,JOB,BC-010,Orquestração de Jobs e Recursos,Story,planned,Reviewer,"Auditar evidência e integração final: cancelamento cooperativo, supervisão de subprocessos, contenção e reconciliação",STORY-0423,,STORY-0424-ISSUE-0534-auditar-evidencia-e-integracao-final-cancelamento-cooperativo-supervisao-d.md,ADR-003/ADR-004/ADR-005/ADR-006/ADR-007/ADR-008,DERIVED_CONTROL,AC-ISSUE-0534-01/AC-ISSUE-0534-02/AC-ISSUE-0534-03/AC-ISSUE-0534-04,PASS,PASS,PASS,PASS,HIGH
STORY-0425,ISSUE-0535,TASK-0425,EPIC-068,SPRINT-004,JOB,BC-010,Orquestração de Jobs e Recursos,Story,planned,Arquiteto,"Definir estados, envelopes e invariantes: Concorrência, escalonamento e isolamento",STORY-0102/STORY-0109/STORY-0515,REQ-BEX-003/REQ-BEX-005/REQ-SCH-004,STORY-0425-ISSUE-0535-definir-estados-envelopes-e-invariantes-concorrencia-escalonamento-e-isola.md,ADR-003/ADR-004/ADR-005/ADR-006/ADR-007/ADR-008/ADR-010/ADR-011/ADR-012/ADR-016/ADR-038/ADR-039/ADR-046,MIXED,AC-ISSUE-0535-01/AC-ISSUE-0535-02/AC-ISSUE-0535-03/AC-ISSUE-0535-04,PASS,PASS,PASS,PASS,CRITICAL
STORY-0426,ISSUE-0536,TASK-0426,EPIC-068,SPRINT-004,JOB,BC-010,Orquestração de Jobs e Recursos,Story,planned,Backend,"Implementar modelo e application services: Concorrência, escalonamento e isolamento",STORY-0425,REQ-BEX-002/REQ-BEX-004/REQ-BEX-006/REQ-BEX-010,STORY-0426-ISSUE-0536-implementar-modelo-e-application-services-concorrencia-escalonamento-e-iso.md,ADR-003/ADR-004/ADR-005/ADR-006/ADR-007/ADR-008/ADR-012/ADR-016/ADR-018/ADR-019/ADR-038/ADR-039,MIXED,AC-ISSUE-0536-01/AC-ISSUE-0536-02/AC-ISSUE-0536-03/AC-ISSUE-0536-04,PASS,PASS,PASS,PASS,HIGH
STORY-0427,ISSUE-0537,TASK-0427,EPIC-068,SPRINT-004,JOB,BC-010,Orquestração de Jobs e Recursos,Story,planned,Backend,"Implementar runner, worker ou scheduler: Concorrência, escalonamento e isolamento",STORY-0425,REQ-BEX-007/REQ-BEX-008/REQ-BEX-009/REQ-SCH-001/REQ-SCH-003,STORY-0427-ISSUE-0537-implementar-runner-worker-ou-scheduler-concorrencia-escalonamento-e-isolam.md,ADR-003/ADR-004/ADR-005/ADR-006/ADR-007/ADR-008/ADR-012/ADR-016/ADR-018/ADR-019/ADR-037/ADR-038/ADR-040,MIXED,AC-ISSUE-0537-01/AC-ISSUE-0537-02/AC-ISSUE-0537-03/AC-ISSUE-0537-04,PASS,PASS,PASS,PASS,HIGH
STORY-0428,ISSUE-0538,TASK-0428,EPIC-068,SPRINT-004,JOB,BC-010,Orquestração de Jobs e Recursos,Story,planned,Backend,"Expor comandos, progresso e reconciliação: Concorrência, escalonamento e isolamento",STORY-0425,REQ-BEX-001/REQ-SCH-002,STORY-0428-ISSUE-0538-expor-comandos-progresso-e-reconciliacao-concorrencia-escalonamento-e-isol.md,ADR-003/ADR-004/ADR-005/ADR-006/ADR-007/ADR-008/ADR-010/ADR-011/ADR-012/ADR-016/ADR-018/ADR-019/ADR-039,MIXED,AC-ISSUE-0538-01/AC-ISSUE-0538-02/AC-ISSUE-0538-03/AC-ISSUE-0538-04,PASS,PASS,PASS,PASS,HIGH
STORY-0429,ISSUE-0539,TASK-0429,EPIC-068,SPRINT-004,JOB,BC-010,Orquestração de Jobs e Recursos,Story,planned,DevOps,"Automatizar testes de resiliência, retry e recuperação: Concorrência, escalonamento e isolamento",STORY-0425,,STORY-0429-ISSUE-0539-implementar-falhas-retry-e-recuperacao-concorrencia-escalonamento-e-isolam.md,ADR-003/ADR-004/ADR-005/ADR-006/ADR-007/ADR-008/ADR-009/ADR-033/ADR-034,DERIVED_CONTROL,AC-ISSUE-0539-01/AC-ISSUE-0539-02/AC-ISSUE-0539-03/AC-ISSUE-0539-04,PASS,PASS,PASS,PASS,CRITICAL
STORY-0430,ISSUE-0540,TASK-0430,EPIC-068,SPRINT-004,JOB,BC-010,Orquestração de Jobs e Recursos,Story,planned,QA,"Executar integração real, carga e fault injection: Concorrência, escalonamento e isolamento",STORY-0426/STORY-0427/STORY-0428/STORY-0429,,STORY-0430-ISSUE-0540-executar-integracao-real-carga-e-fault-injection-concorrencia-escalonament.md,ADR-003/ADR-004/ADR-005/ADR-006/ADR-007/ADR-008,DERIVED_CONTROL,AC-ISSUE-0540-01/AC-ISSUE-0540-02/AC-ISSUE-0540-03/AC-ISSUE-0540-04,PASS,PASS,PASS,PASS,HIGH
STORY-0431,ISSUE-0541,TASK-0431,EPIC-068,SPRINT-004,JOB,BC-010,Orquestração de Jobs e Recursos,Story,planned,Reviewer,"Auditar evidência e integração final: Concorrência, escalonamento e isolamento",STORY-0430,,STORY-0431-ISSUE-0541-auditar-evidencia-e-integracao-final-concorrencia-escalonamento-e-isolamen.md,ADR-003/ADR-004/ADR-005/ADR-006/ADR-007/ADR-008,DERIVED_CONTROL,AC-ISSUE-0541-01/AC-ISSUE-0541-02/AC-ISSUE-0541-03/AC-ISSUE-0541-04,PASS,PASS,PASS,PASS,HIGH
STORY-0432,ISSUE-0542,TASK-0432,EPIC-069,SPRINT-004,JOB,BC-010,Orquestração de Jobs e Recursos,Story,planned,Arquiteto,"Definir estados, envelopes e invariantes: Observabilidade, SLOs e diagnóstico do scheduler",STORY-0431,REQ-BEX-003/REQ-BEX-005,STORY-0432-ISSUE-0542-definir-estados-envelopes-e-invariantes-observabilidade-slos-e-diagnostico.md,ADR-003/ADR-004/ADR-005/ADR-006/ADR-007/ADR-008/ADR-010/ADR-011/ADR-012/ADR-016/ADR-038/ADR-046,MIXED,AC-ISSUE-0542-01/AC-ISSUE-0542-02/AC-ISSUE-0542-03/AC-ISSUE-0542-04,PASS,PASS,PASS,PASS,CRITICAL
STORY-0433,ISSUE-0543,TASK-0433,EPIC-069,SPRINT-004,JOB,BC-010,Orquestração de Jobs e Recursos,Story,planned,Backend,"Implementar modelo e application services: Observabilidade, SLOs e diagnóstico do scheduler",STORY-0432,REQ-BEX-002/REQ-BEX-004/REQ-BEX-006/REQ-BEX-010/REQ-SMO-004,STORY-0433-ISSUE-0543-implementar-modelo-e-application-services-observabilidade-slos-e-diagnosti.md,ADR-003/ADR-004/ADR-005/ADR-006/ADR-007/ADR-008/ADR-012/ADR-016/ADR-018/ADR-019/ADR-030/ADR-038/ADR-039,MIXED,AC-ISSUE-0543-01/AC-ISSUE-0543-02/AC-ISSUE-0543-03/AC-ISSUE-0543-04,PASS,PASS,PASS,PASS,CRITICAL
STORY-0434,ISSUE-0544,TASK-0434,EPIC-069,SPRINT-004,JOB,BC-010,Orquestração de Jobs e Recursos,Story,planned,Backend,"Implementar runner, worker ou scheduler: Observabilidade, SLOs e diagnóstico do scheduler",STORY-0432,REQ-BEX-007/REQ-BEX-008/REQ-BEX-009/REQ-SMO-001/REQ-SMO-002/REQ-SMO-003,STORY-0434-ISSUE-0544-implementar-runner-worker-ou-scheduler-observabilidade-slos-e-diagnostico.md,ADR-003/ADR-004/ADR-005/ADR-006/ADR-007/ADR-008/ADR-012/ADR-016/ADR-018/ADR-019/ADR-037/ADR-038/ADR-039/ADR-040,MIXED,AC-ISSUE-0544-01/AC-ISSUE-0544-02/AC-ISSUE-0544-03/AC-ISSUE-0544-04,PASS,PASS,PASS,PASS,HIGH
STORY-0435,ISSUE-0545,TASK-0435,EPIC-069,SPRINT-004,JOB,BC-010,Orquestração de Jobs e Recursos,Story,planned,Backend,"Expor comandos, progresso e reconciliação: Observabilidade, SLOs e diagnóstico do scheduler",STORY-0432,REQ-BEX-001,STORY-0435-ISSUE-0545-expor-comandos-progresso-e-reconciliacao-observabilidade-slos-e-diagnostic.md,ADR-003/ADR-004/ADR-005/ADR-006/ADR-007/ADR-008/ADR-010/ADR-011/ADR-012/ADR-016/ADR-018/ADR-019/ADR-039,MIXED,AC-ISSUE-0545-01/AC-ISSUE-0545-02/AC-ISSUE-0545-03/AC-ISSUE-0545-04,PASS,PASS,PASS,PASS,HIGH
STORY-0436,ISSUE-0546,TASK-0436,EPIC-069,SPRINT-004,JOB,BC-010,Orquestração de Jobs e Recursos,Story,planned,DevOps,"Automatizar testes de resiliência, retry e recuperação: Observabilidade, SLOs e diagnóstico do scheduler",STORY-0432,,STORY-0436-ISSUE-0546-implementar-falhas-retry-e-recuperacao-observabilidade-slos-e-diagnostico.md,ADR-003/ADR-004/ADR-005/ADR-006/ADR-007/ADR-008/ADR-009/ADR-033/ADR-034,DERIVED_CONTROL,AC-ISSUE-0546-01/AC-ISSUE-0546-02/AC-ISSUE-0546-03/AC-ISSUE-0546-04,PASS,PASS,PASS,PASS,CRITICAL
STORY-0437,ISSUE-0547,TASK-0437,EPIC-069,SPRINT-004,JOB,BC-010,Orquestração de Jobs e Recursos,Story,planned,QA,"Executar integração real, carga e fault injection: Observabilidade, SLOs e diagnóstico do scheduler",STORY-0433/STORY-0434/STORY-0435/STORY-0436,,STORY-0437-ISSUE-0547-executar-integracao-real-carga-e-fault-injection-observabilidade-slos-e-di.md,ADR-003/ADR-004/ADR-005/ADR-006/ADR-007/ADR-008,DERIVED_CONTROL,AC-ISSUE-0547-01/AC-ISSUE-0547-02/AC-ISSUE-0547-03/AC-ISSUE-0547-04,PASS,PASS,PASS,PASS,HIGH
STORY-0438,ISSUE-0548,TASK-0438,EPIC-069,SPRINT-004,JOB,BC-010,Orquestração de Jobs e Recursos,Story,planned,Reviewer,"Auditar evidência e integração final: Observabilidade, SLOs e diagnóstico do scheduler",STORY-0437,,STORY-0438-ISSUE-0548-auditar-evidencia-e-integracao-final-observabilidade-slos-e-diagnostico-do.md,ADR-003/ADR-004/ADR-005/ADR-006/ADR-007/ADR-008,DERIVED_CONTROL,AC-ISSUE-0548-01/AC-ISSUE-0548-02/AC-ISSUE-0548-03/AC-ISSUE-0548-04,PASS,PASS,PASS,PASS,HIGH
STORY-0439,ISSUE-0549,TASK-0439,EPIC-070,SPRINT-010,REP,BC-012,"Resultados, Diagnósticos e Exportação",Story,planned,Arquiteto,"Definir schemas, formatos e invariantes de resultado: snapshots imutáveis, regra de resultado vigente e comparação entre ciclos",STORY-0225/STORY-0301/STORY-0390,,STORY-0439-ISSUE-0549-definir-schemas-formatos-e-invariantes-de-resultado-snapshots-imutaveis-re.md,ADR-003/ADR-004/ADR-005/ADR-006/ADR-007/ADR-008/ADR-010/ADR-011/ADR-014/ADR-016,DERIVED_CONTROL,AC-ISSUE-0549-01/AC-ISSUE-0549-02/AC-ISSUE-0549-03/AC-ISSUE-0549-04,PASS,PASS,PASS,PASS,HIGH
STORY-0440,ISSUE-0550,TASK-0440,EPIC-070,SPRINT-010,REP,BC-012,"Resultados, Diagnósticos e Exportação",Story,planned,Backend,"Implementar persistência e snapshots: snapshots imutáveis, regra de resultado vigente e comparação entre ciclos",STORY-0439,,STORY-0440-ISSUE-0550-implementar-persistencia-e-snapshots-snapshots-imutaveis-regra-de-resultad.md,ADR-003/ADR-004/ADR-005/ADR-006/ADR-007/ADR-008/ADR-016/ADR-018/ADR-019,DERIVED_CONTROL,AC-ISSUE-0550-01/AC-ISSUE-0550-02/AC-ISSUE-0550-03/AC-ISSUE-0550-04,PASS,PASS,PASS,PASS,HIGH
STORY-0441,ISSUE-0551,TASK-0441,EPIC-070,SPRINT-010,REP,BC-012,"Resultados, Diagnósticos e Exportação",Story,planned,Backend,"Implementar geração e exportação: snapshots imutáveis, regra de resultado vigente e comparação entre ciclos",STORY-0439,,STORY-0441-ISSUE-0551-implementar-geracao-e-exportacao-snapshots-imutaveis-regra-de-resultado-vi.md,ADR-003/ADR-004/ADR-005/ADR-006/ADR-007/ADR-008/ADR-016/ADR-018/ADR-019,DERIVED_CONTROL,AC-ISSUE-0551-01/AC-ISSUE-0551-02/AC-ISSUE-0551-03/AC-ISSUE-0551-04,PASS,PASS,PASS,PASS,HIGH
STORY-0442,ISSUE-0552,TASK-0442,EPIC-070,SPRINT-010,REP,BC-012,"Resultados, Diagnósticos e Exportação",Story,planned,Frontend,"Expor consulta, download e visualização: snapshots imutáveis, regra de resultado vigente e comparação entre ciclos",STORY-0439,,STORY-0442-ISSUE-0552-expor-consulta-download-e-visualizacao-snapshots-imutaveis-regra-de-result.md,ADR-003/ADR-004/ADR-005/ADR-006/ADR-007/ADR-008/ADR-010/ADR-011/ADR-014/ADR-016,DERIVED_CONTROL,AC-ISSUE-0552-01/AC-ISSUE-0552-02/AC-ISSUE-0552-03/AC-ISSUE-0552-04,PASS,PASS,PASS,PASS,HIGH
STORY-0443,ISSUE-0553,TASK-0443,EPIC-070,SPRINT-010,REP,BC-012,"Resultados, Diagnósticos e Exportação",Story,planned,QA,"Validar escala, reprodutibilidade e integridade: snapshots imutáveis, regra de resultado vigente e comparação entre ciclos",STORY-0440/STORY-0441/STORY-0442,,STORY-0443-ISSUE-0553-validar-escala-reprodutibilidade-e-integridade-snapshots-imutaveis-regra-d.md,ADR-003/ADR-004/ADR-005/ADR-006/ADR-007/ADR-008,DERIVED_CONTROL,AC-ISSUE-0553-01/AC-ISSUE-0553-02/AC-ISSUE-0553-03/AC-ISSUE-0553-04,PASS,PASS,PASS,PASS,HIGH
STORY-0444,ISSUE-0554,TASK-0444,EPIC-070,SPRINT-010,REP,BC-012,"Resultados, Diagnósticos e Exportação",Story,planned,Reviewer,"Auditar lineage e evidência final: snapshots imutáveis, regra de resultado vigente e comparação entre ciclos",STORY-0443,,STORY-0444-ISSUE-0554-auditar-lineage-e-evidencia-final-snapshots-imutaveis-regra-de-resultado-v.md,ADR-003/ADR-004/ADR-005/ADR-006/ADR-007/ADR-008,DERIVED_CONTROL,AC-ISSUE-0554-01/AC-ISSUE-0554-02/AC-ISSUE-0554-03/AC-ISSUE-0554-04,PASS,PASS,PASS,PASS,HIGH
STORY-0445,ISSUE-0555,TASK-0445,EPIC-071,SPRINT-011,DAT,BC-013,"Artifacts, Proveniência e Lifecycle",Story,planned,Arquiteto,"Definir modelo, invariantes e contratos de dados: BackupSet coordenado, manifests, checksums, watermark e policies de inclusão",STORY-0061/STORY-0301,REQ-SCM-004/REQ-UPG-001,STORY-0445-ISSUE-0555-definir-modelo-invariantes-e-contratos-de-dados-backupset-coordenado-manif.md,ADR-003/ADR-004/ADR-005/ADR-006/ADR-007/ADR-008/ADR-010/ADR-011/ADR-016/ADR-018/ADR-025/ADR-035,MIXED,AC-ISSUE-0555-01/AC-ISSUE-0555-02/AC-ISSUE-0555-03/AC-ISSUE-0555-04,PASS,PASS,PASS,PASS,CRITICAL
STORY-0446,ISSUE-0556,TASK-0446,EPIC-071,SPRINT-011,DAT,BC-013,"Artifacts, Proveniência e Lifecycle",Story,planned,Backend,"Implementar persistência e migrations: BackupSet coordenado, manifests, checksums, watermark e policies de inclusão",STORY-0445,REQ-BKP-001,STORY-0446-ISSUE-0556-implementar-persistencia-e-migrations-backupset-coordenado-manifests-check.md,ADR-003/ADR-004/ADR-005/ADR-006/ADR-007/ADR-008/ADR-016/ADR-018/ADR-019/ADR-025,MIXED,AC-ISSUE-0556-01/AC-ISSUE-0556-02/AC-ISSUE-0556-03/AC-ISSUE-0556-04,PASS,PASS,PASS,PASS,HIGH
STORY-0447,ISSUE-0557,TASK-0447,EPIC-071,SPRINT-011,DAT,BC-013,"Artifacts, Proveniência e Lifecycle",Story,planned,Backend,"Implementar armazenamento e lifecycle: BackupSet coordenado, manifests, checksums, watermark e policies de inclusão",STORY-0445,,STORY-0447-ISSUE-0557-implementar-armazenamento-e-lifecycle-backupset-coordenado-manifests-check.md,ADR-003/ADR-004/ADR-005/ADR-006/ADR-007/ADR-008/ADR-016/ADR-018/ADR-019/ADR-025,DERIVED_CONTROL,AC-ISSUE-0557-01/AC-ISSUE-0557-02/AC-ISSUE-0557-03/AC-ISSUE-0557-04,PASS,PASS,PASS,PASS,HIGH
STORY-0448,ISSUE-0558,TASK-0448,EPIC-071,SPRINT-011,DAT,BC-013,"Artifacts, Proveniência e Lifecycle",Story,planned,Backend,"Expor serviços e integrar consumers: BackupSet coordenado, manifests, checksums, watermark e policies de inclusão",STORY-0445,,STORY-0448-ISSUE-0558-expor-servicos-e-integrar-consumers-backupset-coordenado-manifests-checksu.md,ADR-003/ADR-004/ADR-005/ADR-006/ADR-007/ADR-008/ADR-010/ADR-011/ADR-016/ADR-018/ADR-019/ADR-025,DERIVED_CONTROL,AC-ISSUE-0558-01/AC-ISSUE-0558-02/AC-ISSUE-0558-03/AC-ISSUE-0558-04,PASS,PASS,PASS,PASS,HIGH
STORY-0449,ISSUE-0559,TASK-0449,EPIC-071,SPRINT-011,DAT,BC-013,"Artifacts, Proveniência e Lifecycle",Story,planned,Security,"Validar segurança, recuperação e concorrência: BackupSet coordenado, manifests, checksums, watermark e policies de inclusão",STORY-0446/STORY-0447/STORY-0448,REQ-BKP-002,STORY-0449-ISSUE-0559-validar-seguranca-recuperacao-e-concorrencia-backupset-coordenado-manifest.md,ADR-003/ADR-004/ADR-005/ADR-006/ADR-007/ADR-008/ADR-018/ADR-025/ADR-030/ADR-031/ADR-032,MIXED,AC-ISSUE-0559-01/AC-ISSUE-0559-02/AC-ISSUE-0559-03/AC-ISSUE-0559-04,PASS,PASS,PASS,PASS,CRITICAL
STORY-0450,ISSUE-0560,TASK-0450,EPIC-071,SPRINT-011,DAT,BC-013,"Artifacts, Proveniência e Lifecycle",Story,planned,Reviewer,"Executar QA e auditoria final: BackupSet coordenado, manifests, checksums, watermark e policies de inclusão",STORY-0449,,STORY-0450-ISSUE-0560-executar-qa-e-auditoria-final-backupset-coordenado-manifests-checksums-wat.md,ADR-003/ADR-004/ADR-005/ADR-006/ADR-007/ADR-008/ADR-018/ADR-025,DERIVED_CONTROL,AC-ISSUE-0560-01/AC-ISSUE-0560-02/AC-ISSUE-0560-03/AC-ISSUE-0560-04,PASS,PASS,PASS,PASS,HIGH
STORY-0451,ISSUE-0561,TASK-0451,EPIC-072,SPRINT-011,OPS,BC-014,"Operações, Auditoria e Suporte",Story,planned,DevOps,"Definir SLO, runbook e controles operacionais: restore drills isolados, evidências, RPO/RTO e runbook executável",STORY-0450/STORY-0237,REQ-SCM-004/REQ-UPG-001/REQ-UPG-004,STORY-0451-ISSUE-0561-definir-slo-runbook-e-controles-operacionais-restore-drills-isolados-evide.md,ADR-003/ADR-004/ADR-005/ADR-006/ADR-007/ADR-008/ADR-009/ADR-010/ADR-011/ADR-025/ADR-027/ADR-033/ADR-034/ADR-035,MIXED,AC-ISSUE-0561-01/AC-ISSUE-0561-02/AC-ISSUE-0561-03/AC-ISSUE-0561-04,PASS,PASS,PASS,PASS,CRITICAL
STORY-0452,ISSUE-0562,TASK-0452,EPIC-072,SPRINT-011,OPS,BC-014,"Operações, Auditoria e Suporte",Story,planned,DevOps,"Implementar automação operacional: restore drills isolados, evidências, RPO/RTO e runbook executável",STORY-0451,REQ-EPIC-039,STORY-0452-ISSUE-0562-implementar-automacao-operacional-restore-drills-isolados-evidencias-rpo-r.md,ADR-003/ADR-004/ADR-005/ADR-006/ADR-007/ADR-008/ADR-009/ADR-010/ADR-011/ADR-025/ADR-027/ADR-033/ADR-034,MIXED,AC-ISSUE-0562-01/AC-ISSUE-0562-02/AC-ISSUE-0562-03/AC-ISSUE-0562-04,PASS,PASS,PASS,PASS,CRITICAL
STORY-0453,ISSUE-0563,TASK-0453,EPIC-072,SPRINT-011,OPS,BC-014,"Operações, Auditoria e Suporte",Story,planned,DevOps,"Instrumentar sinais, dashboards e alertas: restore drills isolados, evidências, RPO/RTO e runbook executável",STORY-0451,REQ-BKP-002,STORY-0453-ISSUE-0563-instrumentar-sinais-dashboards-e-alertas-restore-drills-isolados-evidencia.md,ADR-003/ADR-004/ADR-005/ADR-006/ADR-007/ADR-008/ADR-009/ADR-010/ADR-011/ADR-025/ADR-027/ADR-033/ADR-034,MIXED,AC-ISSUE-0563-01/AC-ISSUE-0563-02/AC-ISSUE-0563-03/AC-ISSUE-0563-04,PASS,PASS,PASS,PASS,CRITICAL
STORY-0454,ISSUE-0564,TASK-0454,EPIC-072,SPRINT-011,OPS,BC-014,"Operações, Auditoria e Suporte",Story,planned,QA,"Executar drills, fault injection e recuperação: restore drills isolados, evidências, RPO/RTO e runbook executável",STORY-0451,,STORY-0454-ISSUE-0564-executar-drills-fault-injection-e-recuperacao-restore-drills-isolados-evid.md,ADR-003/ADR-004/ADR-005/ADR-006/ADR-007/ADR-008/ADR-010/ADR-011/ADR-025/ADR-027,DERIVED_CONTROL,AC-ISSUE-0564-01/AC-ISSUE-0564-02/AC-ISSUE-0564-03/AC-ISSUE-0564-04,PASS,PASS,PASS,PASS,CRITICAL
STORY-0455,ISSUE-0565,TASK-0455,EPIC-072,SPRINT-011,OPS,BC-014,"Operações, Auditoria e Suporte",Story,planned,Security,"Validar acesso, redaction e exposição: restore drills isolados, evidências, RPO/RTO e runbook executável",STORY-0452/STORY-0453/STORY-0454,,STORY-0455-ISSUE-0565-validar-acesso-redaction-e-exposicao-restore-drills-isolados-evidencias-rp.md,ADR-003/ADR-004/ADR-005/ADR-006/ADR-007/ADR-008/ADR-010/ADR-011/ADR-025/ADR-027/ADR-030/ADR-031/ADR-032,DERIVED_CONTROL,AC-ISSUE-0565-01/AC-ISSUE-0565-02/AC-ISSUE-0565-03/AC-ISSUE-0565-04,PASS,PASS,PASS,PASS,CRITICAL
STORY-0456,ISSUE-0566,TASK-0456,EPIC-072,SPRINT-011,OPS,BC-014,"Operações, Auditoria e Suporte",Story,planned,Reviewer,"Auditar evidência operacional final: restore drills isolados, evidências, RPO/RTO e runbook executável",STORY-0455,,STORY-0456-ISSUE-0566-auditar-evidencia-operacional-final-restore-drills-isolados-evidencias-rpo.md,ADR-003/ADR-004/ADR-005/ADR-006/ADR-007/ADR-008/ADR-010/ADR-011/ADR-025/ADR-027,DERIVED_CONTROL,AC-ISSUE-0566-01/AC-ISSUE-0566-02/AC-ISSUE-0566-03/AC-ISSUE-0566-04,PASS,PASS,PASS,PASS,CRITICAL
STORY-0457,ISSUE-0567,TASK-0457,EPIC-073,SPRINT-011,DAT,BC-013,"Artifacts, Proveniência e Lifecycle",Story,planned,Arquiteto,"Definir modelo, invariantes e contratos de dados: RetentionPolicy por classe/estado/dependência, holds e preview de impacto",STORY-0301/STORY-0384,REQ-RET-001,STORY-0457-ISSUE-0567-definir-modelo-invariantes-e-contratos-de-dados-retentionpolicy-por-classe.md,ADR-003/ADR-004/ADR-005/ADR-006/ADR-007/ADR-008/ADR-010/ADR-011/ADR-012/ADR-016,MIXED,AC-ISSUE-0567-01/AC-ISSUE-0567-02/AC-ISSUE-0567-03/AC-ISSUE-0567-04,PASS,PASS,PASS,PASS,HIGH
STORY-0458,ISSUE-0568,TASK-0458,EPIC-073,SPRINT-011,DAT,BC-013,"Artifacts, Proveniência e Lifecycle",Story,planned,Backend,"Implementar persistência e migrations: RetentionPolicy por classe/estado/dependência, holds e preview de impacto",STORY-0457,REQ-GC-001,STORY-0458-ISSUE-0568-implementar-persistencia-e-migrations-retentionpolicy-por-classe-estado-de.md,ADR-003/ADR-004/ADR-005/ADR-006/ADR-007/ADR-008/ADR-010/ADR-011/ADR-012/ADR-016/ADR-018/ADR-019,MIXED,AC-ISSUE-0568-01/AC-ISSUE-0568-02/AC-ISSUE-0568-03/AC-ISSUE-0568-04,PASS,PASS,PASS,PASS,HIGH
STORY-0459,ISSUE-0569,TASK-0459,EPIC-073,SPRINT-011,DAT,BC-013,"Artifacts, Proveniência e Lifecycle",Story,planned,Backend,"Implementar armazenamento e lifecycle: RetentionPolicy por classe/estado/dependência, holds e preview de impacto",STORY-0457,,STORY-0459-ISSUE-0569-implementar-armazenamento-e-lifecycle-retentionpolicy-por-classe-estado-de.md,ADR-003/ADR-004/ADR-005/ADR-006/ADR-007/ADR-008/ADR-010/ADR-011/ADR-012/ADR-016/ADR-018/ADR-019,DERIVED_CONTROL,AC-ISSUE-0569-01/AC-ISSUE-0569-02/AC-ISSUE-0569-03/AC-ISSUE-0569-04,PASS,PASS,PASS,PASS,HIGH
STORY-0460,ISSUE-0570,TASK-0460,EPIC-073,SPRINT-011,DAT,BC-013,"Artifacts, Proveniência e Lifecycle",Story,planned,Backend,"Expor serviços e integrar consumers: RetentionPolicy por classe/estado/dependência, holds e preview de impacto",STORY-0457,REQ-SRP-004,STORY-0460-ISSUE-0570-expor-servicos-e-integrar-consumers-retentionpolicy-por-classe-estado-depe.md,ADR-003/ADR-004/ADR-005/ADR-006/ADR-007/ADR-008/ADR-010/ADR-011/ADR-012/ADR-016/ADR-018/ADR-019/ADR-053,MIXED,AC-ISSUE-0570-01/AC-ISSUE-0570-02/AC-ISSUE-0570-03/AC-ISSUE-0570-04,PASS,PASS,PASS,PASS,HIGH
STORY-0461,ISSUE-0571,TASK-0461,EPIC-073,SPRINT-011,DAT,BC-013,"Artifacts, Proveniência e Lifecycle",Story,planned,Security,"Validar segurança, recuperação e concorrência: RetentionPolicy por classe/estado/dependência, holds e preview de impacto",STORY-0458/STORY-0459/STORY-0460,,STORY-0461-ISSUE-0571-validar-seguranca-recuperacao-e-concorrencia-retentionpolicy-por-classe-es.md,ADR-003/ADR-004/ADR-005/ADR-006/ADR-007/ADR-008/ADR-010/ADR-011/ADR-012/ADR-016/ADR-030/ADR-031/ADR-032,DERIVED_CONTROL,AC-ISSUE-0571-01/AC-ISSUE-0571-02/AC-ISSUE-0571-03/AC-ISSUE-0571-04,PASS,PASS,PASS,PASS,CRITICAL
STORY-0462,ISSUE-0572,TASK-0462,EPIC-073,SPRINT-011,DAT,BC-013,"Artifacts, Proveniência e Lifecycle",Story,planned,Reviewer,"Executar QA e auditoria final: RetentionPolicy por classe/estado/dependência, holds e preview de impacto",STORY-0461,,STORY-0462-ISSUE-0572-executar-qa-e-auditoria-final-retentionpolicy-por-classe-estado-dependenci.md,ADR-003/ADR-004/ADR-005/ADR-006/ADR-007/ADR-008/ADR-010/ADR-011/ADR-012/ADR-016,DERIVED_CONTROL,AC-ISSUE-0572-01/AC-ISSUE-0572-02/AC-ISSUE-0572-03/AC-ISSUE-0572-04,PASS,PASS,PASS,PASS,HIGH
STORY-0463,ISSUE-0573,TASK-0463,EPIC-074,SPRINT-011,DAT,BC-013,"Artifacts, Proveniência e Lifecycle",Story,planned,Arquiteto,"Definir modelo, invariantes e contratos de dados: GC reference-aware, tombstone, quarentena, período de graça e reconciliação",STORY-0462/STORY-0301,,STORY-0463-ISSUE-0573-definir-modelo-invariantes-e-contratos-de-dados-gc-reference-aware-tombsto.md,ADR-003/ADR-004/ADR-005/ADR-006/ADR-007/ADR-008/ADR-010/ADR-011/ADR-016,DERIVED_CONTROL,AC-ISSUE-0573-01/AC-ISSUE-0573-02/AC-ISSUE-0573-03/AC-ISSUE-0573-04,PASS,PASS,PASS,PASS,HIGH
STORY-0464,ISSUE-0574,TASK-0464,EPIC-074,SPRINT-011,DAT,BC-013,"Artifacts, Proveniência e Lifecycle",Story,planned,Backend,"Implementar persistência e migrations: GC reference-aware, tombstone, quarentena, período de graça e reconciliação",STORY-0463,REQ-GC-001,STORY-0464-ISSUE-0574-implementar-persistencia-e-migrations-gc-reference-aware-tombstone-quarent.md,ADR-003/ADR-004/ADR-005/ADR-006/ADR-007/ADR-008/ADR-016/ADR-018/ADR-019,MIXED,AC-ISSUE-0574-01/AC-ISSUE-0574-02/AC-ISSUE-0574-03/AC-ISSUE-0574-04,PASS,PASS,PASS,PASS,HIGH
STORY-0465,ISSUE-0575,TASK-0465,EPIC-074,SPRINT-011,DAT,BC-013,"Artifacts, Proveniência e Lifecycle",Story,planned,Backend,"Implementar armazenamento e lifecycle: GC reference-aware, tombstone, quarentena, período de graça e reconciliação",STORY-0463,,STORY-0465-ISSUE-0575-implementar-armazenamento-e-lifecycle-gc-reference-aware-tombstone-quarent.md,ADR-003/ADR-004/ADR-005/ADR-006/ADR-007/ADR-008/ADR-016/ADR-018/ADR-019,DERIVED_CONTROL,AC-ISSUE-0575-01/AC-ISSUE-0575-02/AC-ISSUE-0575-03/AC-ISSUE-0575-04,PASS,PASS,PASS,PASS,HIGH
STORY-0466,ISSUE-0576,TASK-0466,EPIC-074,SPRINT-011,DAT,BC-013,"Artifacts, Proveniência e Lifecycle",Story,planned,Backend,"Expor serviços e integrar consumers: GC reference-aware, tombstone, quarentena, período de graça e reconciliação",STORY-0463,,STORY-0466-ISSUE-0576-expor-servicos-e-integrar-consumers-gc-reference-aware-tombstone-quarenten.md,ADR-003/ADR-004/ADR-005/ADR-006/ADR-007/ADR-008/ADR-010/ADR-011/ADR-016/ADR-018/ADR-019,DERIVED_CONTROL,AC-ISSUE-0576-01/AC-ISSUE-0576-02/AC-ISSUE-0576-03/AC-ISSUE-0576-04,PASS,PASS,PASS,PASS,HIGH
STORY-0467,ISSUE-0577,TASK-0467,EPIC-074,SPRINT-011,DAT,BC-013,"Artifacts, Proveniência e Lifecycle",Story,planned,Security,"Validar segurança, recuperação e concorrência: GC reference-aware, tombstone, quarentena, período de graça e reconciliação",STORY-0464/STORY-0465/STORY-0466,,STORY-0467-ISSUE-0577-validar-seguranca-recuperacao-e-concorrencia-gc-reference-aware-tombstone.md,ADR-003/ADR-004/ADR-005/ADR-006/ADR-007/ADR-008/ADR-030/ADR-031/ADR-032,DERIVED_CONTROL,AC-ISSUE-0577-01/AC-ISSUE-0577-02/AC-ISSUE-0577-03/AC-ISSUE-0577-04,PASS,PASS,PASS,PASS,CRITICAL
STORY-0468,ISSUE-0578,TASK-0468,EPIC-074,SPRINT-011,DAT,BC-013,"Artifacts, Proveniência e Lifecycle",Story,planned,Reviewer,"Executar QA e auditoria final: GC reference-aware, tombstone, quarentena, período de graça e reconciliação",STORY-0467,,STORY-0468-ISSUE-0578-executar-qa-e-auditoria-final-gc-reference-aware-tombstone-quarentena-peri.md,ADR-003/ADR-004/ADR-005/ADR-006/ADR-007/ADR-008,DERIVED_CONTROL,AC-ISSUE-0578-01/AC-ISSUE-0578-02/AC-ISSUE-0578-03/AC-ISSUE-0578-04,PASS,PASS,PASS,PASS,HIGH
STORY-0469,ISSUE-0579,TASK-0469,EPIC-075,SPRINT-011,OPS,BC-014,"Operações, Auditoria e Suporte",Story,planned,DevOps,"Definir SLO, runbook e controles operacionais: canal append-only de auditoria, particionamento, digests, consulta e exportação assinada opcional",STORY-0055/STORY-0301/STORY-0438,REQ-AUD-001,STORY-0469-ISSUE-0579-definir-slo-runbook-e-controles-operacionais-canal-append-only-de-auditori.md,ADR-003/ADR-004/ADR-005/ADR-006/ADR-007/ADR-008/ADR-009/ADR-010/ADR-011/ADR-033/ADR-034/ADR-055,MIXED,AC-ISSUE-0579-01/AC-ISSUE-0579-02/AC-ISSUE-0579-03/AC-ISSUE-0579-04,PASS,PASS,PASS,PASS,CRITICAL
STORY-0470,ISSUE-0580,TASK-0470,EPIC-075,SPRINT-011,OPS,BC-014,"Operações, Auditoria e Suporte",Story,planned,DevOps,"Implementar automação operacional: canal append-only de auditoria, particionamento, digests, consulta e exportação assinada opcional",STORY-0469,REQ-INS-004/REQ-RMQ-004/REQ-SMO-004/REQ-UPG-003,STORY-0470-ISSUE-0580-implementar-automacao-operacional-canal-append-only-de-auditoria-particion.md,ADR-003/ADR-004/ADR-005/ADR-006/ADR-007/ADR-008/ADR-009/ADR-030/ADR-033/ADR-034/ADR-035/ADR-039,MIXED,AC-ISSUE-0580-01/AC-ISSUE-0580-02/AC-ISSUE-0580-03/AC-ISSUE-0580-04,PASS,PASS,PASS,PASS,CRITICAL
STORY-0471,ISSUE-0581,TASK-0471,EPIC-075,SPRINT-011,OPS,BC-014,"Operações, Auditoria e Suporte",Story,planned,DevOps,"Instrumentar sinais, dashboards e alertas: canal append-only de auditoria, particionamento, digests, consulta e exportação assinada opcional",STORY-0469,,STORY-0471-ISSUE-0581-instrumentar-sinais-dashboards-e-alertas-canal-append-only-de-auditoria-pa.md,ADR-003/ADR-004/ADR-005/ADR-006/ADR-007/ADR-008/ADR-009/ADR-033/ADR-034,DERIVED_CONTROL,AC-ISSUE-0581-01/AC-ISSUE-0581-02/AC-ISSUE-0581-03/AC-ISSUE-0581-04,PASS,PASS,PASS,PASS,CRITICAL
STORY-0472,ISSUE-0582,TASK-0472,EPIC-075,SPRINT-011,OPS,BC-014,"Operações, Auditoria e Suporte",Story,planned,QA,"Executar drills, fault injection e recuperação: canal append-only de auditoria, particionamento, digests, consulta e exportação assinada opcional",STORY-0469,,STORY-0472-ISSUE-0582-executar-drills-fault-injection-e-recuperacao-canal-append-only-de-auditor.md,ADR-003/ADR-004/ADR-005/ADR-006/ADR-007/ADR-008,DERIVED_CONTROL,AC-ISSUE-0582-01/AC-ISSUE-0582-02/AC-ISSUE-0582-03/AC-ISSUE-0582-04,PASS,PASS,PASS,PASS,CRITICAL
STORY-0473,ISSUE-0583,TASK-0473,EPIC-075,SPRINT-011,OPS,BC-014,"Operações, Auditoria e Suporte",Story,planned,Security,"Validar acesso, redaction e exposição: canal append-only de auditoria, particionamento, digests, consulta e exportação assinada opcional",STORY-0470/STORY-0471/STORY-0472,,STORY-0473-ISSUE-0583-validar-acesso-redaction-e-exposicao-canal-append-only-de-auditoria-partic.md,ADR-003/ADR-004/ADR-005/ADR-006/ADR-007/ADR-008/ADR-030/ADR-031/ADR-032,DERIVED_CONTROL,AC-ISSUE-0583-01/AC-ISSUE-0583-02/AC-ISSUE-0583-03/AC-ISSUE-0583-04,PASS,PASS,PASS,PASS,CRITICAL
STORY-0474,ISSUE-0584,TASK-0474,EPIC-075,SPRINT-011,OPS,BC-014,"Operações, Auditoria e Suporte",Story,planned,Reviewer,"Auditar evidência operacional final: canal append-only de auditoria, particionamento, digests, consulta e exportação assinada opcional",STORY-0473,,STORY-0474-ISSUE-0584-auditar-evidencia-operacional-final-canal-append-only-de-auditoria-partici.md,ADR-003/ADR-004/ADR-005/ADR-006/ADR-007/ADR-008,DERIVED_CONTROL,AC-ISSUE-0584-01/AC-ISSUE-0584-02/AC-ISSUE-0584-03/AC-ISSUE-0584-04,PASS,PASS,PASS,PASS,CRITICAL
STORY-0475,ISSUE-0585,TASK-0475,EPIC-076,SPRINT-011,SEC,BC-014,"Operações, Auditoria e Suporte",Story,planned,Security,"Modelar ameaças e requisitos de controle: catálogo de campos, redaction centralizada, testes de vazamento e bundles de suporte sanitizados",STORY-0025/STORY-0237/STORY-0474,REQ-INS-002/REQ-LOG-001/REQ-RUNTIME-009,STORY-0475-ISSUE-0585-modelar-ameacas-e-requisitos-de-controle-catalogo-de-campos-redaction-cent.md,ADR-003/ADR-004/ADR-005/ADR-006/ADR-007/ADR-008/ADR-030/ADR-031/ADR-032/ADR-034/ADR-055,MIXED,AC-ISSUE-0585-01/AC-ISSUE-0585-02/AC-ISSUE-0585-03/AC-ISSUE-0585-04,PASS,PASS,PASS,PASS,CRITICAL
STORY-0476,ISSUE-0586,TASK-0476,EPIC-076,SPRINT-011,SEC,BC-014,"Operações, Auditoria e Suporte",Story,planned,Arquiteto,"Definir políticas e contratos fail-closed: catálogo de campos, redaction centralizada, testes de vazamento e bundles de suporte sanitizados",STORY-0475,REQ-SRP-004,STORY-0476-ISSUE-0586-definir-politicas-e-contratos-fail-closed-catalogo-de-campos-redaction-cen.md,ADR-003/ADR-004/ADR-005/ADR-006/ADR-007/ADR-008/ADR-010/ADR-011/ADR-016/ADR-053,MIXED,AC-ISSUE-0586-01/AC-ISSUE-0586-02/AC-ISSUE-0586-03/AC-ISSUE-0586-04,PASS,PASS,PASS,PASS,CRITICAL
STORY-0477,ISSUE-0587,TASK-0477,EPIC-076,SPRINT-011,SEC,BC-014,"Operações, Auditoria e Suporte",Story,planned,Backend,"Implementar controles e enforcement: catálogo de campos, redaction centralizada, testes de vazamento e bundles de suporte sanitizados",STORY-0475,,STORY-0477-ISSUE-0587-implementar-controles-e-enforcement-catalogo-de-campos-redaction-centraliz.md,ADR-003/ADR-004/ADR-005/ADR-006/ADR-007/ADR-008/ADR-016/ADR-018/ADR-019,DERIVED_CONTROL,AC-ISSUE-0587-01/AC-ISSUE-0587-02/AC-ISSUE-0587-03/AC-ISSUE-0587-04,PASS,PASS,PASS,PASS,CRITICAL
STORY-0478,ISSUE-0588,TASK-0478,EPIC-076,SPRINT-011,SEC,BC-014,"Operações, Auditoria e Suporte",Story,planned,Security,"Executar testes negativos e ofensivos: catálogo de campos, redaction centralizada, testes de vazamento e bundles de suporte sanitizados",STORY-0475,,STORY-0478-ISSUE-0588-executar-testes-negativos-e-ofensivos-catalogo-de-campos-redaction-central.md,ADR-003/ADR-004/ADR-005/ADR-006/ADR-007/ADR-008/ADR-030/ADR-031/ADR-032,DERIVED_CONTROL,AC-ISSUE-0588-01/AC-ISSUE-0588-02/AC-ISSUE-0588-03/AC-ISSUE-0588-04,PASS,PASS,PASS,PASS,CRITICAL
STORY-0479,ISSUE-0589,TASK-0479,EPIC-076,SPRINT-011,SEC,BC-014,"Operações, Auditoria e Suporte",Story,planned,DevOps,"Instrumentar detecção, resposta e runbook: catálogo de campos, redaction centralizada, testes de vazamento e bundles de suporte sanitizados",STORY-0476/STORY-0477/STORY-0478,,STORY-0479-ISSUE-0589-instrumentar-deteccao-resposta-e-runbook-catalogo-de-campos-redaction-cent.md,ADR-003/ADR-004/ADR-005/ADR-006/ADR-007/ADR-008/ADR-009/ADR-033/ADR-034,DERIVED_CONTROL,AC-ISSUE-0589-01/AC-ISSUE-0589-02/AC-ISSUE-0589-03/AC-ISSUE-0589-04,PASS,PASS,PASS,PASS,CRITICAL
STORY-0480,ISSUE-0590,TASK-0480,EPIC-076,SPRINT-011,SEC,BC-014,"Operações, Auditoria e Suporte",Story,planned,Reviewer,"Auditar evidência de segurança final: catálogo de campos, redaction centralizada, testes de vazamento e bundles de suporte sanitizados",STORY-0479,,STORY-0480-ISSUE-0590-auditar-evidencia-de-seguranca-final-catalogo-de-campos-redaction-centrali.md,ADR-003/ADR-004/ADR-005/ADR-006/ADR-007/ADR-008,DERIVED_CONTROL,AC-ISSUE-0590-01/AC-ISSUE-0590-02/AC-ISSUE-0590-03/AC-ISSUE-0590-04,PASS,PASS,PASS,PASS,CRITICAL
STORY-0481,ISSUE-0591,TASK-0481,EPIC-077,SPRINT-011,OPS,BC-014,"Operações, Auditoria e Suporte",Story,planned,DevOps,"Definir SLO, runbook e controles operacionais: budgets de cardinalidade, sampling, retenção por sinal e dashboards de perda/overhead",STORY-0237/STORY-0462,,STORY-0481-ISSUE-0591-definir-slo-runbook-e-controles-operacionais-budgets-de-cardinalidade-samp.md,ADR-003/ADR-004/ADR-005/ADR-006/ADR-007/ADR-008/ADR-009/ADR-010/ADR-011/ADR-033/ADR-034,DERIVED_CONTROL,AC-ISSUE-0591-01/AC-ISSUE-0591-02/AC-ISSUE-0591-03/AC-ISSUE-0591-04,PASS,PASS,PASS,PASS,CRITICAL
STORY-0482,ISSUE-0592,TASK-0482,EPIC-077,SPRINT-011,OPS,BC-014,"Operações, Auditoria e Suporte",Story,planned,DevOps,"Implementar automação operacional: budgets de cardinalidade, sampling, retenção por sinal e dashboards de perda/overhead",STORY-0481,REQ-MET-001,STORY-0482-ISSUE-0592-implementar-automacao-operacional-budgets-de-cardinalidade-sampling-retenc.md,ADR-003/ADR-004/ADR-005/ADR-006/ADR-007/ADR-008/ADR-009/ADR-033/ADR-034/ADR-054,MIXED,AC-ISSUE-0592-01/AC-ISSUE-0592-02/AC-ISSUE-0592-03/AC-ISSUE-0592-04,PASS,PASS,PASS,PASS,CRITICAL
STORY-0483,ISSUE-0593,TASK-0483,EPIC-077,SPRINT-011,OPS,BC-014,"Operações, Auditoria e Suporte",Story,planned,DevOps,"Instrumentar sinais, dashboards e alertas: budgets de cardinalidade, sampling, retenção por sinal e dashboards de perda/overhead",STORY-0481,,STORY-0483-ISSUE-0593-instrumentar-sinais-dashboards-e-alertas-budgets-de-cardinalidade-sampling.md,ADR-003/ADR-004/ADR-005/ADR-006/ADR-007/ADR-008/ADR-009/ADR-033/ADR-034,DERIVED_CONTROL,AC-ISSUE-0593-01/AC-ISSUE-0593-02/AC-ISSUE-0593-03/AC-ISSUE-0593-04,PASS,PASS,PASS,PASS,CRITICAL
STORY-0484,ISSUE-0594,TASK-0484,EPIC-077,SPRINT-011,OPS,BC-014,"Operações, Auditoria e Suporte",Story,planned,QA,"Executar drills, fault injection e recuperação: budgets de cardinalidade, sampling, retenção por sinal e dashboards de perda/overhead",STORY-0481,,STORY-0484-ISSUE-0594-executar-drills-fault-injection-e-recuperacao-budgets-de-cardinalidade-sam.md,ADR-003/ADR-004/ADR-005/ADR-006/ADR-007/ADR-008,DERIVED_CONTROL,AC-ISSUE-0594-01/AC-ISSUE-0594-02/AC-ISSUE-0594-03/AC-ISSUE-0594-04,PASS,PASS,PASS,PASS,CRITICAL
STORY-0485,ISSUE-0595,TASK-0485,EPIC-077,SPRINT-011,OPS,BC-014,"Operações, Auditoria e Suporte",Story,planned,Security,"Validar acesso, redaction e exposição: budgets de cardinalidade, sampling, retenção por sinal e dashboards de perda/overhead",STORY-0482/STORY-0483/STORY-0484,,STORY-0485-ISSUE-0595-validar-acesso-redaction-e-exposicao-budgets-de-cardinalidade-sampling-ret.md,ADR-003/ADR-004/ADR-005/ADR-006/ADR-007/ADR-008/ADR-030/ADR-031/ADR-032,DERIVED_CONTROL,AC-ISSUE-0595-01/AC-ISSUE-0595-02/AC-ISSUE-0595-03/AC-ISSUE-0595-04,PASS,PASS,PASS,PASS,CRITICAL
STORY-0486,ISSUE-0596,TASK-0486,EPIC-077,SPRINT-011,OPS,BC-014,"Operações, Auditoria e Suporte",Story,planned,Reviewer,"Auditar evidência operacional final: budgets de cardinalidade, sampling, retenção por sinal e dashboards de perda/overhead",STORY-0485,,STORY-0486-ISSUE-0596-auditar-evidencia-operacional-final-budgets-de-cardinalidade-sampling-rete.md,ADR-003/ADR-004/ADR-005/ADR-006/ADR-007/ADR-008,DERIVED_CONTROL,AC-ISSUE-0596-01/AC-ISSUE-0596-02/AC-ISSUE-0596-03/AC-ISSUE-0596-04,PASS,PASS,PASS,PASS,CRITICAL
STORY-0487,ISSUE-0597,TASK-0487,EPIC-078,SPRINT-011,SEC,BC-014,"Operações, Auditoria e Suporte",Story,planned,Security,"Modelar ameaças e requisitos de controle: contrato de secrets, setup, permissões, rotação, recuperação e adapters opcionais de vault",STORY-0025/STORY-0040,REQ-EPIC-076,STORY-0487-ISSUE-0597-modelar-ameacas-e-requisitos-de-controle-contrato-de-secrets-setup-permiss.md,ADR-003/ADR-004/ADR-005/ADR-006/ADR-007/ADR-008/ADR-030/ADR-031/ADR-032,MIXED,AC-ISSUE-0597-01/AC-ISSUE-0597-02/AC-ISSUE-0597-03/AC-ISSUE-0597-04,PASS,PASS,PASS,PASS,CRITICAL
STORY-0488,ISSUE-0598,TASK-0488,EPIC-078,SPRINT-011,SEC,BC-014,"Operações, Auditoria e Suporte",Story,planned,Arquiteto,"Definir políticas e contratos fail-closed: contrato de secrets, setup, permissões, rotação, recuperação e adapters opcionais de vault",STORY-0487,REQ-ARTLAYOUT-005/REQ-ARTLAYOUT-006/REQ-ARTLAYOUT-007/REQ-RUNTIME-004,STORY-0488-ISSUE-0598-definir-politicas-e-contratos-fail-closed-contrato-de-secrets-setup-permis.md,ADR-003/ADR-004/ADR-005/ADR-006/ADR-007/ADR-008/ADR-010/ADR-011/ADR-016/ADR-023/ADR-024/ADR-040/ADR-045,MIXED,AC-ISSUE-0598-01/AC-ISSUE-0598-02/AC-ISSUE-0598-03/AC-ISSUE-0598-04,PASS,PASS,PASS,PASS,CRITICAL
STORY-0489,ISSUE-0599,TASK-0489,EPIC-078,SPRINT-011,SEC,BC-014,"Operações, Auditoria e Suporte",Story,planned,Backend,"Implementar controles e enforcement: contrato de secrets, setup, permissões, rotação, recuperação e adapters opcionais de vault",STORY-0487,,STORY-0489-ISSUE-0599-implementar-controles-e-enforcement-contrato-de-secrets-setup-permissoes-r.md,ADR-003/ADR-004/ADR-005/ADR-006/ADR-007/ADR-008/ADR-016/ADR-018/ADR-019/ADR-023/ADR-024,DERIVED_CONTROL,AC-ISSUE-0599-01/AC-ISSUE-0599-02/AC-ISSUE-0599-03/AC-ISSUE-0599-04,PASS,PASS,PASS,PASS,CRITICAL
STORY-0490,ISSUE-0600,TASK-0490,EPIC-078,SPRINT-011,SEC,BC-014,"Operações, Auditoria e Suporte",Story,planned,Security,"Executar testes negativos e ofensivos: contrato de secrets, setup, permissões, rotação, recuperação e adapters opcionais de vault",STORY-0487,,STORY-0490-ISSUE-0600-executar-testes-negativos-e-ofensivos-contrato-de-secrets-setup-permissoes.md,ADR-003/ADR-004/ADR-005/ADR-006/ADR-007/ADR-008/ADR-030/ADR-031/ADR-032,DERIVED_CONTROL,AC-ISSUE-0600-01/AC-ISSUE-0600-02/AC-ISSUE-0600-03/AC-ISSUE-0600-04,PASS,PASS,PASS,PASS,CRITICAL
STORY-0491,ISSUE-0601,TASK-0491,EPIC-078,SPRINT-011,SEC,BC-014,"Operações, Auditoria e Suporte",Story,planned,DevOps,"Instrumentar detecção, resposta e runbook: contrato de secrets, setup, permissões, rotação, recuperação e adapters opcionais de vault",STORY-0488/STORY-0489/STORY-0490,,STORY-0491-ISSUE-0601-instrumentar-deteccao-resposta-e-runbook-contrato-de-secrets-setup-permiss.md,ADR-003/ADR-004/ADR-005/ADR-006/ADR-007/ADR-008/ADR-009/ADR-033/ADR-034,DERIVED_CONTROL,AC-ISSUE-0601-01/AC-ISSUE-0601-02/AC-ISSUE-0601-03/AC-ISSUE-0601-04,PASS,PASS,PASS,PASS,CRITICAL
STORY-0492,ISSUE-0602,TASK-0492,EPIC-078,SPRINT-011,SEC,BC-014,"Operações, Auditoria e Suporte",Story,planned,Reviewer,"Auditar evidência de segurança final: contrato de secrets, setup, permissões, rotação, recuperação e adapters opcionais de vault",STORY-0491,,STORY-0492-ISSUE-0602-auditar-evidencia-de-seguranca-final-contrato-de-secrets-setup-permissoes.md,ADR-003/ADR-004/ADR-005/ADR-006/ADR-007/ADR-008,DERIVED_CONTROL,AC-ISSUE-0602-01/AC-ISSUE-0602-02/AC-ISSUE-0602-03/AC-ISSUE-0602-04,PASS,PASS,PASS,PASS,CRITICAL
STORY-0493,ISSUE-0603,TASK-0493,EPIC-079,SPRINT-011,OPS,BC-014,"Operações, Auditoria e Suporte",Story,planned,DevOps,"Definir SLO, runbook e controles operacionais: ingress único, TLS, redes privadas, limites e testes de exposição de portas",STORY-0015/STORY-0040/STORY-0492,,STORY-0493-ISSUE-0603-definir-slo-runbook-e-controles-operacionais-ingress-unico-tls-redes-priva.md,ADR-003/ADR-004/ADR-005/ADR-006/ADR-007/ADR-008/ADR-009/ADR-010/ADR-011/ADR-033/ADR-034,DERIVED_CONTROL,AC-ISSUE-0603-01/AC-ISSUE-0603-02/AC-ISSUE-0603-03/AC-ISSUE-0603-04,PASS,PASS,PASS,PASS,CRITICAL
STORY-0494,ISSUE-0604,TASK-0494,EPIC-079,SPRINT-011,OPS,BC-014,"Operações, Auditoria e Suporte",Story,planned,DevOps,"Implementar automação operacional: ingress único, TLS, redes privadas, limites e testes de exposição de portas",STORY-0493,,STORY-0494-ISSUE-0604-implementar-automacao-operacional-ingress-unico-tls-redes-privadas-limites.md,ADR-003/ADR-004/ADR-005/ADR-006/ADR-007/ADR-008/ADR-009/ADR-033/ADR-034,DERIVED_CONTROL,AC-ISSUE-0604-01/AC-ISSUE-0604-02/AC-ISSUE-0604-03/AC-ISSUE-0604-04,PASS,PASS,PASS,PASS,CRITICAL
STORY-0495,ISSUE-0605,TASK-0495,EPIC-079,SPRINT-011,OPS,BC-014,"Operações, Auditoria e Suporte",Story,planned,DevOps,"Instrumentar sinais, dashboards e alertas: ingress único, TLS, redes privadas, limites e testes de exposição de portas",STORY-0493,,STORY-0495-ISSUE-0605-instrumentar-sinais-dashboards-e-alertas-ingress-unico-tls-redes-privadas.md,ADR-003/ADR-004/ADR-005/ADR-006/ADR-007/ADR-008/ADR-009/ADR-033/ADR-034,DERIVED_CONTROL,AC-ISSUE-0605-01/AC-ISSUE-0605-02/AC-ISSUE-0605-03/AC-ISSUE-0605-04,PASS,PASS,PASS,PASS,CRITICAL
STORY-0496,ISSUE-0606,TASK-0496,EPIC-079,SPRINT-011,OPS,BC-014,"Operações, Auditoria e Suporte",Story,planned,QA,"Executar drills, fault injection e recuperação: ingress único, TLS, redes privadas, limites e testes de exposição de portas",STORY-0493,,STORY-0496-ISSUE-0606-executar-drills-fault-injection-e-recuperacao-ingress-unico-tls-redes-priv.md,ADR-003/ADR-004/ADR-005/ADR-006/ADR-007/ADR-008,DERIVED_CONTROL,AC-ISSUE-0606-01/AC-ISSUE-0606-02/AC-ISSUE-0606-03/AC-ISSUE-0606-04,PASS,PASS,PASS,PASS,CRITICAL
STORY-0497,ISSUE-0607,TASK-0497,EPIC-079,SPRINT-011,OPS,BC-014,"Operações, Auditoria e Suporte",Story,planned,Security,"Validar acesso, redaction e exposição: ingress único, TLS, redes privadas, limites e testes de exposição de portas",STORY-0494/STORY-0495/STORY-0496,REQ-NET-001,STORY-0497-ISSUE-0607-validar-acesso-redaction-e-exposicao-ingress-unico-tls-redes-privadas-limi.md,ADR-003/ADR-004/ADR-005/ADR-006/ADR-007/ADR-008/ADR-030/ADR-031/ADR-032,MIXED,AC-ISSUE-0607-01/AC-ISSUE-0607-02/AC-ISSUE-0607-03/AC-ISSUE-0607-04,PASS,PASS,PASS,PASS,CRITICAL
STORY-0498,ISSUE-0608,TASK-0498,EPIC-079,SPRINT-011,OPS,BC-014,"Operações, Auditoria e Suporte",Story,planned,Reviewer,"Auditar evidência operacional final: ingress único, TLS, redes privadas, limites e testes de exposição de portas",STORY-0497,,STORY-0498-ISSUE-0608-auditar-evidencia-operacional-final-ingress-unico-tls-redes-privadas-limit.md,ADR-003/ADR-004/ADR-005/ADR-006/ADR-007/ADR-008,DERIVED_CONTROL,AC-ISSUE-0608-01/AC-ISSUE-0608-02/AC-ISSUE-0608-03/AC-ISSUE-0608-04,PASS,PASS,PASS,PASS,CRITICAL
STORY-0499,ISSUE-0609,TASK-0499,EPIC-080,SPRINT-011,SEC,BC-015,"Release, Instalação e Supply Chain",Story,planned,Security,"Modelar ameaças e requisitos de controle: lockfiles, pins por digest/SHA, scanners, SBOM, assinatura OCI, attestations e verificador de release",STORY-0010/STORY-0025,,STORY-0499-ISSUE-0609-modelar-ameacas-e-requisitos-de-controle-lockfiles-pins-por-digest-sha-sca.md,ADR-003/ADR-004/ADR-005/ADR-006/ADR-007/ADR-008/ADR-030/ADR-031/ADR-032,DERIVED_CONTROL,AC-ISSUE-0609-01/AC-ISSUE-0609-02/AC-ISSUE-0609-03/AC-ISSUE-0609-04,PASS,PASS,PASS,PASS,CRITICAL
STORY-0500,ISSUE-0610,TASK-0500,EPIC-080,SPRINT-011,SEC,BC-015,"Release, Instalação e Supply Chain",Story,planned,Arquiteto,"Definir políticas e contratos fail-closed: lockfiles, pins por digest/SHA, scanners, SBOM, assinatura OCI, attestations e verificador de release",STORY-0499,REQ-AI-006/REQ-AI-015/REQ-EPIC-042/REQ-INS-004/REQ-SUP-001,STORY-0500-ISSUE-0610-definir-politicas-e-contratos-fail-closed-lockfiles-pins-por-digest-sha-sc.md,ADR-002/ADR-003/ADR-004/ADR-005/ADR-006/ADR-007/ADR-008/ADR-010/ADR-011/ADR-016/ADR-024/ADR-033/ADR-034/ADR-052,MIXED,AC-ISSUE-0610-01/AC-ISSUE-0610-02/AC-ISSUE-0610-03/AC-ISSUE-0610-04,PASS,PASS,PASS,PASS,CRITICAL
STORY-0501,ISSUE-0611,TASK-0501,EPIC-080,SPRINT-011,SEC,BC-015,"Release, Instalação e Supply Chain",Story,planned,Backend,"Implementar controles e enforcement: lockfiles, pins por digest/SHA, scanners, SBOM, assinatura OCI, attestations e verificador de release",STORY-0499,,STORY-0501-ISSUE-0611-implementar-controles-e-enforcement-lockfiles-pins-por-digest-sha-scanners.md,ADR-003/ADR-004/ADR-005/ADR-006/ADR-007/ADR-008/ADR-016/ADR-018/ADR-019/ADR-024,DERIVED_CONTROL,AC-ISSUE-0611-01/AC-ISSUE-0611-02/AC-ISSUE-0611-03/AC-ISSUE-0611-04,PASS,PASS,PASS,PASS,HIGH
STORY-0502,ISSUE-0612,TASK-0502,EPIC-080,SPRINT-011,SEC,BC-015,"Release, Instalação e Supply Chain",Story,planned,Security,"Executar testes negativos e ofensivos: lockfiles, pins por digest/SHA, scanners, SBOM, assinatura OCI, attestations e verificador de release",STORY-0499,,STORY-0502-ISSUE-0612-executar-testes-negativos-e-ofensivos-lockfiles-pins-por-digest-sha-scanne.md,ADR-003/ADR-004/ADR-005/ADR-006/ADR-007/ADR-008/ADR-030/ADR-031/ADR-032,DERIVED_CONTROL,AC-ISSUE-0612-01/AC-ISSUE-0612-02/AC-ISSUE-0612-03/AC-ISSUE-0612-04,PASS,PASS,PASS,PASS,CRITICAL
STORY-0503,ISSUE-0613,TASK-0503,EPIC-080,SPRINT-011,SEC,BC-015,"Release, Instalação e Supply Chain",Story,planned,DevOps,"Instrumentar detecção, resposta e runbook: lockfiles, pins por digest/SHA, scanners, SBOM, assinatura OCI, attestations e verificador de release",STORY-0500/STORY-0501/STORY-0502,,STORY-0503-ISSUE-0613-instrumentar-deteccao-resposta-e-runbook-lockfiles-pins-por-digest-sha-sca.md,ADR-003/ADR-004/ADR-005/ADR-006/ADR-007/ADR-008/ADR-009/ADR-033/ADR-034,DERIVED_CONTROL,AC-ISSUE-0613-01/AC-ISSUE-0613-02/AC-ISSUE-0613-03/AC-ISSUE-0613-04,PASS,PASS,PASS,PASS,CRITICAL
STORY-0504,ISSUE-0614,TASK-0504,EPIC-080,SPRINT-011,SEC,BC-015,"Release, Instalação e Supply Chain",Story,planned,Reviewer,"Auditar evidência de segurança final: lockfiles, pins por digest/SHA, scanners, SBOM, assinatura OCI, attestations e verificador de release",STORY-0503,,STORY-0504-ISSUE-0614-auditar-evidencia-de-seguranca-final-lockfiles-pins-por-digest-sha-scanner.md,ADR-003/ADR-004/ADR-005/ADR-006/ADR-007/ADR-008,DERIVED_CONTROL,AC-ISSUE-0614-01/AC-ISSUE-0614-02/AC-ISSUE-0614-03/AC-ISSUE-0614-04,PASS,PASS,PASS,PASS,HIGH
STORY-0505,ISSUE-0615,TASK-0505,EPIC-081,SPRINT-012,REL,BC-015,"Release, Instalação e Supply Chain",Story,planned,Tech Lead,"Definir gate, versão e critérios de release: orquestrador de upgrade, preflight, migrations explícitas, health/smoke tests e rollback/restore",STORY-0450/STORY-0456/STORY-0504/STORY-0260,REQ-INS-001/REQ-UPG-001,STORY-0505-ISSUE-0615-definir-gate-versao-e-criterios-de-release-orquestrador-de-upgrade-preflig.md,ADR-003/ADR-004/ADR-005/ADR-006/ADR-007/ADR-008/ADR-010/ADR-011/ADR-016/ADR-035,MIXED,AC-ISSUE-0615-01/AC-ISSUE-0615-02/AC-ISSUE-0615-03/AC-ISSUE-0615-04,PASS,PASS,PASS,PASS,CRITICAL
STORY-0506,ISSUE-0616,TASK-0506,EPIC-081,SPRINT-012,REL,BC-015,"Release, Instalação e Supply Chain",Story,planned,DevOps,"Implementar pipeline e artifacts de release: orquestrador de upgrade, preflight, migrations explícitas, health/smoke tests e rollback/restore",STORY-0505,,STORY-0506-ISSUE-0616-implementar-pipeline-e-artifacts-de-release-orquestrador-de-upgrade-prefli.md,ADR-003/ADR-004/ADR-005/ADR-006/ADR-007/ADR-008/ADR-009/ADR-010/ADR-011/ADR-016/ADR-033/ADR-034,DERIVED_CONTROL,AC-ISSUE-0616-01/AC-ISSUE-0616-02/AC-ISSUE-0616-03/AC-ISSUE-0616-04,PASS,PASS,PASS,PASS,CRITICAL
STORY-0507,ISSUE-0617,TASK-0507,EPIC-081,SPRINT-012,REL,BC-015,"Release, Instalação e Supply Chain",Story,planned,DevOps,"Implementar upgrade, rollback e compatibilidade: orquestrador de upgrade, preflight, migrations explícitas, health/smoke tests e rollback/restore",STORY-0505,,STORY-0507-ISSUE-0617-implementar-upgrade-rollback-e-compatibilidade-orquestrador-de-upgrade-pre.md,ADR-003/ADR-004/ADR-005/ADR-006/ADR-007/ADR-008/ADR-009/ADR-010/ADR-011/ADR-016/ADR-033/ADR-034,DERIVED_CONTROL,AC-ISSUE-0617-01/AC-ISSUE-0617-02/AC-ISSUE-0617-03/AC-ISSUE-0617-04,PASS,PASS,PASS,PASS,CRITICAL
STORY-0508,ISSUE-0618,TASK-0508,EPIC-081,SPRINT-012,REL,BC-015,"Release, Instalação e Supply Chain",Story,planned,Security,"Gerar evidências, SBOM e attestations: orquestrador de upgrade, preflight, migrations explícitas, health/smoke tests e rollback/restore",STORY-0505,,STORY-0508-ISSUE-0618-gerar-evidencias-sbom-e-attestations-orquestrador-de-upgrade-preflight-mig.md,ADR-003/ADR-004/ADR-005/ADR-006/ADR-007/ADR-008/ADR-010/ADR-011/ADR-016/ADR-030/ADR-031/ADR-032,DERIVED_CONTROL,AC-ISSUE-0618-01/AC-ISSUE-0618-02/AC-ISSUE-0618-03/AC-ISSUE-0618-04,PASS,PASS,PASS,PASS,CRITICAL
STORY-0509,ISSUE-0619,TASK-0509,EPIC-081,SPRINT-012,REL,BC-015,"Release, Instalação e Supply Chain",Story,planned,QA,"Executar instalação limpa e rehearsal: orquestrador de upgrade, preflight, migrations explícitas, health/smoke tests e rollback/restore",STORY-0506/STORY-0507/STORY-0508,,STORY-0509-ISSUE-0619-executar-instalacao-limpa-e-rehearsal-orquestrador-de-upgrade-preflight-mi.md,ADR-003/ADR-004/ADR-005/ADR-006/ADR-007/ADR-008/ADR-010/ADR-011/ADR-016,DERIVED_CONTROL,AC-ISSUE-0619-01/AC-ISSUE-0619-02/AC-ISSUE-0619-03/AC-ISSUE-0619-04,PASS,PASS,PASS,PASS,HIGH
STORY-0510,ISSUE-0620,TASK-0510,EPIC-081,SPRINT-012,REL,BC-015,"Release, Instalação e Supply Chain",Story,planned,Reviewer,"Auditar release candidata final: orquestrador de upgrade, preflight, migrations explícitas, health/smoke tests e rollback/restore",STORY-0509,,STORY-0510-ISSUE-0620-auditar-release-candidata-final-orquestrador-de-upgrade-preflight-migratio.md,ADR-003/ADR-004/ADR-005/ADR-006/ADR-007/ADR-008/ADR-010/ADR-011/ADR-016,DERIVED_CONTROL,AC-ISSUE-0620-01/AC-ISSUE-0620-02/AC-ISSUE-0620-03/AC-ISSUE-0620-04,PASS,PASS,PASS,PASS,HIGH
STORY-0511,ISSUE-0621,TASK-0511,EPIC-082,SPRINT-002,PLT,BC-014,"Operações, Auditoria e Suporte",Story,planned,Arquiteto,"Definir política, estados e contratos: preflight de hardware e ExecutionProfiles CPU/GPU/híbrido integrados ao Resource Governor",STORY-0050,,STORY-0511-ISSUE-0621-definir-politica-estados-e-contratos-preflight-de-hardware-e-executionprof.md,ADR-003/ADR-004/ADR-005/ADR-006/ADR-007/ADR-008/ADR-010/ADR-011/ADR-014/ADR-016,DERIVED_CONTROL,AC-ISSUE-0621-01/AC-ISSUE-0621-02/AC-ISSUE-0621-03/AC-ISSUE-0621-04,PASS,PASS,PASS,PASS,CRITICAL
STORY-0512,ISSUE-0622,TASK-0512,EPIC-082,SPRINT-002,PLT,BC-014,"Operações, Auditoria e Suporte",Story,planned,Backend,Implementar domínio e persistência: preflight de hardware e ExecutionProfiles CPU/GPU/híbrido integrados ao Resource Governor,STORY-0511,REQ-HW-001/REQ-SCH-003/REQ-SDR-003,STORY-0512-ISSUE-0622-implementar-dominio-e-persistencia-preflight-de-hardware-e-executionprofil.md,ADR-003/ADR-004/ADR-005/ADR-006/ADR-007/ADR-008/ADR-016/ADR-018/ADR-019/ADR-037/ADR-053,MIXED,AC-ISSUE-0622-01/AC-ISSUE-0622-02/AC-ISSUE-0622-03/AC-ISSUE-0622-04,PASS,PASS,PASS,PASS,CRITICAL
STORY-0513,ISSUE-0623,TASK-0513,EPIC-082,SPRINT-002,PLT,BC-014,"Operações, Auditoria e Suporte",Story,planned,Frontend,Expor administração e fluxos de uso: preflight de hardware e ExecutionProfiles CPU/GPU/híbrido integrados ao Resource Governor,STORY-0511,,STORY-0513-ISSUE-0623-expor-administracao-e-fluxos-de-uso-preflight-de-hardware-e-executionprofi.md,ADR-003/ADR-004/ADR-005/ADR-006/ADR-007/ADR-008/ADR-010/ADR-011/ADR-014/ADR-016,DERIVED_CONTROL,AC-ISSUE-0623-01/AC-ISSUE-0623-02/AC-ISSUE-0623-03/AC-ISSUE-0623-04,PASS,PASS,PASS,PASS,CRITICAL
STORY-0514,ISSUE-0624,TASK-0514,EPIC-082,SPRINT-002,PLT,BC-014,"Operações, Auditoria e Suporte",Story,planned,Security,"Validar ameaças, autorização e falhas: preflight de hardware e ExecutionProfiles CPU/GPU/híbrido integrados ao Resource Governor",STORY-0512/STORY-0513,,STORY-0514-ISSUE-0624-validar-ameacas-autorizacao-e-falhas-preflight-de-hardware-e-executionprof.md,ADR-003/ADR-004/ADR-005/ADR-006/ADR-007/ADR-008/ADR-030/ADR-031/ADR-032,DERIVED_CONTROL,AC-ISSUE-0624-01/AC-ISSUE-0624-02/AC-ISSUE-0624-03/AC-ISSUE-0624-04,PASS,PASS,PASS,PASS,CRITICAL
STORY-0515,ISSUE-0625,TASK-0515,EPIC-082,SPRINT-002,PLT,BC-014,"Operações, Auditoria e Suporte",Story,planned,Reviewer,Executar QA e auditoria final: preflight de hardware e ExecutionProfiles CPU/GPU/híbrido integrados ao Resource Governor,STORY-0514,,STORY-0515-ISSUE-0625-executar-qa-e-auditoria-final-preflight-de-hardware-e-executionprofiles-cp.md,ADR-003/ADR-004/ADR-005/ADR-006/ADR-007/ADR-008,DERIVED_CONTROL,AC-ISSUE-0625-01/AC-ISSUE-0625-02/AC-ISSUE-0625-03/AC-ISSUE-0625-04,PASS,PASS,PASS,PASS,CRITICAL
STORY-0516,ISSUE-0626,TASK-0516,EPIC-083,SPRINT-011,OPS,BC-014,"Operações, Auditoria e Suporte",Story,planned,DevOps,"Definir SLO, runbook e controles operacionais: modos offline/restricted/connected, egress enforcement, mirrors e testes air-gapped",STORY-0498/STORY-0364/STORY-0504,,STORY-0516-ISSUE-0626-definir-slo-runbook-e-controles-operacionais-modos-offline-restricted-conn.md,ADR-003/ADR-004/ADR-005/ADR-006/ADR-007/ADR-008/ADR-009/ADR-010/ADR-011/ADR-033/ADR-034,DERIVED_CONTROL,AC-ISSUE-0626-01/AC-ISSUE-0626-02/AC-ISSUE-0626-03/AC-ISSUE-0626-04,PASS,PASS,PASS,PASS,CRITICAL
STORY-0517,ISSUE-0627,TASK-0517,EPIC-083,SPRINT-011,OPS,BC-014,"Operações, Auditoria e Suporte",Story,planned,DevOps,"Implementar automação operacional: modos offline/restricted/connected, egress enforcement, mirrors e testes air-gapped",STORY-0516,REQ-OFF-001,STORY-0517-ISSUE-0627-implementar-automacao-operacional-modos-offline-restricted-connected-egres.md,ADR-003/ADR-004/ADR-005/ADR-006/ADR-007/ADR-008/ADR-009/ADR-010/ADR-011/ADR-033/ADR-034/ADR-052,MIXED,AC-ISSUE-0627-01/AC-ISSUE-0627-02/AC-ISSUE-0627-03/AC-ISSUE-0627-04,PASS,PASS,PASS,PASS,CRITICAL
STORY-0518,ISSUE-0628,TASK-0518,EPIC-083,SPRINT-011,OPS,BC-014,"Operações, Auditoria e Suporte",Story,planned,DevOps,"Instrumentar sinais, dashboards e alertas: modos offline/restricted/connected, egress enforcement, mirrors e testes air-gapped",STORY-0516,,STORY-0518-ISSUE-0628-instrumentar-sinais-dashboards-e-alertas-modos-offline-restricted-connecte.md,ADR-003/ADR-004/ADR-005/ADR-006/ADR-007/ADR-008/ADR-009/ADR-010/ADR-011/ADR-033/ADR-034,DERIVED_CONTROL,AC-ISSUE-0628-01/AC-ISSUE-0628-02/AC-ISSUE-0628-03/AC-ISSUE-0628-04,PASS,PASS,PASS,PASS,CRITICAL
STORY-0519,ISSUE-0629,TASK-0519,EPIC-083,SPRINT-011,OPS,BC-014,"Operações, Auditoria e Suporte",Story,planned,QA,"Executar drills, fault injection e recuperação: modos offline/restricted/connected, egress enforcement, mirrors e testes air-gapped",STORY-0516,,STORY-0519-ISSUE-0629-executar-drills-fault-injection-e-recuperacao-modos-offline-restricted-con.md,ADR-003/ADR-004/ADR-005/ADR-006/ADR-007/ADR-008/ADR-010/ADR-011,DERIVED_CONTROL,AC-ISSUE-0629-01/AC-ISSUE-0629-02/AC-ISSUE-0629-03/AC-ISSUE-0629-04,PASS,PASS,PASS,PASS,CRITICAL
STORY-0520,ISSUE-0630,TASK-0520,EPIC-083,SPRINT-011,OPS,BC-014,"Operações, Auditoria e Suporte",Story,planned,Security,"Validar acesso, redaction e exposição: modos offline/restricted/connected, egress enforcement, mirrors e testes air-gapped",STORY-0517/STORY-0518/STORY-0519,,STORY-0520-ISSUE-0630-validar-acesso-redaction-e-exposicao-modos-offline-restricted-connected-eg.md,ADR-003/ADR-004/ADR-005/ADR-006/ADR-007/ADR-008/ADR-010/ADR-011/ADR-030/ADR-031/ADR-032,DERIVED_CONTROL,AC-ISSUE-0630-01/AC-ISSUE-0630-02/AC-ISSUE-0630-03/AC-ISSUE-0630-04,PASS,PASS,PASS,PASS,CRITICAL
STORY-0521,ISSUE-0631,TASK-0521,EPIC-083,SPRINT-011,OPS,BC-014,"Operações, Auditoria e Suporte",Story,planned,Reviewer,"Auditar evidência operacional final: modos offline/restricted/connected, egress enforcement, mirrors e testes air-gapped",STORY-0520,,STORY-0521-ISSUE-0631-auditar-evidencia-operacional-final-modos-offline-restricted-connected-egr.md,ADR-003/ADR-004/ADR-005/ADR-006/ADR-007/ADR-008/ADR-010/ADR-011,DERIVED_CONTROL,AC-ISSUE-0631-01/AC-ISSUE-0631-02/AC-ISSUE-0631-03/AC-ISSUE-0631-04,PASS,PASS,PASS,PASS,CRITICAL
STORY-0522,ISSUE-0632,TASK-0522,EPIC-084,SPRINT-009,WEB,BC-016,Experiência e Orientação do Operador,Story,planned,Product Owner,"Definir jornada, estados e acessibilidade: UX guiada de IA, explicação do plano, capacidades instaladas/bloqueadas e laboratório separado",STORY-0202/STORY-0177/STORY-0308,REQ-AI-016,STORY-0522-ISSUE-0632-definir-jornada-estados-e-acessibilidade-ux-guiada-de-ia-explicacao-do-pla.md,ADR-003/ADR-004/ADR-005/ADR-006/ADR-007/ADR-008/ADR-009/ADR-010/ADR-011/ADR-014,MIXED,AC-ISSUE-0632-01/AC-ISSUE-0632-02/AC-ISSUE-0632-03/AC-ISSUE-0632-04,PASS,PASS,PASS,PASS,MEDIUM
STORY-0523,ISSUE-0633,TASK-0523,EPIC-084,SPRINT-009,WEB,BC-016,Experiência e Orientação do Operador,Story,planned,Frontend,"Integrar contratos e cliente tipado: UX guiada de IA, explicação do plano, capacidades instaladas/bloqueadas e laboratório separado",STORY-0522,,STORY-0523-ISSUE-0633-integrar-contratos-e-cliente-tipado-ux-guiada-de-ia-explicacao-do-plano-ca.md,ADR-003/ADR-004/ADR-005/ADR-006/ADR-007/ADR-008/ADR-010/ADR-011/ADR-014,DERIVED_CONTROL,AC-ISSUE-0633-01/AC-ISSUE-0633-02/AC-ISSUE-0633-03/AC-ISSUE-0633-04,PASS,PASS,PASS,PASS,HIGH
STORY-0524,ISSUE-0634,TASK-0524,EPIC-084,SPRINT-009,WEB,BC-016,Experiência e Orientação do Operador,Story,planned,Frontend,"Implementar componentes e interação: UX guiada de IA, explicação do plano, capacidades instaladas/bloqueadas e laboratório separado",STORY-0522,,STORY-0524-ISSUE-0634-implementar-componentes-e-interacao-ux-guiada-de-ia-explicacao-do-plano-ca.md,ADR-003/ADR-004/ADR-005/ADR-006/ADR-007/ADR-008/ADR-010/ADR-011/ADR-014,DERIVED_CONTROL,AC-ISSUE-0634-01/AC-ISSUE-0634-02/AC-ISSUE-0634-03/AC-ISSUE-0634-04,PASS,PASS,PASS,PASS,HIGH
STORY-0525,ISSUE-0635,TASK-0525,EPIC-084,SPRINT-009,WEB,BC-016,Experiência e Orientação do Operador,Story,planned,Frontend,"Integrar mapa, fluxo e estados de erro: UX guiada de IA, explicação do plano, capacidades instaladas/bloqueadas e laboratório separado",STORY-0522,,STORY-0525-ISSUE-0635-integrar-mapa-fluxo-e-estados-de-erro-ux-guiada-de-ia-explicacao-do-plano.md,ADR-003/ADR-004/ADR-005/ADR-006/ADR-007/ADR-008/ADR-010/ADR-011/ADR-014,DERIVED_CONTROL,AC-ISSUE-0635-01/AC-ISSUE-0635-02/AC-ISSUE-0635-03/AC-ISSUE-0635-04,PASS,PASS,PASS,PASS,HIGH
STORY-0526,ISSUE-0636,TASK-0526,EPIC-084,SPRINT-009,WEB,BC-016,Experiência e Orientação do Operador,Story,planned,QA,"Executar testes de componente, acessibilidade e E2E: UX guiada de IA, explicação do plano, capacidades instaladas/bloqueadas e laboratório separado",STORY-0523/STORY-0524/STORY-0525,,STORY-0526-ISSUE-0636-executar-testes-de-componente-acessibilidade-e-e2e-ux-guiada-de-ia-explica.md,ADR-003/ADR-004/ADR-005/ADR-006/ADR-007/ADR-008/ADR-010/ADR-011/ADR-014,DERIVED_CONTROL,AC-ISSUE-0636-01/AC-ISSUE-0636-02/AC-ISSUE-0636-03/AC-ISSUE-0636-04,PASS,PASS,PASS,PASS,MEDIUM
STORY-0527,ISSUE-0637,TASK-0527,EPIC-084,SPRINT-009,WEB,BC-016,Experiência e Orientação do Operador,Story,planned,Reviewer,"Auditar UX, contrato e evidência final: UX guiada de IA, explicação do plano, capacidades instaladas/bloqueadas e laboratório separado",STORY-0526,,STORY-0527-ISSUE-0637-auditar-ux-contrato-e-evidencia-final-ux-guiada-de-ia-explicacao-do-plano.md,ADR-003/ADR-004/ADR-005/ADR-006/ADR-007/ADR-008/ADR-010/ADR-011/ADR-014,DERIVED_CONTROL,AC-ISSUE-0637-01/AC-ISSUE-0637-02/AC-ISSUE-0637-03/AC-ISSUE-0637-04,PASS,PASS,PASS,PASS,MEDIUM
STORY-0528,ISSUE-0638,TASK-0528,EPIC-085,SPRINT-012,REL,BC-015,"Release, Instalação e Supply Chain",Story,planned,Tech Lead,"Definir gate, versão e critérios de release: definição e automação de milestones internal/alpha/beta/1.0, evidências e gate de abertura do repositório",STORY-0010/STORY-0254/STORY-0260,,STORY-0528-ISSUE-0638-definir-gate-versao-e-criterios-de-release-definicao-e-automacao-de-milest.md,ADR-003/ADR-004/ADR-005/ADR-006/ADR-007/ADR-008/ADR-010/ADR-011/ADR-016,DERIVED_CONTROL,AC-ISSUE-0638-01/AC-ISSUE-0638-02/AC-ISSUE-0638-03/AC-ISSUE-0638-04,PASS,PASS,PASS,PASS,HIGH
STORY-0529,ISSUE-0639,TASK-0529,EPIC-085,SPRINT-012,REL,BC-015,"Release, Instalação e Supply Chain",Story,planned,DevOps,"Implementar pipeline e artifacts de release: definição e automação de milestones internal/alpha/beta/1.0, evidências e gate de abertura do repositório",STORY-0528,REQ-EPIC-043,STORY-0529-ISSUE-0639-implementar-pipeline-e-artifacts-de-release-definicao-e-automacao-de-miles.md,ADR-003/ADR-004/ADR-005/ADR-006/ADR-007/ADR-008/ADR-009/ADR-033/ADR-034/ADR-037,MIXED,AC-ISSUE-0639-01/AC-ISSUE-0639-02/AC-ISSUE-0639-03/AC-ISSUE-0639-04,PASS,PASS,PASS,PASS,CRITICAL
STORY-0530,ISSUE-0640,TASK-0530,EPIC-085,SPRINT-012,REL,BC-015,"Release, Instalação e Supply Chain",Story,planned,DevOps,"Implementar upgrade, rollback e compatibilidade: definição e automação de milestones internal/alpha/beta/1.0, evidências e gate de abertura do repositório",STORY-0528,,STORY-0530-ISSUE-0640-implementar-upgrade-rollback-e-compatibilidade-definicao-e-automacao-de-mi.md,ADR-003/ADR-004/ADR-005/ADR-006/ADR-007/ADR-008/ADR-009/ADR-033/ADR-034,DERIVED_CONTROL,AC-ISSUE-0640-01/AC-ISSUE-0640-02/AC-ISSUE-0640-03/AC-ISSUE-0640-04,PASS,PASS,PASS,PASS,CRITICAL
STORY-0531,ISSUE-0641,TASK-0531,EPIC-085,SPRINT-012,REL,BC-015,"Release, Instalação e Supply Chain",Story,planned,Security,"Gerar evidências, SBOM e attestations: definição e automação de milestones internal/alpha/beta/1.0, evidências e gate de abertura do repositório",STORY-0528,,STORY-0531-ISSUE-0641-gerar-evidencias-sbom-e-attestations-definicao-e-automacao-de-milestones-i.md,ADR-003/ADR-004/ADR-005/ADR-006/ADR-007/ADR-008/ADR-030/ADR-031/ADR-032,DERIVED_CONTROL,AC-ISSUE-0641-01/AC-ISSUE-0641-02/AC-ISSUE-0641-03/AC-ISSUE-0641-04,PASS,PASS,PASS,PASS,CRITICAL
STORY-0532,ISSUE-0642,TASK-0532,EPIC-085,SPRINT-012,REL,BC-015,"Release, Instalação e Supply Chain",Story,planned,QA,"Executar instalação limpa e rehearsal: definição e automação de milestones internal/alpha/beta/1.0, evidências e gate de abertura do repositório",STORY-0529/STORY-0530/STORY-0531,,STORY-0532-ISSUE-0642-executar-instalacao-limpa-e-rehearsal-definicao-e-automacao-de-milestones.md,ADR-003/ADR-004/ADR-005/ADR-006/ADR-007/ADR-008,DERIVED_CONTROL,AC-ISSUE-0642-01/AC-ISSUE-0642-02/AC-ISSUE-0642-03/AC-ISSUE-0642-04,PASS,PASS,PASS,PASS,HIGH
STORY-0533,ISSUE-0643,TASK-0533,EPIC-085,SPRINT-012,REL,BC-015,"Release, Instalação e Supply Chain",Story,planned,Reviewer,"Auditar release candidata final: definição e automação de milestones internal/alpha/beta/1.0, evidências e gate de abertura do repositório",STORY-0532,,STORY-0533-ISSUE-0643-auditar-release-candidata-final-definicao-e-automacao-de-milestones-intern.md,ADR-003/ADR-004/ADR-005/ADR-006/ADR-007/ADR-008,DERIVED_CONTROL,AC-ISSUE-0643-01/AC-ISSUE-0643-02/AC-ISSUE-0643-03/AC-ISSUE-0643-04,PASS,PASS,PASS,PASS,HIGH
STORY-0534,ISSUE-0644,TASK-0534,EPIC-086,SPRINT-001,FND,BC-001,Governança de Engenharia e Entrega,Story,planned,Arquiteto,"Definir escopo, contratos e invariantes: walking skeleton frontend→API→PostgreSQL→RabbitMQ/Celery→worker→artefato diagnóstico, executável e testado ponta a ponta",STORY-0010/STORY-0015/STORY-0020/STORY-0025,REQ-EPIC-001/REQ-SPRINT-001-004,STORY-0534-ISSUE-0644-definir-escopo-contratos-e-invariantes-walking-skeleton-frontendapipostgre.md,ADR-002/ADR-003/ADR-006/ADR-007/ADR-008/ADR-010/ADR-011/ADR-012/ADR-014,MIXED,AC-ISSUE-0644-01/AC-ISSUE-0644-02/AC-ISSUE-0644-03/AC-ISSUE-0644-04,PASS,PASS,PASS,PASS,HIGH
STORY-0535,ISSUE-0645,TASK-0535,EPIC-086,SPRINT-001,FND,BC-001,Governança de Engenharia e Entrega,Story,planned,Tech Lead,"Consolidar slices e liberar integração: walking skeleton frontend→API→PostgreSQL→RabbitMQ/Celery→worker→artefato diagnóstico, executável e testado ponta a ponta",STORY-0752/STORY-0753,,STORY-0535-ISSUE-0645-materializar-a-fundacao-executavel-walking-skeleton-frontendapipostgresqlr.md,ADR-003/ADR-006/ADR-007/ADR-008/ADR-010/ADR-011/ADR-012/ADR-014,DERIVED_CONTROL,AC-ISSUE-0645-01/AC-ISSUE-0645-02/AC-ISSUE-0645-03/AC-ISSUE-0645-04,PASS,PASS,PASS,PASS,HIGH
STORY-0536,ISSUE-0646,TASK-0536,EPIC-086,SPRINT-001,FND,BC-001,Governança de Engenharia e Entrega,Story,planned,DevOps,"Automatizar validações e controles: walking skeleton frontend→API→PostgreSQL→RabbitMQ/Celery→worker→artefato diagnóstico, executável e testado ponta a ponta",STORY-0534,,STORY-0536-ISSUE-0646-automatizar-validacoes-e-controles-walking-skeleton-frontendapipostgresqlr.md,ADR-003/ADR-006/ADR-007/ADR-008/ADR-009/ADR-010/ADR-011/ADR-012/ADR-014/ADR-033/ADR-034,DERIVED_CONTROL,AC-ISSUE-0646-01/AC-ISSUE-0646-02/AC-ISSUE-0646-03/AC-ISSUE-0646-04,PASS,PASS,PASS,PASS,CRITICAL
STORY-0537,ISSUE-0647,TASK-0537,EPIC-086,SPRINT-001,FND,BC-001,Governança de Engenharia e Entrega,Story,planned,Tech Lead,"Integrar a capacidade ao fluxo do repositório: walking skeleton frontend→API→PostgreSQL→RabbitMQ/Celery→worker→artefato diagnóstico, executável e testado ponta a ponta",STORY-0535/STORY-0536,,STORY-0537-ISSUE-0647-integrar-a-capacidade-ao-fluxo-do-repositorio-walking-skeleton-frontendapi.md,ADR-003/ADR-006/ADR-007/ADR-008/ADR-010/ADR-011/ADR-012/ADR-014,DERIVED_CONTROL,AC-ISSUE-0647-01/AC-ISSUE-0647-02/AC-ISSUE-0647-03/AC-ISSUE-0647-04,PASS,PASS,PASS,PASS,HIGH
STORY-0538,ISSUE-0648,TASK-0538,EPIC-086,SPRINT-001,FND,BC-001,Governança de Engenharia e Entrega,Story,planned,Reviewer,"Validar evidência e realizar auditoria final: walking skeleton frontend→API→PostgreSQL→RabbitMQ/Celery→worker→artefato diagnóstico, executável e testado ponta a ponta",STORY-0537,,STORY-0538-ISSUE-0648-validar-evidencia-e-realizar-auditoria-final-walking-skeleton-frontendapip.md,ADR-003/ADR-006/ADR-007/ADR-008/ADR-010/ADR-011/ADR-012/ADR-014,DERIVED_CONTROL,AC-ISSUE-0648-01/AC-ISSUE-0648-02/AC-ISSUE-0648-03/AC-ISSUE-0648-04,PASS,PASS,PASS,PASS,HIGH
STORY-0539,ISSUE-0649,TASK-0539,EPIC-087,SPRINT-012,REL,BC-015,"Release, Instalação e Supply Chain",Story,planned,Tech Lead,"Definir gate, versão e critérios de release: baseline operacional vertical privado com escopo da DELIVERY_PLAN e evidências do corpus controlado",STORY-0538/STORY-0061/STORY-0102/STORY-0142/STORY-0267/STORY-0225/STORY-0208,,STORY-0539-ISSUE-0649-definir-gate-versao-e-criterios-de-release-baseline-operacional-vertical-p.md,ADR-003/ADR-004/ADR-005/ADR-006/ADR-007/ADR-008/ADR-010/ADR-011/ADR-016,DERIVED_CONTROL,AC-ISSUE-0649-01/AC-ISSUE-0649-02/AC-ISSUE-0649-03/AC-ISSUE-0649-04,PASS,PASS,PASS,PASS,HIGH
STORY-0540,ISSUE-0650,TASK-0540,EPIC-087,SPRINT-012,REL,BC-015,"Release, Instalação e Supply Chain",Story,planned,DevOps,Implementar pipeline e artifacts de release: baseline operacional vertical privado com escopo da DELIVERY_PLAN e evidências do corpus controlado,STORY-0539,REQ-DEL-002,STORY-0540-ISSUE-0650-implementar-pipeline-e-artifacts-de-release-baseline-operacional-vertical.md,ADR-003/ADR-004/ADR-005/ADR-006/ADR-007/ADR-008/ADR-009/ADR-033/ADR-034/ADR-057,MIXED,AC-ISSUE-0650-01/AC-ISSUE-0650-02/AC-ISSUE-0650-03/AC-ISSUE-0650-04,PASS,PASS,PASS,PASS,CRITICAL
STORY-0541,ISSUE-0651,TASK-0541,EPIC-087,SPRINT-012,REL,BC-015,"Release, Instalação e Supply Chain",Story,planned,DevOps,"Implementar upgrade, rollback e compatibilidade: baseline operacional vertical privado com escopo da DELIVERY_PLAN e evidências do corpus controlado",STORY-0539,,STORY-0541-ISSUE-0651-implementar-upgrade-rollback-e-compatibilidade-baseline-operacional-vertic.md,ADR-003/ADR-004/ADR-005/ADR-006/ADR-007/ADR-008/ADR-009/ADR-033/ADR-034,DERIVED_CONTROL,AC-ISSUE-0651-01/AC-ISSUE-0651-02/AC-ISSUE-0651-03/AC-ISSUE-0651-04,PASS,PASS,PASS,PASS,CRITICAL
STORY-0542,ISSUE-0652,TASK-0542,EPIC-087,SPRINT-012,REL,BC-015,"Release, Instalação e Supply Chain",Story,planned,Security,"Gerar evidências, SBOM e attestations: baseline operacional vertical privado com escopo da DELIVERY_PLAN e evidências do corpus controlado",STORY-0539,,STORY-0542-ISSUE-0652-gerar-evidencias-sbom-e-attestations-baseline-operacional-vertical-privado.md,ADR-003/ADR-004/ADR-005/ADR-006/ADR-007/ADR-008/ADR-030/ADR-031/ADR-032,DERIVED_CONTROL,AC-ISSUE-0652-01/AC-ISSUE-0652-02/AC-ISSUE-0652-03/AC-ISSUE-0652-04,PASS,PASS,PASS,PASS,CRITICAL
STORY-0543,ISSUE-0653,TASK-0543,EPIC-087,SPRINT-012,REL,BC-015,"Release, Instalação e Supply Chain",Story,planned,QA,Executar instalação limpa e rehearsal: baseline operacional vertical privado com escopo da DELIVERY_PLAN e evidências do corpus controlado,STORY-0540/STORY-0541/STORY-0542,,STORY-0543-ISSUE-0653-executar-instalacao-limpa-e-rehearsal-baseline-operacional-vertical-privad.md,ADR-003/ADR-004/ADR-005/ADR-006/ADR-007/ADR-008,DERIVED_CONTROL,AC-ISSUE-0653-01/AC-ISSUE-0653-02/AC-ISSUE-0653-03/AC-ISSUE-0653-04,PASS,PASS,PASS,PASS,HIGH
STORY-0544,ISSUE-0654,TASK-0544,EPIC-087,SPRINT-012,REL,BC-015,"Release, Instalação e Supply Chain",Story,planned,Reviewer,Auditar release candidata final: baseline operacional vertical privado com escopo da DELIVERY_PLAN e evidências do corpus controlado,STORY-0543,,STORY-0544-ISSUE-0654-auditar-release-candidata-final-baseline-operacional-vertical-privado-com.md,ADR-003/ADR-004/ADR-005/ADR-006/ADR-007/ADR-008,DERIVED_CONTROL,AC-ISSUE-0654-01/AC-ISSUE-0654-02/AC-ISSUE-0654-03/AC-ISSUE-0654-04,PASS,PASS,PASS,PASS,HIGH
STORY-0545,ISSUE-0655,TASK-0545,EPIC-088,SPRINT-011,LAB,BC-009,Recuperação Assistida por IA e Governança de Modelos,Story,planned,IA,"Definir hipótese, isolamento e critérios de promoção: namespace experimental/labs, registry separado, ModelPacks isolados e bloqueio técnico de ArtifactSet aceito",STORY-0308/STORY-0504/STORY-0281,,STORY-0545-ISSUE-0655-definir-hipotese-isolamento-e-criterios-de-promocao-namespace-experimental.md,ADR-003/ADR-004/ADR-005/ADR-006/ADR-007/ADR-008/ADR-051/ADR-052/ADR-053,DERIVED_CONTROL,AC-ISSUE-0655-01/AC-ISSUE-0655-02/AC-ISSUE-0655-03/AC-ISSUE-0655-04,PASS,PASS,PASS,PASS,CRITICAL
STORY-0546,ISSUE-0656,TASK-0546,EPIC-088,SPRINT-011,LAB,BC-009,Recuperação Assistida por IA e Governança de Modelos,Story,planned,IA,"Implementar experimento isolado: namespace experimental/labs, registry separado, ModelPacks isolados e bloqueio técnico de ArtifactSet aceito",STORY-0545,REQ-EPIC-088,STORY-0546-ISSUE-0656-implementar-experimento-isolado-namespace-experimental-labs-registry-separ.md,ADR-003/ADR-004/ADR-005/ADR-006/ADR-007/ADR-008/ADR-009/ADR-051/ADR-052/ADR-053,MIXED,AC-ISSUE-0656-01/AC-ISSUE-0656-02/AC-ISSUE-0656-03/AC-ISSUE-0656-04,PASS,PASS,PASS,PASS,CRITICAL
STORY-0547,ISSUE-0657,TASK-0547,EPIC-088,SPRINT-011,LAB,BC-009,Recuperação Assistida por IA e Governança de Modelos,Story,planned,QA,"Executar avaliação e comparação: namespace experimental/labs, registry separado, ModelPacks isolados e bloqueio técnico de ArtifactSet aceito",STORY-0546,,STORY-0547-ISSUE-0657-executar-avaliacao-e-comparacao-namespace-experimental-labs-registry-separ.md,ADR-003/ADR-004/ADR-005/ADR-006/ADR-007/ADR-008/ADR-051/ADR-052/ADR-053,DERIVED_CONTROL,AC-ISSUE-0657-01/AC-ISSUE-0657-02/AC-ISSUE-0657-03/AC-ISSUE-0657-04,PASS,PASS,PASS,PASS,CRITICAL
STORY-0548,ISSUE-0658,TASK-0548,EPIC-088,SPRINT-011,LAB,BC-009,Recuperação Assistida por IA e Governança de Modelos,Story,planned,Reviewer,"Auditar conclusão, bloqueios e evidência: namespace experimental/labs, registry separado, ModelPacks isolados e bloqueio técnico de ArtifactSet aceito",STORY-0547,,STORY-0548-ISSUE-0658-auditar-conclusao-bloqueios-e-evidencia-namespace-experimental-labs-regist.md,ADR-003/ADR-004/ADR-005/ADR-006/ADR-007/ADR-008/ADR-051/ADR-052/ADR-053,DERIVED_CONTROL,AC-ISSUE-0658-01/AC-ISSUE-0658-02/AC-ISSUE-0658-03/AC-ISSUE-0658-04,PASS,PASS,PASS,PASS,CRITICAL
STORY-0549,ISSUE-0659,TASK-0549,EPIC-089,SPRINT-012,REL,BC-015,"Release, Instalação e Supply Chain",Story,planned,Tech Lead,"Definir gate, versão e critérios de release: release train internal/alpha/beta/1.0, automação de evidências e gate de abertura pública",STORY-0533/STORY-0544/STORY-0254/STORY-0504/STORY-0456,,STORY-0549-ISSUE-0659-definir-gate-versao-e-criterios-de-release-release-train-internal-alpha-be.md,ADR-003/ADR-004/ADR-005/ADR-006/ADR-007/ADR-008/ADR-010/ADR-011/ADR-016,DERIVED_CONTROL,AC-ISSUE-0659-01/AC-ISSUE-0659-02/AC-ISSUE-0659-03/AC-ISSUE-0659-04,PASS,PASS,PASS,PASS,HIGH
STORY-0550,ISSUE-0660,TASK-0550,EPIC-089,SPRINT-012,REL,BC-015,"Release, Instalação e Supply Chain",Story,planned,DevOps,"Implementar pipeline e artifacts de release: release train internal/alpha/beta/1.0, automação de evidências e gate de abertura pública",STORY-0549,REQ-EPIC-043/REQ-PUB-004,STORY-0550-ISSUE-0660-implementar-pipeline-e-artifacts-de-release-release-train-internal-alpha-b.md,ADR-003/ADR-004/ADR-005/ADR-006/ADR-007/ADR-008/ADR-009/ADR-033/ADR-034/ADR-037,MIXED,AC-ISSUE-0660-01/AC-ISSUE-0660-02/AC-ISSUE-0660-03/AC-ISSUE-0660-04,PASS,PASS,PASS,PASS,CRITICAL
STORY-0551,ISSUE-0661,TASK-0551,EPIC-089,SPRINT-012,REL,BC-015,"Release, Instalação e Supply Chain",Story,planned,DevOps,"Implementar upgrade, rollback e compatibilidade: release train internal/alpha/beta/1.0, automação de evidências e gate de abertura pública",STORY-0549,,STORY-0551-ISSUE-0661-implementar-upgrade-rollback-e-compatibilidade-release-train-internal-alph.md,ADR-003/ADR-004/ADR-005/ADR-006/ADR-007/ADR-008/ADR-009/ADR-033/ADR-034,DERIVED_CONTROL,AC-ISSUE-0661-01/AC-ISSUE-0661-02/AC-ISSUE-0661-03/AC-ISSUE-0661-04,PASS,PASS,PASS,PASS,CRITICAL
STORY-0552,ISSUE-0662,TASK-0552,EPIC-089,SPRINT-012,REL,BC-015,"Release, Instalação e Supply Chain",Story,planned,Security,"Gerar evidências, SBOM e attestations: release train internal/alpha/beta/1.0, automação de evidências e gate de abertura pública",STORY-0549,,STORY-0552-ISSUE-0662-gerar-evidencias-sbom-e-attestations-release-train-internal-alpha-beta-1-0.md,ADR-003/ADR-004/ADR-005/ADR-006/ADR-007/ADR-008/ADR-030/ADR-031/ADR-032,DERIVED_CONTROL,AC-ISSUE-0662-01/AC-ISSUE-0662-02/AC-ISSUE-0662-03/AC-ISSUE-0662-04,PASS,PASS,PASS,PASS,CRITICAL
STORY-0553,ISSUE-0663,TASK-0553,EPIC-089,SPRINT-012,REL,BC-015,"Release, Instalação e Supply Chain",Story,planned,QA,"Executar instalação limpa e rehearsal: release train internal/alpha/beta/1.0, automação de evidências e gate de abertura pública",STORY-0550/STORY-0551/STORY-0552,,STORY-0553-ISSUE-0663-executar-instalacao-limpa-e-rehearsal-release-train-internal-alpha-beta-1.md,ADR-003/ADR-004/ADR-005/ADR-006/ADR-007/ADR-008,DERIVED_CONTROL,AC-ISSUE-0663-01/AC-ISSUE-0663-02/AC-ISSUE-0663-03/AC-ISSUE-0663-04,PASS,PASS,PASS,PASS,HIGH
STORY-0554,ISSUE-0664,TASK-0554,EPIC-089,SPRINT-012,REL,BC-015,"Release, Instalação e Supply Chain",Story,planned,Reviewer,"Auditar release candidata final: release train internal/alpha/beta/1.0, automação de evidências e gate de abertura pública",STORY-0553,,STORY-0554-ISSUE-0664-auditar-release-candidata-final-release-train-internal-alpha-beta-1-0-auto.md,ADR-003/ADR-004/ADR-005/ADR-006/ADR-007/ADR-008,DERIVED_CONTROL,AC-ISSUE-0664-01/AC-ISSUE-0664-02/AC-ISSUE-0664-03/AC-ISSUE-0664-04,PASS,PASS,PASS,PASS,HIGH
STORY-0555,ISSUE-0665,TASK-0555,EPIC-090,SPRINT-001,FND,BC-001,Governança de Engenharia e Entrega,Story,planned,Arquiteto,"Definir escopo, contratos e invariantes: Issue Forms, templates e taxonomia de tipos com validação de campos obrigatórios",STORY-0010,,STORY-0555-ISSUE-0665-definir-escopo-contratos-e-invariantes-issue-forms-templates-e-taxonomia-d.md,ADR-003/ADR-006/ADR-007/ADR-008/ADR-010/ADR-011,DERIVED_CONTROL,AC-ISSUE-0665-01/AC-ISSUE-0665-02/AC-ISSUE-0665-03/AC-ISSUE-0665-04,PASS,PASS,PASS,PASS,HIGH
STORY-0556,ISSUE-0666,TASK-0556,EPIC-090,SPRINT-001,FND,BC-001,Governança de Engenharia e Entrega,Story,planned,Tech Lead,"Materializar a fundação executável: Issue Forms, templates e taxonomia de tipos com validação de campos obrigatórios",STORY-0555,REQ-GOV-002,STORY-0556-ISSUE-0666-materializar-a-fundacao-executavel-issue-forms-templates-e-taxonomia-de-ti.md,ADR-003/ADR-006/ADR-007/ADR-008,MIXED,AC-ISSUE-0666-01/AC-ISSUE-0666-02/AC-ISSUE-0666-03/AC-ISSUE-0666-04,PASS,PASS,PASS,PASS,MEDIUM
STORY-0557,ISSUE-0667,TASK-0557,EPIC-090,SPRINT-001,FND,BC-001,Governança de Engenharia e Entrega,Story,planned,DevOps,"Automatizar validações e controles: Issue Forms, templates e taxonomia de tipos com validação de campos obrigatórios",STORY-0555,,STORY-0557-ISSUE-0667-automatizar-validacoes-e-controles-issue-forms-templates-e-taxonomia-de-ti.md,ADR-003/ADR-006/ADR-007/ADR-008/ADR-009/ADR-033/ADR-034,DERIVED_CONTROL,AC-ISSUE-0667-01/AC-ISSUE-0667-02/AC-ISSUE-0667-03/AC-ISSUE-0667-04,PASS,PASS,PASS,PASS,CRITICAL
STORY-0558,ISSUE-0668,TASK-0558,EPIC-090,SPRINT-001,FND,BC-001,Governança de Engenharia e Entrega,Story,planned,Tech Lead,"Integrar a capacidade ao fluxo do repositório: Issue Forms, templates e taxonomia de tipos com validação de campos obrigatórios",STORY-0556/STORY-0557,,STORY-0558-ISSUE-0668-integrar-a-capacidade-ao-fluxo-do-repositorio-issue-forms-templates-e-taxo.md,ADR-003/ADR-006/ADR-007/ADR-008,DERIVED_CONTROL,AC-ISSUE-0668-01/AC-ISSUE-0668-02/AC-ISSUE-0668-03/AC-ISSUE-0668-04,PASS,PASS,PASS,PASS,MEDIUM
STORY-0559,ISSUE-0669,TASK-0559,EPIC-090,SPRINT-001,FND,BC-001,Governança de Engenharia e Entrega,Story,planned,Reviewer,"Validar evidência e realizar auditoria final: Issue Forms, templates e taxonomia de tipos com validação de campos obrigatórios",STORY-0558,,STORY-0559-ISSUE-0669-validar-evidencia-e-realizar-auditoria-final-issue-forms-templates-e-taxon.md,ADR-003/ADR-006/ADR-007/ADR-008,DERIVED_CONTROL,AC-ISSUE-0669-01/AC-ISSUE-0669-02/AC-ISSUE-0669-03/AC-ISSUE-0669-04,PASS,PASS,PASS,PASS,MEDIUM
STORY-0560,ISSUE-0670,TASK-0560,EPIC-091,SPRINT-001,FND,BC-001,Governança de Engenharia e Entrega,Story,planned,Arquiteto,"Definir escopo, contratos e invariantes: ruleset de main, checks únicos, CODEOWNERS, política de branches e prova de bypass auditado",STORY-0010/STORY-0025,,STORY-0560-ISSUE-0670-definir-escopo-contratos-e-invariantes-ruleset-de-main-checks-unicos-codeo.md,ADR-003/ADR-006/ADR-007/ADR-008/ADR-010/ADR-011/ADR-016,DERIVED_CONTROL,AC-ISSUE-0670-01/AC-ISSUE-0670-02/AC-ISSUE-0670-03/AC-ISSUE-0670-04,PASS,PASS,PASS,PASS,HIGH
STORY-0561,ISSUE-0671,TASK-0561,EPIC-091,SPRINT-001,FND,BC-001,Governança de Engenharia e Entrega,Story,planned,Tech Lead,"Materializar a fundação executável: ruleset de main, checks únicos, CODEOWNERS, política de branches e prova de bypass auditado",STORY-0560,REQ-FRZ-003/REQ-GOV-004/REQ-ISS-003/REQ-ISS-006/REQ-PUB-002,STORY-0561-ISSUE-0671-materializar-a-fundacao-executavel-ruleset-de-main-checks-unicos-codeowner.md,ADR-003/ADR-006/ADR-007/ADR-008/ADR-016/ADR-057,MIXED,AC-ISSUE-0671-01/AC-ISSUE-0671-02/AC-ISSUE-0671-03/AC-ISSUE-0671-04,PASS,PASS,PASS,PASS,CRITICAL
STORY-0562,ISSUE-0672,TASK-0562,EPIC-091,SPRINT-001,FND,BC-001,Governança de Engenharia e Entrega,Story,planned,DevOps,"Automatizar validações e controles: ruleset de main, checks únicos, CODEOWNERS, política de branches e prova de bypass auditado",STORY-0560,,STORY-0562-ISSUE-0672-automatizar-validacoes-e-controles-ruleset-de-main-checks-unicos-codeowner.md,ADR-003/ADR-006/ADR-007/ADR-008/ADR-009/ADR-033/ADR-034,DERIVED_CONTROL,AC-ISSUE-0672-01/AC-ISSUE-0672-02/AC-ISSUE-0672-03/AC-ISSUE-0672-04,PASS,PASS,PASS,PASS,CRITICAL
STORY-0563,ISSUE-0673,TASK-0563,EPIC-091,SPRINT-001,FND,BC-001,Governança de Engenharia e Entrega,Story,planned,Tech Lead,"Integrar a capacidade ao fluxo do repositório: ruleset de main, checks únicos, CODEOWNERS, política de branches e prova de bypass auditado",STORY-0561/STORY-0562,,STORY-0563-ISSUE-0673-integrar-a-capacidade-ao-fluxo-do-repositorio-ruleset-de-main-checks-unico.md,ADR-003/ADR-006/ADR-007/ADR-008,DERIVED_CONTROL,AC-ISSUE-0673-01/AC-ISSUE-0673-02/AC-ISSUE-0673-03/AC-ISSUE-0673-04,PASS,PASS,PASS,PASS,MEDIUM
STORY-0564,ISSUE-0674,TASK-0564,EPIC-091,SPRINT-001,FND,BC-001,Governança de Engenharia e Entrega,Story,planned,Reviewer,"Validar evidência e realizar auditoria final: ruleset de main, checks únicos, CODEOWNERS, política de branches e prova de bypass auditado",STORY-0563,,STORY-0564-ISSUE-0674-validar-evidencia-e-realizar-auditoria-final-ruleset-de-main-checks-unicos.md,ADR-003/ADR-006/ADR-007/ADR-008,DERIVED_CONTROL,AC-ISSUE-0674-01/AC-ISSUE-0674-02/AC-ISSUE-0674-03/AC-ISSUE-0674-04,PASS,PASS,PASS,PASS,MEDIUM
STORY-0565,ISSUE-0675,TASK-0565,EPIC-092,SPRINT-001,FND,BC-001,Governança de Engenharia e Entrega,Story,planned,Arquiteto,"Definir escopo, contratos e invariantes: fechamento da SPRINT-001 e autorização da primeira fatia funcional",STORY-0010/STORY-0015/STORY-0020/STORY-0025/STORY-0538,REQ-EPIC-001,STORY-0565-ISSUE-0675-definir-escopo-contratos-e-invariantes-fechamento-da-sprint-001-e-autoriza.md,ADR-002/ADR-003/ADR-006/ADR-007/ADR-008/ADR-010/ADR-011,MIXED,AC-ISSUE-0675-01/AC-ISSUE-0675-02/AC-ISSUE-0675-03/AC-ISSUE-0675-04,PASS,PASS,PASS,PASS,HIGH
STORY-0566,ISSUE-0676,TASK-0566,EPIC-092,SPRINT-001,FND,BC-001,Governança de Engenharia e Entrega,Story,planned,Tech Lead,Materializar a fundação executável: fechamento da SPRINT-001 e autorização da primeira fatia funcional,STORY-0565,REQ-DEV-001/REQ-FRZ-001/REQ-FRZ-002/REQ-FRZ-003/REQ-FRZ-004/REQ-GOV-005/REQ-TST-001,STORY-0566-ISSUE-0676-materializar-a-fundacao-executavel-fechamento-da-sprint-001-e-autorizacao.md,ADR-001/ADR-003/ADR-006/ADR-007/ADR-008/ADR-053/ADR-057,MIXED,AC-ISSUE-0676-01/AC-ISSUE-0676-02/AC-ISSUE-0676-03/AC-ISSUE-0676-04,PASS,PASS,PASS,PASS,CRITICAL
STORY-0567,ISSUE-0677,TASK-0567,EPIC-092,SPRINT-001,FND,BC-001,Governança de Engenharia e Entrega,Story,planned,DevOps,Automatizar validações e controles: fechamento da SPRINT-001 e autorização da primeira fatia funcional,STORY-0565,,STORY-0567-ISSUE-0677-automatizar-validacoes-e-controles-fechamento-da-sprint-001-e-autorizacao.md,ADR-003/ADR-006/ADR-007/ADR-008/ADR-009/ADR-033/ADR-034,DERIVED_CONTROL,AC-ISSUE-0677-01/AC-ISSUE-0677-02/AC-ISSUE-0677-03/AC-ISSUE-0677-04,PASS,PASS,PASS,PASS,CRITICAL
STORY-0568,ISSUE-0678,TASK-0568,EPIC-092,SPRINT-001,FND,BC-001,Governança de Engenharia e Entrega,Story,planned,Tech Lead,Integrar a capacidade ao fluxo do repositório: fechamento da SPRINT-001 e autorização da primeira fatia funcional,STORY-0566/STORY-0567,,STORY-0568-ISSUE-0678-integrar-a-capacidade-ao-fluxo-do-repositorio-fechamento-da-sprint-001-e-a.md,ADR-003/ADR-006/ADR-007/ADR-008,DERIVED_CONTROL,AC-ISSUE-0678-01/AC-ISSUE-0678-02/AC-ISSUE-0678-03/AC-ISSUE-0678-04,PASS,PASS,PASS,PASS,MEDIUM
STORY-0569,ISSUE-0679,TASK-0569,EPIC-092,SPRINT-001,FND,BC-001,Governança de Engenharia e Entrega,Story,planned,Reviewer,Validar evidência e realizar auditoria final: fechamento da SPRINT-001 e autorização da primeira fatia funcional,STORY-0568,,STORY-0569-ISSUE-0679-validar-evidencia-e-realizar-auditoria-final-fechamento-da-sprint-001-e-au.md,ADR-003/ADR-006/ADR-007/ADR-008,DERIVED_CONTROL,AC-ISSUE-0679-01/AC-ISSUE-0679-02/AC-ISSUE-0679-03/AC-ISSUE-0679-04,PASS,PASS,PASS,PASS,MEDIUM
STORY-0570,ISSUE-0680,TASK-0570,EPIC-093,SPRINT-007,GEO,BC-006,Georreferenciamento,Story,planned,Arquiteto,"Definir contrato científico e invariantes: contratos de CRS, espaços de coordenadas, ordem de eixos, precisão/unidades e validade raster",STORY-0569/STORY-0267/STORY-0288/STORY-0397,REQ-CRS-001/REQ-CRS-002/REQ-CRS-004,STORY-0570-ISSUE-0680-definir-contrato-cientifico-e-invariantes-contratos-de-crs-espacos-de-coor.md,ADR-003/ADR-004/ADR-005/ADR-006/ADR-007/ADR-008/ADR-010/ADR-011/ADR-041/ADR-042/ADR-043,MIXED,AC-ISSUE-0680-01/AC-ISSUE-0680-02/AC-ISSUE-0680-03/AC-ISSUE-0680-04,PASS,PASS,PASS,PASS,HIGH
STORY-0571,ISSUE-0681,TASK-0571,EPIC-093,SPRINT-007,GEO,BC-006,Georreferenciamento,Story,planned,Geoprocessamento,"Preparar corpus, fixtures e representação tipada: contratos de CRS, espaços de coordenadas, ordem de eixos, precisão/unidades e validade raster",STORY-0570,REQ-CRS-003/REQ-RAS-001,STORY-0571-ISSUE-0681-preparar-corpus-fixtures-e-representacao-tipada-contratos-de-crs-espacos-d.md,ADR-003/ADR-004/ADR-005/ADR-006/ADR-007/ADR-008/ADR-041/ADR-042/ADR-043,MIXED,AC-ISSUE-0681-01/AC-ISSUE-0681-02/AC-ISSUE-0681-03/AC-ISSUE-0681-04,PASS,PASS,PASS,PASS,HIGH
STORY-0572,ISSUE-0682,TASK-0572,EPIC-093,SPRINT-007,GEO,BC-006,Georreferenciamento,Story,planned,Geoprocessamento,"Implementar o núcleo algorítmico: contratos de CRS, espaços de coordenadas, ordem de eixos, precisão/unidades e validade raster",STORY-0570,,STORY-0572-ISSUE-0682-implementar-o-nucleo-algoritmico-contratos-de-crs-espacos-de-coordenadas-o.md,ADR-003/ADR-004/ADR-005/ADR-006/ADR-007/ADR-008/ADR-041/ADR-042/ADR-043,DERIVED_CONTROL,AC-ISSUE-0682-01/AC-ISSUE-0682-02/AC-ISSUE-0682-03/AC-ISSUE-0682-04,PASS,PASS,PASS,PASS,HIGH
STORY-0573,ISSUE-0683,TASK-0573,EPIC-093,SPRINT-007,GEO,BC-006,Georreferenciamento,Story,planned,Geoprocessamento,"Integrar ao ProcessingPlan e pipeline: contratos de CRS, espaços de coordenadas, ordem de eixos, precisão/unidades e validade raster",STORY-0570,,STORY-0573-ISSUE-0683-integrar-ao-processingplan-e-pipeline-contratos-de-crs-espacos-de-coordena.md,ADR-003/ADR-004/ADR-005/ADR-006/ADR-007/ADR-008/ADR-041/ADR-042/ADR-043,DERIVED_CONTROL,AC-ISSUE-0683-01/AC-ISSUE-0683-02/AC-ISSUE-0683-03/AC-ISSUE-0683-04,PASS,PASS,PASS,PASS,HIGH
STORY-0574,ISSUE-0684,TASK-0574,EPIC-093,SPRINT-007,GEO,BC-006,Georreferenciamento,Story,planned,Geoprocessamento,"Produzir métricas, diagnóstico e lineage: contratos de CRS, espaços de coordenadas, ordem de eixos, precisão/unidades e validade raster",STORY-0570,,STORY-0574-ISSUE-0684-produzir-metricas-diagnostico-e-lineage-contratos-de-crs-espacos-de-coorde.md,ADR-003/ADR-004/ADR-005/ADR-006/ADR-007/ADR-008/ADR-041/ADR-042/ADR-043,DERIVED_CONTROL,AC-ISSUE-0684-01/AC-ISSUE-0684-02/AC-ISSUE-0684-03/AC-ISSUE-0684-04,PASS,PASS,PASS,PASS,HIGH
STORY-0575,ISSUE-0685,TASK-0575,EPIC-093,SPRINT-007,GEO,BC-006,Georreferenciamento,Story,planned,QA,"Executar benchmark, negativos e regressão científica: contratos de CRS, espaços de coordenadas, ordem de eixos, precisão/unidades e validade raster",STORY-0571/STORY-0572/STORY-0573/STORY-0574,,STORY-0575-ISSUE-0685-executar-benchmark-negativos-e-regressao-cientifica-contratos-de-crs-espac.md,ADR-003/ADR-004/ADR-005/ADR-006/ADR-007/ADR-008/ADR-041/ADR-042/ADR-043,DERIVED_CONTROL,AC-ISSUE-0685-01/AC-ISSUE-0685-02/AC-ISSUE-0685-03/AC-ISSUE-0685-04,PASS,PASS,PASS,PASS,HIGH
STORY-0576,ISSUE-0686,TASK-0576,EPIC-093,SPRINT-007,GEO,BC-006,Georreferenciamento,Story,planned,Reviewer,"Auditar evidência científica e final: contratos de CRS, espaços de coordenadas, ordem de eixos, precisão/unidades e validade raster",STORY-0575,,STORY-0576-ISSUE-0686-auditar-evidencia-cientifica-e-final-contratos-de-crs-espacos-de-coordenad.md,ADR-003/ADR-004/ADR-005/ADR-006/ADR-007/ADR-008/ADR-041/ADR-042/ADR-043,DERIVED_CONTROL,AC-ISSUE-0686-01/AC-ISSUE-0686-02/AC-ISSUE-0686-03/AC-ISSUE-0686-04,PASS,PASS,PASS,PASS,HIGH
STORY-0577,ISSUE-0687,TASK-0577,EPIC-094,SPRINT-007,GEO,BC-006,Georreferenciamento,Story,planned,Arquiteto,Definir contrato científico e invariantes: Registry e transformações de CRS,,,STORY-0577-ISSUE-0687-definir-contrato-cientifico-e-invariantes-registry-e-transformacoes-de-crs.md,ADR-003/ADR-004/ADR-005/ADR-006/ADR-007/ADR-008/ADR-010/ADR-011/ADR-041/ADR-042/ADR-043,DERIVED_CONTROL,AC-ISSUE-0687-01/AC-ISSUE-0687-02/AC-ISSUE-0687-03/AC-ISSUE-0687-04,PASS,PASS,PASS,PASS,HIGH
STORY-0578,ISSUE-0688,TASK-0578,EPIC-094,SPRINT-007,GEO,BC-006,Georreferenciamento,Story,planned,Geoprocessamento,"Preparar corpus, fixtures e representação tipada: Registry e transformações de CRS",STORY-0577,,STORY-0578-ISSUE-0688-preparar-corpus-fixtures-e-representacao-tipada-registry-e-transformacoes.md,ADR-003/ADR-004/ADR-005/ADR-006/ADR-007/ADR-008/ADR-041/ADR-042/ADR-043,DERIVED_CONTROL,AC-ISSUE-0688-01/AC-ISSUE-0688-02/AC-ISSUE-0688-03/AC-ISSUE-0688-04,PASS,PASS,PASS,PASS,HIGH
STORY-0579,ISSUE-0689,TASK-0579,EPIC-094,SPRINT-007,GEO,BC-006,Georreferenciamento,Story,planned,Geoprocessamento,Implementar o núcleo algorítmico: Registry e transformações de CRS,STORY-0577,,STORY-0579-ISSUE-0689-implementar-o-nucleo-algoritmico-registry-e-transformacoes-de-crs.md,ADR-003/ADR-004/ADR-005/ADR-006/ADR-007/ADR-008/ADR-041/ADR-042/ADR-043,DERIVED_CONTROL,AC-ISSUE-0689-01/AC-ISSUE-0689-02/AC-ISSUE-0689-03/AC-ISSUE-0689-04,PASS,PASS,PASS,PASS,HIGH
STORY-0580,ISSUE-0690,TASK-0580,EPIC-094,SPRINT-007,GEO,BC-006,Georreferenciamento,Story,planned,Geoprocessamento,Integrar ao ProcessingPlan e pipeline: Registry e transformações de CRS,STORY-0577,,STORY-0580-ISSUE-0690-integrar-ao-processingplan-e-pipeline-registry-e-transformacoes-de-crs.md,ADR-003/ADR-004/ADR-005/ADR-006/ADR-007/ADR-008/ADR-041/ADR-042/ADR-043,DERIVED_CONTROL,AC-ISSUE-0690-01/AC-ISSUE-0690-02/AC-ISSUE-0690-03/AC-ISSUE-0690-04,PASS,PASS,PASS,PASS,HIGH
STORY-0581,ISSUE-0691,TASK-0581,EPIC-094,SPRINT-007,GEO,BC-006,Georreferenciamento,Story,planned,Geoprocessamento,"Produzir métricas, diagnóstico e lineage: Registry e transformações de CRS",STORY-0577,,STORY-0581-ISSUE-0691-produzir-metricas-diagnostico-e-lineage-registry-e-transformacoes-de-crs.md,ADR-003/ADR-004/ADR-005/ADR-006/ADR-007/ADR-008/ADR-041/ADR-042/ADR-043,DERIVED_CONTROL,AC-ISSUE-0691-01/AC-ISSUE-0691-02/AC-ISSUE-0691-03/AC-ISSUE-0691-04,PASS,PASS,PASS,PASS,HIGH
STORY-0582,ISSUE-0692,TASK-0582,EPIC-094,SPRINT-007,GEO,BC-006,Georreferenciamento,Story,planned,QA,"Executar benchmark, negativos e regressão científica: Registry e transformações de CRS",STORY-0578/STORY-0579/STORY-0580/STORY-0581,,STORY-0582-ISSUE-0692-executar-benchmark-negativos-e-regressao-cientifica-registry-e-transformac.md,ADR-003/ADR-004/ADR-005/ADR-006/ADR-007/ADR-008/ADR-041/ADR-042/ADR-043,DERIVED_CONTROL,AC-ISSUE-0692-01/AC-ISSUE-0692-02/AC-ISSUE-0692-03/AC-ISSUE-0692-04,PASS,PASS,PASS,PASS,HIGH
STORY-0583,ISSUE-0693,TASK-0583,EPIC-094,SPRINT-007,GEO,BC-006,Georreferenciamento,Story,planned,Reviewer,Auditar evidência científica e final: Registry e transformações de CRS,STORY-0582,,STORY-0583-ISSUE-0693-auditar-evidencia-cientifica-e-final-registry-e-transformacoes-de-crs.md,ADR-003/ADR-004/ADR-005/ADR-006/ADR-007/ADR-008/ADR-041/ADR-042/ADR-043,DERIVED_CONTROL,AC-ISSUE-0693-01/AC-ISSUE-0693-02/AC-ISSUE-0693-03/AC-ISSUE-0693-04,PASS,PASS,PASS,PASS,HIGH
STORY-0584,ISSUE-0694,TASK-0584,EPIC-095,SPRINT-007,GEO,BC-006,Georreferenciamento,Story,planned,Arquiteto,Definir contrato científico e invariantes: Validade raster explícita,,,STORY-0584-ISSUE-0694-definir-contrato-cientifico-e-invariantes-validade-raster-explicita.md,ADR-003/ADR-004/ADR-005/ADR-006/ADR-007/ADR-008/ADR-010/ADR-011/ADR-041/ADR-042/ADR-043/ADR-049,DERIVED_CONTROL,AC-ISSUE-0694-01/AC-ISSUE-0694-02/AC-ISSUE-0694-03/AC-ISSUE-0694-04,PASS,PASS,PASS,PASS,HIGH
STORY-0585,ISSUE-0695,TASK-0585,EPIC-095,SPRINT-007,GEO,BC-006,Georreferenciamento,Story,planned,Geoprocessamento,"Preparar corpus, fixtures e representação tipada: Validade raster explícita",STORY-0584,REQ-MOS-006/REQ-RAS-004,STORY-0585-ISSUE-0695-preparar-corpus-fixtures-e-representacao-tipada-validade-raster-explicita.md,ADR-003/ADR-004/ADR-005/ADR-006/ADR-007/ADR-008/ADR-041/ADR-042/ADR-043/ADR-049,MIXED,AC-ISSUE-0695-01/AC-ISSUE-0695-02/AC-ISSUE-0695-03/AC-ISSUE-0695-04,PASS,PASS,PASS,PASS,HIGH
STORY-0586,ISSUE-0696,TASK-0586,EPIC-095,SPRINT-007,GEO,BC-006,Georreferenciamento,Story,planned,Geoprocessamento,Implementar o núcleo algorítmico: Validade raster explícita,STORY-0584,,STORY-0586-ISSUE-0696-implementar-o-nucleo-algoritmico-validade-raster-explicita.md,ADR-003/ADR-004/ADR-005/ADR-006/ADR-007/ADR-008/ADR-041/ADR-042/ADR-043/ADR-049,DERIVED_CONTROL,AC-ISSUE-0696-01/AC-ISSUE-0696-02/AC-ISSUE-0696-03/AC-ISSUE-0696-04,PASS,PASS,PASS,PASS,HIGH
STORY-0587,ISSUE-0697,TASK-0587,EPIC-095,SPRINT-007,GEO,BC-006,Georreferenciamento,Story,planned,Geoprocessamento,Integrar ao ProcessingPlan e pipeline: Validade raster explícita,STORY-0584,,STORY-0587-ISSUE-0697-integrar-ao-processingplan-e-pipeline-validade-raster-explicita.md,ADR-003/ADR-004/ADR-005/ADR-006/ADR-007/ADR-008/ADR-041/ADR-042/ADR-043/ADR-049,DERIVED_CONTROL,AC-ISSUE-0697-01/AC-ISSUE-0697-02/AC-ISSUE-0697-03/AC-ISSUE-0697-04,PASS,PASS,PASS,PASS,HIGH
STORY-0588,ISSUE-0698,TASK-0588,EPIC-095,SPRINT-007,GEO,BC-006,Georreferenciamento,Story,planned,Geoprocessamento,"Produzir métricas, diagnóstico e lineage: Validade raster explícita",STORY-0584,,STORY-0588-ISSUE-0698-produzir-metricas-diagnostico-e-lineage-validade-raster-explicita.md,ADR-003/ADR-004/ADR-005/ADR-006/ADR-007/ADR-008/ADR-041/ADR-042/ADR-043/ADR-049,DERIVED_CONTROL,AC-ISSUE-0698-01/AC-ISSUE-0698-02/AC-ISSUE-0698-03/AC-ISSUE-0698-04,PASS,PASS,PASS,PASS,HIGH
STORY-0589,ISSUE-0699,TASK-0589,EPIC-095,SPRINT-007,GEO,BC-006,Georreferenciamento,Story,planned,QA,"Executar benchmark, negativos e regressão científica: Validade raster explícita",STORY-0585/STORY-0586/STORY-0587/STORY-0588,,STORY-0589-ISSUE-0699-executar-benchmark-negativos-e-regressao-cientifica-validade-raster-explic.md,ADR-003/ADR-004/ADR-005/ADR-006/ADR-007/ADR-008/ADR-041/ADR-042/ADR-043/ADR-049,DERIVED_CONTROL,AC-ISSUE-0699-01/AC-ISSUE-0699-02/AC-ISSUE-0699-03/AC-ISSUE-0699-04,PASS,PASS,PASS,PASS,HIGH
STORY-0590,ISSUE-0700,TASK-0590,EPIC-095,SPRINT-007,GEO,BC-006,Georreferenciamento,Story,planned,Reviewer,Auditar evidência científica e final: Validade raster explícita,STORY-0589,,STORY-0590-ISSUE-0700-auditar-evidencia-cientifica-e-final-validade-raster-explicita.md,ADR-003/ADR-004/ADR-005/ADR-006/ADR-007/ADR-008/ADR-041/ADR-042/ADR-043/ADR-049,DERIVED_CONTROL,AC-ISSUE-0700-01/AC-ISSUE-0700-02/AC-ISSUE-0700-03/AC-ISSUE-0700-04,PASS,PASS,PASS,PASS,HIGH
STORY-0591,ISSUE-0701,TASK-0591,EPIC-096,SPRINT-007,GEO,BC-006,Georreferenciamento,Story,planned,Arquiteto,Definir contrato científico e invariantes: Seletor e validador de CRS,,REQ-CRS-004/REQ-CRS-005/REQ-CRS-006/REQ-CRS-007,STORY-0591-ISSUE-0701-definir-contrato-cientifico-e-invariantes-seletor-e-validador-de-crs.md,ADR-003/ADR-004/ADR-005/ADR-006/ADR-007/ADR-008/ADR-010/ADR-011/ADR-025/ADR-034/ADR-041/ADR-042/ADR-043,MIXED,AC-ISSUE-0701-01/AC-ISSUE-0701-02/AC-ISSUE-0701-03/AC-ISSUE-0701-04,PASS,PASS,PASS,PASS,HIGH
STORY-0592,ISSUE-0702,TASK-0592,EPIC-096,SPRINT-007,GEO,BC-006,Georreferenciamento,Story,planned,Geoprocessamento,"Preparar corpus, fixtures e representação tipada: Seletor e validador de CRS",STORY-0591,,STORY-0592-ISSUE-0702-preparar-corpus-fixtures-e-representacao-tipada-seletor-e-validador-de-crs.md,ADR-003/ADR-004/ADR-005/ADR-006/ADR-007/ADR-008/ADR-025/ADR-041/ADR-042/ADR-043,DERIVED_CONTROL,AC-ISSUE-0702-01/AC-ISSUE-0702-02/AC-ISSUE-0702-03/AC-ISSUE-0702-04,PASS,PASS,PASS,PASS,HIGH
STORY-0593,ISSUE-0703,TASK-0593,EPIC-096,SPRINT-007,GEO,BC-006,Georreferenciamento,Story,planned,Geoprocessamento,Implementar o núcleo algorítmico: Seletor e validador de CRS,STORY-0591,,STORY-0593-ISSUE-0703-implementar-o-nucleo-algoritmico-seletor-e-validador-de-crs.md,ADR-003/ADR-004/ADR-005/ADR-006/ADR-007/ADR-008/ADR-025/ADR-041/ADR-042/ADR-043,DERIVED_CONTROL,AC-ISSUE-0703-01/AC-ISSUE-0703-02/AC-ISSUE-0703-03/AC-ISSUE-0703-04,PASS,PASS,PASS,PASS,HIGH
STORY-0594,ISSUE-0704,TASK-0594,EPIC-096,SPRINT-007,GEO,BC-006,Georreferenciamento,Story,planned,Geoprocessamento,Integrar ao ProcessingPlan e pipeline: Seletor e validador de CRS,STORY-0591,,STORY-0594-ISSUE-0704-integrar-ao-processingplan-e-pipeline-seletor-e-validador-de-crs.md,ADR-003/ADR-004/ADR-005/ADR-006/ADR-007/ADR-008/ADR-025/ADR-041/ADR-042/ADR-043,DERIVED_CONTROL,AC-ISSUE-0704-01/AC-ISSUE-0704-02/AC-ISSUE-0704-03/AC-ISSUE-0704-04,PASS,PASS,PASS,PASS,HIGH
STORY-0595,ISSUE-0705,TASK-0595,EPIC-096,SPRINT-007,GEO,BC-006,Georreferenciamento,Story,planned,Geoprocessamento,"Produzir métricas, diagnóstico e lineage: Seletor e validador de CRS",STORY-0591,,STORY-0595-ISSUE-0705-produzir-metricas-diagnostico-e-lineage-seletor-e-validador-de-crs.md,ADR-003/ADR-004/ADR-005/ADR-006/ADR-007/ADR-008/ADR-025/ADR-041/ADR-042/ADR-043,DERIVED_CONTROL,AC-ISSUE-0705-01/AC-ISSUE-0705-02/AC-ISSUE-0705-03/AC-ISSUE-0705-04,PASS,PASS,PASS,PASS,HIGH
STORY-0596,ISSUE-0706,TASK-0596,EPIC-096,SPRINT-007,GEO,BC-006,Georreferenciamento,Story,planned,QA,"Executar benchmark, negativos e regressão científica: Seletor e validador de CRS",STORY-0592/STORY-0593/STORY-0594/STORY-0595,,STORY-0596-ISSUE-0706-executar-benchmark-negativos-e-regressao-cientifica-seletor-e-validador-de.md,ADR-003/ADR-004/ADR-005/ADR-006/ADR-007/ADR-008/ADR-041/ADR-042/ADR-043,DERIVED_CONTROL,AC-ISSUE-0706-01/AC-ISSUE-0706-02/AC-ISSUE-0706-03/AC-ISSUE-0706-04,PASS,PASS,PASS,PASS,HIGH
STORY-0597,ISSUE-0707,TASK-0597,EPIC-096,SPRINT-007,GEO,BC-006,Georreferenciamento,Story,planned,Reviewer,Auditar evidência científica e final: Seletor e validador de CRS,STORY-0596,,STORY-0597-ISSUE-0707-auditar-evidencia-cientifica-e-final-seletor-e-validador-de-crs.md,ADR-003/ADR-004/ADR-005/ADR-006/ADR-007/ADR-008/ADR-041/ADR-042/ADR-043,DERIVED_CONTROL,AC-ISSUE-0707-01/AC-ISSUE-0707-02/AC-ISSUE-0707-03/AC-ISSUE-0707-04,PASS,PASS,PASS,PASS,HIGH
STORY-0598,ISSUE-0708,TASK-0598,EPIC-097,SPRINT-007,GEO,BC-006,Georreferenciamento,Story,planned,Arquiteto,"Definir contrato científico e invariantes: Grade, resolução e reamostragem",,,STORY-0598-ISSUE-0708-definir-contrato-cientifico-e-invariantes-grade-resolucao-e-reamostragem.md,ADR-003/ADR-004/ADR-005/ADR-006/ADR-007/ADR-008/ADR-010/ADR-011/ADR-041/ADR-042/ADR-043/ADR-049,DERIVED_CONTROL,AC-ISSUE-0708-01/AC-ISSUE-0708-02/AC-ISSUE-0708-03/AC-ISSUE-0708-04,PASS,PASS,PASS,PASS,HIGH
STORY-0599,ISSUE-0709,TASK-0599,EPIC-097,SPRINT-007,GEO,BC-006,Georreferenciamento,Story,planned,Geoprocessamento,"Preparar corpus, fixtures e representação tipada: Grade, resolução e reamostragem",STORY-0598,REQ-RAS-002/REQ-RAS-003/REQ-RAS-004/REQ-RAS-005,STORY-0599-ISSUE-0709-preparar-corpus-fixtures-e-representacao-tipada-grade-resolucao-e-reamostr.md,ADR-003/ADR-004/ADR-005/ADR-006/ADR-007/ADR-008/ADR-040/ADR-041/ADR-042/ADR-043/ADR-049,MIXED,AC-ISSUE-0709-01/AC-ISSUE-0709-02/AC-ISSUE-0709-03/AC-ISSUE-0709-04,PASS,PASS,PASS,PASS,HIGH
STORY-0600,ISSUE-0710,TASK-0600,EPIC-097,SPRINT-007,GEO,BC-006,Georreferenciamento,Story,planned,Geoprocessamento,"Implementar o núcleo algorítmico: Grade, resolução e reamostragem",STORY-0598,,STORY-0600-ISSUE-0710-implementar-o-nucleo-algoritmico-grade-resolucao-e-reamostragem.md,ADR-003/ADR-004/ADR-005/ADR-006/ADR-007/ADR-008/ADR-041/ADR-042/ADR-043/ADR-049,DERIVED_CONTROL,AC-ISSUE-0710-01/AC-ISSUE-0710-02/AC-ISSUE-0710-03/AC-ISSUE-0710-04,PASS,PASS,PASS,PASS,HIGH
STORY-0601,ISSUE-0711,TASK-0601,EPIC-097,SPRINT-007,GEO,BC-006,Georreferenciamento,Story,planned,Geoprocessamento,"Integrar ao ProcessingPlan e pipeline: Grade, resolução e reamostragem",STORY-0598,,STORY-0601-ISSUE-0711-integrar-ao-processingplan-e-pipeline-grade-resolucao-e-reamostragem.md,ADR-003/ADR-004/ADR-005/ADR-006/ADR-007/ADR-008/ADR-041/ADR-042/ADR-043/ADR-049,DERIVED_CONTROL,AC-ISSUE-0711-01/AC-ISSUE-0711-02/AC-ISSUE-0711-03/AC-ISSUE-0711-04,PASS,PASS,PASS,PASS,HIGH
STORY-0602,ISSUE-0712,TASK-0602,EPIC-097,SPRINT-007,GEO,BC-006,Georreferenciamento,Story,planned,Geoprocessamento,"Produzir métricas, diagnóstico e lineage: Grade, resolução e reamostragem",STORY-0598,,STORY-0602-ISSUE-0712-produzir-metricas-diagnostico-e-lineage-grade-resolucao-e-reamostragem.md,ADR-003/ADR-004/ADR-005/ADR-006/ADR-007/ADR-008/ADR-041/ADR-042/ADR-043/ADR-049,DERIVED_CONTROL,AC-ISSUE-0712-01/AC-ISSUE-0712-02/AC-ISSUE-0712-03/AC-ISSUE-0712-04,PASS,PASS,PASS,PASS,HIGH
STORY-0603,ISSUE-0713,TASK-0603,EPIC-097,SPRINT-007,GEO,BC-006,Georreferenciamento,Story,planned,QA,"Executar benchmark, negativos e regressão científica: Grade, resolução e reamostragem",STORY-0599/STORY-0600/STORY-0601/STORY-0602,,STORY-0603-ISSUE-0713-executar-benchmark-negativos-e-regressao-cientifica-grade-resolucao-e-ream.md,ADR-003/ADR-004/ADR-005/ADR-006/ADR-007/ADR-008/ADR-041/ADR-042/ADR-043/ADR-049,DERIVED_CONTROL,AC-ISSUE-0713-01/AC-ISSUE-0713-02/AC-ISSUE-0713-03/AC-ISSUE-0713-04,PASS,PASS,PASS,PASS,HIGH
STORY-0604,ISSUE-0714,TASK-0604,EPIC-097,SPRINT-007,GEO,BC-006,Georreferenciamento,Story,planned,Reviewer,"Auditar evidência científica e final: Grade, resolução e reamostragem",STORY-0603,,STORY-0604-ISSUE-0714-auditar-evidencia-cientifica-e-final-grade-resolucao-e-reamostragem.md,ADR-003/ADR-004/ADR-005/ADR-006/ADR-007/ADR-008/ADR-041/ADR-042/ADR-043/ADR-049,DERIVED_CONTROL,AC-ISSUE-0714-01/AC-ISSUE-0714-02/AC-ISSUE-0714-03/AC-ISSUE-0714-04,PASS,PASS,PASS,PASS,HIGH
STORY-0605,ISSUE-0715,TASK-0605,EPIC-098,SPRINT-007,GEO,BC-008,Mosaico Relativo,Story,planned,Arquiteto,Definir contrato científico e invariantes: Mosaico relativo de recuperação,,,STORY-0605-ISSUE-0715-definir-contrato-cientifico-e-invariantes-mosaico-relativo-de-recuperacao.md,ADR-003/ADR-004/ADR-005/ADR-006/ADR-007/ADR-008/ADR-010/ADR-011/ADR-041/ADR-042/ADR-043/ADR-044/ADR-049/ADR-050,DERIVED_CONTROL,AC-ISSUE-0715-01/AC-ISSUE-0715-02/AC-ISSUE-0715-03/AC-ISSUE-0715-04,PASS,PASS,PASS,PASS,HIGH
STORY-0606,ISSUE-0716,TASK-0606,EPIC-098,SPRINT-007,GEO,BC-008,Mosaico Relativo,Story,planned,Geoprocessamento,"Preparar corpus, fixtures e representação tipada: Mosaico relativo de recuperação",STORY-0605,REQ-MOS-002/REQ-MOS-004/REQ-MOS-006/REQ-RMR-004,STORY-0606-ISSUE-0716-preparar-corpus-fixtures-e-representacao-tipada-mosaico-relativo-de-recupe.md,ADR-003/ADR-004/ADR-005/ADR-006/ADR-007/ADR-008/ADR-040/ADR-041/ADR-042/ADR-043/ADR-044/ADR-049/ADR-050,MIXED,AC-ISSUE-0716-01/AC-ISSUE-0716-02/AC-ISSUE-0716-03/AC-ISSUE-0716-04,PASS,PASS,PASS,PASS,HIGH
STORY-0607,ISSUE-0717,TASK-0607,EPIC-098,SPRINT-007,GEO,BC-008,Mosaico Relativo,Story,planned,Geoprocessamento,Implementar o núcleo algorítmico: Mosaico relativo de recuperação,STORY-0605,REQ-MOS-001/REQ-MOS-003/REQ-RMQ-003,STORY-0607-ISSUE-0717-implementar-o-nucleo-algoritmico-mosaico-relativo-de-recuperacao.md,ADR-003/ADR-004/ADR-005/ADR-006/ADR-007/ADR-008/ADR-036/ADR-041/ADR-042/ADR-043/ADR-044/ADR-049/ADR-050,MIXED,AC-ISSUE-0717-01/AC-ISSUE-0717-02/AC-ISSUE-0717-03/AC-ISSUE-0717-04,PASS,PASS,PASS,PASS,HIGH
STORY-0608,ISSUE-0718,TASK-0608,EPIC-098,SPRINT-007,GEO,BC-008,Mosaico Relativo,Story,planned,Geoprocessamento,Integrar ao ProcessingPlan e pipeline: Mosaico relativo de recuperação,STORY-0605,,STORY-0608-ISSUE-0718-integrar-ao-processingplan-e-pipeline-mosaico-relativo-de-recuperacao.md,ADR-003/ADR-004/ADR-005/ADR-006/ADR-007/ADR-008/ADR-041/ADR-042/ADR-043/ADR-044/ADR-049/ADR-050,DERIVED_CONTROL,AC-ISSUE-0718-01/AC-ISSUE-0718-02/AC-ISSUE-0718-03/AC-ISSUE-0718-04,PASS,PASS,PASS,PASS,HIGH
STORY-0609,ISSUE-0719,TASK-0609,EPIC-098,SPRINT-007,GEO,BC-008,Mosaico Relativo,Story,planned,Geoprocessamento,"Produzir métricas, diagnóstico e lineage: Mosaico relativo de recuperação",STORY-0605,,STORY-0609-ISSUE-0719-produzir-metricas-diagnostico-e-lineage-mosaico-relativo-de-recuperacao.md,ADR-003/ADR-004/ADR-005/ADR-006/ADR-007/ADR-008/ADR-041/ADR-042/ADR-043/ADR-044/ADR-049/ADR-050,DERIVED_CONTROL,AC-ISSUE-0719-01/AC-ISSUE-0719-02/AC-ISSUE-0719-03/AC-ISSUE-0719-04,PASS,PASS,PASS,PASS,HIGH
STORY-0610,ISSUE-0720,TASK-0610,EPIC-098,SPRINT-007,GEO,BC-008,Mosaico Relativo,Story,planned,QA,"Executar benchmark, negativos e regressão científica: Mosaico relativo de recuperação",STORY-0606/STORY-0607/STORY-0608/STORY-0609,REQ-MOS-005,STORY-0610-ISSUE-0720-executar-benchmark-negativos-e-regressao-cientifica-mosaico-relativo-de-re.md,ADR-003/ADR-004/ADR-005/ADR-006/ADR-007/ADR-008/ADR-041/ADR-042/ADR-043/ADR-044/ADR-049/ADR-050,MIXED,AC-ISSUE-0720-01/AC-ISSUE-0720-02/AC-ISSUE-0720-03/AC-ISSUE-0720-04,PASS,PASS,PASS,PASS,HIGH
STORY-0611,ISSUE-0721,TASK-0611,EPIC-098,SPRINT-007,GEO,BC-008,Mosaico Relativo,Story,planned,Reviewer,Auditar evidência científica e final: Mosaico relativo de recuperação,STORY-0610,,STORY-0611-ISSUE-0721-auditar-evidencia-cientifica-e-final-mosaico-relativo-de-recuperacao.md,ADR-003/ADR-004/ADR-005/ADR-006/ADR-007/ADR-008/ADR-041/ADR-042/ADR-043/ADR-044/ADR-049/ADR-050,DERIVED_CONTROL,AC-ISSUE-0721-01/AC-ISSUE-0721-02/AC-ISSUE-0721-03/AC-ISSUE-0721-04,PASS,PASS,PASS,PASS,HIGH
STORY-0612,ISSUE-0722,TASK-0612,EPIC-099,SPRINT-008,GEO,BC-008,Mosaico Relativo,Story,planned,Arquiteto,Definir contrato científico e invariantes: Ancoragem e recuperação a partir do mosaico relativo,,,STORY-0612-ISSUE-0722-definir-contrato-cientifico-e-invariantes-ancoragem-e-recuperacao-a-partir.md,ADR-003/ADR-004/ADR-005/ADR-006/ADR-007/ADR-008/ADR-010/ADR-011/ADR-041/ADR-042/ADR-043/ADR-045/ADR-049/ADR-050,DERIVED_CONTROL,AC-ISSUE-0722-01/AC-ISSUE-0722-02/AC-ISSUE-0722-03/AC-ISSUE-0722-04,PASS,PASS,PASS,PASS,HIGH
STORY-0613,ISSUE-0723,TASK-0613,EPIC-099,SPRINT-008,GEO,BC-008,Mosaico Relativo,Story,planned,Geoprocessamento,"Preparar corpus, fixtures e representação tipada: Ancoragem e recuperação a partir do mosaico relativo",STORY-0612,REQ-ANC-004/REQ-RMV-004,STORY-0613-ISSUE-0723-preparar-corpus-fixtures-e-representacao-tipada-ancoragem-e-recuperacao-a.md,ADR-003/ADR-004/ADR-005/ADR-006/ADR-007/ADR-008/ADR-041/ADR-042/ADR-043/ADR-045/ADR-049/ADR-050,MIXED,AC-ISSUE-0723-01/AC-ISSUE-0723-02/AC-ISSUE-0723-03/AC-ISSUE-0723-04,PASS,PASS,PASS,PASS,HIGH
STORY-0614,ISSUE-0724,TASK-0614,EPIC-099,SPRINT-008,GEO,BC-008,Mosaico Relativo,Story,planned,Geoprocessamento,Implementar o núcleo algorítmico: Ancoragem e recuperação a partir do mosaico relativo,STORY-0612,REQ-ANC-001/REQ-ANC-002,STORY-0614-ISSUE-0724-implementar-o-nucleo-algoritmico-ancoragem-e-recuperacao-a-partir-do-mosai.md,ADR-003/ADR-004/ADR-005/ADR-006/ADR-007/ADR-008/ADR-041/ADR-042/ADR-043/ADR-045/ADR-049/ADR-050,MIXED,AC-ISSUE-0724-01/AC-ISSUE-0724-02/AC-ISSUE-0724-03/AC-ISSUE-0724-04,PASS,PASS,PASS,PASS,HIGH
STORY-0615,ISSUE-0725,TASK-0615,EPIC-099,SPRINT-008,GEO,BC-008,Mosaico Relativo,Story,planned,Geoprocessamento,Integrar ao ProcessingPlan e pipeline: Ancoragem e recuperação a partir do mosaico relativo,STORY-0612,,STORY-0615-ISSUE-0725-integrar-ao-processingplan-e-pipeline-ancoragem-e-recuperacao-a-partir-do.md,ADR-003/ADR-004/ADR-005/ADR-006/ADR-007/ADR-008/ADR-041/ADR-042/ADR-043/ADR-045/ADR-049/ADR-050,DERIVED_CONTROL,AC-ISSUE-0725-01/AC-ISSUE-0725-02/AC-ISSUE-0725-03/AC-ISSUE-0725-04,PASS,PASS,PASS,PASS,HIGH
STORY-0616,ISSUE-0726,TASK-0616,EPIC-099,SPRINT-008,GEO,BC-008,Mosaico Relativo,Story,planned,Geoprocessamento,"Produzir métricas, diagnóstico e lineage: Ancoragem e recuperação a partir do mosaico relativo",STORY-0612,,STORY-0616-ISSUE-0726-produzir-metricas-diagnostico-e-lineage-ancoragem-e-recuperacao-a-partir-d.md,ADR-003/ADR-004/ADR-005/ADR-006/ADR-007/ADR-008/ADR-041/ADR-042/ADR-043/ADR-045/ADR-049/ADR-050,DERIVED_CONTROL,AC-ISSUE-0726-01/AC-ISSUE-0726-02/AC-ISSUE-0726-03/AC-ISSUE-0726-04,PASS,PASS,PASS,PASS,HIGH
STORY-0617,ISSUE-0727,TASK-0617,EPIC-099,SPRINT-008,GEO,BC-008,Mosaico Relativo,Story,planned,QA,"Executar benchmark, negativos e regressão científica: Ancoragem e recuperação a partir do mosaico relativo",STORY-0613/STORY-0614/STORY-0615/STORY-0616,REQ-ANC-003,STORY-0617-ISSUE-0727-executar-benchmark-negativos-e-regressao-cientifica-ancoragem-e-recuperaca.md,ADR-003/ADR-004/ADR-005/ADR-006/ADR-007/ADR-008/ADR-041/ADR-042/ADR-043/ADR-045/ADR-049/ADR-050,MIXED,AC-ISSUE-0727-01/AC-ISSUE-0727-02/AC-ISSUE-0727-03/AC-ISSUE-0727-04,PASS,PASS,PASS,PASS,HIGH
STORY-0618,ISSUE-0728,TASK-0618,EPIC-099,SPRINT-008,GEO,BC-008,Mosaico Relativo,Story,planned,Reviewer,Auditar evidência científica e final: Ancoragem e recuperação a partir do mosaico relativo,STORY-0617,,STORY-0618-ISSUE-0728-auditar-evidencia-cientifica-e-final-ancoragem-e-recuperacao-a-partir-do-m.md,ADR-003/ADR-004/ADR-005/ADR-006/ADR-007/ADR-008/ADR-041/ADR-042/ADR-043/ADR-045/ADR-049/ADR-050,DERIVED_CONTROL,AC-ISSUE-0728-01/AC-ISSUE-0728-02/AC-ISSUE-0728-03/AC-ISSUE-0728-04,PASS,PASS,PASS,PASS,HIGH
STORY-0619,ISSUE-0729,TASK-0619,EPIC-100,SPRINT-008,GEO,BC-008,Mosaico Relativo,Story,planned,Arquiteto,Definir contrato científico e invariantes: Workspace e lifecycle de âncoras,,REQ-ANC-008,STORY-0619-ISSUE-0729-definir-contrato-cientifico-e-invariantes-workspace-e-lifecycle-de-ancoras.md,ADR-003/ADR-004/ADR-005/ADR-006/ADR-007/ADR-008/ADR-010/ADR-011/ADR-041/ADR-042/ADR-043/ADR-048/ADR-049,MIXED,AC-ISSUE-0729-01/AC-ISSUE-0729-02/AC-ISSUE-0729-03/AC-ISSUE-0729-04,PASS,PASS,PASS,PASS,HIGH
STORY-0620,ISSUE-0730,TASK-0620,EPIC-100,SPRINT-008,GEO,BC-008,Mosaico Relativo,Story,planned,Geoprocessamento,"Preparar corpus, fixtures e representação tipada: Workspace e lifecycle de âncoras",STORY-0619,REQ-ANC-006/REQ-ANC-007,STORY-0620-ISSUE-0730-preparar-corpus-fixtures-e-representacao-tipada-workspace-e-lifecycle-de-a.md,ADR-003/ADR-004/ADR-005/ADR-006/ADR-007/ADR-008/ADR-041/ADR-042/ADR-043/ADR-048/ADR-049/ADR-055,MIXED,AC-ISSUE-0730-01/AC-ISSUE-0730-02/AC-ISSUE-0730-03/AC-ISSUE-0730-04,PASS,PASS,PASS,PASS,CRITICAL
STORY-0621,ISSUE-0731,TASK-0621,EPIC-100,SPRINT-008,GEO,BC-008,Mosaico Relativo,Story,planned,Geoprocessamento,Implementar o núcleo algorítmico: Workspace e lifecycle de âncoras,STORY-0619,REQ-ANC-005,STORY-0621-ISSUE-0731-implementar-o-nucleo-algoritmico-workspace-e-lifecycle-de-ancoras.md,ADR-003/ADR-004/ADR-005/ADR-006/ADR-007/ADR-008/ADR-041/ADR-042/ADR-043/ADR-048/ADR-049/ADR-055,MIXED,AC-ISSUE-0731-01/AC-ISSUE-0731-02/AC-ISSUE-0731-03/AC-ISSUE-0731-04,PASS,PASS,PASS,PASS,CRITICAL
STORY-0622,ISSUE-0732,TASK-0622,EPIC-100,SPRINT-008,GEO,BC-008,Mosaico Relativo,Story,planned,Geoprocessamento,Integrar ao ProcessingPlan e pipeline: Workspace e lifecycle de âncoras,STORY-0619,,STORY-0622-ISSUE-0732-integrar-ao-processingplan-e-pipeline-workspace-e-lifecycle-de-ancoras.md,ADR-003/ADR-004/ADR-005/ADR-006/ADR-007/ADR-008/ADR-041/ADR-042/ADR-043/ADR-048/ADR-049/ADR-055,DERIVED_CONTROL,AC-ISSUE-0732-01/AC-ISSUE-0732-02/AC-ISSUE-0732-03/AC-ISSUE-0732-04,PASS,PASS,PASS,PASS,CRITICAL
STORY-0623,ISSUE-0733,TASK-0623,EPIC-100,SPRINT-008,GEO,BC-008,Mosaico Relativo,Story,planned,Geoprocessamento,"Produzir métricas, diagnóstico e lineage: Workspace e lifecycle de âncoras",STORY-0619,,STORY-0623-ISSUE-0733-produzir-metricas-diagnostico-e-lineage-workspace-e-lifecycle-de-ancoras.md,ADR-003/ADR-004/ADR-005/ADR-006/ADR-007/ADR-008/ADR-041/ADR-042/ADR-043/ADR-048/ADR-049/ADR-055,DERIVED_CONTROL,AC-ISSUE-0733-01/AC-ISSUE-0733-02/AC-ISSUE-0733-03/AC-ISSUE-0733-04,PASS,PASS,PASS,PASS,CRITICAL
STORY-0624,ISSUE-0734,TASK-0624,EPIC-100,SPRINT-008,GEO,BC-008,Mosaico Relativo,Story,planned,QA,"Executar benchmark, negativos e regressão científica: Workspace e lifecycle de âncoras",STORY-0620/STORY-0621/STORY-0622/STORY-0623,,STORY-0624-ISSUE-0734-executar-benchmark-negativos-e-regressao-cientifica-workspace-e-lifecycle.md,ADR-003/ADR-004/ADR-005/ADR-006/ADR-007/ADR-008/ADR-041/ADR-042/ADR-043/ADR-048/ADR-049,DERIVED_CONTROL,AC-ISSUE-0734-01/AC-ISSUE-0734-02/AC-ISSUE-0734-03/AC-ISSUE-0734-04,PASS,PASS,PASS,PASS,HIGH
STORY-0625,ISSUE-0735,TASK-0625,EPIC-100,SPRINT-008,GEO,BC-008,Mosaico Relativo,Story,planned,Reviewer,Auditar evidência científica e final: Workspace e lifecycle de âncoras,STORY-0624,,STORY-0625-ISSUE-0735-auditar-evidencia-cientifica-e-final-workspace-e-lifecycle-de-ancoras.md,ADR-003/ADR-004/ADR-005/ADR-006/ADR-007/ADR-008/ADR-041/ADR-042/ADR-043/ADR-048/ADR-049,DERIVED_CONTROL,AC-ISSUE-0735-01/AC-ISSUE-0735-02/AC-ISSUE-0735-03/AC-ISSUE-0735-04,PASS,PASS,PASS,PASS,HIGH
STORY-0626,ISSUE-0736,TASK-0626,EPIC-101,SPRINT-008,GEO,BC-008,Mosaico Relativo,Story,planned,Arquiteto,Definir contrato científico e invariantes: Relative Mosaic Verifier e promotion lifecycle,,REQ-RMV-001,STORY-0626-ISSUE-0736-definir-contrato-cientifico-e-invariantes-relative-mosaic-verifier-e-promo.md,ADR-003/ADR-004/ADR-005/ADR-006/ADR-007/ADR-008/ADR-010/ADR-011/ADR-041/ADR-042/ADR-043/ADR-050,MIXED,AC-ISSUE-0736-01/AC-ISSUE-0736-02/AC-ISSUE-0736-03/AC-ISSUE-0736-04,PASS,PASS,PASS,PASS,HIGH
STORY-0627,ISSUE-0737,TASK-0627,EPIC-101,SPRINT-008,GEO,BC-008,Mosaico Relativo,Story,planned,Geoprocessamento,"Preparar corpus, fixtures e representação tipada: Relative Mosaic Verifier e promotion lifecycle",STORY-0626,REQ-RMV-002/REQ-RMV-003/REQ-RMV-004,STORY-0627-ISSUE-0737-preparar-corpus-fixtures-e-representacao-tipada-relative-mosaic-verifier-e.md,ADR-003/ADR-004/ADR-005/ADR-006/ADR-007/ADR-008/ADR-041/ADR-042/ADR-043/ADR-050,MIXED,AC-ISSUE-0737-01/AC-ISSUE-0737-02/AC-ISSUE-0737-03/AC-ISSUE-0737-04,PASS,PASS,PASS,PASS,HIGH
STORY-0628,ISSUE-0738,TASK-0628,EPIC-101,SPRINT-008,GEO,BC-008,Mosaico Relativo,Story,planned,Geoprocessamento,Implementar o núcleo algorítmico: Relative Mosaic Verifier e promotion lifecycle,STORY-0626,,STORY-0628-ISSUE-0738-implementar-o-nucleo-algoritmico-relative-mosaic-verifier-e-promotion-life.md,ADR-003/ADR-004/ADR-005/ADR-006/ADR-007/ADR-008/ADR-041/ADR-042/ADR-043/ADR-050,DERIVED_CONTROL,AC-ISSUE-0738-01/AC-ISSUE-0738-02/AC-ISSUE-0738-03/AC-ISSUE-0738-04,PASS,PASS,PASS,PASS,HIGH
STORY-0629,ISSUE-0739,TASK-0629,EPIC-101,SPRINT-008,GEO,BC-008,Mosaico Relativo,Story,planned,Geoprocessamento,Integrar ao ProcessingPlan e pipeline: Relative Mosaic Verifier e promotion lifecycle,STORY-0626,,STORY-0629-ISSUE-0739-integrar-ao-processingplan-e-pipeline-relative-mosaic-verifier-e-promotion.md,ADR-003/ADR-004/ADR-005/ADR-006/ADR-007/ADR-008/ADR-041/ADR-042/ADR-043/ADR-050,DERIVED_CONTROL,AC-ISSUE-0739-01/AC-ISSUE-0739-02/AC-ISSUE-0739-03/AC-ISSUE-0739-04,PASS,PASS,PASS,PASS,HIGH
STORY-0630,ISSUE-0740,TASK-0630,EPIC-101,SPRINT-008,GEO,BC-008,Mosaico Relativo,Story,planned,Geoprocessamento,"Produzir métricas, diagnóstico e lineage: Relative Mosaic Verifier e promotion lifecycle",STORY-0626,,STORY-0630-ISSUE-0740-produzir-metricas-diagnostico-e-lineage-relative-mosaic-verifier-e-promoti.md,ADR-003/ADR-004/ADR-005/ADR-006/ADR-007/ADR-008/ADR-041/ADR-042/ADR-043/ADR-050,DERIVED_CONTROL,AC-ISSUE-0740-01/AC-ISSUE-0740-02/AC-ISSUE-0740-03/AC-ISSUE-0740-04,PASS,PASS,PASS,PASS,HIGH
STORY-0631,ISSUE-0741,TASK-0631,EPIC-101,SPRINT-008,GEO,BC-008,Mosaico Relativo,Story,planned,QA,"Executar benchmark, negativos e regressão científica: Relative Mosaic Verifier e promotion lifecycle",STORY-0627/STORY-0628/STORY-0629/STORY-0630,,STORY-0631-ISSUE-0741-executar-benchmark-negativos-e-regressao-cientifica-relative-mosaic-verifi.md,ADR-003/ADR-004/ADR-005/ADR-006/ADR-007/ADR-008/ADR-041/ADR-042/ADR-043/ADR-050,DERIVED_CONTROL,AC-ISSUE-0741-01/AC-ISSUE-0741-02/AC-ISSUE-0741-03/AC-ISSUE-0741-04,PASS,PASS,PASS,PASS,HIGH
STORY-0632,ISSUE-0742,TASK-0632,EPIC-101,SPRINT-008,GEO,BC-008,Mosaico Relativo,Story,planned,Reviewer,Auditar evidência científica e final: Relative Mosaic Verifier e promotion lifecycle,STORY-0631,,STORY-0632-ISSUE-0742-auditar-evidencia-cientifica-e-final-relative-mosaic-verifier-e-promotion.md,ADR-003/ADR-004/ADR-005/ADR-006/ADR-007/ADR-008/ADR-041/ADR-042/ADR-043/ADR-050,DERIVED_CONTROL,AC-ISSUE-0742-01/AC-ISSUE-0742-02/AC-ISSUE-0742-03/AC-ISSUE-0742-04,PASS,PASS,PASS,PASS,HIGH
STORY-0633,ISSUE-0743,TASK-0633,EPIC-102,SPRINT-008,GEO,BC-008,Mosaico Relativo,Story,planned,Arquiteto,"Definir contrato científico e invariantes: Relatórios, visualização e exports do mosaico relativo",,,STORY-0633-ISSUE-0743-definir-contrato-cientifico-e-invariantes-relatorios-visualizacao-e-export.md,ADR-003/ADR-004/ADR-005/ADR-006/ADR-007/ADR-008/ADR-010/ADR-011/ADR-041/ADR-042/ADR-043/ADR-050,DERIVED_CONTROL,AC-ISSUE-0743-01/AC-ISSUE-0743-02/AC-ISSUE-0743-03/AC-ISSUE-0743-04,PASS,PASS,PASS,PASS,HIGH
STORY-0634,ISSUE-0744,TASK-0634,EPIC-102,SPRINT-008,GEO,BC-008,Mosaico Relativo,Story,planned,Geoprocessamento,"Preparar corpus, fixtures e representação tipada: Relatórios, visualização e exports do mosaico relativo",STORY-0633,REQ-RMR-001/REQ-RMR-003/REQ-RMR-004,STORY-0634-ISSUE-0744-preparar-corpus-fixtures-e-representacao-tipada-relatorios-visualizacao-e.md,ADR-003/ADR-004/ADR-005/ADR-006/ADR-007/ADR-008/ADR-041/ADR-042/ADR-043/ADR-050,MIXED,AC-ISSUE-0744-01/AC-ISSUE-0744-02/AC-ISSUE-0744-03/AC-ISSUE-0744-04,PASS,PASS,PASS,PASS,HIGH
STORY-0635,ISSUE-0745,TASK-0635,EPIC-102,SPRINT-008,GEO,BC-008,Mosaico Relativo,Story,planned,Geoprocessamento,"Implementar o núcleo algorítmico: Relatórios, visualização e exports do mosaico relativo",STORY-0633,REQ-RMR-002,STORY-0635-ISSUE-0745-implementar-o-nucleo-algoritmico-relatorios-visualizacao-e-exports-do-mosa.md,ADR-003/ADR-004/ADR-005/ADR-006/ADR-007/ADR-008/ADR-041/ADR-042/ADR-043/ADR-050,MIXED,AC-ISSUE-0745-01/AC-ISSUE-0745-02/AC-ISSUE-0745-03/AC-ISSUE-0745-04,PASS,PASS,PASS,PASS,HIGH
STORY-0636,ISSUE-0746,TASK-0636,EPIC-102,SPRINT-008,GEO,BC-008,Mosaico Relativo,Story,planned,Geoprocessamento,"Integrar ao ProcessingPlan e pipeline: Relatórios, visualização e exports do mosaico relativo",STORY-0633,,STORY-0636-ISSUE-0746-integrar-ao-processingplan-e-pipeline-relatorios-visualizacao-e-exports-do.md,ADR-003/ADR-004/ADR-005/ADR-006/ADR-007/ADR-008/ADR-041/ADR-042/ADR-043/ADR-050,DERIVED_CONTROL,AC-ISSUE-0746-01/AC-ISSUE-0746-02/AC-ISSUE-0746-03/AC-ISSUE-0746-04,PASS,PASS,PASS,PASS,HIGH
STORY-0637,ISSUE-0747,TASK-0637,EPIC-102,SPRINT-008,GEO,BC-008,Mosaico Relativo,Story,planned,Geoprocessamento,"Produzir métricas, diagnóstico e lineage: Relatórios, visualização e exports do mosaico relativo",STORY-0633,,STORY-0637-ISSUE-0747-produzir-metricas-diagnostico-e-lineage-relatorios-visualizacao-e-exports.md,ADR-003/ADR-004/ADR-005/ADR-006/ADR-007/ADR-008/ADR-041/ADR-042/ADR-043/ADR-050,DERIVED_CONTROL,AC-ISSUE-0747-01/AC-ISSUE-0747-02/AC-ISSUE-0747-03/AC-ISSUE-0747-04,PASS,PASS,PASS,PASS,HIGH
STORY-0638,ISSUE-0748,TASK-0638,EPIC-102,SPRINT-008,GEO,BC-008,Mosaico Relativo,Story,planned,QA,"Executar benchmark, negativos e regressão científica: Relatórios, visualização e exports do mosaico relativo",STORY-0634/STORY-0635/STORY-0636/STORY-0637,,STORY-0638-ISSUE-0748-executar-benchmark-negativos-e-regressao-cientifica-relatorios-visualizaca.md,ADR-003/ADR-004/ADR-005/ADR-006/ADR-007/ADR-008/ADR-041/ADR-042/ADR-043/ADR-050,DERIVED_CONTROL,AC-ISSUE-0748-01/AC-ISSUE-0748-02/AC-ISSUE-0748-03/AC-ISSUE-0748-04,PASS,PASS,PASS,PASS,HIGH
STORY-0639,ISSUE-0749,TASK-0639,EPIC-102,SPRINT-008,GEO,BC-008,Mosaico Relativo,Story,planned,Reviewer,"Auditar evidência científica e final: Relatórios, visualização e exports do mosaico relativo",STORY-0638,,STORY-0639-ISSUE-0749-auditar-evidencia-cientifica-e-final-relatorios-visualizacao-e-exports-do.md,ADR-003/ADR-004/ADR-005/ADR-006/ADR-007/ADR-008/ADR-041/ADR-042/ADR-043/ADR-050,DERIVED_CONTROL,AC-ISSUE-0749-01/AC-ISSUE-0749-02/AC-ISSUE-0749-03/AC-ISSUE-0749-04,PASS,PASS,PASS,PASS,HIGH
STORY-0640,ISSUE-0750,TASK-0640,EPIC-103,SPRINT-008,GEO,BC-008,Mosaico Relativo,Story,planned,Arquiteto,"Definir contrato científico e invariantes: Budgets, persistência e materialização do mosaico relativo",,,STORY-0640-ISSUE-0750-definir-contrato-cientifico-e-invariantes-budgets-persistencia-e-materiali.md,ADR-003/ADR-004/ADR-005/ADR-006/ADR-007/ADR-008/ADR-010/ADR-011/ADR-041/ADR-042/ADR-043,DERIVED_CONTROL,AC-ISSUE-0750-01/AC-ISSUE-0750-02/AC-ISSUE-0750-03/AC-ISSUE-0750-04,PASS,PASS,PASS,PASS,HIGH
STORY-0641,ISSUE-0751,TASK-0641,EPIC-103,SPRINT-008,GEO,BC-008,Mosaico Relativo,Story,planned,Geoprocessamento,"Preparar corpus, fixtures e representação tipada: Budgets, persistência e materialização do mosaico relativo",STORY-0640,REQ-RMQ-001/REQ-RMQ-002/REQ-RMQ-004,STORY-0641-ISSUE-0751-preparar-corpus-fixtures-e-representacao-tipada-budgets-persistencia-e-mat.md,ADR-003/ADR-004/ADR-005/ADR-006/ADR-007/ADR-008/ADR-009/ADR-036/ADR-039/ADR-041/ADR-042/ADR-043,MIXED,AC-ISSUE-0751-01/AC-ISSUE-0751-02/AC-ISSUE-0751-03/AC-ISSUE-0751-04,PASS,PASS,PASS,PASS,HIGH
STORY-0642,ISSUE-0752,TASK-0642,EPIC-103,SPRINT-008,GEO,BC-008,Mosaico Relativo,Story,planned,Geoprocessamento,"Implementar o núcleo algorítmico: Budgets, persistência e materialização do mosaico relativo",STORY-0640,REQ-RMQ-003,STORY-0642-ISSUE-0752-implementar-o-nucleo-algoritmico-budgets-persistencia-e-materializacao-do.md,ADR-003/ADR-004/ADR-005/ADR-006/ADR-007/ADR-008/ADR-036/ADR-041/ADR-042/ADR-043,MIXED,AC-ISSUE-0752-01/AC-ISSUE-0752-02/AC-ISSUE-0752-03/AC-ISSUE-0752-04,PASS,PASS,PASS,PASS,HIGH
STORY-0643,ISSUE-0753,TASK-0643,EPIC-103,SPRINT-008,GEO,BC-008,Mosaico Relativo,Story,planned,Geoprocessamento,"Integrar ao ProcessingPlan e pipeline: Budgets, persistência e materialização do mosaico relativo",STORY-0640,,STORY-0643-ISSUE-0753-integrar-ao-processingplan-e-pipeline-budgets-persistencia-e-materializaca.md,ADR-003/ADR-004/ADR-005/ADR-006/ADR-007/ADR-008/ADR-041/ADR-042/ADR-043,DERIVED_CONTROL,AC-ISSUE-0753-01/AC-ISSUE-0753-02/AC-ISSUE-0753-03/AC-ISSUE-0753-04,PASS,PASS,PASS,PASS,HIGH
STORY-0644,ISSUE-0754,TASK-0644,EPIC-103,SPRINT-008,GEO,BC-008,Mosaico Relativo,Story,planned,Geoprocessamento,"Produzir métricas, diagnóstico e lineage: Budgets, persistência e materialização do mosaico relativo",STORY-0640,,STORY-0644-ISSUE-0754-produzir-metricas-diagnostico-e-lineage-budgets-persistencia-e-materializa.md,ADR-003/ADR-004/ADR-005/ADR-006/ADR-007/ADR-008/ADR-041/ADR-042/ADR-043,DERIVED_CONTROL,AC-ISSUE-0754-01/AC-ISSUE-0754-02/AC-ISSUE-0754-03/AC-ISSUE-0754-04,PASS,PASS,PASS,PASS,HIGH
STORY-0645,ISSUE-0755,TASK-0645,EPIC-103,SPRINT-008,GEO,BC-008,Mosaico Relativo,Story,planned,QA,"Executar benchmark, negativos e regressão científica: Budgets, persistência e materialização do mosaico relativo",STORY-0641/STORY-0642/STORY-0643/STORY-0644,,STORY-0645-ISSUE-0755-executar-benchmark-negativos-e-regressao-cientifica-budgets-persistencia-e.md,ADR-003/ADR-004/ADR-005/ADR-006/ADR-007/ADR-008/ADR-041/ADR-042/ADR-043,DERIVED_CONTROL,AC-ISSUE-0755-01/AC-ISSUE-0755-02/AC-ISSUE-0755-03/AC-ISSUE-0755-04,PASS,PASS,PASS,PASS,HIGH
STORY-0646,ISSUE-0756,TASK-0646,EPIC-103,SPRINT-008,GEO,BC-008,Mosaico Relativo,Story,planned,Reviewer,"Auditar evidência científica e final: Budgets, persistência e materialização do mosaico relativo",STORY-0645,,STORY-0646-ISSUE-0756-auditar-evidencia-cientifica-e-final-budgets-persistencia-e-materializacao.md,ADR-003/ADR-004/ADR-005/ADR-006/ADR-007/ADR-008/ADR-041/ADR-042/ADR-043,DERIVED_CONTROL,AC-ISSUE-0756-01/AC-ISSUE-0756-02/AC-ISSUE-0756-03/AC-ISSUE-0756-04,PASS,PASS,PASS,PASS,HIGH
STORY-0647,ISSUE-0757,TASK-0647,EPIC-104,SPRINT-004,JOB,BC-010,Orquestração de Jobs e Recursos,Story,planned,Arquiteto,"Definir estados, envelopes e invariantes: Snapshots, replay e bundles do scheduler",,,STORY-0647-ISSUE-0757-definir-estados-envelopes-e-invariantes-snapshots-replay-e-bundles-do-sche.md,ADR-003/ADR-004/ADR-005/ADR-006/ADR-007/ADR-008/ADR-010/ADR-011/ADR-016,DERIVED_CONTROL,AC-ISSUE-0757-01/AC-ISSUE-0757-02/AC-ISSUE-0757-03/AC-ISSUE-0757-04,PASS,PASS,PASS,PASS,HIGH
STORY-0648,ISSUE-0758,TASK-0648,EPIC-104,SPRINT-004,JOB,BC-010,Orquestração de Jobs e Recursos,Story,planned,Backend,"Implementar modelo e application services: Snapshots, replay e bundles do scheduler",STORY-0647,REQ-SRP-003/REQ-SRP-004,STORY-0648-ISSUE-0758-implementar-modelo-e-application-services-snapshots-replay-e-bundles-do-sc.md,ADR-003/ADR-004/ADR-005/ADR-006/ADR-007/ADR-008/ADR-016/ADR-018/ADR-019/ADR-053,MIXED,AC-ISSUE-0758-01/AC-ISSUE-0758-02/AC-ISSUE-0758-03/AC-ISSUE-0758-04,PASS,PASS,PASS,PASS,HIGH
STORY-0649,ISSUE-0759,TASK-0649,EPIC-104,SPRINT-004,JOB,BC-010,Orquestração de Jobs e Recursos,Story,planned,Backend,"Implementar runner, worker ou scheduler: Snapshots, replay e bundles do scheduler",STORY-0647,REQ-SRP-002,STORY-0649-ISSUE-0759-implementar-runner-worker-ou-scheduler-snapshots-replay-e-bundles-do-sched.md,ADR-003/ADR-004/ADR-005/ADR-006/ADR-007/ADR-008/ADR-016/ADR-018/ADR-019/ADR-037,MIXED,AC-ISSUE-0759-01/AC-ISSUE-0759-02/AC-ISSUE-0759-03/AC-ISSUE-0759-04,PASS,PASS,PASS,PASS,HIGH
STORY-0650,ISSUE-0760,TASK-0650,EPIC-104,SPRINT-004,JOB,BC-010,Orquestração de Jobs e Recursos,Story,planned,Backend,"Expor comandos, progresso e reconciliação: Snapshots, replay e bundles do scheduler",STORY-0647,,STORY-0650-ISSUE-0760-expor-comandos-progresso-e-reconciliacao-snapshots-replay-e-bundles-do-sch.md,ADR-003/ADR-004/ADR-005/ADR-006/ADR-007/ADR-008/ADR-010/ADR-011/ADR-016/ADR-018/ADR-019,DERIVED_CONTROL,AC-ISSUE-0760-01/AC-ISSUE-0760-02/AC-ISSUE-0760-03/AC-ISSUE-0760-04,PASS,PASS,PASS,PASS,HIGH
STORY-0651,ISSUE-0761,TASK-0651,EPIC-104,SPRINT-004,JOB,BC-010,Orquestração de Jobs e Recursos,Story,planned,DevOps,"Automatizar testes de resiliência, retry e recuperação: Snapshots, replay e bundles do scheduler",STORY-0647,,STORY-0651-ISSUE-0761-implementar-falhas-retry-e-recuperacao-snapshots-replay-e-bundles-do-sched.md,ADR-003/ADR-004/ADR-005/ADR-006/ADR-007/ADR-008/ADR-009/ADR-033/ADR-034,DERIVED_CONTROL,AC-ISSUE-0761-01/AC-ISSUE-0761-02/AC-ISSUE-0761-03/AC-ISSUE-0761-04,PASS,PASS,PASS,PASS,CRITICAL
STORY-0652,ISSUE-0762,TASK-0652,EPIC-104,SPRINT-004,JOB,BC-010,Orquestração de Jobs e Recursos,Story,planned,QA,"Executar integração real, carga e fault injection: Snapshots, replay e bundles do scheduler",STORY-0648/STORY-0649/STORY-0650/STORY-0651,REQ-SRP-001,STORY-0652-ISSUE-0762-executar-integracao-real-carga-e-fault-injection-snapshots-replay-e-bundle.md,ADR-003/ADR-004/ADR-005/ADR-006/ADR-007/ADR-008/ADR-053,MIXED,AC-ISSUE-0762-01/AC-ISSUE-0762-02/AC-ISSUE-0762-03/AC-ISSUE-0762-04,PASS,PASS,PASS,PASS,HIGH
STORY-0653,ISSUE-0763,TASK-0653,EPIC-104,SPRINT-004,JOB,BC-010,Orquestração de Jobs e Recursos,Story,planned,Reviewer,"Auditar evidência e integração final: Snapshots, replay e bundles do scheduler",STORY-0652,,STORY-0653-ISSUE-0763-auditar-evidencia-e-integracao-final-snapshots-replay-e-bundles-do-schedul.md,ADR-003/ADR-004/ADR-005/ADR-006/ADR-007/ADR-008,DERIVED_CONTROL,AC-ISSUE-0763-01/AC-ISSUE-0763-02/AC-ISSUE-0763-03/AC-ISSUE-0763-04,PASS,PASS,PASS,PASS,HIGH
STORY-0654,ISSUE-0764,TASK-0654,EPIC-105,SPRINT-010,DAT,BC-013,"Artifacts, Proveniência e Lifecycle",Story,planned,Arquiteto,"Definir modelo, invariantes e contratos de dados: Registry de schemas e compatibilidade de artifacts",,REQ-SCM-001/REQ-UPG-004,STORY-0654-ISSUE-0764-definir-modelo-invariantes-e-contratos-de-dados-registry-de-schemas-e-comp.md,ADR-003/ADR-004/ADR-005/ADR-006/ADR-007/ADR-008/ADR-010/ADR-011/ADR-016/ADR-035/ADR-053,MIXED,AC-ISSUE-0764-01/AC-ISSUE-0764-02/AC-ISSUE-0764-03/AC-ISSUE-0764-04,PASS,PASS,PASS,PASS,CRITICAL
STORY-0655,ISSUE-0765,TASK-0655,EPIC-105,SPRINT-010,DAT,BC-013,"Artifacts, Proveniência e Lifecycle",Story,planned,Backend,Implementar persistência e migrations: Registry de schemas e compatibilidade de artifacts,STORY-0654,REQ-SCM-003,STORY-0655-ISSUE-0765-implementar-persistencia-e-migrations-registry-de-schemas-e-compatibilidad.md,ADR-003/ADR-004/ADR-005/ADR-006/ADR-007/ADR-008/ADR-016/ADR-018/ADR-019/ADR-053,MIXED,AC-ISSUE-0765-01/AC-ISSUE-0765-02/AC-ISSUE-0765-03/AC-ISSUE-0765-04,PASS,PASS,PASS,PASS,HIGH
STORY-0656,ISSUE-0766,TASK-0656,EPIC-105,SPRINT-010,DAT,BC-013,"Artifacts, Proveniência e Lifecycle",Story,planned,Backend,Implementar armazenamento e lifecycle: Registry de schemas e compatibilidade de artifacts,STORY-0654,,STORY-0656-ISSUE-0766-implementar-armazenamento-e-lifecycle-registry-de-schemas-e-compatibilidad.md,ADR-003/ADR-004/ADR-005/ADR-006/ADR-007/ADR-008/ADR-016/ADR-018/ADR-019,DERIVED_CONTROL,AC-ISSUE-0766-01/AC-ISSUE-0766-02/AC-ISSUE-0766-03/AC-ISSUE-0766-04,PASS,PASS,PASS,PASS,HIGH
STORY-0657,ISSUE-0767,TASK-0657,EPIC-105,SPRINT-010,DAT,BC-013,"Artifacts, Proveniência e Lifecycle",Story,planned,Backend,Expor serviços e integrar consumers: Registry de schemas e compatibilidade de artifacts,STORY-0654,,STORY-0657-ISSUE-0767-expor-servicos-e-integrar-consumers-registry-de-schemas-e-compatibilidade.md,ADR-003/ADR-004/ADR-005/ADR-006/ADR-007/ADR-008/ADR-010/ADR-011/ADR-016/ADR-018/ADR-019,DERIVED_CONTROL,AC-ISSUE-0767-01/AC-ISSUE-0767-02/AC-ISSUE-0767-03/AC-ISSUE-0767-04,PASS,PASS,PASS,PASS,HIGH
STORY-0658,ISSUE-0768,TASK-0658,EPIC-105,SPRINT-010,DAT,BC-013,"Artifacts, Proveniência e Lifecycle",Story,planned,Security,"Validar segurança, recuperação e concorrência: Registry de schemas e compatibilidade de artifacts",STORY-0655/STORY-0656/STORY-0657,REQ-UPG-005,STORY-0658-ISSUE-0768-validar-seguranca-recuperacao-e-concorrencia-registry-de-schemas-e-compati.md,ADR-003/ADR-004/ADR-005/ADR-006/ADR-007/ADR-008/ADR-030/ADR-031/ADR-032/ADR-035,MIXED,AC-ISSUE-0768-01/AC-ISSUE-0768-02/AC-ISSUE-0768-03/AC-ISSUE-0768-04,PASS,PASS,PASS,PASS,CRITICAL
STORY-0659,ISSUE-0769,TASK-0659,EPIC-105,SPRINT-010,DAT,BC-013,"Artifacts, Proveniência e Lifecycle",Story,planned,Reviewer,Executar QA e auditoria final: Registry de schemas e compatibilidade de artifacts,STORY-0658,,STORY-0659-ISSUE-0769-executar-qa-e-auditoria-final-registry-de-schemas-e-compatibilidade-de-art.md,ADR-003/ADR-004/ADR-005/ADR-006/ADR-007/ADR-008,DERIVED_CONTROL,AC-ISSUE-0769-01/AC-ISSUE-0769-02/AC-ISSUE-0769-03/AC-ISSUE-0769-04,PASS,PASS,PASS,PASS,HIGH
STORY-0660,ISSUE-0770,TASK-0660,EPIC-106,SPRINT-012,REL,BC-015,"Release, Instalação e Supply Chain",Story,planned,Tech Lead,"Definir gate, versão e critérios de release: Migrations compatíveis, upgrade e downgrade seguro",,REQ-SCM-004,STORY-0660-ISSUE-0770-definir-gate-versao-e-criterios-de-release-migrations-compativeis-upgrade.md,ADR-003/ADR-004/ADR-005/ADR-006/ADR-007/ADR-008/ADR-010/ADR-011/ADR-016/ADR-026/ADR-035,MIXED,AC-ISSUE-0770-01/AC-ISSUE-0770-02/AC-ISSUE-0770-03/AC-ISSUE-0770-04,PASS,PASS,PASS,PASS,CRITICAL
STORY-0661,ISSUE-0771,TASK-0661,EPIC-106,SPRINT-012,REL,BC-015,"Release, Instalação e Supply Chain",Story,planned,DevOps,"Implementar pipeline e artifacts de release: Migrations compatíveis, upgrade e downgrade seguro",STORY-0660,,STORY-0661-ISSUE-0771-implementar-pipeline-e-artifacts-de-release-migrations-compativeis-upgrade.md,ADR-003/ADR-004/ADR-005/ADR-006/ADR-007/ADR-008/ADR-009/ADR-026/ADR-033/ADR-034,DERIVED_CONTROL,AC-ISSUE-0771-01/AC-ISSUE-0771-02/AC-ISSUE-0771-03/AC-ISSUE-0771-04,PASS,PASS,PASS,PASS,CRITICAL
STORY-0662,ISSUE-0772,TASK-0662,EPIC-106,SPRINT-012,REL,BC-015,"Release, Instalação e Supply Chain",Story,planned,DevOps,"Implementar upgrade, rollback e compatibilidade: Migrations compatíveis, upgrade e downgrade seguro",STORY-0660,REQ-SCM-002/REQ-UPG-002,STORY-0662-ISSUE-0772-implementar-upgrade-rollback-e-compatibilidade-migrations-compativeis-upgr.md,ADR-003/ADR-004/ADR-005/ADR-006/ADR-007/ADR-008/ADR-009/ADR-026/ADR-033/ADR-034,MIXED,AC-ISSUE-0772-01/AC-ISSUE-0772-02/AC-ISSUE-0772-03/AC-ISSUE-0772-04,PASS,PASS,PASS,PASS,CRITICAL
STORY-0663,ISSUE-0773,TASK-0663,EPIC-106,SPRINT-012,REL,BC-015,"Release, Instalação e Supply Chain",Story,planned,Security,"Gerar evidências, SBOM e attestations: Migrations compatíveis, upgrade e downgrade seguro",STORY-0660,,STORY-0663-ISSUE-0773-gerar-evidencias-sbom-e-attestations-migrations-compativeis-upgrade-e-down.md,ADR-003/ADR-004/ADR-005/ADR-006/ADR-007/ADR-008/ADR-026/ADR-030/ADR-031/ADR-032,DERIVED_CONTROL,AC-ISSUE-0773-01/AC-ISSUE-0773-02/AC-ISSUE-0773-03/AC-ISSUE-0773-04,PASS,PASS,PASS,PASS,CRITICAL
STORY-0664,ISSUE-0774,TASK-0664,EPIC-106,SPRINT-012,REL,BC-015,"Release, Instalação e Supply Chain",Story,planned,QA,"Executar instalação limpa e rehearsal: Migrations compatíveis, upgrade e downgrade seguro",STORY-0661/STORY-0662/STORY-0663,,STORY-0664-ISSUE-0774-executar-instalacao-limpa-e-rehearsal-migrations-compativeis-upgrade-e-dow.md,ADR-003/ADR-004/ADR-005/ADR-006/ADR-007/ADR-008/ADR-026,DERIVED_CONTROL,AC-ISSUE-0774-01/AC-ISSUE-0774-02/AC-ISSUE-0774-03/AC-ISSUE-0774-04,PASS,PASS,PASS,PASS,HIGH
STORY-0665,ISSUE-0775,TASK-0665,EPIC-106,SPRINT-012,REL,BC-015,"Release, Instalação e Supply Chain",Story,planned,Reviewer,"Auditar release candidata final: Migrations compatíveis, upgrade e downgrade seguro",STORY-0664,,STORY-0665-ISSUE-0775-auditar-release-candidata-final-migrations-compativeis-upgrade-e-downgrade.md,ADR-003/ADR-004/ADR-005/ADR-006/ADR-007/ADR-008/ADR-026,DERIVED_CONTROL,AC-ISSUE-0775-01/AC-ISSUE-0775-02/AC-ISSUE-0775-03/AC-ISSUE-0775-04,PASS,PASS,PASS,PASS,HIGH
STORY-0666,ISSUE-0776,TASK-0666,EPIC-107,SPRINT-012,REL,BC-015,"Release, Instalação e Supply Chain",Story,planned,Tech Lead,"Definir gate, versão e critérios de release: Controlador e rollout coordenado de upgrades",,REQ-DBSCHEMA-010/REQ-UPG-004,STORY-0666-ISSUE-0776-definir-gate-versao-e-criterios-de-release-controlador-e-rollout-coordenad.md,ADR-003/ADR-004/ADR-005/ADR-006/ADR-007/ADR-008/ADR-010/ADR-011/ADR-016/ADR-026/ADR-035,MIXED,AC-ISSUE-0776-01/AC-ISSUE-0776-02/AC-ISSUE-0776-03/AC-ISSUE-0776-04,PASS,PASS,PASS,PASS,CRITICAL
STORY-0667,ISSUE-0777,TASK-0667,EPIC-107,SPRINT-012,REL,BC-015,"Release, Instalação e Supply Chain",Story,planned,DevOps,Implementar pipeline e artifacts de release: Controlador e rollout coordenado de upgrades,STORY-0666,REQ-UPG-003/REQ-UPG-005,STORY-0667-ISSUE-0777-implementar-pipeline-e-artifacts-de-release-controlador-e-rollout-coordena.md,ADR-003/ADR-004/ADR-005/ADR-006/ADR-007/ADR-008/ADR-009/ADR-026/ADR-033/ADR-034/ADR-035,MIXED,AC-ISSUE-0777-01/AC-ISSUE-0777-02/AC-ISSUE-0777-03/AC-ISSUE-0777-04,PASS,PASS,PASS,PASS,CRITICAL
STORY-0668,ISSUE-0778,TASK-0668,EPIC-107,SPRINT-012,REL,BC-015,"Release, Instalação e Supply Chain",Story,planned,DevOps,"Implementar upgrade, rollback e compatibilidade: Controlador e rollout coordenado de upgrades",STORY-0666,REQ-UPG-002,STORY-0668-ISSUE-0778-implementar-upgrade-rollback-e-compatibilidade-controlador-e-rollout-coord.md,ADR-003/ADR-004/ADR-005/ADR-006/ADR-007/ADR-008/ADR-009/ADR-026/ADR-033/ADR-034,MIXED,AC-ISSUE-0778-01/AC-ISSUE-0778-02/AC-ISSUE-0778-03/AC-ISSUE-0778-04,PASS,PASS,PASS,PASS,CRITICAL
STORY-0669,ISSUE-0779,TASK-0669,EPIC-107,SPRINT-012,REL,BC-015,"Release, Instalação e Supply Chain",Story,planned,Security,"Gerar evidências, SBOM e attestations: Controlador e rollout coordenado de upgrades",STORY-0666,,STORY-0669-ISSUE-0779-gerar-evidencias-sbom-e-attestations-controlador-e-rollout-coordenado-de-u.md,ADR-003/ADR-004/ADR-005/ADR-006/ADR-007/ADR-008/ADR-030/ADR-031/ADR-032,DERIVED_CONTROL,AC-ISSUE-0779-01/AC-ISSUE-0779-02/AC-ISSUE-0779-03/AC-ISSUE-0779-04,PASS,PASS,PASS,PASS,CRITICAL
STORY-0670,ISSUE-0780,TASK-0670,EPIC-107,SPRINT-012,REL,BC-015,"Release, Instalação e Supply Chain",Story,planned,QA,Executar instalação limpa e rehearsal: Controlador e rollout coordenado de upgrades,STORY-0667/STORY-0668/STORY-0669,,STORY-0670-ISSUE-0780-executar-instalacao-limpa-e-rehearsal-controlador-e-rollout-coordenado-de.md,ADR-003/ADR-004/ADR-005/ADR-006/ADR-007/ADR-008,DERIVED_CONTROL,AC-ISSUE-0780-01/AC-ISSUE-0780-02/AC-ISSUE-0780-03/AC-ISSUE-0780-04,PASS,PASS,PASS,PASS,HIGH
STORY-0671,ISSUE-0781,TASK-0671,EPIC-107,SPRINT-012,REL,BC-015,"Release, Instalação e Supply Chain",Story,planned,Reviewer,Auditar release candidata final: Controlador e rollout coordenado de upgrades,STORY-0670,,STORY-0671-ISSUE-0781-auditar-release-candidata-final-controlador-e-rollout-coordenado-de-upgrad.md,ADR-003/ADR-004/ADR-005/ADR-006/ADR-007/ADR-008,DERIVED_CONTROL,AC-ISSUE-0781-01/AC-ISSUE-0781-02/AC-ISSUE-0781-03/AC-ISSUE-0781-04,PASS,PASS,PASS,PASS,HIGH
STORY-0672,ISSUE-0782,TASK-0672,EPIC-108,SPRINT-012,REL,BC-015,"Release, Instalação e Supply Chain",Story,planned,Tech Lead,"Definir gate, versão e critérios de release: Instalador, bootstrap, readiness e suporte diagnóstico",,REQ-INS-001/REQ-INS-003,STORY-0672-ISSUE-0782-definir-gate-versao-e-criterios-de-release-instalador-bootstrap-readiness.md,ADR-003/ADR-004/ADR-005/ADR-006/ADR-007/ADR-008/ADR-010/ADR-011/ADR-016/ADR-034,MIXED,AC-ISSUE-0782-01/AC-ISSUE-0782-02/AC-ISSUE-0782-03/AC-ISSUE-0782-04,PASS,PASS,PASS,PASS,HIGH
STORY-0673,ISSUE-0783,TASK-0673,EPIC-108,SPRINT-012,REL,BC-015,"Release, Instalação e Supply Chain",Story,planned,DevOps,"Implementar pipeline e artifacts de release: Instalador, bootstrap, readiness e suporte diagnóstico",STORY-0672,REQ-INS-002/REQ-INS-004,STORY-0673-ISSUE-0783-implementar-pipeline-e-artifacts-de-release-instalador-bootstrap-readiness.md,ADR-003/ADR-004/ADR-005/ADR-006/ADR-007/ADR-008/ADR-009/ADR-033/ADR-034,MIXED,AC-ISSUE-0783-01/AC-ISSUE-0783-02/AC-ISSUE-0783-03/AC-ISSUE-0783-04,PASS,PASS,PASS,PASS,CRITICAL
STORY-0674,ISSUE-0784,TASK-0674,EPIC-108,SPRINT-012,REL,BC-015,"Release, Instalação e Supply Chain",Story,planned,DevOps,"Implementar upgrade, rollback e compatibilidade: Instalador, bootstrap, readiness e suporte diagnóstico",STORY-0672,,STORY-0674-ISSUE-0784-implementar-upgrade-rollback-e-compatibilidade-instalador-bootstrap-readin.md,ADR-003/ADR-004/ADR-005/ADR-006/ADR-007/ADR-008/ADR-009/ADR-033/ADR-034,DERIVED_CONTROL,AC-ISSUE-0784-01/AC-ISSUE-0784-02/AC-ISSUE-0784-03/AC-ISSUE-0784-04,PASS,PASS,PASS,PASS,CRITICAL
STORY-0675,ISSUE-0785,TASK-0675,EPIC-108,SPRINT-012,REL,BC-015,"Release, Instalação e Supply Chain",Story,planned,Security,"Gerar evidências, SBOM e attestations: Instalador, bootstrap, readiness e suporte diagnóstico",STORY-0672,,STORY-0675-ISSUE-0785-gerar-evidencias-sbom-e-attestations-instalador-bootstrap-readiness-e-supo.md,ADR-003/ADR-004/ADR-005/ADR-006/ADR-007/ADR-008/ADR-030/ADR-031/ADR-032,DERIVED_CONTROL,AC-ISSUE-0785-01/AC-ISSUE-0785-02/AC-ISSUE-0785-03/AC-ISSUE-0785-04,PASS,PASS,PASS,PASS,CRITICAL
STORY-0676,ISSUE-0786,TASK-0676,EPIC-108,SPRINT-012,REL,BC-015,"Release, Instalação e Supply Chain",Story,planned,QA,"Executar instalação limpa e rehearsal: Instalador, bootstrap, readiness e suporte diagnóstico",STORY-0673/STORY-0674/STORY-0675,,STORY-0676-ISSUE-0786-executar-instalacao-limpa-e-rehearsal-instalador-bootstrap-readiness-e-sup.md,ADR-003/ADR-004/ADR-005/ADR-006/ADR-007/ADR-008,DERIVED_CONTROL,AC-ISSUE-0786-01/AC-ISSUE-0786-02/AC-ISSUE-0786-03/AC-ISSUE-0786-04,PASS,PASS,PASS,PASS,HIGH
STORY-0677,ISSUE-0787,TASK-0677,EPIC-108,SPRINT-012,REL,BC-015,"Release, Instalação e Supply Chain",Story,planned,Reviewer,"Auditar release candidata final: Instalador, bootstrap, readiness e suporte diagnóstico",STORY-0676,,STORY-0677-ISSUE-0787-auditar-release-candidata-final-instalador-bootstrap-readiness-e-suporte-d.md,ADR-003/ADR-004/ADR-005/ADR-006/ADR-007/ADR-008,DERIVED_CONTROL,AC-ISSUE-0787-01/AC-ISSUE-0787-02/AC-ISSUE-0787-03/AC-ISSUE-0787-04,PASS,PASS,PASS,PASS,HIGH
STORY-0678,ISSUE-0788,TASK-0678,EPIC-109,SPRINT-012,PUB,BC-015,"Release, Instalação e Supply Chain",Story,planned,Product Owner,"Definir critérios jurídicos e de publicação: Licenciamento, contribuição, rights manifests e citação",,,STORY-0678-ISSUE-0788-definir-criterios-juridicos-e-de-publicacao-licenciamento-contribuicao-rig.md,ADR-003/ADR-004/ADR-005/ADR-006/ADR-007/ADR-008/ADR-010/ADR-011/ADR-016,DERIVED_CONTROL,AC-ISSUE-0788-01/AC-ISSUE-0788-02/AC-ISSUE-0788-03/AC-ISSUE-0788-04,PASS,PASS,PASS,PASS,HIGH
STORY-0679,ISSUE-0789,TASK-0679,EPIC-109,SPRINT-012,PUB,BC-015,"Release, Instalação e Supply Chain",Story,planned,Tech Lead,"Materializar notices, citação e manifests: Licenciamento, contribuição, rights manifests e citação",STORY-0678,,STORY-0679-ISSUE-0789-materializar-notices-citacao-e-manifests-licenciamento-contribuicao-rights.md,ADR-003/ADR-004/ADR-005/ADR-006/ADR-007/ADR-008/ADR-016,DERIVED_CONTROL,AC-ISSUE-0789-01/AC-ISSUE-0789-02/AC-ISSUE-0789-03/AC-ISSUE-0789-04,PASS,PASS,PASS,PASS,HIGH
STORY-0680,ISSUE-0790,TASK-0680,EPIC-109,SPRINT-012,PUB,BC-015,"Release, Instalação e Supply Chain",Story,planned,DevOps,"Automatizar verificações de publicação: Licenciamento, contribuição, rights manifests e citação",STORY-0678,,STORY-0680-ISSUE-0790-automatizar-verificacoes-de-publicacao-licenciamento-contribuicao-rights-m.md,ADR-003/ADR-004/ADR-005/ADR-006/ADR-007/ADR-008/ADR-009/ADR-033/ADR-034,DERIVED_CONTROL,AC-ISSUE-0790-01/AC-ISSUE-0790-02/AC-ISSUE-0790-03/AC-ISSUE-0790-04,PASS,PASS,PASS,PASS,CRITICAL
STORY-0681,ISSUE-0791,TASK-0681,EPIC-109,SPRINT-012,PUB,BC-015,"Release, Instalação e Supply Chain",Story,planned,Security,"Executar sanitização e revisão de segurança: Licenciamento, contribuição, rights manifests e citação",STORY-0679/STORY-0680,,STORY-0681-ISSUE-0791-executar-sanitizacao-e-revisao-de-seguranca-licenciamento-contribuicao-rig.md,ADR-003/ADR-004/ADR-005/ADR-006/ADR-007/ADR-008/ADR-030/ADR-031/ADR-032,DERIVED_CONTROL,AC-ISSUE-0791-01/AC-ISSUE-0791-02/AC-ISSUE-0791-03/AC-ISSUE-0791-04,PASS,PASS,PASS,PASS,CRITICAL
STORY-0682,ISSUE-0792,TASK-0682,EPIC-109,SPRINT-012,PUB,BC-015,"Release, Instalação e Supply Chain",Story,planned,Reviewer,"Registrar aprovação e evidência final: Licenciamento, contribuição, rights manifests e citação",STORY-0681,,STORY-0682-ISSUE-0792-registrar-aprovacao-e-evidencia-final-licenciamento-contribuicao-rights-ma.md,ADR-003/ADR-004/ADR-005/ADR-006/ADR-007/ADR-008,DERIVED_CONTROL,AC-ISSUE-0792-01/AC-ISSUE-0792-02/AC-ISSUE-0792-03/AC-ISSUE-0792-04,PASS,PASS,PASS,PASS,HIGH
STORY-0683,ISSUE-0793,TASK-0683,EPIC-110,SPRINT-001,FND,BC-001,Governança de Engenharia e Entrega,Story,planned,Arquiteto,"Definir escopo, contratos e invariantes: governança contínua do backlog e decomposição de épicos em histórias implementáveis",,REQ-ISM-004/REQ-ISS-002/REQ-PLN-009/REQ-PRJ-004/REQ-SPRINT-001-004,STORY-0683-ISSUE-0793-definir-escopo-contratos-e-invariantes-governanca-continua-do-backlog-e-de.md,ADR-003/ADR-006/ADR-007/ADR-008/ADR-010/ADR-011/ADR-012/ADR-016/ADR-022/ADR-038,MIXED,AC-ISSUE-0793-01/AC-ISSUE-0793-02/AC-ISSUE-0793-03/AC-ISSUE-0793-04,PASS,PASS,PASS,PASS,HIGH
STORY-0684,ISSUE-0794,TASK-0684,EPIC-110,SPRINT-001,FND,BC-001,Governança de Engenharia e Entrega,Story,planned,Tech Lead,Consolidar slices e liberar integração: governança contínua do backlog e decomposição de épicos em histórias implementáveis,STORY-0754/STORY-0755/STORY-0756/STORY-0757/STORY-0758,,STORY-0684-ISSUE-0794-materializar-a-fundacao-executavel-governanca-continua-do-backlog-e-decomp.md,ADR-003/ADR-006/ADR-007/ADR-008,DERIVED_CONTROL,AC-ISSUE-0794-01/AC-ISSUE-0794-02/AC-ISSUE-0794-03/AC-ISSUE-0794-04,PASS,PASS,PASS,PASS,MEDIUM
STORY-0685,ISSUE-0795,TASK-0685,EPIC-110,SPRINT-001,FND,BC-001,Governança de Engenharia e Entrega,Story,planned,DevOps,Automatizar validações e controles: governança contínua do backlog e decomposição de épicos em histórias implementáveis,STORY-0683,,STORY-0685-ISSUE-0795-automatizar-validacoes-e-controles-governanca-continua-do-backlog-e-decomp.md,ADR-003/ADR-006/ADR-007/ADR-008/ADR-009/ADR-033/ADR-034,DERIVED_CONTROL,AC-ISSUE-0795-01/AC-ISSUE-0795-02/AC-ISSUE-0795-03/AC-ISSUE-0795-04,PASS,PASS,PASS,PASS,CRITICAL
STORY-0686,ISSUE-0796,TASK-0686,EPIC-110,SPRINT-001,FND,BC-001,Governança de Engenharia e Entrega,Story,planned,Tech Lead,Integrar a capacidade ao fluxo do repositório: governança contínua do backlog e decomposição de épicos em histórias implementáveis,STORY-0684/STORY-0685,,STORY-0686-ISSUE-0796-integrar-a-capacidade-ao-fluxo-do-repositorio-governanca-continua-do-backl.md,ADR-003/ADR-006/ADR-007/ADR-008,DERIVED_CONTROL,AC-ISSUE-0796-01/AC-ISSUE-0796-02/AC-ISSUE-0796-03/AC-ISSUE-0796-04,PASS,PASS,PASS,PASS,MEDIUM
STORY-0687,ISSUE-0797,TASK-0687,EPIC-110,SPRINT-001,FND,BC-001,Governança de Engenharia e Entrega,Story,planned,Reviewer,Validar evidência e realizar auditoria final: governança contínua do backlog e decomposição de épicos em histórias implementáveis,STORY-0686,,STORY-0687-ISSUE-0797-validar-evidencia-e-realizar-auditoria-final-governanca-continua-do-backlo.md,ADR-003/ADR-006/ADR-007/ADR-008,DERIVED_CONTROL,AC-ISSUE-0797-01/AC-ISSUE-0797-02/AC-ISSUE-0797-03/AC-ISSUE-0797-04,PASS,PASS,PASS,PASS,MEDIUM
STORY-0688,ISSUE-0798,TASK-0688,EPIC-001,SPRINT-001,FND,BC-001,Governança de Engenharia e Entrega,Story,planned,Tech Lead,"Slice 1/2 — Materializar a fundação executável: governança de decisões arquiteturais e manutenção da baseline normativa [REQ-FRZ, REQ-GOV-ADR, REQ-GOV-DEC, REQ-ISM, REQ-SPRINT-001]",STORY-0001,REQ-FRZ-001/REQ-FRZ-004/REQ-GOV-ADR-002/REQ-GOV-ADR-003/REQ-GOV-ADR-018/REQ-GOV-DEC-001/REQ-GOV-DEC-002/REQ-ISM-010/REQ-SPRINT-001-001/REQ-SPRINT-001-002,STORY-0688-ISSUE-0798-slice-1-2-materializar-a-fundacao-executavel-governanca-de-decisoes-arquiteturais-e-ma.md,ADR-003/ADR-006/ADR-007/ADR-008/ADR-040/ADR-057,MIXED,AC-ISSUE-0798-01/AC-ISSUE-0798-02/AC-ISSUE-0798-03/AC-ISSUE-0798-04,PASS,PASS,PASS,PASS,CRITICAL
STORY-0689,ISSUE-0799,TASK-0689,EPIC-001,SPRINT-001,FND,BC-001,Governança de Engenharia e Entrega,Story,planned,Tech Lead,"Slice 2/2 — Materializar a fundação executável: governança de decisões arquiteturais e manutenção da baseline normativa [REQ-SPRINT-001, REQ-TOOL]",STORY-0001,REQ-SPRINT-001-003/REQ-SPRINT-001-005/REQ-SPRINT-001-006/REQ-SPRINT-001-007/REQ-SPRINT-001-008/REQ-SPRINT-001-009/REQ-SPRINT-001-010/REQ-TOOL-001/REQ-TOOL-002/REQ-TOOL-010,STORY-0689-ISSUE-0799-slice-2-2-materializar-a-fundacao-executavel-governanca-de-decisoes-arquiteturais-e-ma.md,ADR-001/ADR-003/ADR-006/ADR-007/ADR-008/ADR-012/ADR-035,MIXED,AC-ISSUE-0799-01/AC-ISSUE-0799-02/AC-ISSUE-0799-03/AC-ISSUE-0799-04,PASS,PASS,PASS,PASS,CRITICAL
STORY-0690,ISSUE-0800,TASK-0690,EPIC-002,SPRINT-001,FND,BC-001,Governança de Engenharia e Entrega,Story,planned,Arquiteto,"Slice 1/2 — Definir escopo, contratos e invariantes: repositório privado, Project central/views/campos, labels, Issue Forms, templates, ruleset, checks e configuração reproduzível [REQ-CLASSICPROFILE, REQ-ISS, REQ-NATIVE, REQ-PLN, REQ-PRJ, REQ-RUN, REQ-SPRINT-001]",STORY-0005,REQ-CLASSICPROFILE-004/REQ-ISS-007/REQ-NATIVE-002/REQ-PLN-009/REQ-PRJ-004/REQ-RUN-001/REQ-RUN-006/REQ-RUN-008/REQ-RUN-010/REQ-SPRINT-001-004,STORY-0690-ISSUE-0800-slice-1-2-definir-escopo-contratos-e-invariantes-repositorio-privado-project-central-v.md,ADR-003/ADR-004/ADR-005/ADR-006/ADR-007/ADR-008/ADR-013/ADR-015/ADR-017/ADR-022/ADR-025/ADR-038/ADR-040/ADR-041/ADR-044/ADR-055,MIXED,AC-ISSUE-0800-01/AC-ISSUE-0800-02/AC-ISSUE-0800-03/AC-ISSUE-0800-04,PASS,PASS,PASS,PASS,CRITICAL
STORY-0691,ISSUE-0801,TASK-0691,EPIC-002,SPRINT-001,FND,BC-001,Governança de Engenharia e Entrega,Story,planned,Arquiteto,"Slice 2/2 — Definir escopo, contratos e invariantes: repositório privado, Project central/views/campos, labels, Issue Forms, templates, ruleset, checks e configuração reproduzível [REQ-WORKER]",STORY-0005,REQ-WORKER-001/REQ-WORKER-010,STORY-0691-ISSUE-0801-slice-2-2-definir-escopo-contratos-e-invariantes-repositorio-privado-project-central-v.md,ADR-003/ADR-004/ADR-005/ADR-006/ADR-007/ADR-008/ADR-034,MIXED,AC-ISSUE-0801-01/AC-ISSUE-0801-02/AC-ISSUE-0801-03/AC-ISSUE-0801-04,PASS,PASS,PASS,PASS,MEDIUM
STORY-0692,ISSUE-0802,TASK-0692,EPIC-002,SPRINT-001,FND,BC-001,Governança de Engenharia e Entrega,Story,planned,Tech Lead,"Slice 1/9 — Materializar a fundação executável: repositório privado, Project central/views/campos, labels, Issue Forms, templates, ruleset, checks e configuração reproduzível [REQ-CLASSICPROFILE, REQ-GOV, REQ-GOV-ADR]",STORY-0006,REQ-CLASSICPROFILE-001/REQ-CLASSICPROFILE-002/REQ-CLASSICPROFILE-003/REQ-CLASSICPROFILE-005/REQ-CLASSICPROFILE-007/REQ-CLASSICPROFILE-009/REQ-GOV-001/REQ-GOV-002/REQ-GOV-003/REQ-GOV-ADR-002,STORY-0692-ISSUE-0802-slice-1-9-materializar-a-fundacao-executavel-repositorio-privado-project-central-views.md,ADR-003/ADR-004/ADR-005/ADR-006/ADR-007/ADR-008/ADR-022/ADR-025/ADR-039/ADR-043/ADR-044/ADR-055,MIXED,AC-ISSUE-0802-01/AC-ISSUE-0802-02/AC-ISSUE-0802-03/AC-ISSUE-0802-04,PASS,PASS,PASS,PASS,CRITICAL
STORY-0693,ISSUE-0803,TASK-0693,EPIC-002,SPRINT-001,FND,BC-001,Governança de Engenharia e Entrega,Story,planned,Tech Lead,"Slice 2/9 — Materializar a fundação executável: repositório privado, Project central/views/campos, labels, Issue Forms, templates, ruleset, checks e configuração reproduzível [REQ-GOV-ADR, REQ-ISM, REQ-ISS, REQ-NATIVE]",STORY-0006,REQ-GOV-ADR-003/REQ-GOV-ADR-018/REQ-ISM-001/REQ-ISM-006/REQ-ISM-008/REQ-ISS-001/REQ-ISS-004/REQ-ISS-006/REQ-ISS-009/REQ-NATIVE-003,STORY-0693-ISSUE-0803-slice-2-9-materializar-a-fundacao-executavel-repositorio-privado-project-central-views.md,ADR-003/ADR-004/ADR-005/ADR-006/ADR-007/ADR-008/ADR-016/ADR-022/ADR-025/ADR-040/ADR-043/ADR-055,MIXED,AC-ISSUE-0803-01/AC-ISSUE-0803-02/AC-ISSUE-0803-03/AC-ISSUE-0803-04,PASS,PASS,PASS,PASS,CRITICAL
STORY-0694,ISSUE-0804,TASK-0694,EPIC-002,SPRINT-001,FND,BC-001,Governança de Engenharia e Entrega,Story,planned,Tech Lead,"Slice 3/9 — Materializar a fundação executável: repositório privado, Project central/views/campos, labels, Issue Forms, templates, ruleset, checks e configuração reproduzível [REQ-NATIVE, REQ-PLN]",STORY-0006,REQ-NATIVE-005/REQ-NATIVE-006/REQ-NATIVE-007/REQ-NATIVE-008/REQ-NATIVE-009/REQ-NATIVE-010/REQ-PLN-001/REQ-PLN-002/REQ-PLN-003/REQ-PLN-004,STORY-0694-ISSUE-0804-slice-3-9-materializar-a-fundacao-executavel-repositorio-privado-project-central-views.md,ADR-003/ADR-004/ADR-005/ADR-006/ADR-007/ADR-008/ADR-009/ADR-016/ADR-022/ADR-025/ADR-037/ADR-042/ADR-043/ADR-044/ADR-055,MIXED,AC-ISSUE-0804-01/AC-ISSUE-0804-02/AC-ISSUE-0804-03/AC-ISSUE-0804-04,PASS,PASS,PASS,PASS,CRITICAL
STORY-0695,ISSUE-0805,TASK-0695,EPIC-002,SPRINT-001,FND,BC-001,Governança de Engenharia e Entrega,Story,planned,Tech Lead,"Slice 4/9 — Materializar a fundação executável: repositório privado, Project central/views/campos, labels, Issue Forms, templates, ruleset, checks e configuração reproduzível [REQ-PLN, REQ-PRJ]",STORY-0006,REQ-PLN-005/REQ-PLN-006/REQ-PLN-007/REQ-PLN-008/REQ-PLN-010/REQ-PRJ-001/REQ-PRJ-002/REQ-PRJ-003/REQ-PRJ-005/REQ-PRJ-006,STORY-0695-ISSUE-0805-slice-4-9-materializar-a-fundacao-executavel-repositorio-privado-project-central-views.md,ADR-003/ADR-004/ADR-005/ADR-006/ADR-007/ADR-008/ADR-012/ADR-016/ADR-022/ADR-025/ADR-043/ADR-055,MIXED,AC-ISSUE-0805-01/AC-ISSUE-0805-02/AC-ISSUE-0805-03/AC-ISSUE-0805-04,PASS,PASS,PASS,PASS,CRITICAL
STORY-0696,ISSUE-0806,TASK-0696,EPIC-002,SPRINT-001,FND,BC-001,Governança de Engenharia e Entrega,Story,planned,Tech Lead,"Slice 5/9 — Materializar a fundação executável: repositório privado, Project central/views/campos, labels, Issue Forms, templates, ruleset, checks e configuração reproduzível [REQ-PRJ, REQ-PRM]",STORY-0006,REQ-PRJ-007/REQ-PRJ-008/REQ-PRJ-009/REQ-PRJ-010/REQ-PRM-001/REQ-PRM-002/REQ-PRM-003/REQ-PRM-004/REQ-PRM-005/REQ-PRM-006,STORY-0696-ISSUE-0806-slice-5-9-materializar-a-fundacao-executavel-repositorio-privado-project-central-views.md,ADR-003/ADR-004/ADR-005/ADR-006/ADR-007/ADR-008/ADR-016/ADR-017/ADR-022/ADR-025/ADR-050/ADR-053/ADR-055,MIXED,AC-ISSUE-0806-01/AC-ISSUE-0806-02/AC-ISSUE-0806-03/AC-ISSUE-0806-04,PASS,PASS,PASS,PASS,CRITICAL
STORY-0697,ISSUE-0807,TASK-0697,EPIC-002,SPRINT-001,FND,BC-001,Governança de Engenharia e Entrega,Story,planned,Tech Lead,"Slice 6/9 — Materializar a fundação executável: repositório privado, Project central/views/campos, labels, Issue Forms, templates, ruleset, checks e configuração reproduzível [REQ-PRM, REQ-RUN]",STORY-0006,REQ-PRM-007/REQ-PRM-008/REQ-PRM-009/REQ-PRM-010/REQ-RUN-002/REQ-RUN-003/REQ-RUN-004/REQ-RUN-005/REQ-RUN-007/REQ-RUN-009,STORY-0697-ISSUE-0807-slice-6-9-materializar-a-fundacao-executavel-repositorio-privado-project-central-views.md,ADR-003/ADR-004/ADR-005/ADR-006/ADR-007/ADR-008/ADR-017/ADR-040/ADR-045/ADR-053/ADR-055,MIXED,AC-ISSUE-0807-01/AC-ISSUE-0807-02/AC-ISSUE-0807-03/AC-ISSUE-0807-04,PASS,PASS,PASS,PASS,CRITICAL
STORY-0698,ISSUE-0808,TASK-0698,EPIC-002,SPRINT-001,FND,BC-001,Governança de Engenharia e Entrega,Story,planned,Tech Lead,"Slice 7/9 — Materializar a fundação executável: repositório privado, Project central/views/campos, labels, Issue Forms, templates, ruleset, checks e configuração reproduzível [REQ-RUNTIME, REQ-SPRINT-001]",STORY-0006,REQ-RUNTIME-001/REQ-RUNTIME-002/REQ-SPRINT-001-001/REQ-SPRINT-001-002/REQ-SPRINT-001-003/REQ-SPRINT-001-005/REQ-SPRINT-001-006/REQ-SPRINT-001-007/REQ-SPRINT-001-008/REQ-SPRINT-001-009,STORY-0698-ISSUE-0808-slice-7-9-materializar-a-fundacao-executavel-repositorio-privado-project-central-views.md,ADR-002/ADR-003/ADR-004/ADR-005/ADR-006/ADR-007/ADR-008/ADR-012,MIXED,AC-ISSUE-0808-01/AC-ISSUE-0808-02/AC-ISSUE-0808-03/AC-ISSUE-0808-04,PASS,PASS,PASS,PASS,MEDIUM
STORY-0699,ISSUE-0809,TASK-0699,EPIC-002,SPRINT-001,FND,BC-001,Governança de Engenharia e Entrega,Story,planned,Tech Lead,"Slice 8/9 — Materializar a fundação executável: repositório privado, Project central/views/campos, labels, Issue Forms, templates, ruleset, checks e configuração reproduzível [REQ-SPRINT-001, REQ-TOOL, REQ-WORKER]",STORY-0006,REQ-SPRINT-001-010/REQ-TOOL-001/REQ-TOOL-002/REQ-TOOL-005/REQ-WORKER-002/REQ-WORKER-003/REQ-WORKER-004/REQ-WORKER-005/REQ-WORKER-006/REQ-WORKER-007,STORY-0699-ISSUE-0809-slice-8-9-materializar-a-fundacao-executavel-repositorio-privado-project-central-views.md,ADR-001/ADR-003/ADR-004/ADR-005/ADR-006/ADR-007/ADR-008/ADR-012/ADR-018/ADR-020/ADR-035/ADR-037,MIXED,AC-ISSUE-0809-01/AC-ISSUE-0809-02/AC-ISSUE-0809-03/AC-ISSUE-0809-04,PASS,PASS,PASS,PASS,CRITICAL
STORY-0700,ISSUE-0810,TASK-0700,EPIC-002,SPRINT-001,FND,BC-001,Governança de Engenharia e Entrega,Story,planned,Tech Lead,"Slice 9/9 — Materializar a fundação executável: repositório privado, Project central/views/campos, labels, Issue Forms, templates, ruleset, checks e configuração reproduzível [REQ-WORKER]",STORY-0006,REQ-WORKER-008/REQ-WORKER-009,STORY-0700-ISSUE-0810-slice-9-9-materializar-a-fundacao-executavel-repositorio-privado-project-central-views.md,ADR-003/ADR-004/ADR-005/ADR-006/ADR-007/ADR-008/ADR-012/ADR-037,MIXED,AC-ISSUE-0810-01/AC-ISSUE-0810-02/AC-ISSUE-0810-03/AC-ISSUE-0810-04,PASS,PASS,PASS,PASS,MEDIUM
STORY-0701,ISSUE-0811,TASK-0701,EPIC-004,SPRINT-001,FND,BC-001,Governança de Engenharia e Entrega,Story,planned,Arquiteto,"Slice 1/2 — Definir escopo, contratos e invariantes: OpenAPI, cliente TypeScript e contratos CLI/jobs/eventos/artefatos/ProcessingPlan/QualityReport/FailureDiagnostic versionados [REQ-CRS, REQ-DBSCHEMA, REQ-EPIC, REQ-FS1, REQ-RUN]",STORY-0015,REQ-CRS-002/REQ-DBSCHEMA-007/REQ-DBSCHEMA-008/REQ-EPIC-031/REQ-FS1-001/REQ-FS1-004/REQ-RUN-001/REQ-RUN-006/REQ-RUN-008/REQ-RUN-010,STORY-0701-ISSUE-0811-slice-1-2-definir-escopo-contratos-e-invariantes-openapi-cliente-typescript-e-contrato.md,ADR-003/ADR-005/ADR-006/ADR-007/ADR-008/ADR-010/ADR-011/ADR-013/ADR-014/ADR-015/ADR-017/ADR-019/ADR-021/ADR-023/ADR-040/ADR-041/ADR-044/ADR-055,MIXED,AC-ISSUE-0811-01/AC-ISSUE-0811-02/AC-ISSUE-0811-03/AC-ISSUE-0811-04,PASS,PASS,PASS,PASS,CRITICAL
STORY-0702,ISSUE-0812,TASK-0702,EPIC-004,SPRINT-001,FND,BC-001,Governança de Engenharia e Entrega,Story,planned,Arquiteto,"Slice 2/2 — Definir escopo, contratos e invariantes: OpenAPI, cliente TypeScript e contratos CLI/jobs/eventos/artefatos/ProcessingPlan/QualityReport/FailureDiagnostic versionados [REQ-RUNTIME, REQ-SCM, REQ-TOOL, REQ-TOP, REQ-UX]",STORY-0015,REQ-RUNTIME-008/REQ-SCM-001/REQ-TOOL-003/REQ-TOP-001/REQ-UX-002,STORY-0702-ISSUE-0812-slice-2-2-definir-escopo-contratos-e-invariantes-openapi-cliente-typescript-e-contrato.md,ADR-003/ADR-005/ADR-006/ADR-007/ADR-008/ADR-010/ADR-011/ADR-013/ADR-014/ADR-015/ADR-017/ADR-021/ADR-023/ADR-053/ADR-055,MIXED,AC-ISSUE-0812-01/AC-ISSUE-0812-02/AC-ISSUE-0812-03/AC-ISSUE-0812-04,PASS,PASS,PASS,PASS,CRITICAL
STORY-0703,ISSUE-0813,TASK-0703,EPIC-004,SPRINT-001,FND,BC-001,Governança de Engenharia e Entrega,Story,planned,Tech Lead,"Slice 1/3 — Materializar a fundação executável: OpenAPI, cliente TypeScript e contratos CLI/jobs/eventos/artefatos/ProcessingPlan/QualityReport/FailureDiagnostic versionados [REQ-ARTLAYOUT, REQ-DBSCHEMA, REQ-FS1]",STORY-0016,REQ-ARTLAYOUT-010/REQ-DBSCHEMA-002/REQ-DBSCHEMA-004/REQ-FS1-002/REQ-FS1-003/REQ-FS1-005/REQ-FS1-007/REQ-FS1-008/REQ-FS1-009/REQ-FS1-010,STORY-0703-ISSUE-0813-slice-1-3-materializar-a-fundacao-executavel-openapi-cliente-typescript-e-contratos-cl.md,ADR-003/ADR-005/ADR-006/ADR-007/ADR-008/ADR-010/ADR-011/ADR-013/ADR-014/ADR-015/ADR-019/ADR-021/ADR-023/ADR-040/ADR-044/ADR-046/ADR-055,MIXED,AC-ISSUE-0813-01/AC-ISSUE-0813-02/AC-ISSUE-0813-03/AC-ISSUE-0813-04,PASS,PASS,PASS,PASS,CRITICAL
STORY-0704,ISSUE-0814,TASK-0704,EPIC-004,SPRINT-001,FND,BC-001,Governança de Engenharia e Entrega,Story,planned,Tech Lead,"Slice 2/3 — Materializar a fundação executável: OpenAPI, cliente TypeScript e contratos CLI/jobs/eventos/artefatos/ProcessingPlan/QualityReport/FailureDiagnostic versionados [REQ-RUN, REQ-RUNTIME]",STORY-0016,REQ-RUN-002/REQ-RUN-003/REQ-RUN-004/REQ-RUN-005/REQ-RUN-007/REQ-RUN-009/REQ-RUNTIME-001/REQ-RUNTIME-002/REQ-RUNTIME-003/REQ-RUNTIME-004,STORY-0704-ISSUE-0814-slice-2-3-materializar-a-fundacao-executavel-openapi-cliente-typescript-e-contratos-cl.md,ADR-002/ADR-003/ADR-005/ADR-006/ADR-007/ADR-008/ADR-010/ADR-011/ADR-013/ADR-014/ADR-015/ADR-021/ADR-023/ADR-040/ADR-045/ADR-055,MIXED,AC-ISSUE-0814-01/AC-ISSUE-0814-02/AC-ISSUE-0814-03/AC-ISSUE-0814-04,PASS,PASS,PASS,PASS,CRITICAL
STORY-0705,ISSUE-0815,TASK-0705,EPIC-004,SPRINT-001,FND,BC-001,Governança de Engenharia e Entrega,Story,planned,Tech Lead,"Slice 3/3 — Materializar a fundação executável: OpenAPI, cliente TypeScript e contratos CLI/jobs/eventos/artefatos/ProcessingPlan/QualityReport/FailureDiagnostic versionados [REQ-RUNTIME, REQ-TOOL, REQ-UPG]",STORY-0016,REQ-RUNTIME-006/REQ-RUNTIME-007/REQ-TOOL-005/REQ-UPG-005,STORY-0705-ISSUE-0815-slice-3-3-materializar-a-fundacao-executavel-openapi-cliente-typescript-e-contratos-cl.md,ADR-001/ADR-002/ADR-003/ADR-005/ADR-006/ADR-007/ADR-008/ADR-010/ADR-011/ADR-013/ADR-014/ADR-015/ADR-021/ADR-023/ADR-035/ADR-055,MIXED,AC-ISSUE-0815-01/AC-ISSUE-0815-02/AC-ISSUE-0815-03/AC-ISSUE-0815-04,PASS,PASS,PASS,PASS,CRITICAL
STORY-0706,ISSUE-0816,TASK-0706,EPIC-005,SPRINT-001,FND,BC-001,Governança de Engenharia e Entrega,Story,planned,Arquiteto,"Slice 1/2 — Definir escopo, contratos e invariantes: migrations, CI, secret/dependency scan e telemetria mínima [REQ-AIE, REQ-BEX, REQ-EPIC, REQ-FS1, REQ-INS, REQ-ISS, REQ-OBS]",STORY-0015,REQ-AIE-001/REQ-AIE-005/REQ-BEX-003/REQ-BEX-005/REQ-EPIC-012/REQ-FS1-001/REQ-FS1-004/REQ-INS-003/REQ-ISS-007/REQ-OBS-002,STORY-0706-ISSUE-0816-slice-1-2-definir-escopo-contratos-e-invariantes-migrations-ci-secret-dependency-scan.md,ADR-003/ADR-006/ADR-007/ADR-008/ADR-018/ADR-023/ADR-024/ADR-026/ADR-034/ADR-038/ADR-044/ADR-046/ADR-051/ADR-052/ADR-053/ADR-054,MIXED,AC-ISSUE-0816-01/AC-ISSUE-0816-02/AC-ISSUE-0816-03/AC-ISSUE-0816-04,PASS,PASS,PASS,PASS,CRITICAL
STORY-0707,ISSUE-0817,TASK-0707,EPIC-005,SPRINT-001,FND,BC-001,Governança de Engenharia e Entrega,Story,planned,Arquiteto,"Slice 2/2 — Definir escopo, contratos e invariantes: migrations, CI, secret/dependency scan e telemetria mínima [REQ-SGVCAL]",STORY-0015,REQ-SGVCAL-007,STORY-0707-ISSUE-0817-slice-2-2-definir-escopo-contratos-e-invariantes-migrations-ci-secret-dependency-scan.md,ADR-002/ADR-003/ADR-006/ADR-007/ADR-008/ADR-018/ADR-023/ADR-024/ADR-026,MIXED,AC-ISSUE-0817-01/AC-ISSUE-0817-02/AC-ISSUE-0817-03/AC-ISSUE-0817-04,PASS,PASS,PASS,PASS,HIGH
STORY-0708,ISSUE-0818,TASK-0708,EPIC-005,SPRINT-001,FND,BC-001,Governança de Engenharia e Entrega,Story,planned,Tech Lead,"Slice 1/4 — Materializar a fundação executável: migrations, CI, secret/dependency scan e telemetria mínima [REQ-AIE, REQ-BEX]",STORY-0021,REQ-AIE-002/REQ-AIE-003/REQ-AIE-004/REQ-AIE-006/REQ-AIE-007/REQ-AIE-008/REQ-AIE-009/REQ-AIE-010/REQ-BEX-002/REQ-BEX-004,STORY-0708-ISSUE-0818-slice-1-4-materializar-a-fundacao-executavel-migrations-ci-secret-dependency-scan-e-te.md,ADR-003/ADR-006/ADR-007/ADR-008/ADR-009/ADR-012/ADR-018/ADR-023/ADR-024/ADR-026/ADR-030/ADR-038/ADR-039/ADR-046/ADR-051/ADR-052/ADR-053,MIXED,AC-ISSUE-0818-01/AC-ISSUE-0818-02/AC-ISSUE-0818-03/AC-ISSUE-0818-04,PASS,PASS,PASS,PASS,CRITICAL
STORY-0709,ISSUE-0819,TASK-0709,EPIC-005,SPRINT-001,FND,BC-001,Governança de Engenharia e Entrega,Story,planned,Tech Lead,"Slice 2/4 — Materializar a fundação executável: migrations, CI, secret/dependency scan e telemetria mínima [REQ-BEX, REQ-EPIC, REQ-FRZ, REQ-FS1]",STORY-0021,REQ-BEX-007/REQ-BEX-008/REQ-BEX-009/REQ-BEX-010/REQ-EPIC-041/REQ-FRZ-002/REQ-FS1-002/REQ-FS1-003/REQ-FS1-005/REQ-FS1-007,STORY-0709-ISSUE-0819-slice-2-4-materializar-a-fundacao-executavel-migrations-ci-secret-dependency-scan-e-te.md,ADR-002/ADR-003/ADR-006/ADR-007/ADR-008/ADR-018/ADR-023/ADR-024/ADR-026/ADR-037/ADR-038/ADR-039/ADR-040/ADR-044/ADR-046/ADR-055/ADR-057,MIXED,AC-ISSUE-0819-01/AC-ISSUE-0819-02/AC-ISSUE-0819-03/AC-ISSUE-0819-04,PASS,PASS,PASS,PASS,CRITICAL
STORY-0710,ISSUE-0820,TASK-0710,EPIC-005,SPRINT-001,FND,BC-001,Governança de Engenharia e Entrega,Story,planned,Tech Lead,"Slice 3/4 — Materializar a fundação executável: migrations, CI, secret/dependency scan e telemetria mínima [REQ-FS1, REQ-GOV, REQ-SGVCAL]",STORY-0021,REQ-FS1-008/REQ-FS1-009/REQ-FS1-010/REQ-GOV-004/REQ-SGVCAL-001/REQ-SGVCAL-002/REQ-SGVCAL-003/REQ-SGVCAL-004/REQ-SGVCAL-005/REQ-SGVCAL-006,STORY-0710-ISSUE-0820-slice-3-4-materializar-a-fundacao-executavel-migrations-ci-secret-dependency-scan-e-te.md,ADR-003/ADR-006/ADR-007/ADR-008/ADR-009/ADR-015/ADR-018/ADR-023/ADR-024/ADR-026/ADR-044/ADR-046/ADR-055,MIXED,AC-ISSUE-0820-01/AC-ISSUE-0820-02/AC-ISSUE-0820-03/AC-ISSUE-0820-04,PASS,PASS,PASS,PASS,CRITICAL
STORY-0711,ISSUE-0821,TASK-0711,EPIC-005,SPRINT-001,FND,BC-001,Governança de Engenharia e Entrega,Story,planned,Tech Lead,"Slice 4/4 — Materializar a fundação executável: migrations, CI, secret/dependency scan e telemetria mínima [REQ-SGVCAL, REQ-SRG, REQ-SRP, REQ-SUP, REQ-TOOL, REQ-UPG]",STORY-0021,REQ-SGVCAL-008/REQ-SGVCAL-009/REQ-SGVCAL-010/REQ-SRG-002/REQ-SRP-002/REQ-SUP-001/REQ-TOOL-006/REQ-TOOL-007/REQ-TOOL-009/REQ-UPG-003,STORY-0711-ISSUE-0821-slice-4-4-materializar-a-fundacao-executavel-migrations-ci-secret-dependency-scan-e-te.md,ADR-003/ADR-006/ADR-007/ADR-008/ADR-009/ADR-014/ADR-018/ADR-023/ADR-024/ADR-026/ADR-035/ADR-037/ADR-046/ADR-051/ADR-052/ADR-053/ADR-055,MIXED,AC-ISSUE-0821-01/AC-ISSUE-0821-02/AC-ISSUE-0821-03/AC-ISSUE-0821-04,PASS,PASS,PASS,PASS,CRITICAL
STORY-0712,ISSUE-0822,TASK-0712,EPIC-008,SPRINT-002,PLT,BC-002,Identidade e Controle de Acesso,Story,planned,Backend,"Slice 1/2 — Implementar domínio e persistência: contas locais, bootstrap único, sessões, tokens e adapter OIDC [REQ-AUTH-IMPL, REQ-DBSCHEMA]",STORY-0036,REQ-AUTH-IMPL-001/REQ-AUTH-IMPL-002/REQ-AUTH-IMPL-003/REQ-AUTH-IMPL-004/REQ-AUTH-IMPL-005/REQ-AUTH-IMPL-006/REQ-AUTH-IMPL-008/REQ-AUTH-IMPL-009/REQ-AUTH-IMPL-010/REQ-DBSCHEMA-003,STORY-0712-ISSUE-0822-slice-1-2-implementar-dominio-e-persistencia-contas-locais-bootstrap-unico-sessoes-tok.md,ADR-003/ADR-005/ADR-006/ADR-007/ADR-008/ADR-016/ADR-018/ADR-019/ADR-028/ADR-029/ADR-031/ADR-043/ADR-055,MIXED,AC-ISSUE-0822-01/AC-ISSUE-0822-02/AC-ISSUE-0822-03/AC-ISSUE-0822-04,PASS,PASS,PASS,PASS,CRITICAL
STORY-0713,ISSUE-0823,TASK-0713,EPIC-008,SPRINT-002,PLT,BC-002,Identidade e Controle de Acesso,Story,planned,Backend,"Slice 2/2 — Implementar domínio e persistência: contas locais, bootstrap único, sessões, tokens e adapter OIDC [REQ-ID]",STORY-0036,REQ-ID-001/REQ-ID-002,STORY-0713-ISSUE-0823-slice-2-2-implementar-dominio-e-persistencia-contas-locais-bootstrap-unico-sessoes-tok.md,ADR-003/ADR-005/ADR-006/ADR-007/ADR-008/ADR-016/ADR-018/ADR-019/ADR-029,MIXED,AC-ISSUE-0823-01/AC-ISSUE-0823-02/AC-ISSUE-0823-03/AC-ISSUE-0823-04,PASS,PASS,PASS,PASS,HIGH
STORY-0714,ISSUE-0824,TASK-0714,EPIC-009,SPRINT-002,PLT,BC-002,Identidade e Controle de Acesso,Story,planned,Backend,"Slice 1/2 — Implementar domínio e persistência: usuários e papéis da instância [REQ-ACC, REQ-AUTH-IMPL]",STORY-0041,REQ-ACC-001/REQ-AUTH-IMPL-001/REQ-AUTH-IMPL-002/REQ-AUTH-IMPL-003/REQ-AUTH-IMPL-004/REQ-AUTH-IMPL-005/REQ-AUTH-IMPL-006/REQ-AUTH-IMPL-008/REQ-AUTH-IMPL-009/REQ-AUTH-IMPL-010,STORY-0714-ISSUE-0824-slice-1-2-implementar-dominio-e-persistencia-usuarios-e-papeis-da-instancia-req-acc-re.md,ADR-003/ADR-005/ADR-006/ADR-007/ADR-008/ADR-016/ADR-018/ADR-019/ADR-028/ADR-029/ADR-031/ADR-043/ADR-055,MIXED,AC-ISSUE-0824-01/AC-ISSUE-0824-02/AC-ISSUE-0824-03/AC-ISSUE-0824-04,PASS,PASS,PASS,PASS,CRITICAL
STORY-0715,ISSUE-0825,TASK-0715,EPIC-009,SPRINT-002,PLT,BC-002,Identidade e Controle de Acesso,Story,planned,Backend,Slice 2/2 — Implementar domínio e persistência: usuários e papéis da instância [REQ-ID],STORY-0041,REQ-ID-002,STORY-0715-ISSUE-0825-slice-2-2-implementar-dominio-e-persistencia-usuarios-e-papeis-da-instancia-req-id.md,ADR-003/ADR-005/ADR-006/ADR-007/ADR-008/ADR-016/ADR-018/ADR-019/ADR-029,MIXED,AC-ISSUE-0825-01/AC-ISSUE-0825-02/AC-ISSUE-0825-03/AC-ISSUE-0825-04,PASS,PASS,PASS,PASS,HIGH
STORY-0716,ISSUE-0826,TASK-0716,EPIC-010,SPRINT-002,PLT,BC-002,Identidade e Controle de Acesso,Story,planned,Backend,"Slice 1/2 — Implementar domínio e persistência: autorização por projeto, operação, artefato e caminho [REQ-ACC, REQ-AUTH-IMPL]",STORY-0046,REQ-ACC-001/REQ-AUTH-IMPL-001/REQ-AUTH-IMPL-002/REQ-AUTH-IMPL-003/REQ-AUTH-IMPL-004/REQ-AUTH-IMPL-005/REQ-AUTH-IMPL-006/REQ-AUTH-IMPL-008/REQ-AUTH-IMPL-009/REQ-AUTH-IMPL-010,STORY-0716-ISSUE-0826-slice-1-2-implementar-dominio-e-persistencia-autorizacao-por-projeto-operacao-artefato.md,ADR-003/ADR-005/ADR-006/ADR-007/ADR-008/ADR-016/ADR-018/ADR-019/ADR-028/ADR-029/ADR-031/ADR-043/ADR-055,MIXED,AC-ISSUE-0826-01/AC-ISSUE-0826-02/AC-ISSUE-0826-03/AC-ISSUE-0826-04,PASS,PASS,PASS,PASS,CRITICAL
STORY-0717,ISSUE-0827,TASK-0717,EPIC-010,SPRINT-002,PLT,BC-002,Identidade e Controle de Acesso,Story,planned,Backend,"Slice 2/2 — Implementar domínio e persistência: autorização por projeto, operação, artefato e caminho [REQ-HW]",STORY-0046,REQ-HW-001,STORY-0717-ISSUE-0827-slice-2-2-implementar-dominio-e-persistencia-autorizacao-por-projeto-operacao-artefato.md,ADR-003/ADR-005/ADR-006/ADR-007/ADR-008/ADR-016/ADR-018/ADR-019/ADR-037/ADR-055,MIXED,AC-ISSUE-0827-01/AC-ISSUE-0827-02/AC-ISSUE-0827-03/AC-ISSUE-0827-04,PASS,PASS,PASS,PASS,CRITICAL
STORY-0718,ISSUE-0828,TASK-0718,EPIC-012,SPRINT-002,DAT,BC-003,"Projetos, Workspace e Assets",Story,planned,Backend,"Slice 1/3 — Implementar persistência e migrations: raízes de workspace, API de navegação segura, catálogo, hashes e lineage [REQ-ART, REQ-ARTLAYOUT, REQ-CAT, REQ-DBSCHEMA, REQ-FS]",STORY-0056,REQ-ART-001/REQ-ART-003/REQ-ARTLAYOUT-002/REQ-CAT-001/REQ-DBSCHEMA-002/REQ-DBSCHEMA-003/REQ-DBSCHEMA-004/REQ-DBSCHEMA-006/REQ-DBSCHEMA-009/REQ-FS-001,STORY-0718-ISSUE-0828-slice-1-3-implementar-persistencia-e-migrations-raizes-de-workspace-api-de-navegacao-s.md,ADR-003/ADR-004/ADR-005/ADR-006/ADR-007/ADR-008/ADR-010/ADR-011/ADR-012/ADR-013/ADR-014/ADR-015/ADR-016/ADR-018/ADR-019/ADR-020/ADR-023/ADR-025/ADR-026/ADR-043/ADR-055,MIXED,AC-ISSUE-0828-01/AC-ISSUE-0828-02/AC-ISSUE-0828-03/AC-ISSUE-0828-04,PASS,PASS,PASS,PASS,CRITICAL
STORY-0719,ISSUE-0829,TASK-0719,EPIC-012,SPRINT-002,DAT,BC-003,"Projetos, Workspace e Assets",Story,planned,Backend,"Slice 2/3 — Implementar persistência e migrations: raízes de workspace, API de navegação segura, catálogo, hashes e lineage [REQ-PRV, REQ-RUN, REQ-SCM, REQ-TOOL]",STORY-0056,REQ-PRV-001/REQ-RUN-002/REQ-RUN-003/REQ-RUN-004/REQ-RUN-005/REQ-RUN-007/REQ-RUN-009/REQ-SCM-002/REQ-TOOL-004/REQ-TOOL-005,STORY-0719-ISSUE-0829-slice-2-3-implementar-persistencia-e-migrations-raizes-de-workspace-api-de-navegacao-s.md,ADR-001/ADR-003/ADR-004/ADR-005/ADR-006/ADR-007/ADR-008/ADR-010/ADR-011/ADR-012/ADR-013/ADR-014/ADR-015/ADR-016/ADR-018/ADR-019/ADR-020/ADR-023/ADR-025/ADR-026/ADR-040/ADR-045/ADR-055,MIXED,AC-ISSUE-0829-01/AC-ISSUE-0829-02/AC-ISSUE-0829-03/AC-ISSUE-0829-04,PASS,PASS,PASS,PASS,CRITICAL
STORY-0720,ISSUE-0830,TASK-0720,EPIC-012,SPRINT-002,DAT,BC-003,"Projetos, Workspace e Assets",Story,planned,Backend,"Slice 3/3 — Implementar persistência e migrations: raízes de workspace, API de navegação segura, catálogo, hashes e lineage [REQ-UPG]",STORY-0056,REQ-UPG-002,STORY-0720-ISSUE-0830-slice-3-3-implementar-persistencia-e-migrations-raizes-de-workspace-api-de-navegacao-s.md,ADR-003/ADR-004/ADR-005/ADR-006/ADR-007/ADR-008/ADR-010/ADR-011/ADR-012/ADR-013/ADR-014/ADR-015/ADR-016/ADR-018/ADR-019/ADR-020/ADR-023/ADR-025/ADR-026/ADR-055,MIXED,AC-ISSUE-0830-01/AC-ISSUE-0830-02/AC-ISSUE-0830-03/AC-ISSUE-0830-04,PASS,PASS,PASS,PASS,CRITICAL
STORY-0721,ISSUE-0831,TASK-0721,EPIC-014,SPRINT-003,JOB,BC-010,Orquestração de Jobs e Recursos,Story,planned,Backend,"Slice 1/2 — Implementar modelo e application services: modelo de job e máquina de estados no PostgreSQL [REQ-AIE, REQ-DBSCHEMA, REQ-FS1]",STORY-0068,REQ-AIE-002/REQ-AIE-004/REQ-AIE-006/REQ-AIE-008/REQ-AIE-009/REQ-AIE-010/REQ-DBSCHEMA-009/REQ-FS1-002/REQ-FS1-003/REQ-FS1-006,STORY-0721-ISSUE-0831-slice-1-2-implementar-modelo-e-application-services-modelo-de-job-e-maquina-de-estados.md,ADR-003/ADR-004/ADR-005/ADR-006/ADR-007/ADR-008/ADR-016/ADR-018/ADR-019/ADR-020/ADR-023/ADR-030/ADR-038/ADR-040/ADR-044/ADR-045/ADR-051/ADR-052/ADR-053,MIXED,AC-ISSUE-0831-01/AC-ISSUE-0831-02/AC-ISSUE-0831-03/AC-ISSUE-0831-04,PASS,PASS,PASS,PASS,CRITICAL
STORY-0722,ISSUE-0832,TASK-0722,EPIC-014,SPRINT-003,JOB,BC-010,Orquestração de Jobs e Recursos,Story,planned,Backend,"Slice 2/2 — Implementar modelo e application services: modelo de job e máquina de estados no PostgreSQL [REQ-FS1, REQ-RUNTIME, REQ-WORKER]",STORY-0068,REQ-FS1-008/REQ-FS1-009/REQ-FS1-010/REQ-RUNTIME-002/REQ-WORKER-003,STORY-0722-ISSUE-0832-slice-2-2-implementar-modelo-e-application-services-modelo-de-job-e-maquina-de-estados.md,ADR-002/ADR-003/ADR-004/ADR-005/ADR-006/ADR-007/ADR-008/ADR-015/ADR-016/ADR-018/ADR-019/ADR-020/ADR-023/ADR-037/ADR-044/ADR-055,MIXED,AC-ISSUE-0832-01/AC-ISSUE-0832-02/AC-ISSUE-0832-03/AC-ISSUE-0832-04,PASS,PASS,PASS,PASS,CRITICAL
STORY-0723,ISSUE-0833,TASK-0723,EPIC-021,SPRINT-005,GEO,BC-007,Verificação Geométrica e Qualidade,Story,planned,Geoprocessamento,"Slice 1/2 — Preparar corpus, fixtures e representação tipada: corpus versionado com décadas e condições distintas [REQ-EPIC, REQ-FS1, REQ-NATIVE]",STORY-0115,REQ-EPIC-021/REQ-FS1-002/REQ-FS1-003/REQ-FS1-008/REQ-FS1-009/REQ-FS1-010/REQ-NATIVE-003/REQ-NATIVE-005/REQ-NATIVE-006/REQ-NATIVE-007,STORY-0723-ISSUE-0833-slice-1-2-preparar-corpus-fixtures-e-representacao-tipada-corpus-versionado-com-decada.md,ADR-003/ADR-004/ADR-005/ADR-006/ADR-007/ADR-008/ADR-015/ADR-023/ADR-040/ADR-041/ADR-042/ADR-043/ADR-044/ADR-045/ADR-046/ADR-055,MIXED,AC-ISSUE-0833-01/AC-ISSUE-0833-02/AC-ISSUE-0833-03/AC-ISSUE-0833-04,PASS,PASS,PASS,PASS,CRITICAL
STORY-0724,ISSUE-0834,TASK-0724,EPIC-021,SPRINT-005,GEO,BC-007,Verificação Geométrica e Qualidade,Story,planned,Geoprocessamento,"Slice 2/2 — Preparar corpus, fixtures e representação tipada: corpus versionado com décadas e condições distintas [REQ-NATIVE, REQ-SCP]",STORY-0115,REQ-NATIVE-008/REQ-NATIVE-009/REQ-NATIVE-010/REQ-SCP-001,STORY-0724-ISSUE-0834-slice-2-2-preparar-corpus-fixtures-e-representacao-tipada-corpus-versionado-com-decada.md,ADR-003/ADR-004/ADR-005/ADR-006/ADR-007/ADR-008/ADR-009/ADR-023/ADR-041/ADR-042/ADR-043/ADR-044/ADR-045/ADR-046/ADR-053/ADR-055,MIXED,AC-ISSUE-0834-01/AC-ISSUE-0834-02/AC-ISSUE-0834-03/AC-ISSUE-0834-04,PASS,PASS,PASS,PASS,CRITICAL
STORY-0725,ISSUE-0835,TASK-0725,EPIC-022,SPRINT-005,GEO,BC-005,Descoberta e Aquisição de Referências,Story,planned,Geoprocessamento,"Slice 1/4 — Preparar corpus, fixtures e representação tipada: busca provável greenfield validada [REQ-AIE, REQ-CLASSICPROFILE]",STORY-0122,REQ-AIE-002/REQ-AIE-004/REQ-AIE-006/REQ-AIE-008/REQ-AIE-009/REQ-AIE-010/REQ-CLASSICPROFILE-001/REQ-CLASSICPROFILE-002/REQ-CLASSICPROFILE-003/REQ-CLASSICPROFILE-005,STORY-0725-ISSUE-0835-slice-1-4-preparar-corpus-fixtures-e-representacao-tipada-busca-provavel-greenfield-va.md,ADR-003/ADR-004/ADR-005/ADR-006/ADR-007/ADR-008/ADR-023/ADR-025/ADR-030/ADR-038/ADR-039/ADR-041/ADR-042/ADR-043/ADR-044/ADR-045/ADR-046/ADR-051/ADR-052/ADR-053/ADR-055,MIXED,AC-ISSUE-0835-01/AC-ISSUE-0835-02/AC-ISSUE-0835-03/AC-ISSUE-0835-04,PASS,PASS,PASS,PASS,CRITICAL
STORY-0726,ISSUE-0836,TASK-0726,EPIC-022,SPRINT-005,GEO,BC-005,Descoberta e Aquisição de Referências,Story,planned,Geoprocessamento,"Slice 2/4 — Preparar corpus, fixtures e representação tipada: busca provável greenfield validada [REQ-CLASSICPROFILE, REQ-FS1, REQ-NATIVE]",STORY-0122,REQ-CLASSICPROFILE-007/REQ-CLASSICPROFILE-009/REQ-FS1-002/REQ-FS1-003/REQ-FS1-008/REQ-FS1-009/REQ-FS1-010/REQ-NATIVE-003/REQ-NATIVE-005/REQ-NATIVE-006,STORY-0726-ISSUE-0836-slice-2-4-preparar-corpus-fixtures-e-representacao-tipada-busca-provavel-greenfield-va.md,ADR-003/ADR-004/ADR-005/ADR-006/ADR-007/ADR-008/ADR-015/ADR-023/ADR-025/ADR-040/ADR-041/ADR-042/ADR-043/ADR-044/ADR-045/ADR-046/ADR-055,MIXED,AC-ISSUE-0836-01/AC-ISSUE-0836-02/AC-ISSUE-0836-03/AC-ISSUE-0836-04,PASS,PASS,PASS,PASS,CRITICAL
STORY-0727,ISSUE-0837,TASK-0727,EPIC-022,SPRINT-005,GEO,BC-005,Descoberta e Aquisição de Referências,Story,planned,Geoprocessamento,"Slice 3/4 — Preparar corpus, fixtures e representação tipada: busca provável greenfield validada [REQ-NATIVE, REQ-SGVCAL]",STORY-0122,REQ-NATIVE-007/REQ-NATIVE-008/REQ-NATIVE-009/REQ-NATIVE-010/REQ-SGVCAL-002/REQ-SGVCAL-003/REQ-SGVCAL-004/REQ-SGVCAL-005/REQ-SGVCAL-006/REQ-SGVCAL-009,STORY-0727-ISSUE-0837-slice-3-4-preparar-corpus-fixtures-e-representacao-tipada-busca-provavel-greenfield-va.md,ADR-003/ADR-004/ADR-005/ADR-006/ADR-007/ADR-008/ADR-009/ADR-023/ADR-025/ADR-041/ADR-042/ADR-043/ADR-044/ADR-045/ADR-046/ADR-055,MIXED,AC-ISSUE-0837-01/AC-ISSUE-0837-02/AC-ISSUE-0837-03/AC-ISSUE-0837-04,PASS,PASS,PASS,PASS,CRITICAL
STORY-0728,ISSUE-0838,TASK-0728,EPIC-022,SPRINT-005,GEO,BC-005,Descoberta e Aquisição de Referências,Story,planned,Geoprocessamento,"Slice 4/4 — Preparar corpus, fixtures e representação tipada: busca provável greenfield validada [REQ-SGVCAL]",STORY-0122,REQ-SGVCAL-010,STORY-0728-ISSUE-0838-slice-4-4-preparar-corpus-fixtures-e-representacao-tipada-busca-provavel-greenfield-va.md,ADR-003/ADR-004/ADR-005/ADR-006/ADR-007/ADR-008/ADR-023/ADR-025/ADR-041/ADR-042/ADR-043/ADR-044/ADR-045/ADR-046/ADR-055,MIXED,AC-ISSUE-0838-01/AC-ISSUE-0838-02/AC-ISSUE-0838-03/AC-ISSUE-0838-04,PASS,PASS,PASS,PASS,CRITICAL
STORY-0729,ISSUE-0839,TASK-0729,EPIC-024,SPRINT-005,GEO,BC-007,Verificação Geométrica e Qualidade,Story,planned,Geoprocessamento,"Slice 1/3 — Preparar corpus, fixtures e representação tipada: Strong Geometric Verifier fail-closed para homografia projetiva, QualityProfiles e Image Deformation Profile [REQ-AIE, REQ-ANC, REQ-CRS, REQ-EPIC]",STORY-0136,REQ-AIE-002/REQ-AIE-004/REQ-AIE-006/REQ-AIE-008/REQ-AIE-009/REQ-AIE-010/REQ-ANC-006/REQ-ANC-007/REQ-CRS-003/REQ-EPIC-021,STORY-0729-ISSUE-0839-slice-1-3-preparar-corpus-fixtures-e-representacao-tipada-strong-geometric-verifier-fa.md,ADR-003/ADR-004/ADR-005/ADR-006/ADR-007/ADR-008/ADR-023/ADR-030/ADR-038/ADR-041/ADR-042/ADR-043/ADR-044/ADR-045/ADR-046/ADR-048/ADR-049/ADR-050/ADR-051/ADR-052/ADR-053/ADR-055,MIXED,AC-ISSUE-0839-01/AC-ISSUE-0839-02/AC-ISSUE-0839-03/AC-ISSUE-0839-04,PASS,PASS,PASS,PASS,CRITICAL
STORY-0730,ISSUE-0840,TASK-0730,EPIC-024,SPRINT-005,GEO,BC-007,Verificação Geométrica e Qualidade,Story,planned,Geoprocessamento,"Slice 2/3 — Preparar corpus, fixtures e representação tipada: Strong Geometric Verifier fail-closed para homografia projetiva, QualityProfiles e Image Deformation Profile [REQ-EST, REQ-FS1, REQ-MSK, REQ-QUAL, REQ-RAS, REQ-REF]",STORY-0136,REQ-EST-001/REQ-FS1-002/REQ-FS1-003/REQ-FS1-008/REQ-FS1-009/REQ-FS1-010/REQ-MSK-001/REQ-QUAL-003/REQ-RAS-003/REQ-REF-001,STORY-0730-ISSUE-0840-slice-2-3-preparar-corpus-fixtures-e-representacao-tipada-strong-geometric-verifier-fa.md,ADR-003/ADR-004/ADR-005/ADR-006/ADR-007/ADR-008/ADR-015/ADR-023/ADR-040/ADR-041/ADR-042/ADR-043/ADR-044/ADR-045/ADR-046/ADR-048/ADR-049/ADR-050/ADR-055,MIXED,AC-ISSUE-0840-01/AC-ISSUE-0840-02/AC-ISSUE-0840-03/AC-ISSUE-0840-04,PASS,PASS,PASS,PASS,CRITICAL
STORY-0731,ISSUE-0841,TASK-0731,EPIC-024,SPRINT-005,GEO,BC-007,Verificação Geométrica e Qualidade,Story,planned,Geoprocessamento,"Slice 3/3 — Preparar corpus, fixtures e representação tipada: Strong Geometric Verifier fail-closed para homografia projetiva, QualityProfiles e Image Deformation Profile [REQ-RMV]",STORY-0136,REQ-RMV-002,STORY-0731-ISSUE-0841-slice-3-3-preparar-corpus-fixtures-e-representacao-tipada-strong-geometric-verifier-fa.md,ADR-003/ADR-004/ADR-005/ADR-006/ADR-007/ADR-008/ADR-023/ADR-041/ADR-042/ADR-043/ADR-044/ADR-045/ADR-046/ADR-048/ADR-049/ADR-050/ADR-055,MIXED,AC-ISSUE-0841-01/AC-ISSUE-0841-02/AC-ISSUE-0841-03/AC-ISSUE-0841-04,PASS,PASS,PASS,PASS,CRITICAL
STORY-0732,ISSUE-0842,TASK-0732,EPIC-026,SPRINT-005,GEO,BC-013,"Artifacts, Proveniência e Lifecycle",Story,planned,Geoprocessamento,"Slice 1/3 — Preparar corpus, fixtures e representação tipada: artefatos e lineage [REQ-ART, REQ-ARTLAYOUT]",STORY-0150,REQ-ART-001/REQ-ARTLAYOUT-001/REQ-ARTLAYOUT-002/REQ-ARTLAYOUT-003/REQ-ARTLAYOUT-004/REQ-ARTLAYOUT-005/REQ-ARTLAYOUT-006/REQ-ARTLAYOUT-007/REQ-ARTLAYOUT-008/REQ-ARTLAYOUT-009,STORY-0732-ISSUE-0842-slice-1-3-preparar-corpus-fixtures-e-representacao-tipada-artefatos-e-lineage-req-art.md,ADR-003/ADR-004/ADR-005/ADR-006/ADR-007/ADR-008/ADR-009/ADR-012/ADR-023/ADR-024/ADR-025/ADR-040/ADR-041/ADR-042/ADR-043/ADR-044/ADR-045/ADR-046/ADR-055,MIXED,AC-ISSUE-0842-01/AC-ISSUE-0842-02/AC-ISSUE-0842-03/AC-ISSUE-0842-04,PASS,PASS,PASS,PASS,CRITICAL
STORY-0733,ISSUE-0843,TASK-0733,EPIC-026,SPRINT-005,GEO,BC-013,"Artifacts, Proveniência e Lifecycle",Story,planned,Geoprocessamento,"Slice 2/3 — Preparar corpus, fixtures e representação tipada: artefatos e lineage [REQ-ARTLAYOUT, REQ-DBSCHEMA, REQ-FS1, REQ-NATIVE]",STORY-0150,REQ-ARTLAYOUT-010/REQ-DBSCHEMA-006/REQ-FS1-002/REQ-FS1-003/REQ-FS1-008/REQ-FS1-009/REQ-FS1-010/REQ-NATIVE-003/REQ-NATIVE-005/REQ-NATIVE-006,STORY-0733-ISSUE-0843-slice-2-3-preparar-corpus-fixtures-e-representacao-tipada-artefatos-e-lineage-req-artl.md,ADR-003/ADR-004/ADR-005/ADR-006/ADR-007/ADR-008/ADR-015/ADR-019/ADR-023/ADR-024/ADR-025/ADR-040/ADR-041/ADR-042/ADR-043/ADR-044/ADR-045/ADR-046/ADR-055,MIXED,AC-ISSUE-0843-01/AC-ISSUE-0843-02/AC-ISSUE-0843-03/AC-ISSUE-0843-04,PASS,PASS,PASS,PASS,CRITICAL
STORY-0734,ISSUE-0844,TASK-0734,EPIC-026,SPRINT-005,GEO,BC-013,"Artifacts, Proveniência e Lifecycle",Story,planned,Geoprocessamento,"Slice 3/3 — Preparar corpus, fixtures e representação tipada: artefatos e lineage [REQ-NATIVE]",STORY-0150,REQ-NATIVE-007/REQ-NATIVE-008/REQ-NATIVE-009/REQ-NATIVE-010,STORY-0734-ISSUE-0844-slice-3-3-preparar-corpus-fixtures-e-representacao-tipada-artefatos-e-lineage-req-nati.md,ADR-003/ADR-004/ADR-005/ADR-006/ADR-007/ADR-008/ADR-009/ADR-023/ADR-024/ADR-025/ADR-041/ADR-042/ADR-043/ADR-044/ADR-045/ADR-046/ADR-055,MIXED,AC-ISSUE-0844-01/AC-ISSUE-0844-02/AC-ISSUE-0844-03/AC-ISSUE-0844-04,PASS,PASS,PASS,PASS,CRITICAL
STORY-0735,ISSUE-0845,TASK-0735,EPIC-028,SPRINT-005,GEO,BC-007,Verificação Geométrica e Qualidade,Story,planned,Geoprocessamento,"Slice 1/3 — Preparar corpus, fixtures e representação tipada: benchmarks por período, sensor e perfil de qualidade [REQ-AI, REQ-AIE, REQ-CLASSICPROFILE]",STORY-0164,REQ-AI-012/REQ-AIE-002/REQ-AIE-004/REQ-AIE-006/REQ-AIE-008/REQ-AIE-009/REQ-AIE-010/REQ-CLASSICPROFILE-001/REQ-CLASSICPROFILE-002/REQ-CLASSICPROFILE-003,STORY-0735-ISSUE-0845-slice-1-3-preparar-corpus-fixtures-e-representacao-tipada-benchmarks-por-periodo-senso.md,ADR-003/ADR-004/ADR-005/ADR-006/ADR-007/ADR-008/ADR-025/ADR-030/ADR-038/ADR-039/ADR-041/ADR-042/ADR-043/ADR-044/ADR-045/ADR-046/ADR-051/ADR-052/ADR-053,MIXED,AC-ISSUE-0845-01/AC-ISSUE-0845-02/AC-ISSUE-0845-03/AC-ISSUE-0845-04,PASS,PASS,PASS,PASS,CRITICAL
STORY-0736,ISSUE-0846,TASK-0736,EPIC-028,SPRINT-005,GEO,BC-007,Verificação Geométrica e Qualidade,Story,planned,Geoprocessamento,"Slice 2/3 — Preparar corpus, fixtures e representação tipada: benchmarks por período, sensor e perfil de qualidade [REQ-CLASSICPROFILE, REQ-SCP, REQ-SDR, REQ-SGVCAL]",STORY-0164,REQ-CLASSICPROFILE-005/REQ-CLASSICPROFILE-007/REQ-CLASSICPROFILE-009/REQ-SCP-001/REQ-SDR-001/REQ-SDR-004/REQ-SGVCAL-002/REQ-SGVCAL-003/REQ-SGVCAL-004/REQ-SGVCAL-005,STORY-0736-ISSUE-0846-slice-2-3-preparar-corpus-fixtures-e-representacao-tipada-benchmarks-por-periodo-senso.md,ADR-003/ADR-004/ADR-005/ADR-006/ADR-007/ADR-008/ADR-009/ADR-025/ADR-041/ADR-042/ADR-043/ADR-044/ADR-045/ADR-046/ADR-051/ADR-052/ADR-053,MIXED,AC-ISSUE-0846-01/AC-ISSUE-0846-02/AC-ISSUE-0846-03/AC-ISSUE-0846-04,PASS,PASS,PASS,PASS,CRITICAL
STORY-0737,ISSUE-0847,TASK-0737,EPIC-028,SPRINT-005,GEO,BC-007,Verificação Geométrica e Qualidade,Story,planned,Geoprocessamento,"Slice 3/3 — Preparar corpus, fixtures e representação tipada: benchmarks por período, sensor e perfil de qualidade [REQ-SGVCAL, REQ-SRG, REQ-TOOL, REQ-TST]",STORY-0164,REQ-SGVCAL-006/REQ-SGVCAL-009/REQ-SGVCAL-010/REQ-SRG-002/REQ-SRG-003/REQ-SRG-004/REQ-TOOL-007/REQ-TST-001,STORY-0737-ISSUE-0847-slice-3-3-preparar-corpus-fixtures-e-representacao-tipada-benchmarks-por-periodo-senso.md,ADR-003/ADR-004/ADR-005/ADR-006/ADR-007/ADR-008/ADR-018/ADR-025/ADR-041/ADR-042/ADR-043/ADR-044/ADR-045/ADR-046/ADR-051/ADR-052/ADR-053,MIXED,AC-ISSUE-0847-01/AC-ISSUE-0847-02/AC-ISSUE-0847-03/AC-ISSUE-0847-04,PASS,PASS,PASS,PASS,CRITICAL
STORY-0738,ISSUE-0848,TASK-0738,EPIC-031,SPRINT-009,WEB,BC-016,Experiência e Orientação do Operador,Story,planned,Frontend,"Slice 1/3 — Integrar contratos e cliente tipado: React/TypeScript/Vite, design system, cliente OpenAPI, seletor visual, acessibilidade e E2E [REQ-EPIC, REQ-FS1, REQ-RUN]",STORY-0185,REQ-EPIC-031/REQ-FS1-001/REQ-FS1-002/REQ-FS1-003/REQ-FS1-004/REQ-FS1-006/REQ-FS1-008/REQ-FS1-009/REQ-FS1-010/REQ-RUN-001,STORY-0738-ISSUE-0848-slice-1-3-integrar-contratos-e-cliente-tipado-react-typescript-vite-design-system-clie.md,ADR-003/ADR-004/ADR-005/ADR-006/ADR-007/ADR-008/ADR-010/ADR-011/ADR-013/ADR-014/ADR-015/ADR-023/ADR-040/ADR-044/ADR-045/ADR-055,MIXED,AC-ISSUE-0848-01/AC-ISSUE-0848-02/AC-ISSUE-0848-03/AC-ISSUE-0848-04,PASS,PASS,PASS,PASS,CRITICAL
STORY-0739,ISSUE-0849,TASK-0739,EPIC-031,SPRINT-009,WEB,BC-016,Experiência e Orientação do Operador,Story,planned,Frontend,"Slice 2/3 — Integrar contratos e cliente tipado: React/TypeScript/Vite, design system, cliente OpenAPI, seletor visual, acessibilidade e E2E [REQ-RUN, REQ-RUNTIME]",STORY-0185,REQ-RUN-002/REQ-RUN-003/REQ-RUN-004/REQ-RUN-005/REQ-RUN-006/REQ-RUN-007/REQ-RUN-008/REQ-RUN-009/REQ-RUN-010/REQ-RUNTIME-008,STORY-0739-ISSUE-0849-slice-2-3-integrar-contratos-e-cliente-tipado-react-typescript-vite-design-system-clie.md,ADR-003/ADR-004/ADR-005/ADR-006/ADR-007/ADR-008/ADR-010/ADR-011/ADR-013/ADR-014/ADR-015/ADR-017/ADR-040/ADR-045/ADR-055,MIXED,AC-ISSUE-0849-01/AC-ISSUE-0849-02/AC-ISSUE-0849-03/AC-ISSUE-0849-04,PASS,PASS,PASS,PASS,CRITICAL
STORY-0740,ISSUE-0850,TASK-0740,EPIC-031,SPRINT-009,WEB,BC-016,Experiência e Orientação do Operador,Story,planned,Frontend,"Slice 3/3 — Integrar contratos e cliente tipado: React/TypeScript/Vite, design system, cliente OpenAPI, seletor visual, acessibilidade e E2E [REQ-UX]",STORY-0185,REQ-UX-001,STORY-0740-ISSUE-0850-slice-3-3-integrar-contratos-e-cliente-tipado-react-typescript-vite-design-system-clie.md,ADR-003/ADR-004/ADR-005/ADR-006/ADR-007/ADR-008/ADR-010/ADR-011/ADR-013/ADR-014/ADR-015,MIXED,AC-ISSUE-0850-01/AC-ISSUE-0850-02/AC-ISSUE-0850-03/AC-ISSUE-0850-04,PASS,PASS,PASS,PASS,HIGH
STORY-0741,ISSUE-0851,TASK-0741,EPIC-034,SPRINT-009,WEB,BC-016,Experiência e Orientação do Operador,Story,planned,Frontend,"Slice 1/2 — Integrar contratos e cliente tipado: painel de qualidade do lote, busca server-side, filtros salvos, triagem, deformação e retry/revisão de subconjuntos [REQ-BAT, REQ-BEX]",STORY-0203,REQ-BAT-001/REQ-BEX-002/REQ-BEX-003/REQ-BEX-004/REQ-BEX-005/REQ-BEX-006/REQ-BEX-007/REQ-BEX-008/REQ-BEX-009/REQ-BEX-010,STORY-0741-ISSUE-0851-slice-1-2-integrar-contratos-e-cliente-tipado-painel-de-qualidade-do-lote-busca-server.md,ADR-003/ADR-004/ADR-005/ADR-006/ADR-007/ADR-008/ADR-010/ADR-011/ADR-012/ADR-014/ADR-037/ADR-038/ADR-039/ADR-040/ADR-046,MIXED,AC-ISSUE-0851-01/AC-ISSUE-0851-02/AC-ISSUE-0851-03/AC-ISSUE-0851-04,PASS,PASS,PASS,PASS,CRITICAL
STORY-0742,ISSUE-0852,TASK-0742,EPIC-034,SPRINT-009,WEB,BC-016,Experiência e Orientação do Operador,Story,planned,Frontend,"Slice 2/2 — Integrar contratos e cliente tipado: painel de qualidade do lote, busca server-side, filtros salvos, triagem, deformação e retry/revisão de subconjuntos [REQ-EPIC, REQ-QUAL, REQ-SCL, REQ-SMO]",STORY-0203,REQ-EPIC-035/REQ-EPIC-070/REQ-QUAL-005/REQ-SCL-002/REQ-SMO-002/REQ-SMO-004,STORY-0742-ISSUE-0852-slice-2-2-integrar-contratos-e-cliente-tipado-painel-de-qualidade-do-lote-busca-server.md,ADR-002/ADR-003/ADR-004/ADR-005/ADR-006/ADR-007/ADR-008/ADR-010/ADR-011/ADR-012/ADR-014/ADR-030/ADR-040/ADR-046/ADR-053,MIXED,AC-ISSUE-0852-01/AC-ISSUE-0852-02/AC-ISSUE-0852-03/AC-ISSUE-0852-04,PASS,PASS,PASS,PASS,CRITICAL
STORY-0743,ISSUE-0853,TASK-0743,EPIC-037,SPRINT-010,REP,BC-012,"Resultados, Diagnósticos e Exportação",Story,planned,Backend,"Slice 1/2 — Implementar persistência e snapshots: persistência e exportação escalável de resultados por imagem/lote, geometrias, manifestos e checksums [REQ-BEX, REQ-EPIC, REQ-MSK, REQ-RMR]",STORY-0220,REQ-BEX-002/REQ-BEX-004/REQ-BEX-006/REQ-BEX-007/REQ-BEX-008/REQ-BEX-009/REQ-BEX-010/REQ-EPIC-070/REQ-MSK-002/REQ-RMR-001,STORY-0743-ISSUE-0853-slice-1-2-implementar-persistencia-e-snapshots-persistencia-e-exportacao-escalavel-de.md,ADR-002/ADR-003/ADR-004/ADR-005/ADR-006/ADR-007/ADR-008/ADR-012/ADR-016/ADR-018/ADR-019/ADR-025/ADR-037/ADR-038/ADR-039/ADR-040/ADR-050,MIXED,AC-ISSUE-0853-01/AC-ISSUE-0853-02/AC-ISSUE-0853-03/AC-ISSUE-0853-04,PASS,PASS,PASS,PASS,HIGH
STORY-0744,ISSUE-0854,TASK-0744,EPIC-037,SPRINT-010,REP,BC-012,"Resultados, Diagnósticos e Exportação",Story,planned,Backend,"Slice 2/2 — Implementar persistência e snapshots: persistência e exportação escalável de resultados por imagem/lote, geometrias, manifestos e checksums [REQ-SCL, REQ-SCM, REQ-SDR, REQ-SRP]",STORY-0220,REQ-SCL-002/REQ-SCM-003/REQ-SDR-004/REQ-SRP-003,STORY-0744-ISSUE-0854-slice-2-2-implementar-persistencia-e-snapshots-persistencia-e-exportacao-escalavel-de.md,ADR-003/ADR-004/ADR-005/ADR-006/ADR-007/ADR-008/ADR-016/ADR-018/ADR-019/ADR-025/ADR-053,MIXED,AC-ISSUE-0854-01/AC-ISSUE-0854-02/AC-ISSUE-0854-03/AC-ISSUE-0854-04,PASS,PASS,PASS,PASS,HIGH
STORY-0745,ISSUE-0855,TASK-0745,EPIC-039,SPRINT-011,OPS,BC-014,"Operações, Auditoria e Suporte",Story,planned,DevOps,"Slice 1/2 — Implementar automação operacional: instrumentação OpenTelemetry, correlation IDs, métricas, dashboards e alertas para API, RabbitMQ e workers [REQ-AIE, REQ-ARTLAYOUT]",STORY-0232,REQ-AIE-002/REQ-AIE-003/REQ-AIE-004/REQ-AIE-006/REQ-AIE-007/REQ-AIE-008/REQ-AIE-009/REQ-AIE-010/REQ-ARTLAYOUT-001/REQ-ARTLAYOUT-004,STORY-0745-ISSUE-0855-slice-1-2-implementar-automacao-operacional-instrumentacao-opentelemetry-correlation-i.md,ADR-003/ADR-004/ADR-005/ADR-006/ADR-007/ADR-008/ADR-009/ADR-010/ADR-011/ADR-012/ADR-017/ADR-023/ADR-024/ADR-030/ADR-033/ADR-034/ADR-038/ADR-046/ADR-051/ADR-052/ADR-053/ADR-055,MIXED,AC-ISSUE-0855-01/AC-ISSUE-0855-02/AC-ISSUE-0855-03/AC-ISSUE-0855-04,PASS,PASS,PASS,PASS,CRITICAL
STORY-0746,ISSUE-0856,TASK-0746,EPIC-039,SPRINT-011,OPS,BC-014,"Operações, Auditoria e Suporte",Story,planned,DevOps,"Slice 2/2 — Implementar automação operacional: instrumentação OpenTelemetry, correlation IDs, métricas, dashboards e alertas para API, RabbitMQ e workers [REQ-ARTLAYOUT, REQ-MET, REQ-WORKER]",STORY-0232,REQ-ARTLAYOUT-008/REQ-ARTLAYOUT-009/REQ-MET-001/REQ-WORKER-003,STORY-0746-ISSUE-0856-slice-2-2-implementar-automacao-operacional-instrumentacao-opentelemetry-correlation-i.md,ADR-003/ADR-004/ADR-005/ADR-006/ADR-007/ADR-008/ADR-009/ADR-010/ADR-011/ADR-012/ADR-023/ADR-024/ADR-033/ADR-034/ADR-037/ADR-054/ADR-055,MIXED,AC-ISSUE-0856-01/AC-ISSUE-0856-02/AC-ISSUE-0856-03/AC-ISSUE-0856-04,PASS,PASS,PASS,PASS,CRITICAL
STORY-0747,ISSUE-0857,TASK-0747,EPIC-041,SPRINT-002,SEC,BC-014,"Operações, Auditoria e Suporte",Story,planned,Arquiteto,"Slice 1/3 — Definir políticas e contratos fail-closed: threat model validado, scanning e testes ofensivos [REQ-AIE]",STORY-0244,REQ-AIE-001/REQ-AIE-002/REQ-AIE-003/REQ-AIE-004/REQ-AIE-005/REQ-AIE-006/REQ-AIE-007/REQ-AIE-008/REQ-AIE-009/REQ-AIE-010,STORY-0747-ISSUE-0857-slice-1-3-definir-politicas-e-contratos-fail-closed-threat-model-validado-scanning-e-t.md,ADR-003/ADR-004/ADR-005/ADR-006/ADR-007/ADR-008/ADR-009/ADR-030/ADR-038/ADR-046/ADR-051/ADR-052/ADR-053,MIXED,AC-ISSUE-0857-01/AC-ISSUE-0857-02/AC-ISSUE-0857-03/AC-ISSUE-0857-04,PASS,PASS,PASS,PASS,CRITICAL
STORY-0748,ISSUE-0858,TASK-0748,EPIC-041,SPRINT-002,SEC,BC-014,"Operações, Auditoria e Suporte",Story,planned,Arquiteto,"Slice 2/3 — Definir políticas e contratos fail-closed: threat model validado, scanning e testes ofensivos [REQ-ARTLAYOUT, REQ-AUTH-IMPL]",STORY-0244,REQ-ARTLAYOUT-010/REQ-AUTH-IMPL-001/REQ-AUTH-IMPL-002/REQ-AUTH-IMPL-003/REQ-AUTH-IMPL-004/REQ-AUTH-IMPL-005/REQ-AUTH-IMPL-006/REQ-AUTH-IMPL-007/REQ-AUTH-IMPL-008/REQ-AUTH-IMPL-009,STORY-0748-ISSUE-0858-slice-2-3-definir-politicas-e-contratos-fail-closed-threat-model-validado-scanning-e-t.md,ADR-003/ADR-004/ADR-005/ADR-006/ADR-007/ADR-008/ADR-023/ADR-028/ADR-029/ADR-031/ADR-055,MIXED,AC-ISSUE-0858-01/AC-ISSUE-0858-02/AC-ISSUE-0858-03/AC-ISSUE-0858-04,PASS,PASS,PASS,PASS,CRITICAL
STORY-0749,ISSUE-0859,TASK-0749,EPIC-041,SPRINT-002,SEC,BC-014,"Operações, Auditoria e Suporte",Story,planned,Arquiteto,"Slice 3/3 — Definir políticas e contratos fail-closed: threat model validado, scanning e testes ofensivos [REQ-AUTH-IMPL, REQ-EPIC, REQ-FS, REQ-SRC]",STORY-0244,REQ-AUTH-IMPL-010/REQ-EPIC-041/REQ-FS-001/REQ-SRC-002/REQ-SRC-003,STORY-0749-ISSUE-0859-slice-3-3-definir-politicas-e-contratos-fail-closed-threat-model-validado-scanning-e-t.md,ADR-002/ADR-003/ADR-004/ADR-005/ADR-006/ADR-007/ADR-008/ADR-014/ADR-031/ADR-047,MIXED,AC-ISSUE-0859-01/AC-ISSUE-0859-02/AC-ISSUE-0859-03/AC-ISSUE-0859-04,PASS,PASS,PASS,PASS,CRITICAL
STORY-0750,ISSUE-0860,TASK-0750,EPIC-050,SPRINT-006,GEO,BC-009,Recuperação Assistida por IA e Governança de Modelos,Story,planned,Geoprocessamento,"Slice 1/2 — Preparar corpus, fixtures e representação tipada: registry de matchers clássicos/IA, escalonamento explicável, licenças, manifests e benchmark [REQ-AI, REQ-AIE]",STORY-0302,REQ-AI-008/REQ-AI-009/REQ-AI-012/REQ-AI-013/REQ-AI-015/REQ-AI-017/REQ-AIE-002/REQ-AIE-004/REQ-AIE-006/REQ-AIE-008,STORY-0750-ISSUE-0860-slice-1-2-preparar-corpus-fixtures-e-representacao-tipada-registry-de-matchers-classic.md,ADR-003/ADR-004/ADR-005/ADR-006/ADR-007/ADR-008/ADR-009/ADR-017/ADR-033/ADR-038/ADR-041/ADR-042/ADR-043/ADR-046/ADR-051/ADR-052/ADR-053/ADR-055,MIXED,AC-ISSUE-0860-01/AC-ISSUE-0860-02/AC-ISSUE-0860-03/AC-ISSUE-0860-04,PASS,PASS,PASS,PASS,CRITICAL
STORY-0751,ISSUE-0861,TASK-0751,EPIC-050,SPRINT-006,GEO,BC-009,Recuperação Assistida por IA e Governança de Modelos,Story,planned,Geoprocessamento,"Slice 2/2 — Preparar corpus, fixtures e representação tipada: registry de matchers clássicos/IA, escalonamento explicável, licenças, manifests e benchmark [REQ-AIE, REQ-EPIC, REQ-SCH, REQ-SDR]",STORY-0302,REQ-AIE-009/REQ-AIE-010/REQ-EPIC-088/REQ-SCH-003/REQ-SDR-001,STORY-0751-ISSUE-0861-slice-2-2-preparar-corpus-fixtures-e-representacao-tipada-registry-de-matchers-classic.md,ADR-003/ADR-004/ADR-005/ADR-006/ADR-007/ADR-008/ADR-009/ADR-017/ADR-030/ADR-037/ADR-041/ADR-042/ADR-043/ADR-046/ADR-051/ADR-052/ADR-053/ADR-055,MIXED,AC-ISSUE-0861-01/AC-ISSUE-0861-02/AC-ISSUE-0861-03/AC-ISSUE-0861-04,PASS,PASS,PASS,PASS,CRITICAL
STORY-0752,ISSUE-0862,TASK-0752,EPIC-086,SPRINT-001,FND,BC-001,Governança de Engenharia e Entrega,Story,planned,Tech Lead,"Slice 1/2 — Materializar a fundação executável: walking skeleton frontend→API→PostgreSQL→RabbitMQ/Celery→worker→artefato diagnóstico, executável e testado ponta a ponta [REQ-DEL, REQ-ISM, REQ-SPRINT-001]",STORY-0534,REQ-DEL-001/REQ-DEL-002/REQ-ISM-003/REQ-SPRINT-001-001/REQ-SPRINT-001-002/REQ-SPRINT-001-003/REQ-SPRINT-001-005/REQ-SPRINT-001-006/REQ-SPRINT-001-007/REQ-SPRINT-001-008,STORY-0752-ISSUE-0862-slice-1-2-materializar-a-fundacao-executavel-walking-skeleton-frontendapipostgresqlrab.md,ADR-003/ADR-006/ADR-007/ADR-008/ADR-010/ADR-011/ADR-012/ADR-014/ADR-057,MIXED,AC-ISSUE-0862-01/AC-ISSUE-0862-02/AC-ISSUE-0862-03/AC-ISSUE-0862-04,PASS,PASS,PASS,PASS,CRITICAL
STORY-0753,ISSUE-0863,TASK-0753,EPIC-086,SPRINT-001,FND,BC-001,Governança de Engenharia e Entrega,Story,planned,Tech Lead,"Slice 2/2 — Materializar a fundação executável: walking skeleton frontend→API→PostgreSQL→RabbitMQ/Celery→worker→artefato diagnóstico, executável e testado ponta a ponta [REQ-SPRINT-001]",STORY-0534,REQ-SPRINT-001-009/REQ-SPRINT-001-010,STORY-0753-ISSUE-0863-slice-2-2-materializar-a-fundacao-executavel-walking-skeleton-frontendapipostgresqlrab.md,ADR-003/ADR-006/ADR-007/ADR-008/ADR-010/ADR-011/ADR-012/ADR-014/ADR-035,MIXED,AC-ISSUE-0863-01/AC-ISSUE-0863-02/AC-ISSUE-0863-03/AC-ISSUE-0863-04,PASS,PASS,PASS,PASS,CRITICAL
STORY-0754,ISSUE-0864,TASK-0754,EPIC-110,SPRINT-001,FND,BC-001,Governança de Engenharia e Entrega,Story,planned,Tech Lead,"Slice 1/5 — Materializar a fundação executável: governança contínua do backlog e decomposição de épicos em histórias implementáveis [REQ-ISM, REQ-ISS]",STORY-0683,REQ-ISM-001/REQ-ISM-002/REQ-ISM-003/REQ-ISM-005/REQ-ISM-007/REQ-ISM-008/REQ-ISM-009/REQ-ISM-010/REQ-ISS-001/REQ-ISS-003,STORY-0754-ISSUE-0864-slice-1-5-materializar-a-fundacao-executavel-governanca-continua-do-backlog-e-decompos.md,ADR-003/ADR-006/ADR-007/ADR-008/ADR-040,MIXED,AC-ISSUE-0864-01/AC-ISSUE-0864-02/AC-ISSUE-0864-03/AC-ISSUE-0864-04,PASS,PASS,PASS,PASS,MEDIUM
STORY-0755,ISSUE-0865,TASK-0755,EPIC-110,SPRINT-001,FND,BC-001,Governança de Engenharia e Entrega,Story,planned,Tech Lead,"Slice 2/5 — Materializar a fundação executável: governança contínua do backlog e decomposição de épicos em histórias implementáveis [REQ-ISS, REQ-PLN]",STORY-0683,REQ-ISS-004/REQ-PLN-001/REQ-PLN-002/REQ-PLN-003/REQ-PLN-004/REQ-PLN-005/REQ-PLN-006/REQ-PLN-007/REQ-PLN-008/REQ-PLN-010,STORY-0755-ISSUE-0865-slice-2-5-materializar-a-fundacao-executavel-governanca-continua-do-backlog-e-decompos.md,ADR-003/ADR-006/ADR-007/ADR-008/ADR-012/ADR-016/ADR-037/ADR-040,MIXED,AC-ISSUE-0865-01/AC-ISSUE-0865-02/AC-ISSUE-0865-03/AC-ISSUE-0865-04,PASS,PASS,PASS,PASS,MEDIUM
STORY-0756,ISSUE-0866,TASK-0756,EPIC-110,SPRINT-001,FND,BC-001,Governança de Engenharia e Entrega,Story,planned,Tech Lead,"Slice 3/5 — Materializar a fundação executável: governança contínua do backlog e decomposição de épicos em histórias implementáveis [REQ-PRJ, REQ-PRM]",STORY-0683,REQ-PRJ-001/REQ-PRJ-002/REQ-PRJ-003/REQ-PRJ-005/REQ-PRJ-006/REQ-PRJ-007/REQ-PRJ-008/REQ-PRJ-009/REQ-PRJ-010/REQ-PRM-001,STORY-0756-ISSUE-0866-slice-3-5-materializar-a-fundacao-executavel-governanca-continua-do-backlog-e-decompos.md,ADR-003/ADR-006/ADR-007/ADR-008/ADR-022/ADR-043/ADR-053,MIXED,AC-ISSUE-0866-01/AC-ISSUE-0866-02/AC-ISSUE-0866-03/AC-ISSUE-0866-04,PASS,PASS,PASS,PASS,HIGH
STORY-0757,ISSUE-0867,TASK-0757,EPIC-110,SPRINT-001,FND,BC-001,Governança de Engenharia e Entrega,Story,planned,Tech Lead,"Slice 4/5 — Materializar a fundação executável: governança contínua do backlog e decomposição de épicos em histórias implementáveis [REQ-PRM, REQ-SPRINT-001]",STORY-0683,REQ-PRM-002/REQ-PRM-003/REQ-PRM-004/REQ-PRM-005/REQ-PRM-006/REQ-PRM-007/REQ-PRM-008/REQ-PRM-009/REQ-PRM-010/REQ-SPRINT-001-001,STORY-0757-ISSUE-0867-slice-4-5-materializar-a-fundacao-executavel-governanca-continua-do-backlog-e-decompos.md,ADR-003/ADR-006/ADR-007/ADR-008/ADR-016/ADR-050/ADR-053,MIXED,AC-ISSUE-0867-01/AC-ISSUE-0867-02/AC-ISSUE-0867-03/AC-ISSUE-0867-04,PASS,PASS,PASS,PASS,HIGH
STORY-0758,ISSUE-0868,TASK-0758,EPIC-110,SPRINT-001,FND,BC-001,Governança de Engenharia e Entrega,Story,planned,Tech Lead,Slice 5/5 — Materializar a fundação executável: governança contínua do backlog e decomposição de épicos em histórias implementáveis [REQ-SPRINT-001],STORY-0683,REQ-SPRINT-001-002/REQ-SPRINT-001-003/REQ-SPRINT-001-005/REQ-SPRINT-001-006/REQ-SPRINT-001-007/REQ-SPRINT-001-008/REQ-SPRINT-001-009/REQ-SPRINT-001-010,STORY-0758-ISSUE-0868-slice-5-5-materializar-a-fundacao-executavel-governanca-continua-do-backlog-e-decompos.md,ADR-003/ADR-006/ADR-007/ADR-008/ADR-012/ADR-035,MIXED,AC-ISSUE-0868-01/AC-ISSUE-0868-02/AC-ISSUE-0868-03/AC-ISSUE-0868-04,PASS,PASS,PASS,PASS,CRITICAL
STORY-0759,ISSUE-0869,TASK-0759,EPIC-001,SPRINT-001,FND,BC-001,Governança de Engenharia e Entrega,Story,ready,QA,Validar automação fail-closed e idempotente: governança de decisões arquiteturais e manutenção da baseline normativa,STORY-0003,,STORY-0759-ISSUE-0869-validar-automacao-fail-closed-e-idempotente-governanca-de-decisoes-arquiteturais.md,ADR-003/ADR-006/ADR-007/ADR-008/ADR-009/ADR-033/ADR-034,DERIVED_CONTROL,AC-ISSUE-0869-01/AC-ISSUE-0869-02/AC-ISSUE-0869-03/AC-ISSUE-0869-04,PASS,PASS,PASS,PASS,CRITICAL
STORY-0760,ISSUE-0870,TASK-0760,EPIC-001,SPRINT-001,FND,BC-001,Governança de Engenharia e Entrega,Story,planned,Arquiteto,Publicar contrato da Delivery Approval Authority,STORY-0001,,STORY-0760-ISSUE-0870-publicar-contrato-da-delivery-approval-authority.md,ADR-003/ADR-006/ADR-007/ADR-010/ADR-058,DERIVED_CONTROL,AC-ISSUE-0870-01/AC-ISSUE-0870-02/AC-ISSUE-0870-03/AC-ISSUE-0870-04,PASS,PASS,PASS,PASS,CRITICAL
